ts,level,code,msg,value,threshold,processed,site,equipment
tr_220_20,WARN,OVERCURRENT,Surcourant primaire,1.121873938647075,1.0434782608695652,1,,
tr_220_20,WARN,OVERLOAD,Surcharge,232.60277028624043,200.0,1,,
tr_220_20,ALARM,TEMP_HIGH,Temp noyau élevée,71.0,70.0,1,,
tr_220_20,WARN,OIL_LOW_VISC,Viscosité réduite,0.0041949265250046,0.01,1,,
tr_220_20,WARN,OVERLOAD,Surcharge,210.31208229514132,200.0,1,,
tr_220_20,ALARM,TEMP_HIGH,Temp noyau élevée,71.0,70.0,1,,
tr_220_20,WARN,OIL_LOW_VISC,Viscosité réduite,0.0041949265250046,0.01,1,,
tr_220_20,WARN,OVERLOAD,Surcharge,210.81392001146443,200.0,1,,
tr_220_20,ALARM,TEMP_HIGH,Temp noyau élevée,71.0,70.0,1,,
tr_220_20,WARN,OIL_LOW_VISC,Viscosité réduite,0.0041949265250046,0.01,1,,
tr_220_20,WARN,OVERLOAD,Surcharge,212.0097260670454,200.0,1,,
tr_220_20,ALARM,TEMP_HIGH,Temp noyau élevée,71.0,70.0,1,,
tr_220_20,WARN,OIL_LOW_VISC,Viscosité réduite,0.0041949265250046,0.01,1,,
tr_220_20,WARN,OVERLOAD,Surcharge,211.3736317472216,200.0,1,,
tr_220_20,ALARM,TEMP_HIGH,Temp noyau élevée,71.0,70.0,1,,
tr_220_20,WARN,OIL_LOW_VISC,Viscosité réduite,0.0041949265250046,0.01,1,,
tr_220_20,WARN,OVERLOAD,Surcharge,210.52102950231375,200.0,1,,
tr_220_20,ALARM,TEMP_HIGH,Temp noyau élevée,71.0,70.0,1,,
tr_220_20,WARN,OIL_LOW_VISC,Viscosité réduite,0.0041949265250046,0.01,1,,
tr_220_20,WARN,OVERLOAD,Surcharge,211.81777781178567,200.0,1,,
tr_220_20,ALARM,TEMP_HIGH,Temp noyau élevée,71.0,70.0,1,,
tr_220_20,WARN,OIL_LOW_VISC,Viscosité réduite,0.0041949265250046,0.01,1,,
tr_220_20,WARN,OVERLOAD,Surcharge,211.06005926192364,200.0,1,,
tr_220_20,ALARM,TEMP_HIGH,Temp noyau élevée,71.0,70.0,1,,
tr_220_20,WARN,OIL_LOW_VISC,Viscosité réduite,0.0041949265250046,0.01,1,,
tr_220_20,WARN,OVERLOAD,Surcharge,210.10356073455668,200.0,1,,
tr_220_20,ALARM,TEMP_HIGH,Temp noyau élevée,71.0,70.0,1,,
tr_220_20,WARN,OIL_LOW_VISC,Viscosité réduite,0.0041949265250046,0.01,1,,
tr_220_20,WARN,OVERLOAD,Surcharge,210.30920439320812,200.0,1,,
tr_220_20,ALARM,TEMP_HIGH,Temp noyau élevée,71.0,70.0,1,,
tr_220_20,WARN,OIL_LOW_VISC,Viscosité réduite,0.0041949265250046,0.01,1,,
tr_220_20,WARN,OVERLOAD,Surcharge,213.17201057416983,200.0,1,,
tr_220_20,ALARM,TEMP_HIGH,Temp noyau élevée,71.0,70.0,1,,
tr_220_20,WARN,OIL_LOW_VISC,Viscosité réduite,0.0041949265250046,0.01,1,,
tr_220_20,WARN,OVERLOAD,Surcharge,213.69207752561687,200.0,1,,
tr_220_20,ALARM,TEMP_HIGH,Temp noyau élevée,71.0,70.0,1,,
tr_220_20,WARN,OIL_LOW_VISC,Viscosité réduite,0.0041949265250046,0.01,1,,
tr_220_20,WARN,OVERLOAD,Surcharge,213.38647721834997,200.0,1,,
tr_220_20,ALARM,TEMP_HIGH,Temp noyau élevée,71.0,70.0,1,,
tr_220_20,WARN,OIL_LOW_VISC,Viscosité réduite,0.0041949265250046,0.01,1,,
tr_220_20,WARN,OVERLOAD,Surcharge,210.1274542942672,200.0,1,,
tr_220_20,ALARM,TEMP_HIGH,Temp noyau élevée,71.0,70.0,1,,
tr_220_20,WARN,OIL_LOW_VISC,Viscosité réduite,0.0041949265250046,0.01,1,,
tr_220_20,WARN,OVERLOAD,Surcharge,214.6500106603916,200.0,1,,
tr_220_20,ALARM,TEMP_HIGH,Temp noyau élevée,71.0,70.0,1,,
tr_220_20,WARN,OIL_LOW_VISC,Viscosité réduite,0.0041949265250046,0.01,1,,
tr_220_20,WARN,OVERLOAD,Surcharge,214.34609853614396,200.0,1,,
tr_220_20,ALARM,TEMP_HIGH,Temp noyau élevée,71.0,70.0,1,,
tr_220_20,WARN,OIL_LOW_VISC,Viscosité réduite,0.0041949265250046,0.01,1,,
tr_220_20,WARN,OVERLOAD,Surcharge,214.17608156598223,200.0,1,,
tr_220_20,ALARM,TEMP_HIGH,Temp noyau élevée,71.0,70.0,1,,
tr_220_20,WARN,OIL_LOW_VISC,Viscosité réduite,0.0041949265250046,0.01,1,,
tr_220_20,WARN,OVERLOAD,Surcharge,209.9332126260245,200.0,1,,
tr_220_20,ALARM,TEMP_HIGH,Temp noyau élevée,71.0,70.0,1,,
tr_220_20,WARN,OIL_LOW_VISC,Viscosité réduite,0.0041949265250046,0.01,1,,
tr_220_20,WARN,OVERLOAD,Surcharge,212.4005086343218,200.0,1,,
tr_220_20,ALARM,TEMP_HIGH,Temp noyau élevée,71.0,70.0,1,,
tr_220_20,WARN,OIL_LOW_VISC,Viscosité réduite,0.0041949265250046,0.01,1,,
tr_220_20,WARN,OVERLOAD,Surcharge,213.3264745211381,200.0,1,,
tr_220_20,ALARM,TEMP_HIGH,Temp noyau élevée,71.0,70.0,1,,
tr_220_20,WARN,OIL_LOW_VISC,Viscosité réduite,0.0041949265250046,0.01,1,,
tr_220_20,WARN,OVERLOAD,Surcharge,210.5932915707722,200.0,1,,
tr_220_20,ALARM,TEMP_HIGH,Temp noyau élevée,71.0,70.0,1,,
tr_220_20,WARN,OIL_LOW_VISC,Viscosité réduite,0.0041949265250046,0.01,1,,
tr_220_20,WARN,OVERLOAD,Surcharge,213.49770777866203,200.0,1,,
tr_220_20,ALARM,TEMP_HIGH,Temp noyau élevée,71.0,70.0,1,,
tr_220_20,WARN,OIL_LOW_VISC,Viscosité réduite,0.0041949265250046,0.01,1,,
tr_220_20,WARN,OVERLOAD,Surcharge,214.11480870362595,200.0,1,,
tr_220_20,ALARM,TEMP_HIGH,Temp noyau élevée,71.0,70.0,1,,
tr_220_20,WARN,OIL_LOW_VISC,Viscosité réduite,0.0041949265250046,0.01,1,,
tr_220_20,WARN,OVERLOAD,Surcharge,213.15482791924748,200.0,1,,
tr_220_20,ALARM,TEMP_HIGH,Temp noyau élevée,71.0,70.0,1,,
tr_220_20,WARN,OIL_LOW_VISC,Viscosité réduite,0.0041949265250046,0.01,1,,
tr_220_20,WARN,OVERLOAD,Surcharge,212.43895496009532,200.0,1,,
tr_220_20,ALARM,TEMP_HIGH,Temp noyau élevée,71.0,70.0,1,,
tr_220_20,WARN,OIL_LOW_VISC,Viscosité réduite,0.0041949265250046,0.01,1,,
tr_220_20,WARN,OVERLOAD,Surcharge,214.6609422061533,200.0,1,,
tr_220_20,ALARM,TEMP_HIGH,Temp noyau élevée,71.0,70.0,1,,
tr_220_20,WARN,OIL_LOW_VISC,Viscosité réduite,0.0041949265250046,0.01,1,,
tr_220_20,WARN,OVERLOAD,Surcharge,213.2574401576807,200.0,1,,
tr_220_20,ALARM,TEMP_HIGH,Temp noyau élevée,71.0,70.0,1,,
tr_220_20,WARN,OIL_LOW_VISC,Viscosité réduite,0.0041949265250046,0.01,1,,
tr_220_20,WARN,OVERLOAD,Surcharge,213.3496877132769,200.0,1,,
tr_220_20,ALARM,TEMP_HIGH,Temp noyau élevée,71.0,70.0,1,,
tr_220_20,WARN,OIL_LOW_VISC,Viscosité réduite,0.0041949265250046,0.01,1,,
tr_220_20,WARN,OVERLOAD,Surcharge,213.6834449945133,200.0,1,,
tr_220_20,ALARM,TEMP_HIGH,Temp noyau élevée,70.99922089780601,70.0,1,,
tr_220_20,WARN,OIL_LOW_VISC,Viscosité réduite,0.0041950409162403,0.01,1,,
tr_220_20,WARN,LOW_PF,Facteur de puissance faible,0.6610799221835721,0.85,1,,
tr_220_20,ALARM,TEMP_HIGH,Temp noyau élevée,70.99766309207061,70.0,1,,
tr_220_20,WARN,OIL_LOW_VISC,Viscosité réduite,0.0041952696495339,0.01,1,,
tr_220_20,WARN,LOW_PF,Facteur de puissance faible,0.6615450221341749,0.85,1,,
tr_220_20,ALARM,TEMP_HIGH,Temp noyau élevée,70.99533017498268,70.0,1,,
tr_220_20,WARN,OIL_LOW_VISC,Viscosité réduite,0.0041956122160882,0.01,1,,
tr_220_20,WARN,LOW_PF,Facteur de puissance faible,0.6596975667461303,0.85,1,,
tr_220_20,ALARM,TEMP_HIGH,Temp noyau élevée,70.9929965466173,70.0,1,,
tr_220_20,WARN,OIL_LOW_VISC,Viscosité réduite,0.004195954915072,0.01,1,,
tr_220_20,WARN,LOW_PF,Facteur de puissance faible,0.661669296827958,0.85,1,,
tr_220_20,ALARM,TEMP_HIGH,Temp noyau élevée,70.99066307496642,70.0,1,,
tr_220_20,WARN,OIL_LOW_VISC,Viscosité réduite,0.0041962976190309,0.01,1,,
tr_220_20,WARN,LOW_PF,Facteur de puissance faible,0.6503400516524731,0.85,1,,
tr_220_20,ALARM,TEMP_HIGH,Temp noyau élevée,70.98833218272922,70.0,1,,
tr_220_20,WARN,OIL_LOW_VISC,Viscosité réduite,0.0041966399721096,0.01,1,,
tr_220_20,WARN,LOW_PF,Facteur de puissance faible,0.6507655959057524,0.85,1,,
tr_220_20,ALARM,TEMP_HIGH,Temp noyau élevée,70.98599771457575,70.0,1,,
tr_220_20,WARN,OIL_LOW_VISC,Viscosité réduite,0.0041969828784011,0.01,1,,
tr_220_20,WARN,LOW_PF,Facteur de puissance faible,0.6513839243616738,0.85,1,,
tr_220_20,ALARM,TEMP_HIGH,Temp noyau élevée,70.98366372431201,70.0,1,,
tr_220_20,WARN,OIL_LOW_VISC,Viscosité réduite,0.0041973257425062,0.01,1,,
tr_220_20,WARN,LOW_PF,Facteur de puissance faible,0.6550253833169998,0.85,1,,
tr_220_20,ALARM,TEMP_HIGH,Temp noyau élevée,70.98133149383996,70.0,1,,
tr_220_20,WARN,OIL_LOW_VISC,Viscosité réduite,0.0041976683760752,0.01,1,,
tr_220_20,WARN,LOW_PF,Facteur de puissance faible,0.6653386919488794,0.85,1,,
tr_220_20,ALARM,TEMP_HIGH,Temp noyau élevée,70.97977538628176,70.0,1,,
tr_220_20,WARN,OIL_LOW_VISC,Viscosité réduite,0.0041978970031231,0.01,1,,
tr_220_20,WARN,LOW_PF,Facteur de puissance faible,0.6695863479319005,0.85,1,,
tr_220_20,ALARM,TEMP_HIGH,Temp noyau élevée,70.97744221513393,70.0,1,,
tr_220_20,WARN,OIL_LOW_VISC,Viscosité réduite,0.0041982398215463,0.01,1,,
tr_220_20,WARN,LOW_PF,Facteur de puissance faible,0.6595935169583528,0.85,1,,
tr_220_20,ALARM,TEMP_HIGH,Temp noyau élevée,70.97511232239694,70.0,1,,
tr_220_20,WARN,OIL_LOW_VISC,Viscosité réduite,0.0041985821862018,0.01,1,,
tr_220_20,WARN,LOW_PF,Facteur de puissance faible,0.661514766223193,0.85,1,,
tr_220_20,ALARM,TEMP_HIGH,Temp noyau élevée,70.97278131533685,70.0,1,,
tr_220_20,WARN,OIL_LOW_VISC,Viscosité réduite,0.0041989247425405,0.01,1,,
tr_220_20,WARN,LOW_PF,Facteur de puissance faible,0.6667991832718442,0.85,1,,
tr_220_20,ALARM,TEMP_HIGH,Temp noyau élevée,70.97045203887012,70.0,1,,
tr_220_20,WARN,OIL_LOW_VISC,Viscosité réduite,0.0041992670724751,0.01,1,,
tr_220_20,WARN,LOW_PF,Facteur de puissance faible,0.6681708942665043,0.85,1,,
tr_220_20,ALARM,TEMP_HIGH,Temp noyau élevée,70.96733986836797,70.0,1,,
tr_220_20,WARN,OIL_LOW_VISC,Viscosité réduite,0.0041997245066169,0.01,1,,
tr_220_20,WARN,LOW_PF,Facteur de puissance faible,0.6668478144528118,0.85,1,,
tr_220_20,ALARM,TEMP_HIGH,Temp noyau élevée,70.96500851464164,70.0,1,,
tr_220_20,WARN,OIL_LOW_VISC,Viscosité réduite,0.0042000672071166,0.01,1,,
tr_220_20,WARN,LOW_PF,Facteur de puissance faible,0.6573968249913136,0.85,1,,
tr_220_20,ALARM,TEMP_HIGH,Temp noyau élevée,70.96190197913938,70.0,1,,
tr_220_20,WARN,OIL_LOW_VISC,Viscosité réduite,0.0042005238999702,0.01,1,,
tr_220_20,WARN,LOW_PF,Facteur de puissance faible,0.6595697683115307,0.85,1,,
tr_220_20,ALARM,TEMP_HIGH,Temp noyau élevée,70.96034610799579,70.0,1,,
tr_220_20,WARN,OIL_LOW_VISC,Viscosité réduite,0.0042007526477857,0.01,1,,
tr_220_20,WARN,LOW_PF,Facteur de puissance faible,0.6651555597575647,0.85,1,,
tr_220_20,ALARM,TEMP_HIGH,Temp noyau élevée,70.95801673546009,70.0,1,,
tr_220_20,WARN,OIL_LOW_VISC,Viscosité réduite,0.0042010951408716,0.01,1,,
tr_220_20,WARN,LOW_PF,Facteur de puissance faible,0.6621737500118592,0.85,1,,
tr_220_20,ALARM,TEMP_HIGH,Temp noyau élevée,70.95568648412211,70.0,1,,
tr_220_20,WARN,OIL_LOW_VISC,Viscosité réduite,0.0042014377911095,0.01,1,,
tr_220_20,WARN,LOW_PF,Facteur de puissance faible,0.665512206809863,0.85,1,,
tr_220_20,ALARM,TEMP_HIGH,Temp noyau élevée,70.95335667991742,35.0,1,,
tr_220_20,WARN,OIL_LOW_VISC,Viscosité réduite,0.0042017804035383,0.01,1,,
tr_220_20,WARN,LOW_PF,Facteur de puissance faible,0.6628668836877798,0.85,1,,
tr_220_20,ALARM,TEMP_HIGH,Temp noyau élevée,70.95102698305232,35.0,1,,
tr_220_20,WARN,OIL_LOW_VISC,Viscosité réduite,0.004202123028119,0.01,1,,
tr_220_20,WARN,LOW_PF,Facteur de puissance faible,0.6573012842785961,0.85,1,,
tr_220_20,ALARM,TEMP_HIGH,Temp noyau élevée,70.94869801023488,35.0,1,,
tr_220_20,WARN,OIL_LOW_VISC,Viscosité réduite,0.0042024655741407,0.01,1,,
tr_220_20,WARN,LOW_PF,Facteur de puissance faible,0.666183875173722,0.85,1,,
tr_220_20,ALARM,TEMP_HIGH,Temp noyau élevée,70.9463702574263,35.0,1,,
tr_220_20,WARN,OIL_LOW_VISC,Viscosité réduite,0.0042028079686247,0.01,1,,
tr_220_20,WARN,LOW_PF,Facteur de puissance faible,0.6696628308264961,0.85,1,,
tr_220_20,ALARM,TEMP_HIGH,Temp noyau élevée,70.9440408954658,35.0,1,,
tr_220_20,WARN,OIL_LOW_VISC,Viscosité réduite,0.004203150627728,0.01,1,,
tr_220_20,WARN,LOW_PF,Facteur de puissance faible,0.654505538486091,0.85,1,,
tr_220_20,ALARM,TEMP_HIGH,Temp noyau élevée,70.94171244071198,35.0,1,,
tr_220_20,WARN,OIL_LOW_VISC,Viscosité réduite,0.0042034931812982,0.01,1,,
tr_220_20,WARN,LOW_PF,Facteur de puissance faible,0.6657892427219835,0.85,1,,
tr_220_20,ALARM,TEMP_HIGH,Temp noyau élevée,70.93853907219004,35.0,1,,
tr_220_20,WARN,OIL_LOW_VISC,Viscosité réduite,0.0042039600803795,0.01,1,,
tr_220_20,WARN,LOW_PF,Facteur de puissance faible,0.6647529092471098,0.85,1,,
tr_220_20,ALARM,TEMP_HIGH,Temp noyau élevée,70.93430675677489,35.0,1,,
tr_220_20,WARN,OIL_LOW_VISC,Viscosité réduite,0.004204582863482,0.01,1,,
tr_220_20,WARN,LOW_PF,Facteur de puissance faible,0.6602097381202213,0.85,1,,
tr_220_20,ALARM,TEMP_HIGH,Temp noyau élevée,70.93113348728315,35.0,1,,
tr_220_20,WARN,OIL_LOW_VISC,Viscosité réduite,0.0042050498690238,0.01,1,,
tr_220_20,WARN,LOW_PF,Facteur de puissance faible,0.6604539067367076,0.85,1,,
tr_220_20,ALARM,TEMP_HIGH,Temp noyau élevée,70.9279595482668,35.0,1,,
tr_220_20,WARN,OIL_LOW_VISC,Viscosité réduite,0.0042055170249856,0.01,1,,
tr_220_20,WARN,LOW_PF,Facteur de puissance faible,0.6586863836042568,0.85,1,,
tr_220_20,ALARM,TEMP_HIGH,Temp noyau élevée,70.9247889480606,35.0,1,,
tr_220_20,WARN,OIL_LOW_VISC,Viscosité réduite,0.0042059837413412,0.01,1,,
tr_220_20,WARN,LOW_PF,Facteur de puissance faible,0.6569335722320501,0.85,1,,
tr_220_20,ALARM,TEMP_HIGH,Temp noyau élevée,70.92055969110322,35.0,1,,
tr_220_20,WARN,OIL_LOW_VISC,Viscosité réduite,0.0042066063739324,0.01,1,,
tr_220_20,WARN,LOW_PF,Facteur de puissance faible,0.651012992475234,0.85,1,,
tr_220_20,ALARM,TEMP_HIGH,Temp noyau élevée,70.9173877474826,35.0,1,,
tr_220_20,WARN,OIL_LOW_VISC,Viscosité réduite,0.0042070734089954,0.01,1,,
tr_220_20,WARN,LOW_PF,Facteur de puissance faible,0.6579773078637061,0.85,1,,
tr_220_20,ALARM,TEMP_HIGH,Temp noyau élevée,70.91527515899834,35.0,1,,
tr_220_20,WARN,OIL_LOW_VISC,Viscosité réduite,0.0042073844940154,0.01,1,,
tr_220_20,WARN,LOW_PF,Facteur de puissance faible,0.6671129699517405,0.85,1,,
tr_220_20,ALARM,TEMP_HIGH,Temp noyau élevée,70.91421765141422,35.0,1,,
tr_220_20,WARN,OIL_LOW_VISC,Viscosité réduite,0.0042075402238328,0.01,1,,
tr_220_20,WARN,LOW_PF,Facteur de puissance faible,0.6600641617979266,0.85,1,,
tr_220_20,WARN,OVERLOAD,Surcharge,200.80880207005308,200.0,1,,
tr_220_20,WARN,OVERLOAD,Surcharge,200.8174281650343,200.0,1,,
tr_220_20,WARN,OVERLOAD,Surcharge,200.9820785204051,200.0,1,,
tr_220_20,WARN,OVERLOAD,Surcharge,200.1369659994352,200.0,1,,
tr_220_20,WARN,OVERLOAD,Surcharge,201.09637532561533,200.0,1,,
tr_220_20,WARN,OVERLOAD,Surcharge,201.1156217041986,200.0,1,,
tr_220_20,WARN,OVERLOAD,Surcharge,200.756306363747,200.0,1,,
tr_220_20,WARN,OVERLOAD,Surcharge,201.5076802782744,200.0,1,,
tr_220_20,WARN,OVERLOAD,Surcharge,201.27160363718852,200.0,1,,
tr_220_20,WARN,OVERLOAD,Surcharge,202.3194911934925,200.0,1,,
tr_220_20,WARN,OVERLOAD,Surcharge,201.71420011072468,200.0,1,,
tr_220_20,WARN,OVERLOAD,Surcharge,200.49136128354635,200.0,1,,
tr_220_20,WARN,OVERLOAD,Surcharge,200.72274076683303,200.0,1,,
tr_220_20,WARN,OVERLOAD,Surcharge,201.33960685287445,200.0,1,,
tr_220_20,WARN,OVERLOAD,Surcharge,202.10604020439808,200.0,1,,
tr_220_20,WARN,OVERLOAD,Surcharge,200.5718832211328,200.0,1,,
tr_220_20,WARN,OVERLOAD,Surcharge,200.6003054589719,200.0,1,,
tr_220_20,WARN,OVERLOAD,Surcharge,200.76387637600376,200.0,1,,
tr_220_20,WARN,OVERLOAD,Surcharge,200.43435493210296,200.0,1,,
tr_220_20,WARN,OVERLOAD,Surcharge,200.15683081903464,200.0,1,,
tr_220_20,WARN,OVERLOAD,Surcharge,201.6609192053185,200.0,1,,
tr_220_20,WARN,OVERLOAD,Surcharge,202.10552426050435,200.0,1,,
tr_220_20,WARN,OVERLOAD,Surcharge,201.07745741421672,200.0,1,,
tr_220_20,WARN,OVERLOAD,Surcharge,201.83508967068704,200.0,1,,
tr_220_20,WARN,OVERLOAD,Surcharge,201.10295825645892,200.0,1,,
tr_220_20,WARN,OVERLOAD,Surcharge,200.22774822834415,200.0,1,,
tr_220_20,WARN,OVERLOAD,Surcharge,201.72270903288765,200.0,1,,
tr_220_20,WARN,OVERLOAD,Surcharge,200.4260429840808,200.0,1,,
tr_220_20,WARN,OVERLOAD,Surcharge,200.29797032968992,200.0,1,,
tr_220_20,WARN,OVERLOAD,Surcharge,201.1253438799928,200.0,1,,
tr_220_20,WARN,OVERLOAD,Surcharge,200.5958884212449,200.0,1,,
tr_220_20,WARN,OVERLOAD,Surcharge,200.4962992571198,200.0,1,,
tr_220_20,WARN,OVERLOAD,Surcharge,202.01944600071792,200.0,1,,
tr_220_20,WARN,OVERLOAD,Surcharge,202.3000844267919,200.0,1,,
tr_220_20,WARN,LOW_PF,Facteur de puissance faible,0.6902619125479122,0.85,1,,
tr_220_20,WARN,LOW_PF,Facteur de puissance faible,0.6818538003396887,0.85,1,,
tr_220_20,WARN,LOW_PF,Facteur de puissance faible,0.6847880754592308,0.85,1,,
tr_220_20,WARN,LOW_PF,Facteur de puissance faible,0.6857757924788175,0.85,1,,
tr_220_20,WARN,LOW_PF,Facteur de puissance faible,0.6984547410761214,0.85,1,,
tr_220_20,WARN,LOW_PF,Facteur de puissance faible,0.6909552416753678,0.85,1,,
tr_220_20,WARN,LOW_PF,Facteur de puissance faible,0.6824752176028162,0.85,1,,
tr_220_20,WARN,LOW_PF,Facteur de puissance faible,0.694101912531988,0.85,1,,
tr_220_20,WARN,LOW_PF,Facteur de puissance faible,0.6964537578202474,0.85,1,,
tr_220_20,WARN,LOW_PF,Facteur de puissance faible,0.6958237903812063,0.85,1,,
tr_220_20,WARN,LOW_PF,Facteur de puissance faible,0.6941759069421009,0.85,1,,
tr_220_20,WARN,LOW_PF,Facteur de puissance faible,0.698041880130004,0.85,1,,
tr_220_20,WARN,LOW_PF,Facteur de puissance faible,0.6934339630055212,0.85,1,,
tr_220_20,WARN,LOW_PF,Facteur de puissance faible,0.6871116661418281,0.85,1,,
tr_220_20,WARN,LOW_PF,Facteur de puissance faible,0.6948531899282433,0.85,1,,
tr_220_20,WARN,LOW_PF,Facteur de puissance faible,0.6968933015122433,0.85,1,,
tr_220_20,WARN,LOW_PF,Facteur de puissance faible,0.6936772883486723,0.85,1,,
tr_220_20,WARN,LOW_PF,Facteur de puissance faible,0.6908922867006821,0.85,1,,
tr_220_20,WARN,LOW_PF,Facteur de puissance faible,0.6829892974540438,0.85,1,,
tr_220_20,WARN,LOW_PF,Facteur de puissance faible,0.6821609880849071,0.85,1,,
tr_220_20,WARN,LOW_PF,Facteur de puissance faible,0.69307329631005,0.85,1,,
tr_220_20,WARN,LOW_PF,Facteur de puissance faible,0.6946977046709508,0.85,1,,
tr_220_20,WARN,LOW_PF,Facteur de puissance faible,0.6959207764707586,0.85,1,,
tr_220_20,WARN,LOW_PF,Facteur de puissance faible,0.6990975049287864,0.85,1,,
tr_220_20,WARN,LOW_PF,Facteur de puissance faible,0.6843446661320929,0.85,1,,
tr_220_20,WARN,LOW_PF,Facteur de puissance faible,0.6982315985198205,0.85,1,,
tr_220_20,ALARM,TEMP_HIGH,Temp noyau élevée,71.0,70.0,1,,
tr_220_20,WARN,OIL_LOW_VISC,Viscosité réduite,0.0041949265250046,0.01,1,,
tr_220_20,WARN,LOW_PF,Facteur de puissance faible,0.698648455916616,0.85,1,,
tr_220_20,ALARM,TEMP_HIGH,Temp noyau élevée,71.0,70.0,1,,
tr_220_20,WARN,OIL_LOW_VISC,Viscosité réduite,0.0041949265250046,0.01,1,,
tr_220_20,WARN,LOW_PF,Facteur de puissance faible,0.6873681767963247,0.85,1,,
tr_220_20,ALARM,TEMP_HIGH,Temp noyau élevée,71.0,70.0,1,,
tr_220_20,WARN,OIL_LOW_VISC,Viscosité réduite,0.0041949265250046,0.01,1,,
tr_220_20,WARN,LOW_PF,Facteur de puissance faible,0.6836962487026902,0.85,1,,
tr_220_20,ALARM,TEMP_HIGH,Temp noyau élevée,71.0,70.0,1,,
tr_220_20,WARN,OIL_LOW_VISC,Viscosité réduite,0.0041949265250046,0.01,1,,
tr_220_20,WARN,LOW_PF,Facteur de puissance faible,0.684310928960375,0.85,1,,
tr_220_20,ALARM,TEMP_HIGH,Temp noyau élevée,71.0,70.0,1,,
tr_220_20,WARN,OIL_LOW_VISC,Viscosité réduite,0.0041949265250046,0.01,1,,
tr_220_20,WARN,LOW_PF,Facteur de puissance faible,0.6917598898928835,0.85,1,,
tr_220_20,ALARM,TEMP_HIGH,Temp noyau élevée,71.0,70.0,1,,
tr_220_20,WARN,OIL_LOW_VISC,Viscosité réduite,0.0041949265250046,0.01,1,,
tr_220_20,WARN,LOW_PF,Facteur de puissance faible,0.697286239445391,0.85,1,,
tr_220_20,ALARM,TEMP_HIGH,Temp noyau élevée,71.0,70.0,1,,
tr_220_20,WARN,OIL_LOW_VISC,Viscosité réduite,0.0041949265250046,0.01,1,,
tr_220_20,WARN,LOW_PF,Facteur de puissance faible,0.6821112481667043,0.85,1,,
tr_220_20,ALARM,TEMP_HIGH,Temp noyau élevée,71.0,70.0,1,,
tr_220_20,WARN,OIL_LOW_VISC,Viscosité réduite,0.0041949265250046,0.01,1,,
tr_220_20,WARN,LOW_PF,Facteur de puissance faible,0.6966760279958434,0.85,1,,
tr_220_20,ALARM,TEMP_HIGH,Temp noyau élevée,71.0,70.0,1,,
tr_220_20,WARN,OIL_LOW_VISC,Viscosité réduite,0.0041949265250046,0.01,1,,
tr_220_20,ALARM,TEMP_HIGH,Temp noyau élevée,71.0,70.0,1,,
tr_220_20,WARN,OIL_LOW_VISC,Viscosité réduite,0.0041949265250046,0.01,1,,
tr_220_20,WARN,LOW_PF,Facteur de puissance faible,0.6990854078725897,0.85,1,,
tr_220_20,ALARM,TEMP_HIGH,Temp noyau élevée,71.0,70.0,1,,
tr_220_20,WARN,OIL_LOW_VISC,Viscosité réduite,0.0041949265250046,0.01,1,,
tr_220_20,WARN,LOW_PF,Facteur de puissance faible,0.6962748208555407,0.85,1,,
tr_220_20,ALARM,TEMP_HIGH,Temp noyau élevée,71.0,70.0,1,,
tr_220_20,WARN,OIL_LOW_VISC,Viscosité réduite,0.0041949265250046,0.01,1,,
tr_220_20,WARN,LOW_PF,Facteur de puissance faible,0.6875640231858808,0.85,1,,
tr_220_20,ALARM,TEMP_HIGH,Temp noyau élevée,71.0,70.0,1,,
tr_220_20,WARN,OIL_LOW_VISC,Viscosité réduite,0.0041949265250046,0.01,1,,
tr_220_20,WARN,LOW_PF,Facteur de puissance faible,0.6966441985704868,0.85,1,,
tr_220_20,ALARM,TEMP_HIGH,Temp noyau élevée,71.0,70.0,1,,
tr_220_20,WARN,OIL_LOW_VISC,Viscosité réduite,0.0041949265250046,0.01,1,,
tr_220_20,WARN,LOW_PF,Facteur de puissance faible,0.6953886364002528,0.85,1,,
tr_220_20,ALARM,TEMP_HIGH,Temp noyau élevée,71.0,70.0,1,,
tr_220_20,WARN,OIL_LOW_VISC,Viscosité réduite,0.0041949265250046,0.01,1,,
tr_220_20,WARN,LOW_PF,Facteur de puissance faible,0.6991778056138412,0.85,1,,
tr_220_20,ALARM,TEMP_HIGH,Temp noyau élevée,71.0,70.0,1,,
tr_220_20,WARN,OIL_LOW_VISC,Viscosité réduite,0.0041949265250046,0.01,1,,
tr_220_20,WARN,LOW_PF,Facteur de puissance faible,0.6824754022281284,0.85,1,,
tr_220_20,ALARM,TEMP_HIGH,Temp noyau élevée,71.0,70.0,1,,
tr_220_20,WARN,OIL_LOW_VISC,Viscosité réduite,0.0041949265250046,0.01,1,,
tr_220_20,WARN,LOW_PF,Facteur de puissance faible,0.6975700320984883,0.85,1,,
tr_220_20,ALARM,TEMP_HIGH,Temp noyau élevée,71.0,70.0,1,,
tr_220_20,WARN,OIL_LOW_VISC,Viscosité réduite,0.0041949265250046,0.01,1,,
tr_220_20,WARN,LOW_PF,Facteur de puissance faible,0.6977420014672283,0.85,1,,
tr_220_20,ALARM,TEMP_HIGH,Temp noyau élevée,71.0,70.0,1,,
tr_220_20,WARN,OIL_LOW_VISC,Viscosité réduite,0.0041949265250046,0.01,1,,
tr_220_20,WARN,LOW_PF,Facteur de puissance faible,0.6933654989991378,0.85,1,,
tr_220_20,ALARM,TEMP_HIGH,Temp noyau élevée,71.0,70.0,1,,
tr_220_20,WARN,OIL_LOW_VISC,Viscosité réduite,0.0041949265250046,0.01,1,,
tr_220_20,WARN,LOW_PF,Facteur de puissance faible,0.69432193665394,0.85,1,,
tr_220_20,ALARM,TEMP_HIGH,Temp noyau élevée,71.0,70.0,1,,
tr_220_20,WARN,OIL_LOW_VISC,Viscosité réduite,0.0041949265250046,0.01,1,,
tr_220_20,WARN,LOW_PF,Facteur de puissance faible,0.6872284250487692,0.85,1,,
tr_220_20,ALARM,TEMP_HIGH,Temp noyau élevée,71.0,70.0,1,,
tr_220_20,WARN,OIL_LOW_VISC,Viscosité réduite,0.0041949265250046,0.01,1,,
tr_220_20,WARN,LOW_PF,Facteur de puissance faible,0.689871399900687,0.85,1,,
tr_220_20,ALARM,TEMP_HIGH,Temp noyau élevée,71.0,70.0,1,,
tr_220_20,WARN,OIL_LOW_VISC,Viscosité réduite,0.0041949265250046,0.01,1,,
tr_220_20,WARN,LOW_PF,Facteur de puissance faible,0.6941054787289584,0.85,1,,
tr_220_20,ALARM,TEMP_HIGH,Temp noyau élevée,71.0,70.0,1,,
tr_220_20,WARN,OIL_LOW_VISC,Viscosité réduite,0.0041949265250046,0.01,1,,
tr_220_20,WARN,LOW_PF,Facteur de puissance faible,0.6839192620452722,0.85,1,,
tr_220_20,ALARM,TEMP_HIGH,Temp noyau élevée,70.99926471193024,70.0,1,,
tr_220_20,WARN,OIL_LOW_VISC,Viscosité réduite,0.0041950344831737,0.01,1,,
tr_220_20,WARN,LOW_PF,Facteur de puissance faible,0.6955092775197775,0.85,1,,
tr_220_20,ALARM,TEMP_HIGH,Temp noyau élevée,70.9985294134688,70.0,1,,
tr_220_20,WARN,OIL_LOW_VISC,Viscosité réduite,0.004195142445647,0.01,1,,
tr_220_20,WARN,LOW_PF,Facteur de puissance faible,0.6924476589524812,0.85,1,,
tr_220_20,ALARM,TEMP_HIGH,Temp noyau élevée,70.99742531235587,70.0,1,,
tr_220_20,WARN,OIL_LOW_VISC,Viscosité réduite,0.0041953045639299,0.01,1,,
tr_220_20,WARN,LOW_PF,Facteur de puissance faible,0.6961707161599304,0.85,1,,
tr_220_20,ALARM,TEMP_HIGH,Temp noyau élevée,70.99668974012592,70.0,1,,
tr_220_20,WARN,OIL_LOW_VISC,Viscosité réduite,0.0041954125735539,0.01,1,,
tr_220_20,WARN,LOW_PF,Facteur de puissance faible,0.6947362186094848,0.85,1,,
tr_220_20,ALARM,TEMP_HIGH,Temp noyau élevée,70.99595242136857,70.0,1,,
tr_220_20,WARN,OIL_LOW_VISC,Viscosité réduite,0.0041955208424244,0.01,1,,
tr_220_20,WARN,LOW_PF,Facteur de puissance faible,0.69729869005082,0.85,1,,
tr_220_20,ALARM,TEMP_HIGH,Temp noyau élevée,70.9948470685073,70.0,1,,
tr_220_20,WARN,OIL_LOW_VISC,Viscosité réduite,0.004195683159148,0.01,1,,
tr_220_20,WARN,LOW_PF,Facteur de puissance faible,0.6941132252825063,0.85,1,,
tr_220_20,ALARM,TEMP_HIGH,Temp noyau élevée,70.99374567321865,70.0,1,,
tr_220_20,WARN,OIL_LOW_VISC,Viscosité réduite,0.0041958449009637,0.01,1,,
tr_220_20,WARN,LOW_PF,Facteur de puissance faible,0.6986339033729627,0.85,1,,
tr_220_20,ALARM,TEMP_HIGH,Temp noyau élevée,70.9926453684292,70.0,1,,
tr_220_20,WARN,OIL_LOW_VISC,Viscosité réduite,0.0041960064888635,0.01,1,,
tr_220_20,WARN,LOW_PF,Facteur de puissance faible,0.68088457574832,0.85,1,,
tr_220_20,ALARM,TEMP_HIGH,Temp noyau élevée,70.99154716579194,70.0,1,,
tr_220_20,WARN,OIL_LOW_VISC,Viscosité réduite,0.0041961677742519,0.01,1,,
tr_220_20,WARN,LOW_PF,Facteur de puissance faible,0.698448342269279,0.85,1,,
tr_220_20,ALARM,TEMP_HIGH,Temp noyau élevée,70.99081123887007,70.0,1,,
tr_220_20,WARN,OIL_LOW_VISC,Viscosité réduite,0.0041962758581931,0.01,1,,
tr_220_20,WARN,LOW_PF,Facteur de puissance faible,0.6853200773772768,0.85,1,,
tr_220_20,ALARM,TEMP_HIGH,Temp noyau élevée,70.98970953686302,70.0,1,,
tr_220_20,WARN,OIL_LOW_VISC,Viscosité réduite,0.0041964376679064,0.01,1,,
tr_220_20,WARN,LOW_PF,Facteur de puissance faible,0.6973747150825906,0.85,1,,
tr_220_20,ALARM,TEMP_HIGH,Temp noyau élevée,70.98903137358857,70.0,1,,
tr_220_20,WARN,OIL_LOW_VISC,Viscosité réduite,0.0041965372745354,0.01,1,,
tr_220_20,WARN,LOW_PF,Facteur de puissance faible,0.6896084371724984,0.85,1,,
tr_220_20,ALARM,TEMP_HIGH,Temp noyau élevée,70.98835007994764,70.0,1,,
tr_220_20,WARN,OIL_LOW_VISC,Viscosité réduite,0.0041966373433241,0.01,1,,
tr_220_20,WARN,LOW_PF,Facteur de puissance faible,0.6956091643340254,0.85,1,,
tr_220_20,ALARM,TEMP_HIGH,Temp noyau élevée,70.987668680097,70.0,1,,
tr_220_20,WARN,OIL_LOW_VISC,Viscosité réduite,0.0041967374300996,0.01,1,,
tr_220_20,WARN,LOW_PF,Facteur de puissance faible,0.6888770073550353,0.85,1,,
tr_220_20,ALARM,TEMP_HIGH,Temp noyau élevée,70.98699114558055,70.0,1,,
tr_220_20,WARN,OIL_LOW_VISC,Viscosité réduite,0.0041968369514859,0.01,1,,
tr_220_20,WARN,LOW_PF,Facteur de puissance faible,0.6822221359189928,0.85,1,,
tr_220_20,ALARM,TEMP_HIGH,Temp noyau élevée,70.9859183649415,70.0,1,,
tr_220_20,WARN,OIL_LOW_VISC,Viscosité réduite,0.0041969945344342,0.01,1,,
tr_220_20,WARN,LOW_PF,Facteur de puissance faible,0.6902785083781986,0.85,1,,
tr_220_20,ALARM,TEMP_HIGH,Temp noyau élevée,70.98481624702694,70.0,1,,
tr_220_20,WARN,OIL_LOW_VISC,Viscosité réduite,0.004197156432957,0.01,1,,
tr_220_20,WARN,LOW_PF,Facteur de puissance faible,0.6948776968232443,0.85,1,,
tr_220_20,ALARM,TEMP_HIGH,Temp noyau élevée,70.98408148009817,70.0,1,,
tr_220_20,WARN,OIL_LOW_VISC,Viscosité réduite,0.0041972643719559,0.01,1,,
tr_220_20,WARN,LOW_PF,Facteur de puissance faible,0.6982205238899054,0.85,1,,
tr_220_20,ALARM,TEMP_HIGH,Temp noyau élevée,70.98334847503595,70.0,1,,
tr_220_20,WARN,OIL_LOW_VISC,Viscosité réduite,0.0041973720548983,0.01,1,,
tr_220_20,WARN,LOW_PF,Facteur de puissance faible,0.6992515900840888,0.85,1,,
tr_220_20,ALARM,TEMP_HIGH,Temp noyau élevée,70.98224664158873,70.0,1,,
tr_220_20,WARN,OIL_LOW_VISC,Viscosité réduite,0.0041975339261917,0.01,1,,
tr_220_20,WARN,LOW_PF,Facteur de puissance faible,0.6978536062809814,0.85,1,,
tr_220_20,ALARM,TEMP_HIGH,Temp noyau élevée,70.98151169672228,70.0,1,,
tr_220_20,WARN,OIL_LOW_VISC,Viscosité réduite,0.0041976419010408,0.01,1,,
tr_220_20,WARN,LOW_PF,Facteur de puissance faible,0.6982526338970444,0.85,1,,
tr_220_20,ALARM,TEMP_HIGH,Temp noyau élevée,70.98077855112629,70.0,1,,
tr_220_20,WARN,OIL_LOW_VISC,Viscosité réduite,0.0041977496143163,0.01,1,,
tr_220_20,WARN,LOW_PF,Facteur de puissance faible,0.6912825369875194,0.85,1,,
tr_220_20,ALARM,TEMP_HIGH,Temp noyau élevée,70.98004598400222,70.0,1,,
tr_220_20,WARN,OIL_LOW_VISC,Viscosité réduite,0.0041978572453638,0.01,1,,
tr_220_20,WARN,LOW_PF,Facteur de puissance faible,0.6828182859587026,0.85,1,,
tr_220_20,ALARM,TEMP_HIGH,Temp noyau élevée,70.97931204222444,70.0,1,,
tr_220_20,WARN,OIL_LOW_VISC,Viscosité réduite,0.0041979650811472,0.01,1,,
tr_220_20,WARN,LOW_PF,Facteur de puissance faible,0.6997638475076043,0.85,1,,
tr_220_20,ALARM,TEMP_HIGH,Temp noyau élevée,70.97821313000154,70.0,1,,
tr_220_20,WARN,OIL_LOW_VISC,Viscosité réduite,0.0041981265460822,0.01,1,,
tr_220_20,WARN,LOW_PF,Facteur de puissance faible,0.690376891042996,0.85,1,,
tr_220_20,ALARM,TEMP_HIGH,Temp noyau élevée,70.97747817434367,70.0,1,,
tr_220_20,WARN,OIL_LOW_VISC,Viscosité réduite,0.0041982345377611,0.01,1,,
tr_220_20,WARN,LOW_PF,Facteur de puissance faible,0.6912248126158052,0.85,1,,
tr_220_20,ALARM,TEMP_HIGH,Temp noyau élevée,70.97674200211198,70.0,1,,
tr_220_20,WARN,OIL_LOW_VISC,Viscosité réduite,0.0041983427109838,0.01,1,,
tr_220_20,WARN,LOW_PF,Facteur de puissance faible,0.6894192287861057,0.85,1,,
tr_220_20,ALARM,TEMP_HIGH,Temp noyau élevée,70.97600764523261,70.0,1,,
tr_220_20,WARN,OIL_LOW_VISC,Viscosité réduite,0.0041984506202354,0.01,1,,
tr_220_20,WARN,LOW_PF,Facteur de puissance faible,0.6818198121366738,0.85,1,,
tr_220_20,ALARM,TEMP_HIGH,Temp noyau élevée,70.97527442801021,70.0,1,,
tr_220_20,WARN,OIL_LOW_VISC,Viscosité réduite,0.0041985583647885,0.01,1,,
tr_220_20,WARN,LOW_PF,Facteur de puissance faible,0.6920120801619407,0.85,1,,
tr_220_20,ALARM,TEMP_HIGH,Temp noyau élevée,70.97454356923197,70.0,1,,
tr_220_20,WARN,OIL_LOW_VISC,Viscosité réduite,0.0041986657655254,0.01,1,,
tr_220_20,WARN,LOW_PF,Facteur de puissance faible,0.6995501612365993,0.85,1,,
tr_220_20,ALARM,TEMP_HIGH,Temp noyau élevée,70.97381166018684,70.0,1,,
tr_220_20,WARN,OIL_LOW_VISC,Viscosité réduite,0.0041987733233538,0.01,1,,
tr_220_20,WARN,LOW_PF,Facteur de puissance faible,0.690384528358562,0.85,1,,
tr_220_20,ALARM,TEMP_HIGH,Temp noyau élevée,70.97307761923301,70.0,1,,
tr_220_20,WARN,OIL_LOW_VISC,Viscosité réduite,0.0041988811972447,0.01,1,,
tr_220_20,WARN,LOW_PF,Facteur de puissance faible,0.6968158285774885,0.85,1,,
tr_220_20,ALARM,TEMP_HIGH,Temp noyau élevée,70.97197680921933,70.0,1,,
tr_220_20,WARN,OIL_LOW_VISC,Viscosité réduite,0.0041990429763276,0.01,1,,
tr_220_20,WARN,LOW_PF,Facteur de puissance faible,0.68155590115142,0.85,1,,
tr_220_20,ALARM,TEMP_HIGH,Temp noyau élevée,70.97161068588663,70.0,1,,
tr_220_20,WARN,OIL_LOW_VISC,Viscosité réduite,0.0041990967845387,0.01,1,,
tr_220_20,WARN,LOW_PF,Facteur de puissance faible,0.681636775502597,0.85,1,,
tr_220_20,ALARM,TEMP_HIGH,Temp noyau élevée,70.97051241060926,70.0,1,,
tr_220_20,WARN,OIL_LOW_VISC,Viscosité réduite,0.0041992581993875,0.01,1,,
tr_220_20,WARN,LOW_PF,Facteur de puissance faible,0.6871415365629734,0.85,1,,
tr_220_20,ALARM,TEMP_HIGH,Temp noyau élevée,70.96940964604663,70.0,1,,
tr_220_20,WARN,OIL_LOW_VISC,Viscosité réduite,0.004199420280275,0.01,1,,
tr_220_20,WARN,LOW_PF,Facteur de puissance faible,0.688896672925284,0.85,1,,
tr_220_20,ALARM,TEMP_HIGH,Temp noyau élevée,70.96830850479752,70.0,1,,
tr_220_20,WARN,OIL_LOW_VISC,Viscosité réduite,0.004199582128815,0.01,1,,
tr_220_20,WARN,LOW_PF,Facteur de puissance faible,0.6938050944850273,0.85,1,,
tr_220_20,ALARM,TEMP_HIGH,Temp noyau élevée,70.96720949106037,70.0,1,,
tr_220_20,WARN,OIL_LOW_VISC,Viscosité réduite,0.0041997436708677,0.01,1,,
tr_220_20,WARN,LOW_PF,Facteur de puissance faible,0.6887193979751463,0.85,1,,
tr_220_20,ALARM,TEMP_HIGH,Temp noyau élevée,70.96611005815382,70.0,1,,
tr_220_20,WARN,OIL_LOW_VISC,Viscosité réduite,0.0041999052807507,0.01,1,,
tr_220_20,WARN,LOW_PF,Facteur de puissance faible,0.6869469683664131,0.85,1,,
tr_220_20,ALARM,TEMP_HIGH,Temp noyau élevée,70.96501050346076,70.0,1,,
tr_220_20,WARN,OIL_LOW_VISC,Viscosité réduite,0.0042000669147555,0.01,1,,
tr_220_20,WARN,LOW_PF,Facteur de puissance faible,0.6951707290751785,0.85,1,,
tr_220_20,ALARM,TEMP_HIGH,Temp noyau élevée,70.96391239064478,70.0,1,,
tr_220_20,WARN,OIL_LOW_VISC,Viscosité réduite,0.0042002283430134,0.01,1,,
tr_220_20,WARN,LOW_PF,Facteur de puissance faible,0.6984039472374435,0.85,1,,
tr_220_20,WARN,TEMP_WARN,Temp noyau en hausse,70.9628269150766,60.0,1,,
tr_220_20,WARN,OIL_LOW_VISC,Viscosité réduite,0.0042005473991996,0.01,1,,
tr_220_20,WARN,TEMP_WARN,Temp noyau en hausse,70.95957203101027,60.0,1,,
tr_220_20,WARN,OIL_LOW_VISC,Viscosité réduite,0.0042008664590356,0.01,1,,
tr_220_20,WARN,TEMP_WARN,Temp noyau en hausse,70.95740192002489,60.0,1,,
tr_220_20,WARN,OIL_LOW_VISC,Viscosité réduite,0.0042011855432791,0.01,1,,
tr_220_20,WARN,TEMP_WARN,Temp noyau en hausse,70.95523151961252,60.0,1,,
tr_220_20,WARN,OIL_LOW_VISC,Viscosité réduite,0.0042015046943201,0.01,1,,
tr_220_20,WARN,TEMP_WARN,Temp noyau en hausse,70.9530595361178,60.0,1,,
tr_220_20,WARN,OIL_LOW_VISC,Viscosité réduite,0.0042018241024203,0.01,1,,
tr_220_20,WARN,TEMP_WARN,Temp noyau en hausse,70.95089009425476,60.0,1,,
tr_220_20,WARN,OIL_LOW_VISC,Viscosité réduite,0.0042021431609921,0.01,1,,
tr_220_20,WARN,TEMP_WARN,Temp noyau en hausse,70.94872058610795,60.0,1,,
tr_220_20,WARN,OIL_LOW_VISC,Viscosité réduite,0.0042024622535405,0.01,1,,
tr_220_20,WARN,TEMP_WARN,Temp noyau en hausse,70.94546580617688,60.0,1,,
tr_220_20,WARN,OIL_LOW_VISC,Viscosité réduite,0.0042029410139527,0.01,1,,
tr_220_20,WARN,TEMP_WARN,Temp noyau en hausse,70.94329663531659,60.0,1,,
tr_220_20,WARN,OIL_LOW_VISC,Viscosité réduite,0.004203260117467,0.01,1,,
tr_220_20,WARN,TEMP_WARN,Temp noyau en hausse,70.94112894925257,60.0,1,,
tr_220_20,WARN,OIL_LOW_VISC,Viscosité réduite,0.0042035790267578,0.01,1,,
tr_220_20,WARN,TEMP_WARN,Temp noyau en hausse,70.93895961067744,60.0,1,,
tr_220_20,WARN,OIL_LOW_VISC,Viscosité réduite,0.0042038982033895,0.01,1,,
tr_220_20,WARN,TEMP_WARN,Temp noyau en hausse,70.93679288840882,60.0,1,,
tr_220_20,WARN,OIL_LOW_VISC,Viscosité réduite,0.0042042170192729,0.01,1,,
tr_220_20,WARN,TEMP_WARN,Temp noyau en hausse,70.93462321058763,60.0,1,,
tr_220_20,WARN,OIL_LOW_VISC,Viscosité réduite,0.0042045362942702,0.01,1,,
tr_220_20,WARN,TEMP_WARN,Temp noyau en hausse,70.93354012464283,60.0,1,,
tr_220_20,WARN,OIL_LOW_VISC,Viscosité réduite,0.004204695682887,0.01,1,,
tr_220_20,WARN,TEMP_WARN,Temp noyau en hausse,70.93137272045472,60.0,1,,
tr_220_20,WARN,OIL_LOW_VISC,Viscosité réduite,0.0042050146596116,0.01,1,,
tr_220_20,WARN,TEMP_WARN,Temp noyau en hausse,70.92920578095324,60.0,1,,
tr_220_20,WARN,OIL_LOW_VISC,Viscosité réduite,0.0042053335921388,0.01,1,,
tr_220_20,WARN,TEMP_WARN,Temp noyau en hausse,70.92812123043966,60.0,1,,
tr_220_20,WARN,OIL_LOW_VISC,Viscosité réduite,0.0042054932265533,0.01,1,,
tr_220_20,WARN,TEMP_WARN,Temp noyau en hausse,70.92595373723972,60.0,1,,
tr_220_20,WARN,OIL_LOW_VISC,Viscosité réduite,0.0042058122768841,0.01,1,,
tr_220_20,WARN,TEMP_WARN,Temp noyau en hausse,70.92378597126495,60.0,1,,
tr_220_20,WARN,OIL_LOW_VISC,Viscosité réduite,0.0042061313915761,0.01,1,,
tr_220_20,WARN,TEMP_WARN,Temp noyau en hausse,70.92130138116548,60.0,1,,
tr_220_20,WARN,OIL_LOW_VISC,Viscosité réduite,0.0042064971754147,0.01,1,,
tr_220_20,WARN,TEMP_WARN,Temp noyau en hausse,70.91881654836995,60.0,1,,
tr_220_20,WARN,OIL_LOW_VISC,Viscosité réduite,0.0042068630267981,0.01,1,,
tr_220_20,WARN,TEMP_WARN,Temp noyau en hausse,70.91633122956392,60.0,1,,
tr_220_20,WARN,OIL_LOW_VISC,Viscosité réduite,0.0042072289815672,0.01,1,,
tr_220_20,WARN,TEMP_WARN,Temp noyau en hausse,70.91384844640774,60.0,1,,
tr_220_20,WARN,OIL_LOW_VISC,Viscosité réduite,0.0042075945947561,0.01,1,,
tr_220_20,WARN,TEMP_WARN,Temp noyau en hausse,70.9113661311485,60.0,1,,
tr_220_20,WARN,OIL_LOW_VISC,Viscosité réduite,0.0042079601708061,0.01,1,,
tr_220_20,WARN,TEMP_WARN,Temp noyau en hausse,70.90888190190965,60.0,1,,
tr_220_20,WARN,OIL_LOW_VISC,Viscosité réduite,0.0042083260605318,0.01,1,,
tr_220_20,WARN,TEMP_WARN,Temp noyau en hausse,70.9051576834472,60.0,1,,
tr_220_20,WARN,OIL_LOW_VISC,Viscosité réduite,0.0042088746416805,0.01,1,,
tr_220_20,WARN,TEMP_WARN,Temp noyau en hausse,70.90267675650007,60.0,1,,
tr_220_20,WARN,OIL_LOW_VISC,Viscosité réduite,0.0042092401244162,0.01,1,,
tr_220_20,WARN,TEMP_WARN,Temp noyau en hausse,70.90019383129838,60.0,1,,
tr_220_20,WARN,OIL_LOW_VISC,Viscosité réduite,0.0042096059333043,0.01,1,,
tr_220_20,WARN,TEMP_WARN,Temp noyau en hausse,70.89771105013016,60.0,1,,
tr_220_20,WARN,OIL_LOW_VISC,Viscosité réduite,0.0042099717527602,0.01,1,,
tr_220_20,WARN,TEMP_WARN,Temp noyau en hausse,70.89522830910667,60.0,1,,
tr_220_20,WARN,OIL_LOW_VISC,Viscosité réduite,0.0042103375980904,0.01,1,,
tr_220_20,WARN,TEMP_WARN,Temp noyau en hausse,70.89274622013193,60.0,1,,
tr_220_20,WARN,OIL_LOW_VISC,Viscosité réduite,0.0042107033791171,0.01,1,,
tr_220_20,WARN,TEMP_WARN,Temp noyau en hausse,70.89026454269795,60.0,1,,
tr_220_20,WARN,OIL_LOW_VISC,Viscosité réduite,0.0042110691312658,0.01,1,,
tr_220_20,WARN,TEMP_WARN,Temp noyau en hausse,70.88778163501107,60.0,1,,
tr_220_20,WARN,OIL_LOW_VISC,Viscosité réduite,0.0042114350965241,0.01,1,,
tr_220_20,WARN,TEMP_WARN,Temp noyau en hausse,70.88530009045513,60.0,1,,
tr_220_20,WARN,OIL_LOW_VISC,Viscosité réduite,0.0042118008926436,0.01,1,,
tr_220_20,WARN,TEMP_WARN,Temp noyau en hausse,70.88281675152432,60.0,1,,
tr_220_20,WARN,OIL_LOW_VISC,Viscosité réduite,0.0042121669850726,0.01,1,,
tr_220_20,WARN,TEMP_WARN,Temp noyau en hausse,70.88033595413499,60.0,1,,
tr_220_20,WARN,OIL_LOW_VISC,Viscosité réduite,0.0042125327346011,0.01,1,,
tr_220_20,WARN,TEMP_WARN,Temp noyau en hausse,70.87785411207142,60.0,1,,
tr_220_20,WARN,OIL_LOW_VISC,Viscosité réduite,0.0042128986699269,0.01,1,,
tr_220_20,WARN,TEMP_WARN,Temp noyau en hausse,70.87537244975306,60.0,1,,
tr_220_20,WARN,OIL_LOW_VISC,Viscosité réduite,0.004213264610535,0.01,1,,
tr_220_20,WARN,TEMP_WARN,Temp noyau en hausse,70.87289093832952,60.0,1,,
tr_220_20,WARN,OIL_LOW_VISC,Viscosité réduite,0.0042136305606758,0.01,1,,
tr_220_20,WARN,TEMP_WARN,Temp noyau en hausse,70.87040972326368,60.0,1,,
tr_220_20,WARN,OIL_LOW_VISC,Viscosité réduite,0.0042139964988921,0.01,1,,
tr_220_20,WARN,TEMP_WARN,Temp noyau en hausse,70.86903016898545,60.0,1,,
tr_220_20,WARN,OIL_LOW_VISC,Viscosité réduite,0.0042141999740959,0.01,1,,
tr_220_20,WARN,TEMP_WARN,Temp noyau en hausse,70.86830026492684,60.0,1,,
tr_220_20,WARN,OIL_LOW_VISC,Viscosité réduite,0.0042143076341293,0.01,1,,
tr_220_20,WARN,TEMP_WARN,Temp noyau en hausse,70.86720531451974,60.0,1,,
tr_220_20,WARN,OIL_LOW_VISC,Viscosité réduite,0.0042144691432491,0.01,1,,
tr_220_20,WARN,TEMP_WARN,Temp noyau en hausse,70.8661117234604,60.0,1,,
tr_220_20,WARN,OIL_LOW_VISC,Viscosité réduite,0.0042146304580385,0.01,1,,
tr_220_20,WARN,TEMP_WARN,Temp noyau en hausse,70.86501748268523,60.0,1,,
tr_220_20,WARN,OIL_LOW_VISC,Viscosité réduite,0.0042147918748469,0.01,1,,
tr_220_20,WARN,TEMP_WARN,Temp noyau en hausse,70.86392290004893,60.0,1,,
tr_220_20,WARN,OIL_LOW_VISC,Viscosité réduite,0.00421495334827,0.01,1,,
tr_220_20,WARN,TEMP_WARN,Temp noyau en hausse,70.8628290258104,60.0,1,,
tr_220_20,WARN,OIL_LOW_VISC,Viscosité réduite,0.0042151147233701,0.01,1,,
tr_220_20,WARN,TEMP_WARN,Temp noyau en hausse,70.86173498299347,60.0,1,,
tr_220_20,WARN,OIL_LOW_VISC,Viscosité réduite,0.0042152761295198,0.01,1,,
tr_220_20,WARN,TEMP_WARN,Temp noyau en hausse,70.86064030765398,60.0,1,,
tr_220_20,WARN,OIL_LOW_VISC,Viscosité réduite,0.0042154376351727,0.01,1,,
tr_220_20,WARN,TEMP_WARN,Temp noyau en hausse,70.85991123293928,60.0,1,,
tr_220_20,WARN,OIL_LOW_VISC,Viscosité réduite,0.0042155452044599,0.01,1,,
tr_220_20,WARN,TEMP_WARN,Temp noyau en hausse,70.85881641383432,60.0,1,,
tr_220_20,WARN,OIL_LOW_VISC,Viscosité réduite,0.0042157067416348,0.01,1,,
tr_220_20,WARN,TEMP_WARN,Temp noyau en hausse,70.85772202413712,60.0,1,,
tr_220_20,WARN,OIL_LOW_VISC,Viscosité réduite,0.0042158682216383,0.01,1,,
tr_220_20,WARN,TEMP_WARN,Temp noyau en hausse,70.85699241934424,60.0,1,,
tr_220_20,WARN,OIL_LOW_VISC,Viscosité réduite,0.004215975880131,0.01,1,,
tr_220_20,WARN,TEMP_WARN,Temp noyau en hausse,70.85626295615114,60.0,1,,
tr_220_20,WARN,OIL_LOW_VISC,Viscosité réduite,0.004216083520478,0.01,1,,
tr_220_20,WARN,TEMP_WARN,Temp noyau en hausse,70.8555334421767,60.0,1,,
tr_220_20,WARN,OIL_LOW_VISC,Viscosité réduite,0.0042161911710669,0.01,1,,
tr_220_20,WARN,TEMP_WARN,Temp noyau en hausse,70.85480382456477,60.0,1,,
tr_220_20,WARN,OIL_LOW_VISC,Viscosité réduite,0.0042162988396983,0.01,1,,
tr_220_20,WARN,TEMP_WARN,Temp noyau en hausse,70.85370911582308,60.0,1,,
tr_220_20,WARN,OIL_LOW_VISC,Viscosité réduite,0.0042164603894651,0.01,1,,
tr_220_20,WARN,TEMP_WARN,Temp noyau en hausse,70.85261504455434,60.0,1,,
tr_220_20,WARN,OIL_LOW_VISC,Viscosité réduite,0.0042166218513424,0.01,1,,
tr_220_20,WARN,TEMP_WARN,Temp noyau en hausse,70.85152021628376,60.0,1,,
tr_220_20,WARN,OIL_LOW_VISC,Viscosité réduite,0.0042167834311264,0.01,1,,
tr_220_20,WARN,TEMP_WARN,Temp noyau en hausse,70.85042706630718,60.0,1,,
tr_220_20,WARN,OIL_LOW_VISC,Viscosité réduite,0.0042169447693977,0.01,1,,
tr_220_20,WARN,TEMP_WARN,Temp noyau en hausse,70.84969842700644,60.0,1,,
tr_220_20,WARN,OIL_LOW_VISC,Viscosité réduite,0.004217052312878,0.01,1,,
tr_220_20,WARN,TEMP_WARN,Temp noyau en hausse,70.84860331338655,60.0,1,,
tr_220_20,WARN,OIL_LOW_VISC,Viscosité réduite,0.0042172139512756,0.01,1,,
tr_220_20,WARN,TEMP_WARN,Temp noyau en hausse,70.84787355760196,60.0,1,,
tr_220_20,WARN,OIL_LOW_VISC,Viscosité réduite,0.0042173216664208,0.01,1,,
tr_220_20,WARN,TEMP_WARN,Temp noyau en hausse,70.84678060102786,60.0,1,,
tr_220_20,WARN,OIL_LOW_VISC,Viscosité réduite,0.0042174829967369,0.01,1,,
tr_220_20,WARN,TEMP_WARN,Temp noyau en hausse,70.8456869983786,60.0,1,,
tr_220_20,WARN,OIL_LOW_VISC,Viscosité réduite,0.0042176444285966,0.01,1,,
tr_220_20,WARN,TEMP_WARN,Temp noyau en hausse,70.84459266050241,60.0,1,,
tr_220_20,WARN,OIL_LOW_VISC,Viscosité réduite,0.004217805975172,0.01,1,,
tr_220_20,WARN,TEMP_WARN,Temp noyau en hausse,70.84349948200033,60.0,1,,
tr_220_20,WARN,OIL_LOW_VISC,Viscosité réduite,0.004217967356778,0.01,1,,
tr_220_20,WARN,TEMP_WARN,Temp noyau en hausse,70.84240596716282,60.0,1,,
tr_220_20,WARN,OIL_LOW_VISC,Viscosité réduite,0.0042181287942134,0.01,1,,
tr_220_20,WARN,TEMP_WARN,Temp noyau en hausse,70.84131304418432,60.0,1,,
tr_220_20,WARN,OIL_LOW_VISC,Viscosité réduite,0.0042182901504455,0.01,1,,
tr_220_20,WARN,TEMP_WARN,Temp noyau en hausse,70.84058376188854,60.0,1,,
tr_220_20,WARN,OIL_LOW_VISC,Viscosité réduite,0.004218397823171,0.01,1,,
tr_220_20,WARN,TEMP_WARN,Temp noyau en hausse,70.83948950544513,60.0,1,,
tr_220_20,WARN,OIL_LOW_VISC,Viscosité réduite,0.0042185593865798,0.01,1,,
tr_220_20,WARN,TEMP_WARN,Temp noyau en hausse,70.83839610200891,60.0,1,,
tr_220_20,WARN,OIL_LOW_VISC,Viscosité réduite,0.0042187208302255,0.01,1,,
tr_220_20,WARN,TEMP_WARN,Temp noyau en hausse,70.83730258132496,60.0,1,,
tr_220_20,WARN,OIL_LOW_VISC,Viscosité réduite,0.0042188822973625,0.01,1,,
tr_220_20,WARN,TEMP_WARN,Temp noyau en hausse,70.83620843177707,60.0,1,,
tr_220_20,WARN,OIL_LOW_VISC,Viscosité réduite,0.0042190438635416,0.01,1,,
tr_220_20,WARN,TEMP_WARN,Temp noyau en hausse,70.8351149474085,60.0,1,,
tr_220_20,WARN,OIL_LOW_VISC,Viscosité réduite,0.0042192053376796,0.01,1,,
tr_220_20,WARN,TEMP_WARN,Temp noyau en hausse,70.83438553271176,60.0,1,,
tr_220_20,WARN,OIL_LOW_VISC,Viscosité réduite,0.0042193130533179,0.01,1,,
tr_220_20,WARN,TEMP_WARN,Temp noyau en hausse,70.83329165152414,60.0,1,,
tr_220_20,WARN,OIL_LOW_VISC,Viscosité réduite,0.0042194745963614,0.01,1,,
tr_220_20,WARN,TEMP_WARN,Temp noyau en hausse,70.83256232396441,60.0,1,,
tr_220_20,WARN,OIL_LOW_VISC,Viscosité réduite,0.0042195823060049,0.01,1,,
tr_220_20,WARN,TEMP_WARN,Temp noyau en hausse,70.83146875050674,60.0,1,,
tr_220_20,WARN,OIL_LOW_VISC,Viscosité réduite,0.0042197438139082,0.01,1,,
tr_220_20,WARN,TEMP_WARN,Temp noyau en hausse,70.83037493868721,60.0,1,,
tr_220_20,WARN,OIL_LOW_VISC,Viscosité réduite,0.0042199053631986,0.01,1,,
tr_220_20,WARN,TEMP_WARN,Temp noyau en hausse,70.8292814763262,60.0,1,,
tr_220_20,WARN,OIL_LOW_VISC,Viscosité réduite,0.0042200668670579,0.01,1,,
tr_220_20,WARN,TEMP_WARN,Temp noyau en hausse,70.82818830722017,60.0,1,,
tr_220_20,WARN,OIL_LOW_VISC,Viscosité réduite,0.0042202283337822,0.01,1,,
tr_220_20,WARN,TEMP_WARN,Temp noyau en hausse,70.82709408179856,60.0,1,,
tr_220_20,WARN,OIL_LOW_VISC,Viscosité réduite,0.0042203899627167,0.01,1,,
tr_220_20,WARN,TEMP_WARN,Temp noyau en hausse,70.82600099344214,60.0,1,,
tr_220_20,WARN,OIL_LOW_VISC,Viscosité réduite,0.0042205514298748,0.01,1,,
tr_220_20,WARN,TEMP_WARN,Temp noyau en hausse,70.8249075853588,60.0,1,,
tr_220_20,WARN,OIL_LOW_VISC,Viscosité réduite,0.0042207129504422,0.01,1,,
tr_220_20,WARN,TEMP_WARN,Temp noyau en hausse,70.82381419315259,60.0,1,,
tr_220_20,WARN,OIL_LOW_VISC,Viscosité réduite,0.0042208744748454,0.01,1,,
tr_220_20,WARN,TEMP_WARN,Temp noyau en hausse,70.82308557076571,60.0,1,,
tr_220_20,WARN,OIL_LOW_VISC,Viscosité réduite,0.0042209821160451,0.01,1,,
tr_220_20,WARN,TEMP_WARN,Temp noyau en hausse,70.82199291898627,60.0,1,,
tr_220_20,WARN,OIL_LOW_VISC,Viscosité réduite,0.0042211435413585,0.01,1,,
tr_220_20,WARN,TEMP_WARN,Temp noyau en hausse,70.82089957897915,60.0,1,,
tr_220_20,WARN,OIL_LOW_VISC,Viscosité réduite,0.004221305074528,0.01,1,,
tr_220_20,WARN,TEMP_WARN,Temp noyau en hausse,70.82017079463088,60.0,1,,
tr_220_20,WARN,OIL_LOW_VISC,Viscosité réduite,0.0042214127506386,0.01,1,,
tr_220_20,WARN,TEMP_WARN,Temp noyau en hausse,70.81907804460029,60.0,1,,
tr_220_20,WARN,OIL_LOW_VISC,Viscosité réduite,0.0042215742069381,0.01,1,,
tr_220_20,WARN,TEMP_WARN,Temp noyau en hausse,70.81798545034935,60.0,1,,
tr_220_20,WARN,OIL_LOW_VISC,Viscosité réduite,0.0042217356463946,0.01,1,,
tr_220_20,WARN,TEMP_WARN,Temp noyau en hausse,70.81689235885021,60.0,1,,
tr_220_20,WARN,OIL_LOW_VISC,Viscosité réduite,0.0042218971655015,0.01,1,,
tr_220_20,WARN,TEMP_WARN,Temp noyau en hausse,70.81579890630128,60.0,1,,
tr_220_20,WARN,OIL_LOW_VISC,Viscosité réduite,0.0042220587441409,0.01,1,,
tr_220_20,WARN,TEMP_WARN,Temp noyau en hausse,70.81470604019454,60.0,1,,
tr_220_20,WARN,OIL_LOW_VISC,Viscosité réduite,0.0042222202423011,0.01,1,,
tr_220_20,WARN,TEMP_WARN,Temp noyau en hausse,70.81397725215689,60.0,1,,
tr_220_20,WARN,OIL_LOW_VISC,Viscosité réduite,0.0042223279423009,0.01,1,,
tr_220_20,WARN,TEMP_WARN,Temp noyau en hausse,70.81288322300917,60.0,1,,
tr_220_20,WARN,OIL_LOW_VISC,Viscosité réduite,0.0042224896226407,0.01,1,,
tr_220_20,WARN,TEMP_WARN,Temp noyau en hausse,70.81215424231827,60.0,1,,
tr_220_20,WARN,OIL_LOW_VISC,Viscosité réduite,0.0042225973579842,0.01,1,,
tr_220_20,WARN,TEMP_WARN,Temp noyau en hausse,70.81142536113391,60.0,1,,
tr_220_20,WARN,OIL_LOW_VISC,Viscosité réduite,0.00422270508137,0.01,1,,
tr_220_20,WARN,TEMP_WARN,Temp noyau en hausse,70.81069702105549,60.0,1,,
tr_220_20,WARN,OIL_LOW_VISC,Viscosité réduite,0.0042228127275293,0.01,1,,
tr_220_20,WARN,TEMP_WARN,Temp noyau en hausse,70.80996847777797,60.0,1,,
tr_220_20,WARN,OIL_LOW_VISC,Viscosité réduite,0.004222920406466,0.01,1,,
tr_220_20,WARN,TEMP_WARN,Temp noyau en hausse,70.80924016822361,60.0,1,,
tr_220_20,WARN,OIL_LOW_VISC,Viscosité réduite,0.0042230280536028,0.01,1,,
tr_220_20,WARN,TEMP_WARN,Temp noyau en hausse,70.80851181707831,60.0,1,,
tr_220_20,WARN,OIL_LOW_VISC,Viscosité réduite,0.0042231357096311,0.01,1,,
tr_220_20,WARN,TEMP_WARN,Temp noyau en hausse,70.80741911762871,60.0,1,,
tr_220_20,WARN,OIL_LOW_VISC,Viscosité réduite,0.0042232972243519,0.01,1,,
tr_220_20,WARN,TEMP_WARN,Temp noyau en hausse,70.80632592035133,60.0,1,,
tr_220_20,WARN,OIL_LOW_VISC,Viscosité réduite,0.0042234588188393,0.01,1,,
tr_220_20,WARN,TEMP_WARN,Temp noyau en hausse,70.8052341553382,60.0,1,,
tr_220_20,WARN,OIL_LOW_VISC,Viscosité réduite,0.0042236202077828,0.01,1,,
tr_220_20,WARN,TEMP_WARN,Temp noyau en hausse,70.80450553279768,60.0,1,,
tr_220_20,WARN,OIL_LOW_VISC,Viscosité réduite,0.0042237279190273,0.01,1,,
tr_220_20,WARN,TEMP_WARN,Temp noyau en hausse,70.80341203427805,60.0,1,,
tr_220_20,WARN,OIL_LOW_VISC,Viscosité réduite,0.0042238895745287,0.01,1,,
tr_220_20,WARN,TEMP_WARN,Temp noyau en hausse,70.80268310121038,60.0,1,,
tr_220_20,WARN,OIL_LOW_VISC,Viscosité réduite,0.0042239973385508,0.01,1,,
tr_220_20,WARN,TEMP_WARN,Temp noyau en hausse,70.80159054853175,60.0,1,,
tr_220_20,WARN,OIL_LOW_VISC,Viscosité réduite,0.0042241588645253,0.01,1,,
tr_220_20,WARN,TEMP_WARN,Temp noyau en hausse,70.80049857442248,60.0,1,,
tr_220_20,WARN,OIL_LOW_VISC,Viscosité réduite,0.0042243203111345,0.01,1,,
tr_220_20,WARN,TEMP_WARN,Temp noyau en hausse,70.79940579120056,60.0,1,,
tr_220_20,WARN,OIL_LOW_VISC,Viscosité réduite,0.0042244818835469,0.01,1,,
tr_220_20,WARN,TEMP_WARN,Temp noyau en hausse,70.79867737152739,60.0,1,,
tr_220_20,WARN,OIL_LOW_VISC,Viscosité réduite,0.0042245895867698,0.01,1,,
tr_220_20,WARN,LOW_PF,Facteur de puissance faible,0.9527880029293442,0.85,1,,
tr_220_20,WARN,LOW_PF,Facteur de puissance faible,0.9469731115392797,0.85,1,,
tr_220_20,WARN,LOW_PF,Facteur de puissance faible,0.9406827386492532,0.85,1,,
tr_220_20,WARN,LOW_PF,Facteur de puissance faible,0.9474741057856784,0.85,1,,
tr_220_20,WARN,LOW_PF,Facteur de puissance faible,0.9549737529379684,0.85,1,,
tr_220_20,WARN,LOW_PF,Facteur de puissance faible,0.9429888673532468,0.85,1,,
tr_220_20,WARN,OVERCURRENT,Surcourant primaire,1.4609730812185997,1.0434782608695652,1,,
tr_220_20,WARN,OVERLOAD,Surcharge,302.7028684815845,200.0,1,,
tr_220_20,WARN,OVERCURRENT,Surcourant primaire,1.4609730812185997,1.0434782608695652,1,,
tr_220_20,WARN,OVERLOAD,Surcharge,302.35887920273046,200.0,1,,
tr_220_20,WARN,OVERCURRENT,Surcourant primaire,1.4609730812185997,1.0434782608695652,1,,
tr_220_20,WARN,OVERLOAD,Surcharge,298.7637256055865,200.0,1,,
tr_220_20,WARN,OVERCURRENT,Surcourant primaire,1.4609730812185997,1.0434782608695652,1,,
tr_220_20,WARN,OVERLOAD,Surcharge,301.5302271306188,200.0,1,,
tr_220_20,WARN,OVERCURRENT,Surcourant primaire,1.4609730812185997,1.0434782608695652,1,,
tr_220_20,WARN,OVERLOAD,Surcharge,305.12799868557425,200.0,1,,
tr_220_20,WARN,OVERCURRENT,Surcourant primaire,1.4609730812185997,1.0434782608695652,1,,
tr_220_20,WARN,OVERLOAD,Surcharge,302.70141933987657,200.0,1,,
tr_220_20,WARN,OVERCURRENT,Surcourant primaire,1.4609730812185997,1.0434782608695652,1,,
tr_220_20,WARN,OVERLOAD,Surcharge,305.85212087896684,200.0,1,,
tr_220_20,WARN,OVERCURRENT,Surcourant primaire,1.4609730812185997,1.0434782608695652,1,,
tr_220_20,WARN,OVERLOAD,Surcharge,300.80812279504966,200.0,1,,
tr_220_20,WARN,OVERCURRENT,Surcourant primaire,1.4609730812185997,1.0434782608695652,1,,
tr_220_20,WARN,OVERLOAD,Surcharge,304.19722404071246,200.0,1,,
tr_220_20,WARN,OVERCURRENT,Surcourant primaire,1.4609730812185997,1.0434782608695652,1,,
tr_220_20,WARN,OVERLOAD,Surcharge,300.1023410046179,200.0,1,,
tr_220_20,WARN,OVERCURRENT,Surcourant primaire,1.4609730812185997,1.0434782608695652,1,,
tr_220_20,WARN,OVERLOAD,Surcharge,298.940534879784,200.0,1,,
tr_220_20,WARN,OVERCURRENT,Surcourant primaire,1.4609730812185997,1.0434782608695652,1,,
tr_220_20,WARN,OVERLOAD,Surcharge,304.39992932709964,200.0,1,,
tr_220_20,ALARM,TEMP_HIGH,Temp noyau élevée,71.0,70.0,1,,
tr_220_20,WARN,OIL_LOW_VISC,Viscosité réduite,0.0041949265250046,0.01,1,,
tr_220_20,WARN,OVERCURRENT,Surcourant primaire,1.4609730812185997,1.0434782608695652,1,,
tr_220_20,WARN,OVERLOAD,Surcharge,305.57310046825273,200.0,1,,
tr_220_20,ALARM,TEMP_HIGH,Temp noyau élevée,71.0,70.0,1,,
tr_220_20,WARN,OIL_LOW_VISC,Viscosité réduite,0.0041949265250046,0.01,1,,
tr_220_20,WARN,OVERCURRENT,Surcourant primaire,1.4609730812185997,1.0434782608695652,1,,
tr_220_20,WARN,OVERLOAD,Surcharge,300.8439133366072,200.0,1,,
tr_220_20,ALARM,TEMP_HIGH,Temp noyau élevée,71.0,70.0,1,,
tr_220_20,WARN,OIL_LOW_VISC,Viscosité réduite,0.0041949265250046,0.01,1,,
tr_220_20,WARN,OVERCURRENT,Surcourant primaire,1.4609730812185997,1.0434782608695652,1,,
tr_220_20,WARN,OVERLOAD,Surcharge,305.2972304926594,200.0,1,,
tr_220_20,ALARM,TEMP_HIGH,Temp noyau élevée,71.0,70.0,1,,
tr_220_20,WARN,OIL_LOW_VISC,Viscosité réduite,0.0041949265250046,0.01,1,,
tr_220_20,WARN,OVERCURRENT,Surcourant primaire,1.4609730812185997,1.0434782608695652,1,,
tr_220_20,WARN,OVERLOAD,Surcharge,305.42883851415564,200.0,1,,
tr_220_20,ALARM,TEMP_HIGH,Temp noyau élevée,71.0,70.0,1,,
tr_220_20,WARN,OIL_LOW_VISC,Viscosité réduite,0.0041949265250046,0.01,1,,
tr_220_20,WARN,OVERCURRENT,Surcourant primaire,1.4609730812185997,1.0434782608695652,1,,
tr_220_20,WARN,OVERLOAD,Surcharge,299.88040598565783,200.0,1,,
tr_220_20,ALARM,TEMP_HIGH,Temp noyau élevée,71.0,70.0,1,,
tr_220_20,WARN,OIL_LOW_VISC,Viscosité réduite,0.0041949265250046,0.01,1,,
tr_220_20,WARN,OVERCURRENT,Surcourant primaire,1.4609730812185997,1.0434782608695652,1,,
tr_220_20,WARN,OVERLOAD,Surcharge,299.6516715083933,200.0,1,,
tr_220_20,ALARM,TEMP_HIGH,Temp noyau élevée,71.0,70.0,1,,
tr_220_20,ALARM,TEMP_HIGH,Temp noyau élevée,70.99908850574792,70.0,1,,
tr_220_20,WARN,OIL_LOW_VISC,Viscosité réduite,0.0041950603549389,0.01,1,,
tr_220_20,WARN,OVERCURRENT,Surcourant primaire,1.4609730812185997,1.0434782608695652,1,,
tr_220_20,WARN,OVERLOAD,Surcharge,302.6234572255139,200.0,1,,
tr_220_20,ALARM,TEMP_HIGH,Temp noyau élevée,70.99817737882199,70.0,1,,
tr_220_20,WARN,OIL_LOW_VISC,Viscosité réduite,0.0041951941352075,0.01,1,,
tr_220_20,WARN,OVERCURRENT,Surcourant primaire,1.4609730812185997,1.0434782608695652,1,,
tr_220_20,WARN,OVERLOAD,Surcharge,300.07713988889907,200.0,1,,
tr_220_20,ALARM,TEMP_HIGH,Temp noyau élevée,70.99726715196611,70.0,1,,
tr_220_20,WARN,OIL_LOW_VISC,Viscosité réduite,0.0041953277875793,0.01,1,,
tr_220_20,WARN,OVERCURRENT,Surcourant primaire,1.4609730812185997,1.0434782608695652,1,,
tr_220_20,WARN,OVERLOAD,Surcharge,302.4380239937545,200.0,1,,
tr_220_20,ALARM,TEMP_HIGH,Temp noyau élevée,70.99635637291173,70.0,1,,
tr_220_20,ALARM,TEMP_HIGH,Temp noyau élevée,70.99544441319766,70.0,1,,
tr_220_20,WARN,OIL_LOW_VISC,Viscosité réduite,0.004195595440648,0.01,1,,
tr_220_20,ALARM,TEMP_HIGH,Temp noyau élevée,70.9942789315999,70.0,1,,
tr_220_20,WARN,OIL_LOW_VISC,Viscosité réduite,0.0041957665902634,0.01,1,,
tr_220_20,ALARM,TEMP_HIGH,Temp noyau élevée,70.99311558858302,70.0,1,,
tr_220_20,WARN,OIL_LOW_VISC,Viscosité réduite,0.0041959374327932,0.01,1,,
tr_220_20,WARN,OVERCURRENT,Surcourant primaire,1.0436231783427825,1.0434782608695652,1,,
tr_220_20,WARN,OVERLOAD,Surcharge,217.33862278880187,200.0,1,,
tr_220_20,WARN,OVERCURRENT,Surcourant primaire,1.0436231783427825,1.0434782608695652,1,,
tr_220_20,WARN,OVERLOAD,Surcharge,218.54285628358323,200.0,1,,
tr_220_20,WARN,OVERCURRENT,Surcourant primaire,1.0436231783427825,1.0434782608695652,1,,
tr_220_20,WARN,OVERLOAD,Surcharge,218.7241046224381,200.0,1,,
tr_220_20,WARN,OVERCURRENT,Surcourant primaire,1.0436231783427825,1.0434782608695652,1,,
tr_220_20,WARN,OVERLOAD,Surcharge,217.93293365639465,200.0,1,,
tr_220_20,WARN,OVERCURRENT,Surcourant primaire,1.0436231783427825,1.0434782608695652,1,,
tr_220_20,WARN,OVERLOAD,Surcharge,221.9396329089392,200.0,1,,
tr_220_20,WARN,OVERCURRENT,Surcourant primaire,1.0436231783427825,1.0434782608695652,1,,
tr_220_20,WARN,OVERLOAD,Surcharge,220.7891524759809,200.0,1,,
tr_220_20,WARN,OVERCURRENT,Surcourant primaire,1.0436231783427825,1.0434782608695652,1,,
tr_220_20,WARN,OVERLOAD,Surcharge,219.91317557157797,200.0,1,,
tr_220_20,WARN,OVERCURRENT,Surcourant primaire,1.0436231783427825,1.0434782608695652,1,,
tr_220_20,WARN,OVERLOAD,Surcharge,220.40960737872368,200.0,1,,
tr_220_20,WARN,OVERCURRENT,Surcourant primaire,1.0436231783427825,1.0434782608695652,1,,
tr_220_20,WARN,OVERLOAD,Surcharge,221.76622612379023,200.0,1,,
tr_220_20,WARN,OVERCURRENT,Surcourant primaire,1.0436231783427825,1.0434782608695652,1,,
tr_220_20,WARN,OVERCURRENT,Surcourant primaire,1.4783631678158893,1.0434782608695652,1,,
tr_220_20,WARN,OVERLOAD,Surcharge (apparente),321.7866773967184,200.0,1,,
tr_220_20,WARN,OVERCURRENT,Surcourant primaire,1.4783631678158893,1.0434782608695652,1,,
tr_220_20,WARN,OVERLOAD,Surcharge (apparente),322.2603292062626,200.0,1,,
tr_220_20,WARN,OVERCURRENT,Surcourant primaire,1.4783631678158893,1.0434782608695652,1,,
tr_220_20,WARN,OVERLOAD,Surcharge (apparente),321.6254559793744,200.0,1,,
tr_220_20,WARN,OVERCURRENT,Surcourant primaire,1.4783631678158893,1.0434782608695652,1,,
tr_220_20,WARN,OVERLOAD,Surcharge (apparente),321.46726525193674,200.0,1,,
tr_220_20,ALARM,TEMP_HIGH,Temp noyau élevée,71.0,70.0,1,,
tr_220_20,WARN,OIL_LOW_VISC,Viscosité réduite,0.0041949265250046,0.01,1,,
tr_220_20,ALARM,TEMP_HIGH,Temp noyau élevée,71.0,70.0,1,,
tr_220_20,WARN,OIL_LOW_VISC,Viscosité réduite,0.0041949265250046,0.01,1,,
tr_220_20,ALARM,TEMP_HIGH,Temp noyau élevée,71.0,70.0,1,,
tr_220_20,WARN,OIL_LOW_VISC,Viscosité réduite,0.0041949265250046,0.01,1,,
tr_220_20,ALARM,TEMP_HIGH,Temp noyau élevée,71.0,70.0,1,,
tr_220_20,WARN,OIL_LOW_VISC,Viscosité réduite,0.0041949265250046,0.01,1,,
tr_220_20,ALARM,TEMP_HIGH,Temp noyau élevée,70.99763288209056,70.0,1,,
tr_220_20,WARN,OIL_LOW_VISC,Viscosité réduite,0.0041952740854017,0.01,1,,
tr_220_20,ALARM,TEMP_HIGH,Temp noyau élevée,70.99408355960307,70.0,1,,
tr_220_20,WARN,OIL_LOW_VISC,Viscosité réduite,0.0041957952810969,0.01,1,,
tr_220_20,ALARM,TEMP_HIGH,Temp noyau élevée,70.98934997030531,70.0,1,,
tr_220_20,WARN,OIL_LOW_VISC,Viscosité réduite,0.0041964904796914,0.01,1,,
tr_220_20,ALARM,TEMP_HIGH,Temp noyau élevée,70.98580061619674,70.0,1,,
tr_220_20,WARN,OIL_LOW_VISC,Viscosité réduite,0.0041970118311492,0.01,1,,
tr_220_20,ALARM,TEMP_HIGH,Temp noyau élevée,70.981070486384,70.0,1,,
tr_220_20,WARN,OIL_LOW_VISC,Viscosité réduite,0.0041977067230464,0.01,1,,
tr_220_20,ALARM,TEMP_HIGH,Temp noyau élevée,70.97752022104261,70.0,1,,
tr_220_20,WARN,OIL_LOW_VISC,Viscosité réduite,0.004198228359499,0.01,1,,
tr_220_20,ALARM,TEMP_HIGH,Temp noyau élevée,70.97397245813764,70.0,1,,
tr_220_20,WARN,OIL_LOW_VISC,Viscosité réduite,0.0041987496930252,0.01,1,,
tr_220_20,ALARM,TEMP_HIGH,Temp noyau élevée,70.97042569811512,70.0,1,,
tr_220_20,WARN,OIL_LOW_VISC,Viscosité réduite,0.0041992709438922,0.01,1,,
tr_220_20,ALARM,TEMP_HIGH,Temp noyau élevée,70.96687830176184,70.0,1,,
tr_220_20,WARN,OIL_LOW_VISC,Viscosité réduite,0.0041997923530054,0.01,1,,
tr_220_20,ALARM,TEMP_HIGH,Temp noyau élevée,70.96214875490874,70.0,1,,
tr_220_20,WARN,OIL_LOW_VISC,Viscosité réduite,0.0042004876195638,0.01,1,,
tr_220_20,ALARM,TEMP_HIGH,Temp noyau élevée,70.96096781687149,70.0,1,,
tr_220_20,WARN,OIL_LOW_VISC,Viscosité réduite,0.004200661241198,0.01,1,,
tr_220_20,ALARM,TEMP_HIGH,Temp noyau élevée,70.95742273149006,70.0,1,,
tr_220_20,WARN,OIL_LOW_VISC,Viscosité réduite,0.0042011824831312,0.01,1,,
tr_220_20,ALARM,TEMP_HIGH,Temp noyau élevée,70.95387806466704,70.0,1,,
tr_220_20,WARN,OIL_LOW_VISC,Viscosité réduite,0.0042017037281901,0.01,1,,
tr_220_20,ALARM,TEMP_HIGH,Temp noyau élevée,70.9491513158733,70.0,1,,
tr_220_20,WARN,OIL_LOW_VISC,Viscosité réduite,0.0042023988996228,0.01,1,,
tr_220_20,ALARM,TEMP_HIGH,Temp noyau élevée,70.94442484250801,70.0,1,,
tr_220_20,WARN,OIL_LOW_VISC,Viscosité réduite,0.0042030941455537,0.01,1,,
tr_220_20,ALARM,TEMP_HIGH,Temp noyau élevée,70.94088096604656,70.0,1,,
tr_220_20,WARN,OIL_LOW_VISC,Viscosité réduite,0.0042036155115113,0.01,1,,
tr_220_20,ALARM,TEMP_HIGH,Temp noyau élevée,70.93733684409109,70.0,1,,
tr_220_20,WARN,OIL_LOW_VISC,Viscosité réduite,0.004204136978264,0.01,1,,
tr_220_20,ALARM,TEMP_HIGH,Temp noyau élevée,70.9337922663067,70.0,1,,
tr_220_20,WARN,OIL_LOW_VISC,Viscosité réduite,0.0042046585767869,0.01,1,,
tr_220_20,ALARM,TEMP_HIGH,Temp noyau élevée,70.93025081373605,70.0,1,,
tr_220_20,WARN,OIL_LOW_VISC,Viscosité réduite,0.0042051797800504,0.01,1,,
tr_220_20,ALARM,TEMP_HIGH,Temp noyau élevée,70.92670857008306,70.0,1,,
tr_220_20,WARN,OIL_LOW_VISC,Viscosité réduite,0.0042057011643685,0.01,1,,
tr_220_20,ALARM,TEMP_HIGH,Temp noyau élevée,70.92198183634119,70.0,1,,
tr_220_20,WARN,OIL_LOW_VISC,Viscosité réduite,0.0042063969949606,0.01,1,,
tr_220_20,ALARM,TEMP_HIGH,Temp noyau élevée,70.91725715701615,70.0,1,,
tr_220_20,WARN,OIL_LOW_VISC,Viscosité réduite,0.0042070926381681,0.01,1,,
tr_220_20,ALARM,TEMP_HIGH,Temp noyau élevée,70.91371313095169,70.0,1,,
tr_220_20,WARN,OIL_LOW_VISC,Viscosité réduite,0.0042076145221437,0.01,1,,
tr_220_20,ALARM,TEMP_HIGH,Temp noyau élevée,70.90898857749477,70.0,1,,
tr_220_20,WARN,OIL_LOW_VISC,Viscosité réduite,0.0042083103481635,0.01,1,,
tr_220_20,ALARM,TEMP_HIGH,Temp noyau élevée,70.90544657153347,70.0,1,,
tr_220_20,WARN,OIL_LOW_VISC,Viscosité réduite,0.0042088320856147,0.01,1,,
tr_220_20,ALARM,TEMP_HIGH,Temp noyau élevée,70.90072550241365,70.0,1,,
tr_220_20,WARN,OIL_LOW_VISC,Viscosité réduite,0.0042095275996273,0.01,1,,
tr_220_20,ALARM,TEMP_HIGH,Temp noyau élevée,70.89600519409515,70.0,1,,
tr_220_20,WARN,OIL_LOW_VISC,Viscosité réduite,0.0042102231164642,0.01,1,,
tr_220_20,ALARM,TEMP_HIGH,Temp noyau élevée,70.8924632620048,70.0,1,,
tr_220_20,WARN,OIL_LOW_VISC,Viscosité réduite,0.0042107450801696,0.01,1,,
tr_220_20,ALARM,TEMP_HIGH,Temp noyau élevée,70.88892533388025,70.0,1,,
tr_220_20,WARN,OIL_LOW_VISC,Viscosité réduite,0.0042112665184237,0.01,1,,
tr_220_20,ALARM,TEMP_HIGH,Temp noyau élevée,70.88538580920184,70.0,1,,
tr_220_20,WARN,OIL_LOW_VISC,Viscosité réduite,0.0042117882566023,0.01,1,,
tr_220_20,ALARM,TEMP_HIGH,Temp noyau élevée,70.88066966252379,70.0,1,,
tr_220_20,WARN,OIL_LOW_VISC,Viscosité réduite,0.0042124835333755,0.01,1,,
tr_220_20,ALARM,TEMP_HIGH,Temp noyau élevée,70.87713163875071,70.0,1,,
tr_220_20,WARN,OIL_LOW_VISC,Viscosité réduite,0.0042130052010151,0.01,1,,
tr_220_20,ALARM,TEMP_HIGH,Temp noyau élevée,70.87359107842714,70.0,1,,
tr_220_20,WARN,OIL_LOW_VISC,Viscosité réduite,0.004213527307331,0.01,1,,
tr_220_20,ALARM,TEMP_HIGH,Temp noyau élevée,70.87005387341131,70.0,1,,
tr_220_20,WARN,OIL_LOW_VISC,Viscosité réduite,0.0042140489834701,0.01,1,,
tr_220_20,ALARM,TEMP_HIGH,Temp noyau élevée,70.86651704119548,70.0,1,,
tr_220_20,WARN,OIL_LOW_VISC,Viscosité réduite,0.004214570669206,0.01,1,,
tr_220_20,ALARM,TEMP_HIGH,Temp noyau élevée,70.86297745443721,70.0,1,,
tr_220_20,WARN,OIL_LOW_VISC,Viscosité réduite,0.0042150928258978,0.01,1,,
tr_220_20,ALARM,TEMP_HIGH,Temp noyau élevée,70.85943808334783,70.0,1,,
tr_220_20,WARN,OIL_LOW_VISC,Viscosité réduite,0.0042156150154601,0.01,1,,
tr_220_20,ALARM,TEMP_HIGH,Temp noyau élevée,70.85472483467265,70.0,1,,
tr_220_20,WARN,OIL_LOW_VISC,Viscosité réduite,0.0042163104962891,0.01,1,,
tr_220_20,ALARM,TEMP_HIGH,Temp noyau élevée,70.85119046198533,70.0,1,,
tr_220_20,WARN,OIL_LOW_VISC,Viscosité réduite,0.0042168320989935,0.01,1,,
tr_220_20,ALARM,TEMP_HIGH,Temp noyau élevée,70.84765769989974,70.0,1,,
tr_220_20,WARN,OIL_LOW_VISC,Viscosité réduite,0.0042173535284889,0.01,1,,
tr_220_20,ALARM,TEMP_HIGH,Temp noyau élevée,70.84412167744681,70.0,1,,
tr_220_20,WARN,OIL_LOW_VISC,Viscosité réduite,0.0042178755037752,0.01,1,,
tr_220_20,ALARM,TEMP_HIGH,Temp noyau élevée,70.83940716710823,70.0,1,,
tr_220_20,WARN,OIL_LOW_VISC,Viscosité réduite,0.0042185715438181,0.01,1,,
tr_220_20,ALARM,TEMP_HIGH,Temp noyau élevée,70.83587294656041,70.0,1,,
tr_220_20,WARN,OIL_LOW_VISC,Viscosité réduite,0.004219093403772,0.01,1,,
tr_220_20,ALARM,TEMP_HIGH,Temp noyau élevée,70.83233782464423,70.0,1,,
tr_220_20,WARN,OIL_LOW_VISC,Viscosité réduite,0.0042196154614028,0.01,1,,
tr_220_20,ALARM,TEMP_HIGH,Temp noyau élevée,70.82762305223426,70.0,1,,
tr_220_20,WARN,OIL_LOW_VISC,Viscosité réduite,0.0042203118272868,0.01,1,,
tr_220_20,ALARM,TEMP_HIGH,Temp noyau élevée,70.82290788235768,70.0,1,,
tr_220_20,WARN,OIL_LOW_VISC,Viscosité réduite,0.0042210083668125,0.01,1,,
tr_220_20,ALARM,TEMP_HIGH,Temp noyau élevée,70.81819536295536,70.0,1,,
tr_220_20,WARN,OIL_LOW_VISC,Viscosité réduite,0.004221704629665,0.01,1,,
tr_220_20,ALARM,TEMP_HIGH,Temp noyau élevée,70.81348546635206,70.0,1,,
tr_220_20,WARN,OIL_LOW_VISC,Viscosité réduite,0.0042224006197595,0.01,1,,
tr_220_20,ALARM,TEMP_HIGH,Temp noyau élevée,70.80995537695235,70.0,1,,
tr_220_20,WARN,OIL_LOW_VISC,Viscosité réduite,0.0042229223427975,0.01,1,,
tr_220_20,ALARM,TEMP_HIGH,Temp noyau élevée,70.80524984078312,70.0,1,,
tr_220_20,WARN,OIL_LOW_VISC,Viscosité réduite,0.0042236178890558,0.01,1,,
tr_220_20,ALARM,TEMP_HIGH,Temp noyau élevée,70.8005397658059,70.0,1,,
tr_220_20,WARN,OIL_LOW_VISC,Viscosité réduite,0.0042243142209429,0.01,1,,
tr_220_20,ALARM,TEMP_HIGH,Temp noyau élevée,70.79936347492752,70.0,1,,
tr_220_20,WARN,OIL_LOW_VISC,Viscosité réduite,0.0042244881403031,0.01,1,,
tr_220_20,ALARM,TEMP_HIGH,Temp noyau élevée,70.7946537980188,70.0,1,,
tr_220_20,WARN,OIL_LOW_VISC,Viscosité réduite,0.0042251845567983,0.01,1,,
tr_220_20,ALARM,TEMP_HIGH,Temp noyau élevée,70.78994431181547,70.0,1,,
tr_220_20,WARN,OIL_LOW_VISC,Viscosité réduite,0.0042258810598929,0.01,1,,
tr_220_20,ALARM,TEMP_HIGH,Temp noyau élevée,70.78523367060372,70.0,1,,
tr_220_20,WARN,OIL_LOW_VISC,Viscosité réduite,0.0042265778486636,0.01,1,,
tr_220_20,ALARM,TEMP_HIGH,Temp noyau élevée,70.78405779141868,70.0,1,,
tr_220_20,WARN,OIL_LOW_VISC,Viscosité réduite,0.0042267518003152,0.01,1,,
tr_220_20,ALARM,TEMP_HIGH,Temp noyau élevée,70.7793497268997,70.0,1,,
tr_220_20,WARN,OIL_LOW_VISC,Viscosité réduite,0.0042274483514096,0.01,1,,
tr_220_20,ALARM,TEMP_HIGH,Temp noyau élevée,70.77464493979848,70.0,1,,
tr_220_20,WARN,OIL_LOW_VISC,Viscosité réduite,0.0042281445322839,0.01,1,,
tr_220_20,ALARM,TEMP_HIGH,Temp noyau élevée,70.76993961193045,70.0,1,,
tr_220_20,WARN,OIL_LOW_VISC,Viscosité réduite,0.0042288409078445,0.01,1,,
tr_220_20,ALARM,TEMP_HIGH,Temp noyau élevée,70.76523360602314,70.0,1,,
tr_220_20,WARN,OIL_LOW_VISC,Viscosité réduite,0.004229537498471,0.01,1,,
tr_220_20,ALARM,TEMP_HIGH,Temp noyau élevée,70.7605298590307,70.0,1,,
tr_220_20,WARN,OIL_LOW_VISC,Viscosité réduite,0.0042302338693917,0.01,1,,
tr_220_20,ALARM,TEMP_HIGH,Temp noyau élevée,70.75582850879482,70.0,1,,
tr_220_20,WARN,OIL_LOW_VISC,Viscosité réduite,0.0042309300000483,0.01,1,,
tr_220_20,ALARM,TEMP_HIGH,Temp noyau élevée,70.75229974575717,70.0,1,,
tr_220_20,WARN,OIL_LOW_VISC,Viscosité réduite,0.0042314525805477,0.01,1,,
tr_220_20,ALARM,TEMP_HIGH,Temp noyau élevée,70.74877374505435,70.0,1,,
tr_220_20,ALARM,TEMP_HIGH,Temp noyau élevée,71.0,70.0,1,,
tr_220_20,ALARM,TEMP_HIGH,Temp noyau élevée,71.0,70.0,1,,
tr_220_20,ALARM,TEMP_HIGH,Temp noyau élevée,71.0,70.0,1,,
tr_220_20,WARN,OVERCURRENT,Surcourant primaire,1.1740418608871288,1.0434782608695652,1,,
1762853888.8652854,WARN,OVERLOAD,S=1.71 ×Sn,171000000.0,110000000.00000001,1,,
1762853888.8652854,WARN,OVERCURRENT,I1=1.71 ×In,448.7586183246637,314.91832864888676,1,,
1762853889.6650307,WARN,OVERLOAD,S=1.71 ×Sn,171000000.0,110000000.00000001,1,,
1762853889.6650307,WARN,OVERCURRENT,I1=1.71 ×In,448.7586183246637,314.91832864888676,1,,
1762853890.4628806,WARN,OVERLOAD,S=1.71 ×Sn,171000000.0,110000000.00000001,1,,
1762853890.4628806,WARN,OVERCURRENT,I1=1.71 ×In,448.7586183246637,314.91832864888676,1,,
1762853891.3523865,WARN,OVERLOAD,S=1.71 ×Sn,171000000.0,110000000.00000001,1,,
1762853891.3523865,WARN,OVERCURRENT,I1=1.71 ×In,448.7586183246637,314.91832864888676,1,,
1762853892.205323,WARN,OVERLOAD,S=1.71 ×Sn,171000000.0,110000000.00000001,1,,
1762853892.205323,WARN,OVERCURRENT,I1=1.71 ×In,448.7586183246637,314.91832864888676,1,,
1762853893.0382729,WARN,OVERLOAD,S=1.71 ×Sn,171000000.0,110000000.00000001,1,,
1762853893.0382729,WARN,OVERCURRENT,I1=1.71 ×In,448.7586183246637,314.91832864888676,1,,
1762853893.8844807,WARN,OVERCURRENT,I1=1.71 ×In,448.7586183246637,314.91832864888676,1,,
1762853893.8844807,WARN,OVERLOAD,S=1.71 ×Sn,171000000.0,110000000.00000001,1,,
1762853894.7874942,WARN,OVERLOAD,S=1.71 ×Sn,171000000.0,110000000.00000001,1,,
1762853894.7874942,WARN,OVERCURRENT,I1=1.71 ×In,448.7586183246637,314.91832864888676,1,,
1762853895.684094,WARN,OVERLOAD,S=1.71 ×Sn,171000000.0,110000000.00000001,1,,
1762853895.684094,WARN,OVERCURRENT,I1=1.71 ×In,448.7586183246637,314.91832864888676,1,,
1762853896.5686934,WARN,OVERLOAD,S=1.71 ×Sn,171000000.0,110000000.00000001,1,,
1762853896.5686934,WARN,OVERCURRENT,I1=1.71 ×In,448.7586183246637,314.91832864888676,1,,
1762853897.3216863,WARN,OVERLOAD,S=1.71 ×Sn,171000000.0,110000000.00000001,1,,
1762853897.3216863,WARN,OVERCURRENT,I1=1.71 ×In,448.7586183246637,314.91832864888676,1,,
1762853898.149443,WARN,OVERLOAD,S=1.71 ×Sn,171000000.0,110000000.00000001,1,,
1762853898.149443,WARN,OVERCURRENT,I1=1.71 ×In,448.7586183246637,314.91832864888676,1,,
1762853899.014833,WARN,OVERCURRENT,I1=1.71 ×In,448.7586183246637,314.91832864888676,1,,
1762853899.014833,WARN,OVERLOAD,S=1.71 ×Sn,171000000.0,110000000.00000001,1,,
1762853899.8275554,WARN,OVERLOAD,S=1.71 ×Sn,171000000.0,110000000.00000001,1,,
1762853899.8275554,WARN,OVERCURRENT,I1=1.71 ×In,448.7586183246637,314.91832864888676,1,,
1762853900.7377777,WARN,OVERLOAD,S=1.71 ×Sn,171000000.0,110000000.00000001,1,,
1762853900.7377777,WARN,OVERCURRENT,I1=1.71 ×In,448.7586183246637,314.91832864888676,1,,
1762853901.7188263,WARN,OVERLOAD,S=1.71 ×Sn,171000000.0,110000000.00000001,1,,
1762853901.7188263,WARN,OVERCURRENT,I1=1.71 ×In,448.7586183246637,314.91832864888676,1,,
1762853902.581632,WARN,OVERLOAD,S=1.71 ×Sn,171000000.0,110000000.00000001,1,,
1762853902.581632,WARN,OVERCURRENT,I1=1.71 ×In,448.7586183246637,314.91832864888676,1,,
1762853903.376954,WARN,OVERLOAD,S=1.71 ×Sn,171000000.0,110000000.00000001,1,,
1762853903.376954,WARN,OVERCURRENT,I1=1.71 ×In,448.7586183246637,314.91832864888676,1,,
1762853904.151074,WARN,OVERCURRENT,I1=1.71 ×In,448.7586183246637,314.91832864888676,1,,
1762853904.151074,WARN,OVERLOAD,S=1.71 ×Sn,171000000.0,110000000.00000001,1,,
1762853904.9438155,WARN,OVERLOAD,S=1.71 ×Sn,171000000.0,110000000.00000001,1,,
1762853904.9438155,WARN,OVERCURRENT,I1=1.71 ×In,448.7586183246637,314.91832864888676,1,,
1762853905.730074,WARN,OVERLOAD,S=1.71 ×Sn,171000000.0,110000000.00000001,1,,
1762853905.730074,WARN,OVERCURRENT,I1=1.71 ×In,448.7586183246637,314.91832864888676,1,,
1762853906.7434547,WARN,OVERLOAD,S=1.71 ×Sn,171000000.0,110000000.00000001,1,,
1762853906.7434547,WARN,OVERCURRENT,I1=1.78 ×In,467.45689408819135,314.91832864888676,1,,
1762853906.7434547,INFO,V_DIP,V1=0.960 ·Vn,211200.0,209000.0,1,,
1762853907.6519995,INFO,V_DIP,V1=0.960 ·Vn,211200.0,209000.0,1,,
1762853907.6519995,WARN,OVERLOAD,S=1.71 ×Sn,171000000.0,110000000.00000001,1,,
1762853907.6519995,WARN,OVERCURRENT,I1=1.78 ×In,467.45689408819135,314.91832864888676,1,,
1762853908.4892097,INFO,V_DIP,V1=0.960 ·Vn,211200.0,209000.0,1,,
1762853908.4892097,WARN,OVERLOAD,S=1.71 ×Sn,171000000.0,110000000.00000001,1,,
1762853908.4892097,WARN,OVERCURRENT,I1=1.78 ×In,467.45689408819135,314.91832864888676,1,,
1762853909.3321333,WARN,OVERLOAD,S=1.71 ×Sn,171000000.0,110000000.00000001,1,,
1762853909.3321333,WARN,OVERCURRENT,I1=1.78 ×In,467.45689408819135,314.91832864888676,1,,
1762853909.3321333,INFO,V_DIP,V1=0.960 ·Vn,211200.0,209000.0,1,,
1762853910.1713207,WARN,OVERLOAD,S=1.71 ×Sn,171000000.0,110000000.00000001,1,,
1762853910.1713207,WARN,OVERCURRENT,I1=1.78 ×In,467.45689408819135,314.91832864888676,1,,
1762853910.1713207,INFO,V_DIP,V1=0.960 ·Vn,211200.0,209000.0,1,,
1762853910.990379,WARN,OVERLOAD,S=1.71 ×Sn,171000000.0,110000000.00000001,1,,
1762853910.990379,WARN,OVERCURRENT,I1=1.78 ×In,467.45689408819135,314.91832864888676,1,,
1762853910.990379,INFO,V_DIP,V1=0.960 ·Vn,211200.0,209000.0,1,,
1762853911.8269556,INFO,V_DIP,V1=0.960 ·Vn,211200.0,209000.0,1,,
1762853911.8269556,WARN,OVERCURRENT,I1=1.78 ×In,467.45689408819135,314.91832864888676,1,,
1762853911.8269556,WARN,OVERLOAD,S=1.71 ×Sn,171000000.0,110000000.00000001,1,,
1762853912.597949,WARN,OVERLOAD,S=1.71 ×Sn,171000000.0,110000000.00000001,1,,
1762853912.597949,WARN,OVERCURRENT,I1=1.78 ×In,467.45689408819135,314.91832864888676,1,,
1762853912.597949,INFO,V_DIP,V1=0.960 ·Vn,211200.0,209000.0,1,,
1762853912.9438574,WARN,OVERLOAD,S=1.71 ×Sn,171000000.0,110000000.00000001,1,,
1762853912.9438574,WARN,OVERCURRENT,I1=1.71 ×In,448.7586183246637,314.91832864888676,1,,
1762853913.7605927,WARN,OVERLOAD,S=1.71 ×Sn,171000000.0,110000000.00000001,1,,
1762853913.7605927,WARN,OVERCURRENT,I1=1.71 ×In,448.7586183246637,314.91832864888676,1,,
1762853914.6208425,WARN,OVERLOAD,S=1.71 ×Sn,171000000.0,110000000.00000001,1,,
1762853914.6208425,WARN,OVERCURRENT,I1=1.71 ×In,448.7586183246637,314.91832864888676,1,,
1762853915.4862492,WARN,OVERCURRENT,I1=1.71 ×In,448.7586183246637,314.91832864888676,1,,
1762853915.4862492,WARN,OVERLOAD,S=1.71 ×Sn,171000000.0,110000000.00000001,1,,
1762853916.3046153,WARN,OVERLOAD,S=1.71 ×Sn,171000000.0,110000000.00000001,1,,
1762853916.3046153,WARN,OVERCURRENT,I1=1.71 ×In,448.7586183246637,314.91832864888676,1,,
1762853917.0873733,WARN,OVERLOAD,S=1.71 ×Sn,171000000.0,110000000.00000001,1,,
1762853917.0873733,WARN,OVERCURRENT,I1=1.71 ×In,448.7586183246637,314.91832864888676,1,,
1762853917.9680903,WARN,OVERLOAD,S=1.71 ×Sn,171000000.0,110000000.00000001,1,,
1762853917.9680903,WARN,OVERCURRENT,I1=1.71 ×In,448.7586183246637,314.91832864888676,1,,
1762853918.7370048,WARN,OVERLOAD,S=1.71 ×Sn,171000000.0,110000000.00000001,1,,
1762853918.7370048,WARN,OVERCURRENT,I1=1.71 ×In,448.7586183246637,314.91832864888676,1,,
1762853919.5702124,WARN,OVERLOAD,S=1.71 ×Sn,171000000.0,110000000.00000001,1,,
1762853919.5702124,WARN,OVERCURRENT,I1=1.71 ×In,448.7586183246637,314.91832864888676,1,,
1762853920.3692906,WARN,OVERCURRENT,I1=1.71 ×In,448.7586183246637,314.91832864888676,1,,
1762853920.3692906,WARN,OVERLOAD,S=1.71 ×Sn,171000000.0,110000000.00000001,1,,
1762853921.2647974,WARN,OVERLOAD,S=1.71 ×Sn,171000000.0,110000000.00000001,1,,
1762853921.2647974,WARN,OVERCURRENT,I1=1.71 ×In,448.7586183246637,314.91832864888676,1,,
1762853922.0505385,WARN,OVERLOAD,S=1.71 ×Sn,171000000.0,110000000.00000001,1,,
1762853922.0505385,WARN,OVERCURRENT,I1=1.71 ×In,448.7586183246637,314.91832864888676,1,,
1762853922.861352,WARN,OVERLOAD,S=1.71 ×Sn,171000000.0,110000000.00000001,1,,
1762853922.861352,WARN,OVERCURRENT,I1=1.71 ×In,448.7586183246637,314.91832864888676,1,,
1762853923.7133813,WARN,OVERLOAD,S=1.71 ×Sn,171000000.0,110000000.00000001,1,,
1762853923.7133813,WARN,OVERCURRENT,I1=1.71 ×In,448.7586183246637,314.91832864888676,1,,
1762853924.5668619,WARN,OVERLOAD,S=1.71 ×Sn,171000000.0,110000000.00000001,1,,
1762853924.5668619,WARN,OVERCURRENT,I1=1.71 ×In,448.7586183246637,314.91832864888676,1,,
1762853925.4489372,WARN,OVERLOAD,S=1.71 ×Sn,171000000.0,110000000.00000001,1,,
1762853925.4489372,WARN,OVERCURRENT,I1=1.71 ×In,448.7586183246637,314.91832864888676,1,,
1763500899.2091749,WARN,OVERLOAD,S=1.58 ×Sn,158000000.0,110000000.00000001,1,,
1763500899.2091749,WARN,OVERCURRENT,I1=1.58 ×In,414.6424660543676,314.91832864888676,1,,
1763500899.2091749,ALARM,TEMP_HIGH,θhs=112.0°C > 110.0°C,112.0,110.0,1,,
1763500915.1766267,WARN,OVERLOAD,S=1.58 ×Sn,158000000.0,110000000.00000001,1,,
1763500915.1766267,WARN,OVERCURRENT,I1=1.58 ×In,414.6424660543676,314.91832864888676,1,,
1763500915.1766267,ALARM,TEMP_HIGH,θhs=112.0°C > 110.0°C,112.01099784378917,110.0,1,,
1763500916.0047512,WARN,OVERLOAD,S=1.58 ×Sn,158000000.0,110000000.00000001,1,,
1763500916.0047512,WARN,OVERCURRENT,I1=1.58 ×In,414.6424660543676,314.91832864888676,1,,
1763500916.0047512,ALARM,TEMP_HIGH,θhs=112.0°C > 110.0°C,112.02199324388458,110.0,1,,
1763500916.726859,WARN,OVERLOAD,S=1.58 ×Sn,158000000.0,110000000.00000001,1,,
1763500916.726859,WARN,OVERCURRENT,I1=1.58 ×In,414.6424660543676,314.91832864888676,1,,
1763500916.726859,ALARM,TEMP_HIGH,θhs=112.0°C > 110.0°C,112.03298620082923,110.0,1,,
1763500917.500868,WARN,OVERLOAD,S=1.58 ×Sn,158000000.0,110000000.00000001,1,,
1763500917.500868,WARN,OVERCURRENT,I1=1.58 ×In,414.6424660543676,314.91832864888676,1,,
1763500917.500868,ALARM,TEMP_HIGH,θhs=112.0°C > 110.0°C,112.04397671516597,110.0,1,,
1763500918.2337308,WARN,OVERLOAD,S=1.58 ×Sn,158000000.0,110000000.00000001,1,,
1763500918.2337308,WARN,OVERCURRENT,I1=1.58 ×In,414.6424660543676,314.91832864888676,1,,
1763500918.2337308,ALARM,TEMP_HIGH,θhs=112.1°C > 110.0°C,112.05496478743753,110.0,1,,
1763500919.0709846,WARN,OVERLOAD,S=1.58 ×Sn,158000000.0,110000000.00000001,1,,
1763500919.0709846,WARN,OVERCURRENT,I1=1.58 ×In,414.6424660543676,314.91832864888676,1,,
1763500919.0709846,ALARM,TEMP_HIGH,θhs=112.1°C > 110.0°C,112.06595041818655,110.0,1,,
1763500919.9222116,WARN,OVERLOAD,S=1.58 ×Sn,158000000.0,110000000.00000001,1,,
1763500919.9222116,WARN,OVERCURRENT,I1=1.58 ×In,414.6424660543676,314.91832864888676,1,,
1763500919.9222116,ALARM,TEMP_HIGH,θhs=112.1°C > 110.0°C,112.07693360795551,110.0,1,,
1763500920.6724725,WARN,OVERLOAD,S=1.58 ×Sn,158000000.0,110000000.00000001,1,,
1763500920.6724725,WARN,OVERCURRENT,I1=1.58 ×In,414.6424660543676,314.91832864888676,1,,
1763500920.6724725,ALARM,TEMP_HIGH,θhs=112.1°C > 110.0°C,112.0879143572868,110.0,1,,
1763500921.4885895,WARN,OVERLOAD,S=1.58 ×Sn,158000000.0,110000000.00000001,1,,
1763500921.4885895,WARN,OVERCURRENT,I1=1.58 ×In,414.6424660543676,314.91832864888676,1,,
1763500921.4885895,ALARM,TEMP_HIGH,θhs=112.1°C > 110.0°C,112.0988926667227,110.0,1,,
1763500922.1346047,WARN,OVERLOAD,S=1.58 ×Sn,158000000.0,110000000.00000001,1,,
1763500922.1346047,WARN,OVERCURRENT,I1=1.58 ×In,414.6424660543676,314.91832864888676,1,,
1763500922.1346047,ALARM,TEMP_HIGH,θhs=112.1°C > 110.0°C,112.10986853680532,110.0,1,,
1763500923.002655,WARN,OVERLOAD,S=1.58 ×Sn,158000000.0,110000000.00000001,1,,
1763500923.002655,WARN,OVERCURRENT,I1=1.58 ×In,414.6424660543676,314.91832864888676,1,,
1763500923.002655,ALARM,TEMP_HIGH,θhs=112.1°C > 110.0°C,112.12084196807669,110.0,1,,
1763500923.8803606,WARN,OVERLOAD,S=1.58 ×Sn,158000000.0,110000000.00000001,1,,
1763500923.8803606,WARN,OVERCURRENT,I1=1.58 ×In,414.6424660543676,314.91832864888676,1,,
1763500923.8803606,ALARM,TEMP_HIGH,θhs=112.1°C > 110.0°C,112.13181296107871,110.0,1,,
1763500924.7781126,WARN,OVERLOAD,S=1.58 ×Sn,158000000.0,110000000.00000001,1,,
1763500924.7781126,WARN,OVERCURRENT,I1=1.58 ×In,414.6424660543676,314.91832864888676,1,,
1763500924.7781126,ALARM,TEMP_HIGH,θhs=112.1°C > 110.0°C,112.14278151635315,110.0,1,,
1763500925.806516,WARN,OVERLOAD,S=1.58 ×Sn,158000000.0,110000000.00000001,1,,
1763500925.806516,WARN,OVERCURRENT,I1=1.58 ×In,414.6424660543676,314.91832864888676,1,,
1763500925.806516,ALARM,TEMP_HIGH,θhs=112.2°C > 110.0°C,112.15374763444167,110.0,1,,
1763500926.7317839,WARN,OVERLOAD,S=1.58 ×Sn,158000000.0,110000000.00000001,1,,
1763500926.7317839,WARN,OVERCURRENT,I1=1.58 ×In,414.6424660543676,314.91832864888676,1,,
1763500926.7317839,ALARM,TEMP_HIGH,θhs=112.2°C > 110.0°C,112.16471131588581,110.0,1,,
1763500927.5719547,WARN,OVERLOAD,S=1.58 ×Sn,158000000.0,110000000.00000001,1,,
1763500927.5719547,WARN,OVERCURRENT,I1=1.58 ×In,414.6424660543676,314.91832864888676,1,,
1763500927.5719547,ALARM,TEMP_HIGH,θhs=112.2°C > 110.0°C,112.17567256122699,110.0,1,,
1763500928.4283442,WARN,OVERLOAD,S=1.58 ×Sn,158000000.0,110000000.00000001,1,,
1763500928.4283442,WARN,OVERCURRENT,I1=1.58 ×In,414.6424660543676,314.91832864888676,1,,
1763500928.4283442,ALARM,TEMP_HIGH,θhs=112.2°C > 110.0°C,112.1866313710065,110.0,1,,
1763500929.4534726,WARN,OVERLOAD,S=1.58 ×Sn,158000000.0,110000000.00000001,1,,
1763500929.4534726,WARN,OVERCURRENT,I1=1.58 ×In,414.6424660543676,314.91832864888676,1,,
1763500929.4534726,ALARM,TEMP_HIGH,θhs=112.2°C > 110.0°C,112.1975877457655,110.0,1,,
1763500930.4754121,WARN,OVERLOAD,S=1.58 ×Sn,158000000.0,110000000.00000001,1,,
1763500930.4754121,WARN,OVERCURRENT,I1=1.58 ×In,414.6424660543676,314.91832864888676,1,,
1763500930.4754121,ALARM,TEMP_HIGH,θhs=112.2°C > 110.0°C,112.20854168604508,110.0,1,,
1763500931.3308787,WARN,OVERLOAD,S=1.58 ×Sn,158000000.0,110000000.00000001,1,,
1763500931.3308787,WARN,OVERCURRENT,I1=1.58 ×In,414.6424660543676,314.91832864888676,1,,
1763500931.3308787,ALARM,TEMP_HIGH,θhs=112.2°C > 110.0°C,112.21949319238615,110.0,1,,
1763500932.1988633,WARN,OVERLOAD,S=1.58 ×Sn,158000000.0,110000000.00000001,1,,
1763500932.1988633,WARN,OVERCURRENT,I1=1.58 ×In,414.6424660543676,314.91832864888676,1,,
1763500932.1988633,ALARM,TEMP_HIGH,θhs=112.2°C > 110.0°C,112.23044226532953,110.0,1,,
1763500933.072135,WARN,OVERLOAD,S=1.58 ×Sn,158000000.0,110000000.00000001,1,,
1763500933.072135,WARN,OVERCURRENT,I1=1.58 ×In,414.6424660543676,314.91832864888676,1,,
1763500933.0731456,ALARM,TEMP_HIGH,θhs=112.2°C > 110.0°C,112.24138890541592,110.0,1,,
1763500933.9387074,WARN,OVERLOAD,S=1.58 ×Sn,158000000.0,110000000.00000001,1,,
1763500933.9387074,WARN,OVERCURRENT,I1=1.58 ×In,414.6424660543676,314.91832864888676,1,,
1763500933.9387074,ALARM,TEMP_HIGH,θhs=112.3°C > 110.0°C,112.25233311318588,110.0,1,,
1763500934.826143,WARN,OVERLOAD,S=1.58 ×Sn,158000000.0,110000000.00000001,1,,
1763500934.826143,WARN,OVERCURRENT,I1=1.58 ×In,414.6424660543676,314.91832864888676,1,,
1763500934.826143,ALARM,TEMP_HIGH,θhs=112.3°C > 110.0°C,112.26327488917988,110.0,1,,
1763500935.7545252,WARN,OVERLOAD,S=1.58 ×Sn,158000000.0,110000000.00000001,1,,
1763500935.7545252,WARN,OVERCURRENT,I1=1.58 ×In,414.6424660543676,314.91832864888676,1,,
1763500935.7545252,ALARM,TEMP_HIGH,θhs=112.3°C > 110.0°C,112.27421423393825,110.0,1,,
1763500936.8058968,WARN,OVERLOAD,S=1.58 ×Sn,158000000.0,110000000.00000001,1,,
1763500936.8058968,WARN,OVERCURRENT,I1=1.58 ×In,414.6424660543676,314.91832864888676,1,,
1763500936.8058968,ALARM,TEMP_HIGH,θhs=112.3°C > 110.0°C,112.28515114800122,110.0,1,,
1763500937.7712178,WARN,OVERLOAD,S=1.58 ×Sn,158000000.0,110000000.00000001,1,,
1763500937.7712178,WARN,OVERCURRENT,I1=1.58 ×In,414.6424660543676,314.91832864888676,1,,
1763500937.7712178,ALARM,TEMP_HIGH,θhs=112.3°C > 110.0°C,112.29608563190885,110.0,1,,
1763500938.6575816,WARN,OVERLOAD,S=1.58 ×Sn,158000000.0,110000000.00000001,1,,
1763500938.6575816,WARN,OVERCURRENT,I1=1.58 ×In,414.6424660543676,314.91832864888676,1,,
1763500938.6575816,ALARM,TEMP_HIGH,θhs=112.3°C > 110.0°C,112.30701768620115,110.0,1,,
1763500939.6088674,WARN,OVERLOAD,S=1.58 ×Sn,158000000.0,110000000.00000001,1,,
1763500939.6088674,WARN,OVERCURRENT,I1=1.58 ×In,414.6424660543676,314.91832864888676,1,,
1763500939.6088674,ALARM,TEMP_HIGH,θhs=112.3°C > 110.0°C,112.31794731141795,110.0,1,,
1763500940.4948356,WARN,OVERLOAD,S=1.58 ×Sn,158000000.0,110000000.00000001,1,,
1763500940.4948356,WARN,OVERCURRENT,I1=1.58 ×In,414.6424660543676,314.91832864888676,1,,
1763500940.4948356,ALARM,TEMP_HIGH,θhs=112.3°C > 110.0°C,112.328874508099,110.0,1,,
1763500941.5050075,WARN,OVERLOAD,S=1.58 ×Sn,158000000.0,110000000.00000001,1,,
1763500941.5050075,WARN,OVERCURRENT,I1=1.58 ×In,414.6424660543676,314.91832864888676,1,,
1763500941.5050075,ALARM,TEMP_HIGH,θhs=112.3°C > 110.0°C,112.3397992767839,110.0,1,,
1763500942.514758,WARN,OVERLOAD,S=1.58 ×Sn,158000000.0,110000000.00000001,1,,
1763500942.514758,WARN,OVERCURRENT,I1=1.58 ×In,414.6424660543676,314.91832864888676,1,,
1763500942.514758,ALARM,TEMP_HIGH,θhs=112.4°C > 110.0°C,112.35072161801216,110.0,1,,
1763500943.4196281,WARN,OVERLOAD,S=1.58 ×Sn,158000000.0,110000000.00000001,1,,
1763500943.4196281,WARN,OVERCURRENT,I1=1.58 ×In,414.6424660543676,314.91832864888676,1,,
1763500943.4196281,ALARM,TEMP_HIGH,θhs=112.4°C > 110.0°C,112.36164153232315,110.0,1,,
1763500944.5772612,WARN,OVERLOAD,S=1.58 ×Sn,158000000.0,110000000.00000001,1,,
1763500944.5772612,WARN,OVERCURRENT,I1=1.58 ×In,414.6424660543676,314.91832864888676,1,,
1763500944.5772612,ALARM,TEMP_HIGH,θhs=112.4°C > 110.0°C,112.37255902025612,110.0,1,,
1763500945.6550531,WARN,OVERLOAD,S=1.58 ×Sn,158000000.0,110000000.00000001,1,,
1763500945.6550531,WARN,OVERCURRENT,I1=1.58 ×In,414.6424660543676,314.91832864888676,1,,
1763500945.6550531,ALARM,TEMP_HIGH,θhs=112.4°C > 110.0°C,112.3834740823502,110.0,1,,
1763500946.5533864,WARN,OVERLOAD,S=1.58 ×Sn,158000000.0,110000000.00000001,1,,
1763500946.5533864,WARN,OVERCURRENT,I1=1.58 ×In,414.6424660543676,314.91832864888676,1,,
1763500946.5533864,ALARM,TEMP_HIGH,θhs=112.4°C > 110.0°C,112.39438671914442,110.0,1,,
1763500947.393084,WARN,OVERLOAD,S=1.58 ×Sn,158000000.0,110000000.00000001,1,,
1763500947.393084,WARN,OVERCURRENT,I1=1.58 ×In,414.6424660543676,314.91832864888676,1,,
1763500947.393084,ALARM,TEMP_HIGH,θhs=112.4°C > 110.0°C,112.40529693117767,110.0,1,,
1763500948.4696298,WARN,OVERLOAD,S=1.58 ×Sn,158000000.0,110000000.00000001,1,,
1763500948.4696298,WARN,OVERCURRENT,I1=1.58 ×In,414.6424660543676,314.91832864888676,1,,
1763500948.4696298,ALARM,TEMP_HIGH,θhs=112.4°C > 110.0°C,112.41620471898872,110.0,1,,
1763500949.676961,WARN,OVERLOAD,S=1.58 ×Sn,158000000.0,110000000.00000001,1,,
1763500949.676961,WARN,OVERCURRENT,I1=1.58 ×In,414.6424660543676,314.91832864888676,1,,
1763500949.676961,ALARM,TEMP_HIGH,θhs=112.4°C > 110.0°C,112.42711008311623,110.0,1,,
1763500950.8632863,WARN,OVERLOAD,S=1.58 ×Sn,158000000.0,110000000.00000001,1,,
1763500950.8632863,WARN,OVERCURRENT,I1=1.58 ×In,414.6424660543676,314.91832864888676,1,,
1763500950.8632863,ALARM,TEMP_HIGH,θhs=112.4°C > 110.0°C,112.43801302409875,110.0,1,,
1763500951.8457532,WARN,OVERLOAD,S=1.58 ×Sn,158000000.0,110000000.00000001,1,,
1763500951.8457532,WARN,OVERCURRENT,I1=1.58 ×In,414.6424660543676,314.91832864888676,1,,
1763500951.8457532,ALARM,TEMP_HIGH,θhs=112.4°C > 110.0°C,112.44891354247468,110.0,1,,
1763500952.3717468,WARN,OVERLOAD,S=1.58 ×Sn,158000000.0,110000000.00000001,1,,
1763500952.3717468,WARN,OVERCURRENT,I1=1.58 ×In,414.6424660543676,314.91832864888676,1,,
1763500952.3717468,ALARM,TEMP_HIGH,θhs=112.5°C > 110.0°C,112.45981163878233,110.0,1,,
1763500953.2854524,WARN,OVERLOAD,S=1.58 ×Sn,158000000.0,110000000.00000001,1,,
1763500953.2854524,WARN,OVERCURRENT,I1=1.58 ×In,414.6424660543676,314.91832864888676,1,,
1763500953.2854524,ALARM,TEMP_HIGH,θhs=112.5°C > 110.0°C,112.47070731355986,110.0,1,,
1763500954.4563897,WARN,OVERLOAD,S=1.58 ×Sn,158000000.0,110000000.00000001,1,,
1763500954.4563897,WARN,OVERCURRENT,I1=1.58 ×In,414.6424660543676,314.91832864888676,1,,
1763500954.4563897,ALARM,TEMP_HIGH,θhs=112.5°C > 110.0°C,112.48160056734534,110.0,1,,
1763500955.3944304,WARN,OVERLOAD,S=1.58 ×Sn,158000000.0,110000000.00000001,1,,
1763500955.3944304,WARN,OVERCURRENT,I1=1.58 ×In,414.6424660543676,314.91832864888676,1,,
1763500955.3944304,ALARM,TEMP_HIGH,θhs=112.5°C > 110.0°C,112.4924914006767,110.0,1,,
1763500956.3245132,WARN,OVERLOAD,S=1.58 ×Sn,158000000.0,110000000.00000001,1,,
1763500956.3245132,WARN,OVERCURRENT,I1=1.58 ×In,414.6424660543676,314.91832864888676,1,,
1763500956.3245132,ALARM,TEMP_HIGH,θhs=112.5°C > 110.0°C,112.50337981409177,110.0,1,,
1763500956.9734895,WARN,OVERLOAD,S=1.58 ×Sn,158000000.0,110000000.00000001,1,,
1763500956.9734895,WARN,OVERCURRENT,I1=1.58 ×In,414.6424660543676,314.91832864888676,1,,
1763500956.9734895,ALARM,TEMP_HIGH,θhs=112.5°C > 110.0°C,112.51426580812824,110.0,1,,
1763500957.83486,WARN,OVERLOAD,S=1.58 ×Sn,158000000.0,110000000.00000001,1,,
1763500957.83486,WARN,OVERCURRENT,I1=1.58 ×In,414.6424660543676,314.91832864888676,1,,
1763500957.83486,ALARM,TEMP_HIGH,θhs=112.5°C > 110.0°C,112.5251493833237,110.0,1,,
1763500958.0282505,WARN,OVERLOAD,S=1.58 ×Sn,158000000.0,110000000.00000001,1,,
1763500958.0282505,WARN,OVERCURRENT,I1=1.58 ×In,414.6424660543676,314.91832864888676,1,,
1763500958.0282505,ALARM,TEMP_HIGH,θhs=112.5°C > 110.0°C,112.53603054021559,110.0,1,,
1763500958.9192827,WARN,OVERLOAD,S=1.58 ×Sn,158000000.0,110000000.00000001,1,,
1763500958.9192827,WARN,OVERCURRENT,I1=1.58 ×In,414.6424660543676,314.91832864888676,1,,
1763500958.9192827,ALARM,TEMP_HIGH,θhs=112.5°C > 110.0°C,112.54690927934128,110.0,1,,
1763500959.8862402,WARN,OVERLOAD,S=1.58 ×Sn,158000000.0,110000000.00000001,1,,
1763500959.8862402,WARN,OVERCURRENT,I1=1.58 ×In,414.6424660543676,314.91832864888676,1,,
1763500959.8862402,ALARM,TEMP_HIGH,θhs=112.6°C > 110.0°C,112.55778560123797,110.0,1,,
1763500960.99444,WARN,OVERLOAD,S=1.58 ×Sn,158000000.0,110000000.00000001,1,,
1763500960.99444,WARN,OVERCURRENT,I1=1.58 ×In,414.6424660543676,314.91832864888676,1,,
1763500960.99444,ALARM,TEMP_HIGH,θhs=112.6°C > 110.0°C,112.56865950644277,110.0,1,,
1763500961.8897982,WARN,OVERLOAD,S=1.58 ×Sn,158000000.0,110000000.00000001,1,,
1763500961.8897982,WARN,OVERCURRENT,I1=1.58 ×In,414.6424660543676,314.91832864888676,1,,
1763500961.8897982,ALARM,TEMP_HIGH,θhs=112.6°C > 110.0°C,112.57953099549266,110.0,1,,
1763500962.4059281,ALARM,TEMP_HIGH,θhs=112.6°C > 110.0°C,112.57181480235285,110.0,1,,
1763500963.501042,ALARM,TEMP_HIGH,θhs=112.6°C > 110.0°C,112.56410032373212,110.0,1,,
1763500964.655031,ALARM,TEMP_HIGH,θhs=112.6°C > 110.0°C,112.5563875592495,110.0,1,,
1763500965.7626832,ALARM,TEMP_HIGH,θhs=112.5°C > 110.0°C,112.54867650852412,110.0,1,,
1763500966.9423153,ALARM,TEMP_HIGH,θhs=112.5°C > 110.0°C,112.5409671711752,110.0,1,,
1763500968.0103686,ALARM,TEMP_HIGH,θhs=112.5°C > 110.0°C,112.53325954682201,110.0,1,,
1763500969.016324,ALARM,TEMP_HIGH,θhs=112.5°C > 110.0°C,112.52555363508392,110.0,1,,
1763500970.0787706,ALARM,TEMP_HIGH,θhs=112.5°C > 110.0°C,112.51784943558042,110.0,1,,
1763500971.1608481,ALARM,TEMP_HIGH,θhs=112.5°C > 110.0°C,112.51014694793103,110.0,1,,
1763500971.9214344,ALARM,TEMP_HIGH,θhs=112.5°C > 110.0°C,112.50244617175541,110.0,1,,
1763500973.0059292,ALARM,TEMP_HIGH,θhs=112.5°C > 110.0°C,112.49474710667324,110.0,1,,
1763500974.0128274,ALARM,TEMP_HIGH,θhs=112.5°C > 110.0°C,112.48704975230434,110.0,1,,
1763500974.9565032,ALARM,TEMP_HIGH,θhs=112.5°C > 110.0°C,112.4793541082686,110.0,1,,
1763500975.8181033,ALARM,TEMP_HIGH,θhs=112.5°C > 110.0°C,112.47166017418596,110.0,1,,
1763500976.8246136,ALARM,TEMP_HIGH,θhs=112.5°C > 110.0°C,112.46396794967649,110.0,1,,
1763500977.71361,ALARM,TEMP_HIGH,θhs=112.5°C > 110.0°C,112.45627743436033,110.0,1,,
1763500978.5574362,ALARM,TEMP_HIGH,θhs=112.4°C > 110.0°C,112.4485886278577,110.0,1,,
1763500979.5265174,ALARM,TEMP_HIGH,θhs=112.4°C > 110.0°C,112.4409015297889,110.0,1,,
1763500980.4715183,ALARM,TEMP_HIGH,θhs=112.4°C > 110.0°C,112.43321613977433,110.0,1,,
1763500981.3375835,ALARM,TEMP_HIGH,θhs=112.4°C > 110.0°C,112.42553245743446,110.0,1,,
1763500982.181087,ALARM,TEMP_HIGH,θhs=112.4°C > 110.0°C,112.41785048238984,110.0,1,,
1763500983.0318055,ALARM,TEMP_HIGH,θhs=112.4°C > 110.0°C,112.41017021426113,110.0,1,,
1763500983.91868,ALARM,TEMP_HIGH,θhs=112.4°C > 110.0°C,112.40249165266904,110.0,1,,
1763500984.4928644,ALARM,TEMP_HIGH,θhs=112.4°C > 110.0°C,112.3948147972344,110.0,1,,
1763500985.4379845,ALARM,TEMP_HIGH,θhs=112.4°C > 110.0°C,112.3871396475781,110.0,1,,
1763500986.32529,ALARM,TEMP_HIGH,θhs=112.4°C > 110.0°C,112.3794662033211,110.0,1,,
1763500987.1870408,ALARM,TEMP_HIGH,θhs=112.4°C > 110.0°C,112.37179446408449,110.0,1,,
1763500988.114058,ALARM,TEMP_HIGH,θhs=112.4°C > 110.0°C,112.36412442948941,110.0,1,,
1763500988.9467323,ALARM,TEMP_HIGH,θhs=112.4°C > 110.0°C,112.35645609915709,110.0,1,,
1763500989.8042822,ALARM,TEMP_HIGH,θhs=112.3°C > 110.0°C,112.34878947270884,110.0,1,,
1763500990.6486354,ALARM,TEMP_HIGH,θhs=112.3°C > 110.0°C,112.34112454976609,110.0,1,,
1763500991.5878434,ALARM,TEMP_HIGH,θhs=112.3°C > 110.0°C,112.33346132995031,110.0,1,,
1763500992.6941035,ALARM,TEMP_HIGH,θhs=112.3°C > 110.0°C,112.32579981288306,110.0,1,,
1763500993.7893615,ALARM,TEMP_HIGH,θhs=112.3°C > 110.0°C,112.318139998186,110.0,1,,
1763500994.77928,ALARM,TEMP_HIGH,θhs=112.3°C > 110.0°C,112.31048188548085,110.0,1,,
1763500995.6909733,ALARM,TEMP_HIGH,θhs=112.3°C > 110.0°C,112.30282547438946,110.0,1,,
1763500996.5473511,ALARM,TEMP_HIGH,θhs=112.3°C > 110.0°C,112.29517076453372,110.0,1,,
1763500997.449277,ALARM,TEMP_HIGH,θhs=112.3°C > 110.0°C,112.28751775553563,110.0,1,,
1763500998.4699626,ALARM,TEMP_HIGH,θhs=112.3°C > 110.0°C,112.27986644701726,110.0,1,,
1763500999.3431652,ALARM,TEMP_HIGH,θhs=112.3°C > 110.0°C,112.27221683860076,110.0,1,,
1763501000.3512018,ALARM,TEMP_HIGH,θhs=112.3°C > 110.0°C,112.26456892990836,110.0,1,,
1763501001.2235532,ALARM,TEMP_HIGH,θhs=112.3°C > 110.0°C,112.25692272056241,110.0,1,,
1763501002.1817074,ALARM,TEMP_HIGH,θhs=112.2°C > 110.0°C,112.24927821018532,110.0,1,,
1763501003.108445,ALARM,TEMP_HIGH,θhs=112.2°C > 110.0°C,112.24163539839958,110.0,1,,
1763500899.2091749,WARN,OVERLOAD,S=1.58 ×Sn,158000000.0,110000000.00000001,1,,
1763500899.2091749,WARN,OVERCURRENT,I1=1.58 ×In,414.6424660543676,314.91832864888676,1,,
1763500899.2091749,ALARM,TEMP_HIGH,θhs=112.0°C > 110.0°C,112.0,110.0,1,,
1763500915.1766267,WARN,OVERLOAD,S=1.58 ×Sn,158000000.0,110000000.00000001,1,,
1763500915.1766267,WARN,OVERCURRENT,I1=1.58 ×In,414.6424660543676,314.91832864888676,1,,
1763500915.1766267,ALARM,TEMP_HIGH,θhs=112.0°C > 110.0°C,112.01099784378917,110.0,1,,
1763500916.0047512,WARN,OVERLOAD,S=1.58 ×Sn,158000000.0,110000000.00000001,1,,
1763500916.0047512,WARN,OVERCURRENT,I1=1.58 ×In,414.6424660543676,314.91832864888676,1,,
1763500916.0047512,ALARM,TEMP_HIGH,θhs=112.0°C > 110.0°C,112.02199324388458,110.0,1,,
1763500916.726859,WARN,OVERLOAD,S=1.58 ×Sn,158000000.0,110000000.00000001,1,,
1763500916.726859,WARN,OVERCURRENT,I1=1.58 ×In,414.6424660543676,314.91832864888676,1,,
1763500916.726859,ALARM,TEMP_HIGH,θhs=112.0°C > 110.0°C,112.03298620082923,110.0,1,,
1763500917.500868,ALARM,TEMP_HIGH,θhs=112.0°C > 110.0°C,112.04397671516597,110.0,1,,
1763500917.500868,WARN,OVERLOAD,S=1.58 ×Sn,158000000.0,110000000.00000001,1,,
1763500917.500868,WARN,OVERCURRENT,I1=1.58 ×In,414.6424660543676,314.91832864888676,1,,
1763500918.2337308,WARN,OVERLOAD,S=1.58 ×Sn,158000000.0,110000000.00000001,1,,
1763500918.2337308,WARN,OVERCURRENT,I1=1.58 ×In,414.6424660543676,314.91832864888676,1,,
1763500918.2337308,ALARM,TEMP_HIGH,θhs=112.1°C > 110.0°C,112.05496478743753,110.0,1,,
1763500919.0709846,WARN,OVERLOAD,S=1.58 ×Sn,158000000.0,110000000.00000001,1,,
1763500919.0709846,WARN,OVERCURRENT,I1=1.58 ×In,414.6424660543676,314.91832864888676,1,,
1763500919.0709846,ALARM,TEMP_HIGH,θhs=112.1°C > 110.0°C,112.06595041818655,110.0,1,,
1763500919.9222116,ALARM,TEMP_HIGH,θhs=112.1°C > 110.0°C,112.07693360795551,110.0,1,,
1763500919.9222116,WARN,OVERLOAD,S=1.58 ×Sn,158000000.0,110000000.00000001,1,,
1763500919.9222116,WARN,OVERCURRENT,I1=1.58 ×In,414.6424660543676,314.91832864888676,1,,
1763500920.6724725,ALARM,TEMP_HIGH,θhs=112.1°C > 110.0°C,112.0879143572868,110.0,1,,
1763500920.6724725,WARN,OVERCURRENT,I1=1.58 ×In,414.6424660543676,314.91832864888676,1,,
1763500920.6724725,WARN,OVERLOAD,S=1.58 ×Sn,158000000.0,110000000.00000001,1,,
1763500921.4885895,WARN,OVERLOAD,S=1.58 ×Sn,158000000.0,110000000.00000001,1,,
1763500921.4885895,WARN,OVERCURRENT,I1=1.58 ×In,414.6424660543676,314.91832864888676,1,,
1763500921.4885895,ALARM,TEMP_HIGH,θhs=112.1°C > 110.0°C,112.0988926667227,110.0,1,,
1763500922.1346047,WARN,OVERLOAD,S=1.58 ×Sn,158000000.0,110000000.00000001,1,,
1763500922.1346047,WARN,OVERCURRENT,I1=1.58 ×In,414.6424660543676,314.91832864888676,1,,
1763500922.1346047,ALARM,TEMP_HIGH,θhs=112.1°C > 110.0°C,112.10986853680532,110.0,1,,
1763500923.002655,WARN,OVERLOAD,S=1.58 ×Sn,158000000.0,110000000.00000001,1,,
1763500923.002655,WARN,OVERCURRENT,I1=1.58 ×In,414.6424660543676,314.91832864888676,1,,
1763500923.002655,ALARM,TEMP_HIGH,θhs=112.1°C > 110.0°C,112.12084196807669,110.0,1,,
1763500923.8803606,WARN,OVERCURRENT,I1=1.58 ×In,414.6424660543676,314.91832864888676,1,,
1763500923.8803606,ALARM,TEMP_HIGH,θhs=112.1°C > 110.0°C,112.13181296107871,110.0,1,,
1763500923.8803606,WARN,OVERLOAD,S=1.58 ×Sn,158000000.0,110000000.00000001,1,,
1763500924.7781126,WARN,OVERLOAD,S=1.58 ×Sn,158000000.0,110000000.00000001,1,,
1763500924.7781126,WARN,OVERCURRENT,I1=1.58 ×In,414.6424660543676,314.91832864888676,1,,
1763500924.7781126,ALARM,TEMP_HIGH,θhs=112.1°C > 110.0°C,112.14278151635315,110.0,1,,
1763500925.806516,WARN,OVERLOAD,S=1.58 ×Sn,158000000.0,110000000.00000001,1,,
1763500925.806516,WARN,OVERCURRENT,I1=1.58 ×In,414.6424660543676,314.91832864888676,1,,
1763500925.806516,ALARM,TEMP_HIGH,θhs=112.2°C > 110.0°C,112.15374763444167,110.0,1,,
1763500926.7317839,WARN,OVERLOAD,S=1.58 ×Sn,158000000.0,110000000.00000001,1,,
1763500926.7317839,WARN,OVERCURRENT,I1=1.58 ×In,414.6424660543676,314.91832864888676,1,,
1763500926.7317839,ALARM,TEMP_HIGH,θhs=112.2°C > 110.0°C,112.16471131588581,110.0,1,,
1763500927.5719547,ALARM,TEMP_HIGH,θhs=112.2°C > 110.0°C,112.17567256122699,110.0,1,,
1763500927.5719547,WARN,OVERLOAD,S=1.58 ×Sn,158000000.0,110000000.00000001,1,,
1763500927.5719547,WARN,OVERCURRENT,I1=1.58 ×In,414.6424660543676,314.91832864888676,1,,
1763500928.4283442,ALARM,TEMP_HIGH,θhs=112.2°C > 110.0°C,112.1866313710065,110.0,1,,
1763500928.4283442,WARN,OVERLOAD,S=1.58 ×Sn,158000000.0,110000000.00000001,1,,
1763500928.4283442,WARN,OVERCURRENT,I1=1.58 ×In,414.6424660543676,314.91832864888676,1,,
1763500929.4534726,WARN,OVERLOAD,S=1.58 ×Sn,158000000.0,110000000.00000001,1,,
1763500929.4534726,WARN,OVERCURRENT,I1=1.58 ×In,414.6424660543676,314.91832864888676,1,,
1763500929.4534726,ALARM,TEMP_HIGH,θhs=112.2°C > 110.0°C,112.1975877457655,110.0,1,,
1763500930.4754121,WARN,OVERLOAD,S=1.58 ×Sn,158000000.0,110000000.00000001,1,,
1763500930.4754121,WARN,OVERCURRENT,I1=1.58 ×In,414.6424660543676,314.91832864888676,1,,
1763500930.4754121,ALARM,TEMP_HIGH,θhs=112.2°C > 110.0°C,112.20854168604508,110.0,1,,
1763500931.3308787,WARN,OVERLOAD,S=1.58 ×Sn,158000000.0,110000000.00000001,1,,
1763500931.3308787,WARN,OVERCURRENT,I1=1.58 ×In,414.6424660543676,314.91832864888676,1,,
1763500931.3308787,ALARM,TEMP_HIGH,θhs=112.2°C > 110.0°C,112.21949319238615,110.0,1,,
1763500932.1988633,ALARM,TEMP_HIGH,θhs=112.2°C > 110.0°C,112.23044226532953,110.0,1,,
1763500932.1988633,WARN,OVERCURRENT,I1=1.58 ×In,414.6424660543676,314.91832864888676,1,,
1763500932.1988633,WARN,OVERLOAD,S=1.58 ×Sn,158000000.0,110000000.00000001,1,,
1763500933.072135,WARN,OVERLOAD,S=1.58 ×Sn,158000000.0,110000000.00000001,1,,
1763500933.072135,WARN,OVERCURRENT,I1=1.58 ×In,414.6424660543676,314.91832864888676,1,,
1763500933.0731456,ALARM,TEMP_HIGH,θhs=112.2°C > 110.0°C,112.24138890541592,110.0,1,,
1763500933.9387074,WARN,OVERLOAD,S=1.58 ×Sn,158000000.0,110000000.00000001,1,,
1763500933.9387074,WARN,OVERCURRENT,I1=1.58 ×In,414.6424660543676,314.91832864888676,1,,
1763500933.9387074,ALARM,TEMP_HIGH,θhs=112.3°C > 110.0°C,112.25233311318588,110.0,1,,
1763500934.826143,WARN,OVERLOAD,S=1.58 ×Sn,158000000.0,110000000.00000001,1,,
1763500934.826143,WARN,OVERCURRENT,I1=1.58 ×In,414.6424660543676,314.91832864888676,1,,
1763500934.826143,ALARM,TEMP_HIGH,θhs=112.3°C > 110.0°C,112.26327488917988,110.0,1,,
1763500935.7545252,ALARM,TEMP_HIGH,θhs=112.3°C > 110.0°C,112.27421423393825,110.0,1,,
1763500935.7545252,WARN,OVERCURRENT,I1=1.58 ×In,414.6424660543676,314.91832864888676,1,,
1763500935.7545252,WARN,OVERLOAD,S=1.58 ×Sn,158000000.0,110000000.00000001,1,,
1763500936.8058968,WARN,OVERLOAD,S=1.58 ×Sn,158000000.0,110000000.00000001,1,,
1763500936.8058968,WARN,OVERCURRENT,I1=1.58 ×In,414.6424660543676,314.91832864888676,1,,
1763500936.8058968,ALARM,TEMP_HIGH,θhs=112.3°C > 110.0°C,112.28515114800122,110.0,1,,
1763500937.7712178,WARN,OVERLOAD,S=1.58 ×Sn,158000000.0,110000000.00000001,1,,
1763500937.7712178,WARN,OVERCURRENT,I1=1.58 ×In,414.6424660543676,314.91832864888676,1,,
1763500937.7712178,ALARM,TEMP_HIGH,θhs=112.3°C > 110.0°C,112.29608563190885,110.0,1,,
1763500938.6575816,WARN,OVERLOAD,S=1.58 ×Sn,158000000.0,110000000.00000001,1,,
1763500938.6575816,WARN,OVERCURRENT,I1=1.58 ×In,414.6424660543676,314.91832864888676,1,,
1763500938.6575816,ALARM,TEMP_HIGH,θhs=112.3°C > 110.0°C,112.30701768620115,110.0,1,,
1763500939.6088674,ALARM,TEMP_HIGH,θhs=112.3°C > 110.0°C,112.31794731141795,110.0,1,,
1763500939.6088674,WARN,OVERCURRENT,I1=1.58 ×In,414.6424660543676,314.91832864888676,1,,
1763500939.6088674,WARN,OVERLOAD,S=1.58 ×Sn,158000000.0,110000000.00000001,1,,
1763500940.4948356,WARN,OVERLOAD,S=1.58 ×Sn,158000000.0,110000000.00000001,1,,
1763500940.4948356,WARN,OVERCURRENT,I1=1.58 ×In,414.6424660543676,314.91832864888676,1,,
1763500940.4948356,ALARM,TEMP_HIGH,θhs=112.3°C > 110.0°C,112.328874508099,110.0,1,,
1763500941.5050075,WARN,OVERLOAD,S=1.58 ×Sn,158000000.0,110000000.00000001,1,,
1763500941.5050075,WARN,OVERCURRENT,I1=1.58 ×In,414.6424660543676,314.91832864888676,1,,
1763500941.5050075,ALARM,TEMP_HIGH,θhs=112.3°C > 110.0°C,112.3397992767839,110.0,1,,
1763500942.514758,WARN,OVERLOAD,S=1.58 ×Sn,158000000.0,110000000.00000001,1,,
1763500942.514758,WARN,OVERCURRENT,I1=1.58 ×In,414.6424660543676,314.91832864888676,1,,
1763500942.514758,ALARM,TEMP_HIGH,θhs=112.4°C > 110.0°C,112.35072161801216,110.0,1,,
1763500943.4196281,WARN,OVERCURRENT,I1=1.58 ×In,414.6424660543676,314.91832864888676,1,,
1763500943.4196281,ALARM,TEMP_HIGH,θhs=112.4°C > 110.0°C,112.36164153232315,110.0,1,,
1763500943.4196281,WARN,OVERLOAD,S=1.58 ×Sn,158000000.0,110000000.00000001,1,,
1763500944.5772612,ALARM,TEMP_HIGH,θhs=112.4°C > 110.0°C,112.37255902025612,110.0,1,,
1763500944.5772612,WARN,OVERLOAD,S=1.58 ×Sn,158000000.0,110000000.00000001,1,,
1763500944.5772612,WARN,OVERCURRENT,I1=1.58 ×In,414.6424660543676,314.91832864888676,1,,
1763500945.6550531,WARN,OVERLOAD,S=1.58 ×Sn,158000000.0,110000000.00000001,1,,
1763500945.6550531,WARN,OVERCURRENT,I1=1.58 ×In,414.6424660543676,314.91832864888676,1,,
1763500945.6550531,ALARM,TEMP_HIGH,θhs=112.4°C > 110.0°C,112.3834740823502,110.0,1,,
1763500946.5533864,WARN,OVERLOAD,S=1.58 ×Sn,158000000.0,110000000.00000001,1,,
1763500946.5533864,WARN,OVERCURRENT,I1=1.58 ×In,414.6424660543676,314.91832864888676,1,,
1763500946.5533864,ALARM,TEMP_HIGH,θhs=112.4°C > 110.0°C,112.39438671914442,110.0,1,,
1763500947.393084,WARN,OVERLOAD,S=1.58 ×Sn,158000000.0,110000000.00000001,1,,
1763500947.393084,WARN,OVERCURRENT,I1=1.58 ×In,414.6424660543676,314.91832864888676,1,,
1763500947.393084,ALARM,TEMP_HIGH,θhs=112.4°C > 110.0°C,112.40529693117767,110.0,1,,
1763500948.4696298,WARN,OVERCURRENT,I1=1.58 ×In,414.6424660543676,314.91832864888676,1,,
1763500948.4696298,ALARM,TEMP_HIGH,θhs=112.4°C > 110.0°C,112.41620471898872,110.0,1,,
1763500948.4696298,WARN,OVERLOAD,S=1.58 ×Sn,158000000.0,110000000.00000001,1,,
1763500949.676961,WARN,OVERLOAD,S=1.58 ×Sn,158000000.0,110000000.00000001,1,,
1763500949.676961,WARN,OVERCURRENT,I1=1.58 ×In,414.6424660543676,314.91832864888676,1,,
1763500949.676961,ALARM,TEMP_HIGH,θhs=112.4°C > 110.0°C,112.42711008311623,110.0,1,,
1763500950.8632863,WARN,OVERLOAD,S=1.58 ×Sn,158000000.0,110000000.00000001,1,,
1763500950.8632863,WARN,OVERCURRENT,I1=1.58 ×In,414.6424660543676,314.91832864888676,1,,
1763500950.8632863,ALARM,TEMP_HIGH,θhs=112.4°C > 110.0°C,112.43801302409875,110.0,1,,
1763500951.8457532,WARN,OVERLOAD,S=1.58 ×Sn,158000000.0,110000000.00000001,1,,
1763500951.8457532,WARN,OVERCURRENT,I1=1.58 ×In,414.6424660543676,314.91832864888676,1,,
1763500951.8457532,ALARM,TEMP_HIGH,θhs=112.4°C > 110.0°C,112.44891354247468,110.0,1,,
1763500952.3717468,ALARM,TEMP_HIGH,θhs=112.5°C > 110.0°C,112.45981163878233,110.0,1,,
1763500952.3717468,WARN,OVERLOAD,S=1.58 ×Sn,158000000.0,110000000.00000001,1,,
1763500952.3717468,WARN,OVERCURRENT,I1=1.58 ×In,414.6424660543676,314.91832864888676,1,,
1763500953.2854524,ALARM,TEMP_HIGH,θhs=112.5°C > 110.0°C,112.47070731355986,110.0,1,,
1763500953.2854524,WARN,OVERLOAD,S=1.58 ×Sn,158000000.0,110000000.00000001,1,,
1763500953.2854524,WARN,OVERCURRENT,I1=1.58 ×In,414.6424660543676,314.91832864888676,1,,
1763500954.4563897,WARN,OVERLOAD,S=1.58 ×Sn,158000000.0,110000000.00000001,1,,
1763500954.4563897,WARN,OVERCURRENT,I1=1.58 ×In,414.6424660543676,314.91832864888676,1,,
1763500954.4563897,ALARM,TEMP_HIGH,θhs=112.5°C > 110.0°C,112.48160056734534,110.0,1,,
1763500955.3944304,WARN,OVERLOAD,S=1.58 ×Sn,158000000.0,110000000.00000001,1,,
1763500955.3944304,WARN,OVERCURRENT,I1=1.58 ×In,414.6424660543676,314.91832864888676,1,,
1763500955.3944304,ALARM,TEMP_HIGH,θhs=112.5°C > 110.0°C,112.4924914006767,110.0,1,,
1763500956.3245132,WARN,OVERLOAD,S=1.58 ×Sn,158000000.0,110000000.00000001,1,,
1763500956.3245132,WARN,OVERCURRENT,I1=1.58 ×In,414.6424660543676,314.91832864888676,1,,
1763500956.3245132,ALARM,TEMP_HIGH,θhs=112.5°C > 110.0°C,112.50337981409177,110.0,1,,
1763500956.9734895,WARN,OVERCURRENT,I1=1.58 ×In,414.6424660543676,314.91832864888676,1,,
1763500956.9734895,ALARM,TEMP_HIGH,θhs=112.5°C > 110.0°C,112.51426580812824,110.0,1,,
1763500956.9734895,WARN,OVERLOAD,S=1.58 ×Sn,158000000.0,110000000.00000001,1,,
1763500957.83486,WARN,OVERLOAD,S=1.58 ×Sn,158000000.0,110000000.00000001,1,,
1763500957.83486,WARN,OVERCURRENT,I1=1.58 ×In,414.6424660543676,314.91832864888676,1,,
1763500957.83486,ALARM,TEMP_HIGH,θhs=112.5°C > 110.0°C,112.5251493833237,110.0,1,,
1763500958.0282505,WARN,OVERLOAD,S=1.58 ×Sn,158000000.0,110000000.00000001,1,,
1763500958.0282505,WARN,OVERCURRENT,I1=1.58 ×In,414.6424660543676,314.91832864888676,1,,
1763500958.0282505,ALARM,TEMP_HIGH,θhs=112.5°C > 110.0°C,112.53603054021559,110.0,1,,
1763500958.9192827,WARN,OVERLOAD,S=1.58 ×Sn,158000000.0,110000000.00000001,1,,
1763500958.9192827,WARN,OVERCURRENT,I1=1.58 ×In,414.6424660543676,314.91832864888676,1,,
1763500958.9192827,ALARM,TEMP_HIGH,θhs=112.5°C > 110.0°C,112.54690927934128,110.0,1,,
1763500959.8862402,ALARM,TEMP_HIGH,θhs=112.6°C > 110.0°C,112.55778560123797,110.0,1,,
1763500959.8862402,WARN,OVERCURRENT,I1=1.58 ×In,414.6424660543676,314.91832864888676,1,,
1763500959.8862402,WARN,OVERLOAD,S=1.58 ×Sn,158000000.0,110000000.00000001,1,,
1763500960.99444,WARN,OVERLOAD,S=1.58 ×Sn,158000000.0,110000000.00000001,1,,
1763500960.99444,WARN,OVERCURRENT,I1=1.58 ×In,414.6424660543676,314.91832864888676,1,,
1763500960.99444,ALARM,TEMP_HIGH,θhs=112.6°C > 110.0°C,112.56865950644277,110.0,1,,
1763500961.8897982,WARN,OVERLOAD,S=1.58 ×Sn,158000000.0,110000000.00000001,1,,
1763500961.8897982,WARN,OVERCURRENT,I1=1.58 ×In,414.6424660543676,314.91832864888676,1,,
1763500961.8897982,ALARM,TEMP_HIGH,θhs=112.6°C > 110.0°C,112.57953099549266,110.0,1,,
1763500962.4059281,ALARM,TEMP_HIGH,θhs=112.6°C > 110.0°C,112.57181480235285,110.0,1,,
1763500963.501042,ALARM,TEMP_HIGH,θhs=112.6°C > 110.0°C,112.56410032373212,110.0,1,,
1763500964.655031,ALARM,TEMP_HIGH,θhs=112.6°C > 110.0°C,112.5563875592495,110.0,1,,
1763500965.7626832,ALARM,TEMP_HIGH,θhs=112.5°C > 110.0°C,112.54867650852412,110.0,1,,
1763500966.9423153,ALARM,TEMP_HIGH,θhs=112.5°C > 110.0°C,112.5409671711752,110.0,1,,
1763500968.0103686,ALARM,TEMP_HIGH,θhs=112.5°C > 110.0°C,112.53325954682201,110.0,1,,
1763500969.016324,ALARM,TEMP_HIGH,θhs=112.5°C > 110.0°C,112.52555363508392,110.0,1,,
1763500970.0787706,ALARM,TEMP_HIGH,θhs=112.5°C > 110.0°C,112.51784943558042,110.0,1,,
1763500971.1608481,ALARM,TEMP_HIGH,θhs=112.5°C > 110.0°C,112.51014694793103,110.0,1,,
1763500971.9214344,ALARM,TEMP_HIGH,θhs=112.5°C > 110.0°C,112.50244617175541,110.0,1,,
1763500973.0059292,ALARM,TEMP_HIGH,θhs=112.5°C > 110.0°C,112.49474710667324,110.0,1,,
1763500974.0128274,ALARM,TEMP_HIGH,θhs=112.5°C > 110.0°C,112.48704975230434,110.0,1,,
1763500974.9565032,ALARM,TEMP_HIGH,θhs=112.5°C > 110.0°C,112.4793541082686,110.0,1,,
1763500975.8181033,ALARM,TEMP_HIGH,θhs=112.5°C > 110.0°C,112.47166017418596,110.0,1,,
1763500976.8246136,ALARM,TEMP_HIGH,θhs=112.5°C > 110.0°C,112.46396794967649,110.0,1,,
1763500977.71361,ALARM,TEMP_HIGH,θhs=112.5°C > 110.0°C,112.45627743436033,110.0,1,,
1763500978.5574362,ALARM,TEMP_HIGH,θhs=112.4°C > 110.0°C,112.4485886278577,110.0,1,,
1763500979.5265174,ALARM,TEMP_HIGH,θhs=112.4°C > 110.0°C,112.4409015297889,110.0,1,,
1763500980.4715183,ALARM,TEMP_HIGH,θhs=112.4°C > 110.0°C,112.43321613977433,110.0,1,,
1763500981.3375835,ALARM,TEMP_HIGH,θhs=112.4°C > 110.0°C,112.42553245743446,110.0,1,,
1763500982.181087,ALARM,TEMP_HIGH,θhs=112.4°C > 110.0°C,112.41785048238984,110.0,1,,
1763500983.0318055,ALARM,TEMP_HIGH,θhs=112.4°C > 110.0°C,112.41017021426113,110.0,1,,
1763500983.91868,ALARM,TEMP_HIGH,θhs=112.4°C > 110.0°C,112.40249165266904,110.0,1,,
1763500984.4928644,ALARM,TEMP_HIGH,θhs=112.4°C > 110.0°C,112.3948147972344,110.0,1,,
1763500985.4379845,ALARM,TEMP_HIGH,θhs=112.4°C > 110.0°C,112.3871396475781,110.0,1,,
1763500986.32529,ALARM,TEMP_HIGH,θhs=112.4°C > 110.0°C,112.3794662033211,110.0,1,,
1763500987.1870408,ALARM,TEMP_HIGH,θhs=112.4°C > 110.0°C,112.37179446408449,110.0,1,,
1763500988.114058,ALARM,TEMP_HIGH,θhs=112.4°C > 110.0°C,112.36412442948941,110.0,1,,
1763500988.9467323,ALARM,TEMP_HIGH,θhs=112.4°C > 110.0°C,112.35645609915709,110.0,1,,
1763500989.8042822,ALARM,TEMP_HIGH,θhs=112.3°C > 110.0°C,112.34878947270884,110.0,1,,
1763500990.6486354,ALARM,TEMP_HIGH,θhs=112.3°C > 110.0°C,112.34112454976609,110.0,1,,
1763500991.5878434,ALARM,TEMP_HIGH,θhs=112.3°C > 110.0°C,112.33346132995031,110.0,1,,
1763500992.6941035,ALARM,TEMP_HIGH,θhs=112.3°C > 110.0°C,112.32579981288306,110.0,1,,
1763500993.7893615,ALARM,TEMP_HIGH,θhs=112.3°C > 110.0°C,112.318139998186,110.0,1,,
1763500994.77928,ALARM,TEMP_HIGH,θhs=112.3°C > 110.0°C,112.31048188548085,110.0,1,,
1763500995.6909733,ALARM,TEMP_HIGH,θhs=112.3°C > 110.0°C,112.30282547438946,110.0,1,,
1763500996.5473511,ALARM,TEMP_HIGH,θhs=112.3°C > 110.0°C,112.29517076453372,110.0,1,,
1763500997.449277,ALARM,TEMP_HIGH,θhs=112.3°C > 110.0°C,112.28751775553563,110.0,1,,
1763500998.4699626,ALARM,TEMP_HIGH,θhs=112.3°C > 110.0°C,112.27986644701726,110.0,1,,
1763500999.3431652,ALARM,TEMP_HIGH,θhs=112.3°C > 110.0°C,112.27221683860076,110.0,1,,
1763501000.3512018,ALARM,TEMP_HIGH,θhs=112.3°C > 110.0°C,112.26456892990836,110.0,1,,
1763501001.2235532,ALARM,TEMP_HIGH,θhs=112.3°C > 110.0°C,112.25692272056241,110.0,1,,
1763501002.1817074,ALARM,TEMP_HIGH,θhs=112.2°C > 110.0°C,112.24927821018532,110.0,1,,
1763501003.108445,ALARM,TEMP_HIGH,θhs=112.2°C > 110.0°C,112.24163539839958,110.0,1,,
1763502320.3738809,ALARM,TEMP_HIGH,θhs=112.0°C > 110.0°C,112.0,110.0,1,,
1763502327.0916805,ALARM,TEMP_HIGH,θhs=112.0°C > 110.0°C,112.0,110.0,1,,
1763502329.2261755,ALARM,TEMP_HIGH,θhs=112.0°C > 110.0°C,112.0,110.0,1,,
1763502331.4125197,ALARM,TEMP_HIGH,θhs=112.0°C > 110.0°C,112.0,110.0,1,,
1763502333.9851084,ALARM,TEMP_HIGH,θhs=112.0°C > 110.0°C,112.0,110.0,1,,
1763502336.787719,ALARM,TEMP_HIGH,θhs=112.0°C > 110.0°C,112.0,110.0,1,,
1763502339.093084,ALARM,TEMP_HIGH,θhs=112.0°C > 110.0°C,112.0,110.0,1,,
1763502340.9135323,ALARM,TEMP_HIGH,θhs=112.0°C > 110.0°C,112.0,110.0,1,,
1763502343.42241,ALARM,TEMP_HIGH,θhs=112.0°C > 110.0°C,112.0,110.0,1,,
1763502345.3197882,ALARM,TEMP_HIGH,θhs=112.0°C > 110.0°C,112.0,110.0,1,,
1763502347.0563927,ALARM,TEMP_HIGH,θhs=112.0°C > 110.0°C,112.0,110.0,1,,
1763502350.3791676,ALARM,TEMP_HIGH,θhs=112.0°C > 110.0°C,112.0,110.0,1,,
1763502352.1289728,ALARM,TEMP_HIGH,θhs=112.0°C > 110.0°C,112.0,110.0,1,,
1763502354.5707126,ALARM,TEMP_HIGH,θhs=112.0°C > 110.0°C,112.0,110.0,1,,
1763502356.762797,ALARM,TEMP_HIGH,θhs=112.0°C > 110.0°C,112.0,110.0,1,,
1763502358.5540237,ALARM,TEMP_HIGH,θhs=112.0°C > 110.0°C,112.0,110.0,1,,
1763502360.2491684,ALARM,TEMP_HIGH,θhs=112.0°C > 110.0°C,112.0,110.0,1,,
1763502362.1586783,ALARM,TEMP_HIGH,θhs=112.0°C > 110.0°C,112.0,110.0,1,,
1763502364.796613,ALARM,TEMP_HIGH,θhs=112.0°C > 110.0°C,112.0,110.0,1,,
1763502367.148477,ALARM,TEMP_HIGH,θhs=112.0°C > 110.0°C,112.0,110.0,1,,
1763502368.9971662,ALARM,TEMP_HIGH,θhs=112.0°C > 110.0°C,112.0,110.0,1,,
1763502370.8049314,ALARM,TEMP_HIGH,θhs=112.0°C > 110.0°C,112.0,110.0,1,,
1763502372.6037292,ALARM,TEMP_HIGH,θhs=112.0°C > 110.0°C,112.0,110.0,1,,
1763502374.5533738,ALARM,TEMP_HIGH,θhs=112.0°C > 110.0°C,112.0,110.0,1,,
1763502376.291653,ALARM,TEMP_HIGH,θhs=112.0°C > 110.0°C,112.0,110.0,1,,
1763502378.8236618,ALARM,TEMP_HIGH,θhs=112.0°C > 110.0°C,112.0,110.0,1,,
1763502380.6933513,ALARM,TEMP_HIGH,θhs=112.0°C > 110.0°C,112.0,110.0,1,,
1763502382.6074188,ALARM,TEMP_HIGH,θhs=112.0°C > 110.0°C,112.0,110.0,1,,
1763502384.2380393,ALARM,TEMP_HIGH,θhs=112.0°C > 110.0°C,112.0,110.0,1,,
1763502385.2976353,ALARM,TEMP_HIGH,θhs=112.0°C > 110.0°C,112.0,110.0,1,,
1763502386.9909194,ALARM,TEMP_HIGH,θhs=112.0°C > 110.0°C,112.0,110.0,1,,
1763502388.4295537,ALARM,TEMP_HIGH,θhs=112.0°C > 110.0°C,112.0,110.0,1,,
1763502391.0691426,ALARM,TEMP_HIGH,θhs=112.0°C > 110.0°C,112.0,110.0,1,,
1763502393.2021165,ALARM,TEMP_HIGH,θhs=112.0°C > 110.0°C,112.0,110.0,1,,
1763502395.5625193,ALARM,TEMP_HIGH,θhs=112.0°C > 110.0°C,112.0,110.0,1,,
1763502397.6334875,ALARM,TEMP_HIGH,θhs=112.0°C > 110.0°C,112.0,110.0,1,,
1763502399.641551,ALARM,TEMP_HIGH,θhs=112.0°C > 110.0°C,112.0,110.0,1,,
1763502401.4747822,ALARM,TEMP_HIGH,θhs=112.0°C > 110.0°C,112.0,110.0,1,,
1763502403.4312694,ALARM,TEMP_HIGH,θhs=112.0°C > 110.0°C,112.0,110.0,1,,
1763502405.8208797,ALARM,TEMP_HIGH,θhs=112.0°C > 110.0°C,112.0,110.0,1,,
1763502407.4044874,ALARM,TEMP_HIGH,θhs=112.0°C > 110.0°C,112.0,110.0,1,,
1763502409.4216578,ALARM,TEMP_HIGH,θhs=112.0°C > 110.0°C,112.0,110.0,1,,
1763502411.652334,ALARM,TEMP_HIGH,θhs=112.0°C > 110.0°C,112.0,110.0,1,,
1763502413.7073972,ALARM,TEMP_HIGH,θhs=112.0°C > 110.0°C,112.0,110.0,1,,
1763502415.7664979,ALARM,TEMP_HIGH,θhs=112.0°C > 110.0°C,112.0,110.0,1,,
1763502417.6469913,ALARM,TEMP_HIGH,θhs=112.0°C > 110.0°C,112.0,110.0,1,,
1763502419.539094,ALARM,TEMP_HIGH,θhs=112.0°C > 110.0°C,112.0,110.0,1,,
1763502421.5788379,ALARM,TEMP_HIGH,θhs=112.0°C > 110.0°C,112.0,110.0,1,,
1763502423.3159065,ALARM,TEMP_HIGH,θhs=112.0°C > 110.0°C,112.0,110.0,1,,
1763502425.219144,ALARM,TEMP_HIGH,θhs=112.0°C > 110.0°C,112.0,110.0,1,,
1763502427.763831,ALARM,TEMP_HIGH,θhs=112.0°C > 110.0°C,112.0,110.0,1,,
1763502429.9682336,ALARM,TEMP_HIGH,θhs=112.0°C > 110.0°C,112.0,110.0,1,,
1763502431.8332393,ALARM,TEMP_HIGH,θhs=112.0°C > 110.0°C,112.0,110.0,1,,
1763502433.958394,ALARM,TEMP_HIGH,θhs=112.0°C > 110.0°C,112.0,110.0,1,,
1763502435.65282,ALARM,TEMP_HIGH,θhs=112.0°C > 110.0°C,112.0,110.0,1,,
1763502437.3669882,ALARM,TEMP_HIGH,θhs=112.0°C > 110.0°C,112.0,110.0,1,,
1763502439.1885283,ALARM,TEMP_HIGH,θhs=112.0°C > 110.0°C,112.0,110.0,1,,
1763502441.6210616,ALARM,TEMP_HIGH,θhs=112.0°C > 110.0°C,112.0,110.0,1,,
1763502443.1160834,ALARM,TEMP_HIGH,θhs=112.0°C > 110.0°C,112.0,110.0,1,,
1763502444.866818,ALARM,TEMP_HIGH,θhs=112.0°C > 110.0°C,112.0,110.0,1,,
1763502446.6025012,ALARM,TEMP_HIGH,θhs=112.0°C > 110.0°C,112.0,110.0,1,,
1763502448.989969,ALARM,TEMP_HIGH,θhs=112.0°C > 110.0°C,112.0,110.0,1,,
1763502450.7277558,ALARM,TEMP_HIGH,θhs=112.0°C > 110.0°C,112.0,110.0,1,,
1763502452.7026129,ALARM,TEMP_HIGH,θhs=112.0°C > 110.0°C,112.0,110.0,1,,
1763502454.8565822,ALARM,TEMP_HIGH,θhs=112.0°C > 110.0°C,112.0,110.0,1,,
1763502456.2045286,ALARM,TEMP_HIGH,θhs=112.0°C > 110.0°C,112.0,110.0,1,,
1763502458.1503298,ALARM,TEMP_HIGH,θhs=112.0°C > 110.0°C,112.0,110.0,1,,
1763502460.1987996,ALARM,TEMP_HIGH,θhs=112.0°C > 110.0°C,112.0,110.0,1,,
1763502461.6353428,ALARM,TEMP_HIGH,θhs=112.0°C > 110.0°C,112.0,110.0,1,,
1763502463.5456083,ALARM,TEMP_HIGH,θhs=112.0°C > 110.0°C,112.0,110.0,1,,
1763502465.5295508,ALARM,TEMP_HIGH,θhs=112.0°C > 110.0°C,112.0,110.0,1,,
1763502467.3151045,ALARM,TEMP_HIGH,θhs=112.0°C > 110.0°C,112.0,110.0,1,,
1763502469.179554,ALARM,TEMP_HIGH,θhs=112.0°C > 110.0°C,112.0,110.0,1,,
1763502471.0353148,ALARM,TEMP_HIGH,θhs=112.0°C > 110.0°C,112.0,110.0,1,,
1763502473.0337193,ALARM,TEMP_HIGH,θhs=112.0°C > 110.0°C,112.0,110.0,1,,
1763502474.8840318,ALARM,TEMP_HIGH,θhs=112.0°C > 110.0°C,112.0,110.0,1,,
1763502477.1826181,ALARM,TEMP_HIGH,θhs=112.0°C > 110.0°C,112.0,110.0,1,,
1763502479.2268348,ALARM,TEMP_HIGH,θhs=112.0°C > 110.0°C,112.0,110.0,1,,
1763502481.0653114,ALARM,TEMP_HIGH,θhs=112.0°C > 110.0°C,112.0,110.0,1,,
1763502483.1175177,ALARM,TEMP_HIGH,θhs=112.0°C > 110.0°C,112.0,110.0,1,,
1763502485.3844361,ALARM,TEMP_HIGH,θhs=112.0°C > 110.0°C,112.0,110.0,1,,
1763502487.48672,ALARM,TEMP_HIGH,θhs=112.0°C > 110.0°C,112.0,110.0,1,,
1763502489.6306257,ALARM,TEMP_HIGH,θhs=112.0°C > 110.0°C,112.0,110.0,1,,
1763502492.0028927,ALARM,TEMP_HIGH,θhs=112.0°C > 110.0°C,112.0,110.0,1,,
1763502493.5549202,ALARM,TEMP_HIGH,θhs=112.0°C > 110.0°C,112.0,110.0,1,,
1763502495.528709,ALARM,TEMP_HIGH,θhs=112.0°C > 110.0°C,112.0,110.0,1,,
1763502497.7179036,ALARM,TEMP_HIGH,θhs=112.0°C > 110.0°C,112.0,110.0,1,,
1763502499.2453618,ALARM,TEMP_HIGH,θhs=112.0°C > 110.0°C,112.0,110.0,1,,
1763502501.6012573,ALARM,TEMP_HIGH,θhs=112.0°C > 110.0°C,112.0,110.0,1,,
1763502504.21463,ALARM,TEMP_HIGH,θhs=112.0°C > 110.0°C,112.0,110.0,1,,
1763502506.1149864,ALARM,TEMP_HIGH,θhs=112.0°C > 110.0°C,112.0,110.0,1,,
1763502508.7570975,ALARM,TEMP_HIGH,θhs=112.0°C > 110.0°C,112.0,110.0,1,,
1763502511.1165376,ALARM,TEMP_HIGH,θhs=112.0°C > 110.0°C,112.0,110.0,1,,
1763502513.4835746,ALARM,TEMP_HIGH,θhs=112.0°C > 110.0°C,112.0,110.0,1,,
1763502515.6114695,ALARM,TEMP_HIGH,θhs=112.0°C > 110.0°C,112.0,110.0,1,,
1763502516.6301215,ALARM,TEMP_HIGH,θhs=112.0°C > 110.0°C,112.0,110.0,1,,
1763502518.752762,ALARM,TEMP_HIGH,θhs=112.0°C > 110.0°C,112.0,110.0,1,,
1763502520.444523,ALARM,TEMP_HIGH,θhs=112.0°C > 110.0°C,112.0,110.0,1,,
1763502523.1179316,ALARM,TEMP_HIGH,θhs=112.0°C > 110.0°C,112.0,110.0,1,,
1763502525.6677473,ALARM,TEMP_HIGH,θhs=112.0°C > 110.0°C,112.0,110.0,1,,
1763502527.5673063,ALARM,TEMP_HIGH,θhs=112.0°C > 110.0°C,112.0,110.0,1,,
1763502529.9148514,ALARM,TEMP_HIGH,θhs=112.0°C > 110.0°C,112.0,110.0,1,,
1763502531.7651808,ALARM,TEMP_HIGH,θhs=112.0°C > 110.0°C,112.0,110.0,1,,
1763502533.4890242,ALARM,TEMP_HIGH,θhs=112.0°C > 110.0°C,112.0,110.0,1,,
1763502536.0781133,ALARM,TEMP_HIGH,θhs=112.0°C > 110.0°C,112.0,110.0,1,,
1763502538.358348,ALARM,TEMP_HIGH,θhs=112.0°C > 110.0°C,112.0,110.0,1,,
1763502540.58666,ALARM,TEMP_HIGH,θhs=112.0°C > 110.0°C,112.0,110.0,1,,
1763502542.5663893,ALARM,TEMP_HIGH,θhs=112.0°C > 110.0°C,112.0,110.0,1,,
1763502544.670715,ALARM,TEMP_HIGH,θhs=112.0°C > 110.0°C,112.0,110.0,1,,
1763502546.860929,ALARM,TEMP_HIGH,θhs=112.0°C > 110.0°C,112.0,110.0,1,,
1763502549.0654137,ALARM,TEMP_HIGH,θhs=112.0°C > 110.0°C,112.0,110.0,1,,
1763502550.873109,ALARM,TEMP_HIGH,θhs=112.0°C > 110.0°C,112.0,110.0,1,,
1763502552.980592,ALARM,TEMP_HIGH,θhs=112.0°C > 110.0°C,112.0,110.0,1,,
1763502554.7574356,ALARM,TEMP_HIGH,θhs=112.0°C > 110.0°C,112.0,110.0,1,,
1763502557.203056,ALARM,TEMP_HIGH,θhs=112.0°C > 110.0°C,112.0,110.0,1,,
1763502558.9589293,ALARM,TEMP_HIGH,θhs=112.0°C > 110.0°C,112.0,110.0,1,,
1763502560.4239473,ALARM,TEMP_HIGH,θhs=112.0°C > 110.0°C,112.0,110.0,1,,
1763502562.2875211,ALARM,TEMP_HIGH,θhs=112.0°C > 110.0°C,112.0,110.0,1,,
1763502565.0935102,ALARM,TEMP_HIGH,θhs=111.9°C > 110.0°C,111.93597286832325,110.0,1,,
1763502567.673696,ALARM,TEMP_HIGH,θhs=111.9°C > 110.0°C,111.87203525432821,110.0,1,,
1763502570.180473,ALARM,TEMP_HIGH,θhs=111.8°C > 110.0°C,111.8081869973218,110.0,1,,
1763502572.4923003,ALARM,TEMP_HIGH,θhs=111.7°C > 110.0°C,111.74442793699329,110.0,1,,
1763502574.8042262,ALARM,TEMP_HIGH,θhs=111.7°C > 110.0°C,111.68075791341327,110.0,1,,
1763502576.6011784,ALARM,TEMP_HIGH,θhs=111.6°C > 110.0°C,111.6171767670325,110.0,1,,
1763502578.428577,ALARM,TEMP_HIGH,θhs=111.6°C > 110.0°C,111.55368433868084,110.0,1,,
1763502580.1218925,ALARM,TEMP_HIGH,θhs=111.5°C > 110.0°C,111.49028046956613,110.0,1,,
1763502582.2271276,ALARM,TEMP_HIGH,θhs=111.4°C > 110.0°C,111.42696500127313,110.0,1,,
1763502583.9605806,ALARM,TEMP_HIGH,θhs=111.4°C > 110.0°C,111.36373777576243,110.0,1,,
1763502585.8376565,ALARM,TEMP_HIGH,θhs=111.3°C > 110.0°C,111.30059863536934,110.0,1,,
1763502587.618834,ALARM,TEMP_HIGH,θhs=111.2°C > 110.0°C,111.23754742280283,110.0,1,,
1763502589.6458125,ALARM,TEMP_HIGH,θhs=111.2°C > 110.0°C,111.17458398114448,110.0,1,,
1763502591.5887814,ALARM,TEMP_HIGH,θhs=111.1°C > 110.0°C,111.11170815384736,110.0,1,,
1763502593.384621,ALARM,TEMP_HIGH,θhs=111.0°C > 110.0°C,111.04891978473499,110.0,1,,
1763502595.071733,ALARM,TEMP_HIGH,θhs=111.0°C > 110.0°C,110.98621871800026,110.0,1,,
1763502596.9118974,ALARM,TEMP_HIGH,θhs=110.9°C > 110.0°C,110.92360479820438,110.0,1,,
1763502598.6880836,ALARM,TEMP_HIGH,θhs=110.9°C > 110.0°C,110.8610778702758,110.0,1,,
1763502600.469477,ALARM,TEMP_HIGH,θhs=110.8°C > 110.0°C,110.79863777950922,110.0,1,,
1763502602.296814,ALARM,TEMP_HIGH,θhs=110.7°C > 110.0°C,110.73628437156444,110.0,1,,
1763502604.621286,ALARM,TEMP_HIGH,θhs=110.7°C > 110.0°C,110.67401749246535,110.0,1,,
1763502606.662956,ALARM,TEMP_HIGH,θhs=110.6°C > 110.0°C,110.61183698859895,110.0,1,,
1763502608.7830646,ALARM,TEMP_HIGH,θhs=110.5°C > 110.0°C,110.5497427067142,110.0,1,,
1763502610.6041586,ALARM,TEMP_HIGH,θhs=110.5°C > 110.0°C,110.48773449392105,110.0,1,,
1763502612.3478162,ALARM,TEMP_HIGH,θhs=110.4°C > 110.0°C,110.42581219768941,110.0,1,,
1763502614.8797255,ALARM,TEMP_HIGH,θhs=110.4°C > 110.0°C,110.36397566584805,110.0,1,,
1763502616.3673737,ALARM,TEMP_HIGH,θhs=110.3°C > 110.0°C,110.30222474658363,110.0,1,,
1763502617.960365,ALARM,TEMP_HIGH,θhs=110.2°C > 110.0°C,110.24055928843968,110.0,1,,
1763502620.3031282,ALARM,TEMP_HIGH,θhs=110.2°C > 110.0°C,110.17897914031555,110.0,1,,
1763502621.8592741,ALARM,TEMP_HIGH,θhs=110.1°C > 110.0°C,110.11748415146536,110.0,1,,
1763502623.7289188,ALARM,TEMP_HIGH,θhs=110.1°C > 110.0°C,110.05607417149707,110.0,1,,
1763502625.443425,WARN,TEMP_WARM,θhs=110.0°C > 95.0°C,109.99474905037138,95.0,1,,
1763502633.0794039,WARN,TEMP_WARM,θhs=109.9°C > 95.0°C,109.93350863840078,95.0,1,,
1763502635.0681877,WARN,TEMP_WARM,θhs=109.9°C > 95.0°C,109.87235278624851,95.0,1,,
1763502636.7176561,WARN,TEMP_WARM,θhs=109.8°C > 95.0°C,109.81128134492758,95.0,1,,
1763502638.5701327,WARN,TEMP_WARM,θhs=109.8°C > 95.0°C,109.75029416579973,95.0,1,,
1763502640.445134,WARN,TEMP_WARM,θhs=109.7°C > 95.0°C,109.68939110057448,95.0,1,,
1763502642.2511477,WARN,TEMP_WARM,θhs=109.6°C > 95.0°C,109.6285720013081,95.0,1,,
1763502644.082309,WARN,TEMP_WARM,θhs=109.6°C > 95.0°C,109.56783672040265,95.0,1,,
1763502645.975865,WARN,TEMP_WARM,θhs=109.5°C > 95.0°C,109.50718511060498,95.0,1,,
1763502647.7184517,WARN,TEMP_WARM,θhs=109.4°C > 95.0°C,109.44661702500571,95.0,1,,
1763502649.7430825,WARN,TEMP_WARM,θhs=109.4°C > 95.0°C,109.3861323170383,95.0,1,,
1763502651.5126755,WARN,TEMP_WARM,θhs=109.3°C > 95.0°C,109.32573084047807,95.0,1,,
1763502653.3371494,WARN,TEMP_WARM,θhs=109.3°C > 95.0°C,109.26541244944117,95.0,1,,
1763502655.0586421,WARN,TEMP_WARM,θhs=109.2°C > 95.0°C,109.20517699838366,95.0,1,,
1763502656.846244,WARN,TEMP_WARM,θhs=109.1°C > 95.0°C,109.14502434210053,95.0,1,,
1763502658.609176,WARN,TEMP_WARM,θhs=109.1°C > 95.0°C,109.08495433572469,95.0,1,,
1763502660.4519603,WARN,TEMP_WARM,θhs=109.0°C > 95.0°C,109.02496683472609,95.0,1,,
1763502662.1507592,WARN,TEMP_WARM,θhs=109.0°C > 95.0°C,108.96506169491069,95.0,1,,
1763502664.4488344,WARN,TEMP_WARM,θhs=108.9°C > 95.0°C,108.90523877241954,95.0,1,,
1763502665.9280784,WARN,TEMP_WARM,θhs=108.8°C > 95.0°C,108.84549792372779,95.0,1,,
1763502667.7797039,WARN,TEMP_WARM,θhs=108.8°C > 95.0°C,108.78583900564378,95.0,1,,
1763502669.7977078,WARN,TEMP_WARM,θhs=108.7°C > 95.0°C,108.72626187530805,95.0,1,,
1763502671.712786,WARN,TEMP_WARM,θhs=108.7°C > 95.0°C,108.66676639019245,95.0,1,,
1763502673.861454,WARN,TEMP_WARM,θhs=108.6°C > 95.0°C,108.60735240809913,95.0,1,,
1763502675.8904376,WARN,TEMP_WARM,θhs=108.5°C > 95.0°C,108.54801978715966,95.0,1,,
1763502677.6417215,WARN,TEMP_WARM,θhs=108.5°C > 95.0°C,108.48876838583405,95.0,1,,
1763502679.913766,WARN,TEMP_WARM,θhs=108.4°C > 95.0°C,108.42959806290985,95.0,1,,
1763502682.3004055,WARN,TEMP_WARM,θhs=108.4°C > 95.0°C,108.37050867750118,95.0,1,,
1763502685.269819,WARN,TEMP_WARM,θhs=108.3°C > 95.0°C,108.31150008904787,95.0,1,,
1763502686.8969061,WARN,TEMP_WARM,θhs=108.3°C > 95.0°C,108.25257215731445,95.0,1,,
1763502688.879258,WARN,TEMP_WARM,θhs=108.2°C > 95.0°C,108.19372474238928,95.0,1,,
1763502691.820089,WARN,TEMP_WARM,θhs=108.1°C > 95.0°C,108.13495770468364,95.0,1,,
1763502693.7145948,WARN,TEMP_WARM,θhs=108.1°C > 95.0°C,108.07627090493078,95.0,1,,
1763502695.7903194,WARN,TEMP_WARM,θhs=108.0°C > 95.0°C,108.01766420418502,95.0,1,,
1763502697.9258304,WARN,TEMP_WARM,θhs=108.0°C > 95.0°C,107.95913746382085,95.0,1,,
1763502700.5411105,WARN,TEMP_WARM,θhs=107.9°C > 95.0°C,107.90069054553202,95.0,1,,
1763502702.698396,WARN,TEMP_WARM,θhs=107.8°C > 95.0°C,107.84232331133059,95.0,1,,
1763502704.5748658,WARN,TEMP_WARM,θhs=107.8°C > 95.0°C,107.78403562354612,95.0,1,,
1763502706.892815,WARN,TEMP_WARM,θhs=107.7°C > 95.0°C,107.72582734482468,95.0,1,,
1763502708.4892113,WARN,TEMP_WARM,θhs=107.7°C > 95.0°C,107.66769833812802,95.0,1,,
1763502710.2424078,WARN,TEMP_WARM,θhs=107.6°C > 95.0°C,107.60964846673262,95.0,1,,
1763502712.291353,WARN,TEMP_WARM,θhs=107.6°C > 95.0°C,107.55167759422886,95.0,1,,
1763502713.881067,WARN,TEMP_WARM,θhs=107.5°C > 95.0°C,107.49378558452008,95.0,1,,
1763502715.6036713,WARN,TEMP_WARM,θhs=107.4°C > 95.0°C,107.43597230182172,95.0,1,,
1763502717.7428484,WARN,TEMP_WARM,θhs=107.4°C > 95.0°C,107.37823761066043,95.0,1,,
1763502719.2472255,WARN,TEMP_WARM,θhs=107.3°C > 95.0°C,107.3205813758732,95.0,1,,
1763502721.8996844,WARN,TEMP_WARM,θhs=107.3°C > 95.0°C,107.26300346260648,95.0,1,,
1763502723.6517258,WARN,TEMP_WARM,θhs=107.2°C > 95.0°C,107.2055037363153,95.0,1,,
1763502726.1003506,WARN,TEMP_WARM,θhs=107.1°C > 95.0°C,107.14808206276238,95.0,1,,
1763502728.326858,WARN,TEMP_WARM,θhs=107.1°C > 95.0°C,107.09073830801734,95.0,1,,
1763502730.5692222,WARN,TEMP_WARM,θhs=107.0°C > 95.0°C,107.03347233845571,95.0,1,,
1763502732.8833141,WARN,TEMP_WARM,θhs=107.0°C > 95.0°C,106.97628402075817,95.0,1,,
1763502735.0212314,WARN,TEMP_WARM,θhs=106.9°C > 95.0°C,106.91917322190967,95.0,1,,
1763502736.855642,WARN,TEMP_WARM,θhs=106.9°C > 95.0°C,106.86213980919852,95.0,1,,
1763502738.7552662,WARN,TEMP_WARM,θhs=106.8°C > 95.0°C,106.8051836502156,95.0,1,,
1763502740.6165593,WARN,TEMP_WARM,θhs=106.7°C > 95.0°C,106.74830461285346,95.0,1,,
1763502742.585778,WARN,TEMP_WARM,θhs=106.7°C > 95.0°C,106.6915025653055,95.0,1,,
1763502744.9655035,WARN,TEMP_WARM,θhs=106.6°C > 95.0°C,106.6347773760651,95.0,1,,
1763502746.6550121,WARN,TEMP_WARM,θhs=106.6°C > 95.0°C,106.57812891392481,95.0,1,,
1763502748.4285798,WARN,TEMP_WARM,θhs=106.5°C > 95.0°C,106.52155704797549,95.0,1,,
1763502751.0588212,WARN,TEMP_WARM,θhs=106.5°C > 95.0°C,106.46506164760542,95.0,1,,
1763502753.3827555,WARN,TEMP_WARM,θhs=106.4°C > 95.0°C,106.40864258249957,95.0,1,,
1763502756.7803037,WARN,TEMP_WARM,θhs=106.4°C > 95.0°C,106.35229972263866,95.0,1,,
1763502758.8752766,WARN,TEMP_WARM,θhs=106.3°C > 95.0°C,106.29603293829842,95.0,1,,
1763502760.8724904,WARN,TEMP_WARM,θhs=106.2°C > 95.0°C,106.23984210004869,95.0,1,,
1763502762.9017859,WARN,TEMP_WARM,θhs=106.2°C > 95.0°C,106.18372707875261,95.0,1,,
1763502764.6797557,WARN,TEMP_WARM,θhs=106.1°C > 95.0°C,106.12768774556582,95.0,1,,
1763502766.746815,WARN,TEMP_WARM,θhs=106.1°C > 95.0°C,106.07172397193564,95.0,1,,
1763502768.7596543,WARN,TEMP_WARM,θhs=106.0°C > 95.0°C,106.01583562960023,95.0,1,,
1763502770.478958,WARN,TEMP_WARM,θhs=106.0°C > 95.0°C,105.96002259058778,95.0,1,,
1763502772.4153063,WARN,TEMP_WARM,θhs=105.9°C > 95.0°C,105.9042847272157,95.0,1,,
1763502774.3400512,WARN,TEMP_WARM,θhs=105.8°C > 95.0°C,105.8486219120898,95.0,1,,
1763502776.9771802,WARN,TEMP_WARM,θhs=105.8°C > 95.0°C,105.7930340181035,95.0,1,,
1763502778.9629445,WARN,TEMP_WARM,θhs=105.7°C > 95.0°C,105.73752091843701,95.0,1,,
1763502781.1830902,WARN,TEMP_WARM,θhs=105.7°C > 95.0°C,105.68208248655654,95.0,1,,
1763502784.1620054,WARN,TEMP_WARM,θhs=105.6°C > 95.0°C,105.62671859621348,95.0,1,,
1763502786.0484514,WARN,TEMP_WARM,θhs=105.6°C > 95.0°C,105.57142912144363,95.0,1,,
1763502788.3377938,WARN,TEMP_WARM,θhs=105.5°C > 95.0°C,105.51621393656636,95.0,1,,
1763502790.8304856,WARN,TEMP_WARM,θhs=105.5°C > 95.0°C,105.46107291618388,95.0,1,,
1763502792.7878342,WARN,TEMP_WARM,θhs=105.4°C > 95.0°C,105.40600593518037,95.0,1,,
1763502795.202987,WARN,TEMP_WARM,θhs=105.4°C > 95.0°C,105.35101286872128,95.0,1,,
1763502797.4297507,WARN,TEMP_WARM,θhs=105.3°C > 95.0°C,105.29609359225246,95.0,1,,
1763502799.792467,WARN,TEMP_WARM,θhs=105.2°C > 95.0°C,105.24124798149944,95.0,1,,
1763626652.947816,WARN,OVERLOAD,S=1.36 ×Sn,136000000.0,110000000.00000001,1,,
1763626652.947816,WARN,OVERCURRENT,I1=1.36 ×In,356.907439135405,314.91832864888676,1,,
1763626663.476958,WARN,OVERLOAD,S=1.36 ×Sn,136000000.0,110000000.00000001,1,,
1763626663.476958,WARN,OVERCURRENT,I1=1.36 ×In,356.907439135405,314.91832864888676,1,,
1763626664.1381001,WARN,OVERLOAD,S=1.36 ×Sn,136000000.0,110000000.00000001,1,,
1763626664.1381001,WARN,OVERCURRENT,I1=1.36 ×In,356.907439135405,314.91832864888676,1,,
1763626664.8355086,WARN,OVERLOAD,S=1.36 ×Sn,136000000.0,110000000.00000001,1,,
1763626664.8355086,WARN,OVERCURRENT,I1=1.36 ×In,356.907439135405,314.91832864888676,1,,
1763626665.5680962,WARN,OVERLOAD,S=1.36 ×Sn,136000000.0,110000000.00000001,1,,
1763626665.5680962,WARN,OVERCURRENT,I1=1.36 ×In,356.907439135405,314.91832864888676,1,,
1763626666.3114898,WARN,OVERLOAD,S=1.36 ×Sn,136000000.0,110000000.00000001,1,,
1763626666.3114898,WARN,OVERCURRENT,I1=1.36 ×In,356.907439135405,314.91832864888676,1,,
1763626666.9707093,WARN,OVERLOAD,S=1.36 ×Sn,136000000.0,110000000.00000001,1,,
1763626666.9707093,WARN,OVERCURRENT,I1=1.36 ×In,356.907439135405,314.91832864888676,1,,
1763626667.6110542,WARN,OVERLOAD,S=1.36 ×Sn,136000000.0,110000000.00000001,1,,
1763626667.6110542,WARN,OVERCURRENT,I1=1.36 ×In,356.907439135405,314.91832864888676,1,,
1763626668.291475,WARN,OVERLOAD,S=1.36 ×Sn,136000000.0,110000000.00000001,1,,
1763626668.291475,WARN,OVERCURRENT,I1=1.36 ×In,356.907439135405,314.91832864888676,1,,
1763626669.0525293,WARN,OVERLOAD,S=1.36 ×Sn,136000000.0,110000000.00000001,1,,
1763626669.053542,WARN,OVERCURRENT,I1=1.36 ×In,356.907439135405,314.91832864888676,1,,
1763626669.8395438,WARN,OVERLOAD,S=1.36 ×Sn,136000000.0,110000000.00000001,1,,
1763626669.8395438,WARN,OVERCURRENT,I1=1.36 ×In,356.907439135405,314.91832864888676,1,,
1763626670.5860317,WARN,OVERLOAD,S=1.36 ×Sn,136000000.0,110000000.00000001,1,,
1763626670.5860317,WARN,OVERCURRENT,I1=1.36 ×In,356.907439135405,314.91832864888676,1,,
1763626671.3531067,WARN,OVERLOAD,S=1.36 ×Sn,136000000.0,110000000.00000001,1,,
1763626671.3531067,WARN,OVERCURRENT,I1=1.36 ×In,356.907439135405,314.91832864888676,1,,
1763626672.066613,WARN,OVERLOAD,S=1.36 ×Sn,136000000.0,110000000.00000001,1,,
1763626672.066613,WARN,OVERCURRENT,I1=1.36 ×In,356.907439135405,314.91832864888676,1,,
1763626673.261625,WARN,OVERLOAD,S=1.36 ×Sn,136000000.0,110000000.00000001,1,,
1763626673.261625,WARN,OVERCURRENT,I1=1.36 ×In,356.907439135405,314.91832864888676,1,,
1763626674.7536924,WARN,OVERLOAD,S=1.36 ×Sn,136000000.0,110000000.00000001,1,,
1763626674.7536924,WARN,OVERCURRENT,I1=1.36 ×In,356.907439135405,314.91832864888676,1,,
1763626675.7179086,WARN,OVERLOAD,S=1.36 ×Sn,136000000.0,110000000.00000001,1,,
1763626675.7179086,WARN,OVERCURRENT,I1=1.36 ×In,356.907439135405,314.91832864888676,1,,
1763626676.7292714,WARN,OVERLOAD,S=1.36 ×Sn,136000000.0,110000000.00000001,1,,
1763626676.7292714,WARN,OVERCURRENT,I1=1.36 ×In,356.907439135405,314.91832864888676,1,,
1763626677.7160826,WARN,OVERLOAD,S=1.36 ×Sn,136000000.0,110000000.00000001,1,,
1763626677.7160826,WARN,OVERCURRENT,I1=1.36 ×In,356.907439135405,314.91832864888676,1,,
1763626678.5838864,WARN,OVERLOAD,S=1.36 ×Sn,136000000.0,110000000.00000001,1,,
1763626678.5838864,WARN,OVERCURRENT,I1=1.36 ×In,356.907439135405,314.91832864888676,1,,
1763626679.590719,WARN,OVERLOAD,S=1.36 ×Sn,136000000.0,110000000.00000001,1,,
1763626679.590719,WARN,OVERCURRENT,I1=1.36 ×In,356.907439135405,314.91832864888676,1,,
1763626680.3083422,WARN,OVERLOAD,S=1.36 ×Sn,136000000.0,110000000.00000001,1,,
1763626680.3083422,WARN,OVERCURRENT,I1=1.36 ×In,356.907439135405,314.91832864888676,1,,
1763626681.0275726,WARN,OVERLOAD,S=1.36 ×Sn,136000000.0,110000000.00000001,1,,
1763626681.0275726,WARN,OVERCURRENT,I1=1.36 ×In,356.907439135405,314.91832864888676,1,,
1763626681.741509,WARN,OVERLOAD,S=1.36 ×Sn,136000000.0,110000000.00000001,1,,
1763626681.741509,WARN,OVERCURRENT,I1=1.36 ×In,356.907439135405,314.91832864888676,1,,
1763626682.460224,WARN,OVERLOAD,S=1.36 ×Sn,136000000.0,110000000.00000001,1,,
1763626682.460224,WARN,OVERCURRENT,I1=1.36 ×In,356.907439135405,314.91832864888676,1,,
1763626683.206432,WARN,OVERLOAD,S=1.36 ×Sn,136000000.0,110000000.00000001,1,,
1763626683.206432,WARN,OVERCURRENT,I1=1.36 ×In,356.907439135405,314.91832864888676,1,,
1763626683.9881315,WARN,OVERLOAD,S=1.36 ×Sn,136000000.0,110000000.00000001,1,,
1763626683.9881315,WARN,OVERCURRENT,I1=1.36 ×In,356.907439135405,314.91832864888676,1,,
1763626684.7094533,WARN,OVERLOAD,S=1.36 ×Sn,136000000.0,110000000.00000001,1,,
1763626684.7094533,WARN,OVERCURRENT,I1=1.36 ×In,356.907439135405,314.91832864888676,1,,
1763626685.502271,WARN,OVERLOAD,S=1.36 ×Sn,136000000.0,110000000.00000001,1,,
1763626685.502271,WARN,OVERCURRENT,I1=1.36 ×In,356.907439135405,314.91832864888676,1,,
1763626686.3306649,WARN,OVERLOAD,S=1.36 ×Sn,136000000.0,110000000.00000001,1,,
1763626686.3306649,WARN,OVERCURRENT,I1=1.36 ×In,356.907439135405,314.91832864888676,1,,
1763626687.1604981,WARN,OVERLOAD,S=1.36 ×Sn,136000000.0,110000000.00000001,1,,
1763626687.1604981,WARN,OVERCURRENT,I1=1.36 ×In,356.907439135405,314.91832864888676,1,,
1763626688.0951564,WARN,OVERLOAD,S=1.36 ×Sn,136000000.0,110000000.00000001,1,,
1763626688.0951564,WARN,OVERCURRENT,I1=1.36 ×In,356.907439135405,314.91832864888676,1,,
1763626688.9940045,WARN,OVERLOAD,S=1.36 ×Sn,136000000.0,110000000.00000001,1,,
1763626688.9940045,WARN,OVERCURRENT,I1=1.36 ×In,356.907439135405,314.91832864888676,1,,
1763626689.8137777,WARN,OVERLOAD,S=1.36 ×Sn,136000000.0,110000000.00000001,1,,
1763626689.8137777,WARN,OVERCURRENT,I1=1.36 ×In,356.907439135405,314.91832864888676,1,,
1763626690.5567415,WARN,OVERLOAD,S=1.36 ×Sn,136000000.0,110000000.00000001,1,,
1763626690.5567415,WARN,OVERCURRENT,I1=1.36 ×In,356.907439135405,314.91832864888676,1,,
1763626691.2788055,WARN,OVERLOAD,S=1.36 ×Sn,136000000.0,110000000.00000001,1,,
1763626691.2788055,WARN,OVERCURRENT,I1=1.36 ×In,356.907439135405,314.91832864888676,1,,
1763626692.0725713,WARN,OVERLOAD,S=1.36 ×Sn,136000000.0,110000000.00000001,1,,
1763626692.0725713,WARN,OVERCURRENT,I1=1.36 ×In,356.907439135405,314.91832864888676,1,,
1763626692.8485456,WARN,OVERLOAD,S=1.36 ×Sn,136000000.0,110000000.00000001,1,,
1763626692.8485456,WARN,OVERCURRENT,I1=1.36 ×In,356.907439135405,314.91832864888676,1,,
1763626693.6005502,WARN,OVERLOAD,S=1.36 ×Sn,136000000.0,110000000.00000001,1,,
1763626693.6005502,WARN,OVERCURRENT,I1=1.36 ×In,356.907439135405,314.91832864888676,1,,
1763626694.5565457,WARN,OVERLOAD,S=1.36 ×Sn,136000000.0,110000000.00000001,1,,
1763626694.5565457,WARN,OVERCURRENT,I1=1.36 ×In,356.907439135405,314.91832864888676,1,,
1763626695.6416898,WARN,OVERLOAD,S=1.36 ×Sn,136000000.0,110000000.00000001,1,,
1763626695.6416898,WARN,OVERCURRENT,I1=1.36 ×In,356.907439135405,314.91832864888676,1,,
1763626696.6832774,WARN,OVERLOAD,S=1.36 ×Sn,136000000.0,110000000.00000001,1,,
1763626696.6832774,WARN,OVERCURRENT,I1=1.36 ×In,356.907439135405,314.91832864888676,1,,
1763626698.0856323,WARN,OVERLOAD,S=1.36 ×Sn,136000000.0,110000000.00000001,1,,
1763626698.0856323,WARN,OVERCURRENT,I1=1.36 ×In,356.907439135405,314.91832864888676,1,,
1763626699.318832,WARN,OVERLOAD,S=1.36 ×Sn,136000000.0,110000000.00000001,1,,
1763626699.318832,WARN,OVERCURRENT,I1=1.36 ×In,356.907439135405,314.91832864888676,1,,
1763626701.0998387,WARN,OVERLOAD,S=1.36 ×Sn,136000000.0,110000000.00000001,1,,
1763626701.0998387,WARN,OVERCURRENT,I1=1.36 ×In,356.907439135405,314.91832864888676,1,,
1763626702.164531,WARN,OVERLOAD,S=1.36 ×Sn,136000000.0,110000000.00000001,1,,
1763626702.164531,WARN,OVERCURRENT,I1=1.36 ×In,356.907439135405,314.91832864888676,1,,
1763626703.194848,WARN,OVERLOAD,S=1.36 ×Sn,136000000.0,110000000.00000001,1,,
1763626703.194848,WARN,OVERCURRENT,I1=1.36 ×In,356.907439135405,314.91832864888676,1,,
1763626704.1931973,WARN,OVERLOAD,S=1.36 ×Sn,136000000.0,110000000.00000001,1,,
1763626704.1931973,WARN,OVERCURRENT,I1=1.36 ×In,356.907439135405,314.91832864888676,1,,
1763626705.4378803,WARN,OVERLOAD,S=1.36 ×Sn,136000000.0,110000000.00000001,1,,
1763626705.4378803,WARN,OVERCURRENT,I1=1.36 ×In,356.907439135405,314.91832864888676,1,,
1763626706.6091554,WARN,OVERLOAD,S=1.36 ×Sn,136000000.0,110000000.00000001,1,,
1763626706.6091554,WARN,OVERCURRENT,I1=1.36 ×In,356.907439135405,314.91832864888676,1,,
1763626707.8939931,WARN,OVERLOAD,S=1.36 ×Sn,136000000.0,110000000.00000001,1,,
1763626707.8939931,WARN,OVERCURRENT,I1=1.36 ×In,356.907439135405,314.91832864888676,1,,
1763626708.940946,WARN,OVERLOAD,S=1.36 ×Sn,136000000.0,110000000.00000001,1,,
1763626708.940946,WARN,OVERCURRENT,I1=1.36 ×In,356.907439135405,314.91832864888676,1,,
1763626709.354256,WARN,OVERLOAD,S=1.36 ×Sn,136000000.0,110000000.00000001,1,,
1763626709.354256,WARN,OVERCURRENT,I1=1.36 ×In,356.907439135405,314.91832864888676,1,,
1763626710.6221387,WARN,OVERLOAD,S=1.36 ×Sn,136000000.0,110000000.00000001,1,,
1763626710.6221387,WARN,OVERCURRENT,I1=1.36 ×In,356.907439135405,314.91832864888676,1,,
1763626711.790226,WARN,OVERLOAD,S=1.36 ×Sn,136000000.0,110000000.00000001,1,,
1763626711.790226,WARN,OVERCURRENT,I1=1.36 ×In,356.907439135405,314.91832864888676,1,,
1763626713.0277197,WARN,OVERLOAD,S=1.36 ×Sn,136000000.0,110000000.00000001,1,,
1763626713.0277197,WARN,OVERCURRENT,I1=1.36 ×In,356.907439135405,314.91832864888676,1,,
1763626714.1382043,WARN,OVERLOAD,S=1.36 ×Sn,136000000.0,110000000.00000001,1,,
1763626714.1382043,WARN,OVERCURRENT,I1=1.36 ×In,356.907439135405,314.91832864888676,1,,
1763626715.5545666,WARN,OVERLOAD,S=1.36 ×Sn,136000000.0,110000000.00000001,1,,
1763626715.5545666,WARN,OVERCURRENT,I1=1.36 ×In,356.907439135405,314.91832864888676,1,,
1763626716.7547867,WARN,OVERLOAD,S=1.36 ×Sn,136000000.0,110000000.00000001,1,,
1763626716.7547867,WARN,OVERCURRENT,I1=1.36 ×In,356.907439135405,314.91832864888676,1,,
1763626717.7730324,WARN,OVERLOAD,S=1.36 ×Sn,136000000.0,110000000.00000001,1,,
1763626717.7730324,WARN,OVERCURRENT,I1=1.36 ×In,356.907439135405,314.91832864888676,1,,
1763626777.0277445,ALARM,TEMP_HIGH,θhs=112.0°C > 110.0°C,112.0,110.0,1,,
1763626782.23051,ALARM,TEMP_HIGH,θhs=112.0°C > 110.0°C,112.0,110.0,1,,
1763626783.4814465,ALARM,TEMP_HIGH,θhs=112.0°C > 110.0°C,112.0,110.0,1,,
1763626784.6521215,ALARM,TEMP_HIGH,θhs=112.0°C > 110.0°C,112.0,110.0,1,,
1763626785.7323856,ALARM,TEMP_HIGH,θhs=112.0°C > 110.0°C,112.0,110.0,1,,
1763626786.7050698,ALARM,TEMP_HIGH,θhs=112.0°C > 110.0°C,112.0,110.0,1,,
1763626787.552472,ALARM,TEMP_HIGH,θhs=112.0°C > 110.0°C,112.0,110.0,1,,
1763626789.0566912,ALARM,TEMP_HIGH,θhs=112.0°C > 110.0°C,112.0,110.0,1,,
1763626790.4330564,ALARM,TEMP_HIGH,θhs=112.0°C > 110.0°C,112.0,110.0,1,,
1763626791.7372532,ALARM,TEMP_HIGH,θhs=112.0°C > 110.0°C,112.0,110.0,1,,
1763626792.8698168,ALARM,TEMP_HIGH,θhs=112.0°C > 110.0°C,112.0,110.0,1,,
1763626793.8043327,ALARM,TEMP_HIGH,θhs=112.0°C > 110.0°C,112.0,110.0,1,,
1763626795.5676513,ALARM,TEMP_HIGH,θhs=112.0°C > 110.0°C,112.0,110.0,1,,
1763626798.1792088,ALARM,TEMP_HIGH,θhs=112.0°C > 110.0°C,112.0,110.0,1,,
1763626799.667247,ALARM,TEMP_HIGH,θhs=112.0°C > 110.0°C,112.0,110.0,1,,
1763626801.0949707,ALARM,TEMP_HIGH,θhs=112.0°C > 110.0°C,112.0,110.0,1,,
1763626802.0263658,ALARM,TEMP_HIGH,θhs=112.0°C > 110.0°C,112.0,110.0,1,,
1763626803.1175728,ALARM,TEMP_HIGH,θhs=112.0°C > 110.0°C,112.0,110.0,1,,
1763626804.4209034,ALARM,TEMP_HIGH,θhs=112.0°C > 110.0°C,112.0,110.0,1,,
1763626805.4697697,ALARM,TEMP_HIGH,θhs=112.0°C > 110.0°C,112.0,110.0,1,,
1763626806.4280303,ALARM,TEMP_HIGH,θhs=112.0°C > 110.0°C,112.0,110.0,1,,
1763626807.6799977,ALARM,TEMP_HIGH,θhs=112.0°C > 110.0°C,112.0,110.0,1,,
1763626808.8663745,ALARM,TEMP_HIGH,θhs=112.0°C > 110.0°C,112.0,110.0,1,,
1763626809.9640038,ALARM,TEMP_HIGH,θhs=112.0°C > 110.0°C,112.0,110.0,1,,
1763626811.0553548,ALARM,TEMP_HIGH,θhs=112.0°C > 110.0°C,112.0,110.0,1,,
1763626812.1604416,ALARM,TEMP_HIGH,θhs=112.0°C > 110.0°C,112.0,110.0,1,,
1763626813.5434628,ALARM,TEMP_HIGH,θhs=112.0°C > 110.0°C,112.0,110.0,1,,
1763626814.713826,ALARM,TEMP_HIGH,θhs=112.0°C > 110.0°C,112.0,110.0,1,,
1763626815.3022838,ALARM,TEMP_HIGH,θhs=112.0°C > 110.0°C,111.98918470655465,110.0,1,,
1763626816.8751385,ALARM,TEMP_HIGH,θhs=112.0°C > 110.0°C,111.97837181624082,110.0,1,,
1763626818.536009,ALARM,TEMP_HIGH,θhs=112.0°C > 110.0°C,111.96756132852454,110.0,1,,
1763626820.187589,ALARM,TEMP_HIGH,θhs=112.0°C > 110.0°C,111.95675324287195,110.0,1,,
1763626822.0067823,ALARM,TEMP_HIGH,θhs=111.9°C > 110.0°C,111.94594755874932,110.0,1,,
1763626823.5670094,ALARM,TEMP_HIGH,θhs=111.9°C > 110.0°C,111.93514427562305,110.0,1,,
1763626825.1672463,ALARM,TEMP_HIGH,θhs=111.9°C > 110.0°C,111.92434339295963,110.0,1,,
1763626826.704603,ALARM,TEMP_HIGH,θhs=111.9°C > 110.0°C,111.9135449102257,110.0,1,,
1763626827.8701582,ALARM,TEMP_HIGH,θhs=111.9°C > 110.0°C,111.90274882688797,110.0,1,,
1763626829.545185,ALARM,TEMP_HIGH,θhs=111.9°C > 110.0°C,111.89195514241334,110.0,1,,
1763626831.0315187,ALARM,TEMP_HIGH,θhs=111.9°C > 110.0°C,111.88116385626876,110.0,1,,
1763626832.268517,ALARM,TEMP_HIGH,θhs=111.9°C > 110.0°C,111.87037496792134,110.0,1,,
1763626833.4276652,ALARM,TEMP_HIGH,θhs=111.9°C > 110.0°C,111.85958847683828,110.0,1,,
1763626834.694822,ALARM,TEMP_HIGH,θhs=111.8°C > 110.0°C,111.84880438248693,110.0,1,,
1763626835.192061,ALARM,TEMP_HIGH,θhs=111.8°C > 110.0°C,111.83802268433475,110.0,1,,
1763626836.3549888,ALARM,TEMP_HIGH,θhs=111.8°C > 110.0°C,111.82724338184929,110.0,1,,
1763626837.5125108,ALARM,TEMP_HIGH,θhs=111.8°C > 110.0°C,111.81646647449824,110.0,1,,
1763626838.6775916,ALARM,TEMP_HIGH,θhs=111.8°C > 110.0°C,111.80569196174942,110.0,1,,
1763626840.1354866,ALARM,TEMP_HIGH,θhs=111.8°C > 110.0°C,111.79491984307074,110.0,1,,
1763626840.511632,ALARM,TEMP_HIGH,θhs=111.8°C > 110.0°C,111.78415011793027,110.0,1,,
1763626841.4003327,ALARM,TEMP_HIGH,θhs=111.8°C > 110.0°C,111.77338278579614,110.0,1,,
1763626842.6640499,ALARM,TEMP_HIGH,θhs=111.8°C > 110.0°C,111.76261784613665,110.0,1,,
1763626843.8066053,ALARM,TEMP_HIGH,θhs=111.8°C > 110.0°C,111.7518552984202,110.0,1,,
1763626844.8844743,ALARM,TEMP_HIGH,θhs=111.7°C > 110.0°C,111.74109514211528,110.0,1,,
1763626845.968504,ALARM,TEMP_HIGH,θhs=111.7°C > 110.0°C,111.73033737669056,110.0,1,,
1763626846.8772779,ALARM,TEMP_HIGH,θhs=111.7°C > 110.0°C,111.71958200161477,110.0,1,,
1763626848.212366,ALARM,TEMP_HIGH,θhs=111.7°C > 110.0°C,111.70882901635677,110.0,1,,
1763626849.2940464,ALARM,TEMP_HIGH,θhs=111.7°C > 110.0°C,111.69807842038557,110.0,1,,
1763626850.304303,ALARM,TEMP_HIGH,θhs=111.7°C > 110.0°C,111.68733021317027,110.0,1,,
1763626851.326048,ALARM,TEMP_HIGH,θhs=111.7°C > 110.0°C,111.6765843941801,110.0,1,,
1763626852.5773165,ALARM,TEMP_HIGH,θhs=111.7°C > 110.0°C,111.66584096288439,110.0,1,,
1763626854.366692,ALARM,TEMP_HIGH,θhs=111.7°C > 110.0°C,111.65509991875261,110.0,1,,
1763748871.1968591,WARN,PF_LOW,PF=0.87 < 0.90,0.8664507854968748,0.9,1,,
1763748885.214512,WARN,PF_LOW,PF=0.90 < 0.90,0.8973193846532803,0.9,1,,
1763748926.461473,WARN,OVERLOAD,S=1.50 ×Sn,149786964.28674147,110000000.00000001,1,,
1763748926.461473,WARN,OVERCURRENT,I1=1.50 ×In,393.0888370547593,314.91832864888676,1,,
1763748938.7302272,WARN,OVERLOAD,S=1.35 ×Sn,135038615.081481,110000000.00000001,1,,
1763748938.7302272,WARN,OVERCURRENT,I1=1.35 ×In,354.3844580376696,314.91832864888676,1,,
1763748939.4811947,WARN,OVERLOAD,S=1.39 ×Sn,139296323.85337508,110000000.00000001,1,,
1763748939.4811947,WARN,OVERCURRENT,I1=1.39 ×In,365.5580457903245,314.91832864888676,1,,
1763748940.142802,WARN,OVERLOAD,S=1.40 ×Sn,139748870.2938352,110000000.00000001,1,,
1763748940.142802,WARN,OVERCURRENT,I1=1.40 ×In,366.74567219587203,314.91832864888676,1,,
1763748940.815966,WARN,OVERLOAD,S=1.41 ×Sn,140539367.61515948,110000000.00000001,1,,
1763748940.815966,WARN,OVERCURRENT,I1=1.41 ×In,368.82018965614594,314.91832864888676,1,,
1763748941.5730429,WARN,OVERLOAD,S=1.44 ×Sn,144415016.92880714,110000000.00000001,1,,
1763748941.5730429,WARN,OVERCURRENT,I1=1.44 ×In,378.9911313585053,314.91832864888676,1,,
1763748942.3770678,WARN,OVERLOAD,S=1.52 ×Sn,151676644.80533788,110000000.00000001,1,,
1763748942.3770678,WARN,OVERCURRENT,I1=1.52 ×In,398.04796230973216,314.91832864888676,1,,
1763748943.192125,WARN,OVERLOAD,S=1.40 ×Sn,139996459.39301977,110000000.00000001,1,,
1763748943.192125,WARN,OVERCURRENT,I1=1.40 ×In,367.39542507342946,314.91832864888676,1,,
1763748943.9761133,WARN,OVERLOAD,S=1.28 ×Sn,128117186.83295141,110000000.00000001,1,,
1763748943.9761133,WARN,OVERCURRENT,I1=1.28 ×In,336.2204195719185,314.91832864888676,1,,
1763748944.7187848,WARN,OVERLOAD,S=1.55 ×Sn,154566374.47920674,110000000.00000001,1,,
1763748944.7187848,WARN,OVERCURRENT,I1=1.55 ×In,405.6315359692478,314.91832864888676,1,,
1763748945.5283258,WARN,OVERLOAD,S=1.40 ×Sn,140300075.89307112,110000000.00000001,1,,
1763748945.5283258,WARN,OVERCURRENT,I1=1.40 ×In,368.19221174631605,314.91832864888676,1,,
1763748946.3092475,WARN,OVERLOAD,S=1.42 ×Sn,142172920.8694176,110000000.00000001,1,,
1763748946.3092475,WARN,OVERCURRENT,I1=1.42 ×In,373.10715516106194,314.91832864888676,1,,
1763748947.0854554,WARN,OVERLOAD,S=1.52 ×Sn,152105638.5081956,110000000.00000001,1,,
1763748947.0854554,WARN,OVERCURRENT,I1=1.52 ×In,399.1737788089393,314.91832864888676,1,,
1763748947.8765557,WARN,OVERLOAD,S=1.51 ×Sn,150560207.22312203,110000000.00000001,1,,
1763748947.8765557,WARN,OVERCURRENT,I1=1.51 ×In,395.118073497797,314.91832864888676,1,,
1763748948.6217625,WARN,OVERLOAD,S=1.47 ×Sn,147459451.77808997,110000000.00000001,1,,
1763748948.6217625,WARN,OVERCURRENT,I1=1.47 ×In,386.98070081197676,314.91832864888676,1,,
1763748949.4007223,WARN,OVERLOAD,S=1.44 ×Sn,143569396.02071485,110000000.00000001,1,,
1763748949.4007223,WARN,OVERCURRENT,I1=1.44 ×In,376.77195199978047,314.91832864888676,1,,
1763748950.3045368,WARN,OVERLOAD,S=1.53 ×Sn,152966398.93119836,110000000.00000001,1,,
1763748950.3045368,WARN,OVERCURRENT,I1=1.53 ×In,401.43268909043206,314.91832864888676,1,,
1763748951.1982656,WARN,OVERLOAD,S=1.32 ×Sn,132182350.86323766,110000000.00000001,1,,
1763748951.1982656,WARN,OVERCURRENT,I1=1.32 ×In,346.8887084227629,314.91832864888676,1,,
1763748951.9526467,WARN,OVERLOAD,S=1.55 ×Sn,155282949.07035583,110000000.00000001,1,,
1763748951.9526467,WARN,OVERCURRENT,I1=1.55 ×In,407.51205657422224,314.91832864888676,1,,
1763748952.6616616,WARN,OVERLOAD,S=1.37 ×Sn,136768919.2676314,110000000.00000001,1,,
1763748952.6616616,WARN,OVERCURRENT,I1=1.37 ×In,358.92532889064177,314.91832864888676,1,,
1763748953.456922,WARN,OVERLOAD,S=1.49 ×Sn,149009975.03514263,110000000.00000001,1,,
1763748953.456922,WARN,OVERCURRENT,I1=1.49 ×In,391.0497690839955,314.91832864888676,1,,
1763748954.188569,WARN,OVERLOAD,S=1.64 ×Sn,164220357.6815608,110000000.00000001,1,,
1763748954.188569,WARN,OVERCURRENT,I1=1.64 ×In,430.9666714266626,314.91832864888676,1,,
1763748954.964303,WARN,OVERLOAD,S=1.46 ×Sn,146039374.1936186,110000000.00000001,1,,
1763748954.964303,WARN,OVERCURRENT,I1=1.46 ×In,383.2539636498645,314.91832864888676,1,,
1763748955.6990757,WARN,OVERLOAD,S=1.42 ×Sn,141934923.11449185,110000000.00000001,1,,
1763748955.6990757,WARN,OVERCURRENT,I1=1.42 ×In,372.48257303436685,314.91832864888676,1,,
1763748956.473473,WARN,OVERLOAD,S=1.34 ×Sn,134338110.37834325,110000000.00000001,1,,
1763748956.473473,WARN,OVERCURRENT,I1=1.34 ×In,352.5461099516461,314.91832864888676,1,,
1763748957.2537413,WARN,OVERLOAD,S=1.35 ×Sn,135490967.10407227,110000000.00000001,1,,
1763748957.2537413,WARN,OVERCURRENT,I1=1.35 ×In,355.57157422863116,314.91832864888676,1,,
1763748958.0303078,WARN,OVERLOAD,S=1.58 ×Sn,158406666.5417606,110000000.00000001,1,,
1763748958.0303078,WARN,OVERCURRENT,I1=1.58 ×In,415.70968895143983,314.91832864888676,1,,
1763748958.8080208,WARN,OVERLOAD,S=1.42 ×Sn,142093483.91545895,110000000.00000001,1,,
1763748958.8080208,WARN,OVERCURRENT,I1=1.42 ×In,372.89868722128176,314.91832864888676,1,,
1763748959.5662084,WARN,OVERLOAD,S=1.38 ×Sn,137941333.46460086,110000000.00000001,1,,
1763748959.5662084,WARN,OVERCURRENT,I1=1.38 ×In,362.00211821892384,314.91832864888676,1,,
1763748960.5339394,WARN,OVERLOAD,S=1.46 ×Sn,145987548.82799205,110000000.00000001,1,,
1763748960.5339394,WARN,OVERCURRENT,I1=1.46 ×In,383.11795733715843,314.91832864888676,1,,
1763748961.3507288,WARN,OVERLOAD,S=1.47 ×Sn,147108349.39178953,110000000.00000001,1,,
1763748961.3507288,WARN,OVERCURRENT,I1=1.47 ×In,386.0592960063237,314.91832864888676,1,,
1763748962.172927,WARN,OVERLOAD,S=1.44 ×Sn,144168546.76421604,110000000.00000001,1,,
1763748962.172927,WARN,OVERCURRENT,I1=1.44 ×In,378.3443149227149,314.91832864888676,1,,
1763748962.9915583,WARN,OVERLOAD,S=1.49 ×Sn,148856124.18379134,110000000.00000001,1,,
1763748962.9915583,WARN,OVERCURRENT,I1=1.49 ×In,390.64601530925586,314.91832864888676,1,,
1763748963.9365027,WARN,OVERLOAD,S=1.51 ×Sn,151201805.49098024,110000000.00000001,1,,
1763748963.9365027,WARN,OVERCURRENT,I1=1.51 ×In,396.8018322826131,314.91832864888676,1,,
1763748964.7635067,WARN,OVERLOAD,S=1.50 ×Sn,149584267.45910224,110000000.00000001,1,,
1763748964.7635067,WARN,OVERCURRENT,I1=1.50 ×In,392.5568958365712,314.91832864888676,1,,
1763748965.6339958,WARN,OVERLOAD,S=1.47 ×Sn,147018759.94844362,110000000.00000001,1,,
1763748965.6339958,WARN,OVERCURRENT,I1=1.47 ×In,385.82418469163133,314.91832864888676,1,,
1763748966.5102854,WARN,OVERLOAD,S=1.47 ×Sn,147273900.88114774,110000000.00000001,1,,
1763748966.5102854,WARN,OVERCURRENT,I1=1.47 ×In,386.4937559924405,314.91832864888676,1,,
1763748967.4333599,WARN,OVERLOAD,S=1.52 ×Sn,151556312.96101668,110000000.00000001,1,,
1763748967.4333599,WARN,OVERCURRENT,I1=1.52 ×In,397.7321731155916,314.91832864888676,1,,
1763748968.6742597,WARN,OVERLOAD,S=1.39 ×Sn,138757814.7365991,110000000.00000001,1,,
1763748968.6742597,WARN,OVERCURRENT,I1=1.39 ×In,364.1448258651805,314.91832864888676,1,,
1763748969.7625108,WARN,OVERLOAD,S=1.43 ×Sn,142713020.52789468,110000000.00000001,1,,
1763748969.7625108,WARN,OVERCURRENT,I1=1.43 ×In,374.52454917565717,314.91832864888676,1,,
1763748971.0608225,WARN,OVERLOAD,S=1.48 ×Sn,147896305.12215793,110000000.00000001,1,,
1763748971.0608225,WARN,OVERCURRENT,I1=1.48 ×In,388.1271435201314,314.91832864888676,1,,
1763748972.0449638,WARN,OVERLOAD,S=1.36 ×Sn,135508566.0436086,110000000.00000001,1,,
1763748972.0449638,WARN,OVERCURRENT,I1=1.36 ×In,355.61775946717097,314.91832864888676,1,,
1763748972.8888571,WARN,OVERLOAD,S=1.42 ×Sn,142443442.9159614,110000000.00000001,1,,
1763748972.8888571,WARN,OVERCURRENT,I1=1.42 ×In,373.81709141739736,314.91832864888676,1,,
1763748973.7246828,WARN,OVERLOAD,S=1.41 ×Sn,141102281.1170718,110000000.00000001,1,,
1763748973.7246828,WARN,OVERCURRENT,I1=1.41 ×In,370.29745448278027,314.91832864888676,1,,
1763748974.567994,WARN,OVERLOAD,S=1.38 ×Sn,138341334.74346766,110000000.00000001,1,,
1763748974.567994,WARN,OVERCURRENT,I1=1.38 ×In,363.0518493372417,314.91832864888676,1,,
1763748975.613913,WARN,OVERLOAD,S=1.29 ×Sn,129278251.97292915,110000000.00000001,1,,
1763748975.613913,WARN,OVERCURRENT,I1=1.29 ×In,339.2674253497042,314.91832864888676,1,,
1763748976.458964,WARN,OVERLOAD,S=1.50 ×Sn,150037457.03728637,110000000.00000001,1,,
1763748976.458964,WARN,OVERCURRENT,I1=1.50 ×In,393.7462100409282,314.91832864888676,1,,
1763748977.3286192,WARN,OVERLOAD,S=1.51 ×Sn,151456028.6934627,110000000.00000001,1,,
1763748977.3286192,WARN,OVERCURRENT,I1=1.51 ×In,397.4689951661926,314.91832864888676,1,,
1763748978.2185638,WARN,OVERLOAD,S=1.40 ×Sn,139512159.1058237,110000000.00000001,1,,
1763748978.2185638,WARN,OVERCURRENT,I1=1.40 ×In,366.1244664316964,314.91832864888676,1,,
1763748979.2157452,WARN,OVERLOAD,S=1.50 ×Sn,150246103.92627218,110000000.00000001,1,,
1763748979.2157452,WARN,OVERCURRENT,I1=1.50 ×In,394.29376612057155,314.91832864888676,1,,
1763748979.945471,WARN,OVERLOAD,S=1.57 ×Sn,157260963.1245473,110000000.00000001,1,,
1763748979.945471,WARN,OVERCURRENT,I1=1.57 ×In,412.7029972408055,314.91832864888676,1,,
1763748980.7703383,WARN,OVERLOAD,S=1.40 ×Sn,140322091.37895665,110000000.00000001,1,,
1763748980.7703383,WARN,OVERCURRENT,I1=1.40 ×In,368.24998741314494,314.91832864888676,1,,
1763748981.5971503,WARN,OVERLOAD,S=1.49 ×Sn,149020352.53190392,110000000.00000001,1,,
1763748981.5971503,WARN,OVERCURRENT,I1=1.49 ×In,391.07700295012575,314.91832864888676,1,,
1763748982.5473142,WARN,OVERLOAD,S=1.40 ×Sn,139777718.40271905,110000000.00000001,1,,
1763748982.5473142,WARN,OVERCURRENT,I1=1.40 ×In,366.82137884782526,314.91832864888676,1,,
1763748983.7633007,WARN,OVERLOAD,S=1.50 ×Sn,150105140.20351014,110000000.00000001,1,,
1763748983.7633007,WARN,OVERCURRENT,I1=1.50 ×In,393.9238322874686,314.91832864888676,1,,
1763748984.789907,WARN,OVERLOAD,S=1.46 ×Sn,146343759.40869564,110000000.00000001,1,,
1763748984.789907,WARN,OVERCURRENT,I1=1.46 ×In,384.05276767651026,314.91832864888676,1,,
1763748986.2296247,WARN,OVERLOAD,S=1.41 ×Sn,141132079.84703583,110000000.00000001,1,,
1763748986.2296247,WARN,OVERCURRENT,I1=1.41 ×In,370.3756558680813,314.91832864888676,1,,
1763748987.3765545,WARN,OVERLOAD,S=1.56 ×Sn,156315725.5386817,110000000.00000001,1,,
1763748987.3765545,WARN,OVERCURRENT,I1=1.56 ×In,410.2223919014979,314.91832864888676,1,,
1763748988.273488,WARN,OVERLOAD,S=1.42 ×Sn,142289465.4924822,110000000.00000001,1,,
1763748988.273488,WARN,OVERCURRENT,I1=1.42 ×In,373.4130054769662,314.91832864888676,1,,
1763748989.1612408,WARN,OVERLOAD,S=1.46 ×Sn,146087013.09903967,110000000.00000001,1,,
1763748989.1612408,WARN,OVERCURRENT,I1=1.46 ×In,383.3789833538134,314.91832864888676,1,,
1763748990.0235512,WARN,OVERLOAD,S=1.41 ×Sn,141384622.2163276,110000000.00000001,1,,
1763748990.0235512,WARN,OVERCURRENT,I1=1.41 ×In,371.0384077085013,314.91832864888676,1,,
1763749024.974317,WARN,PF_LOW,PF=0.70 < 0.90,0.7026607588451786,0.9,1,,
1763749030.8356316,WARN,PF_LOW,PF=0.72 < 0.90,0.7151988046264052,0.9,1,,
1763749031.5910988,WARN,PF_LOW,PF=0.70 < 0.90,0.7047742766828407,0.9,1,,
1763749032.4614651,WARN,PF_LOW,PF=0.70 < 0.90,0.6984550794502248,0.9,1,,
1763749033.4059827,WARN,PF_LOW,PF=0.71 < 0.90,0.7115294942546958,0.9,1,,
1763749034.3910902,WARN,PF_LOW,PF=0.71 < 0.90,0.7102887967903685,0.9,1,,
1763749035.322807,WARN,PF_LOW,PF=0.70 < 0.90,0.7042928159856425,0.9,1,,
1763749036.0766838,WARN,PF_LOW,PF=0.73 < 0.90,0.7264235166965394,0.9,1,,
1763749036.7914174,WARN,PF_LOW,PF=0.72 < 0.90,0.7213850800325147,0.9,1,,
1763749037.5035734,WARN,PF_LOW,PF=0.71 < 0.90,0.7070312023720702,0.9,1,,
1763749038.155582,WARN,PF_LOW,PF=0.70 < 0.90,0.704814045397592,0.9,1,,
1763749038.8517854,WARN,PF_LOW,PF=0.72 < 0.90,0.7151129236008661,0.9,1,,
1763749039.5475767,WARN,PF_LOW,PF=0.70 < 0.90,0.6973562781402807,0.9,1,,
1763749040.3519945,WARN,PF_LOW,PF=0.76 < 0.90,0.7591065871791486,0.9,1,,
1763749041.0494769,WARN,PF_LOW,PF=0.74 < 0.90,0.737097158232307,0.9,1,,
1763749041.8337734,WARN,PF_LOW,PF=0.90 < 0.90,0.8999349398776816,0.9,1,,
1763749043.7496657,WARN,PF_LOW,PF=0.88 < 0.90,0.8832993137436079,0.9,1,,
1763749046.260726,WARN,PF_LOW,PF=0.89 < 0.90,0.8882734892275266,0.9,1,,
1763749055.0253336,WARN,PF_LOW,PF=0.90 < 0.90,0.8979339384570939,0.9,1,,
1763749060.7923331,WARN,PF_LOW,PF=0.90 < 0.90,0.8994137049406215,0.9,1,,
1763749064.8448598,WARN,PF_LOW,PF=0.90 < 0.90,0.8971154297505325,0.9,1,,
1763749066.3185248,WARN,PF_LOW,PF=0.89 < 0.90,0.8911479284255458,0.9,1,,
1763749068.4723754,WARN,PF_LOW,PF=0.88 < 0.90,0.8834729583635657,0.9,1,,
1763749070.814244,WARN,PF_LOW,PF=0.90 < 0.90,0.8989380866653203,0.9,1,,
1763749072.497528,WARN,PF_LOW,PF=0.88 < 0.90,0.8757518046302818,0.9,1,,
1763749087.2404137,WARN,PF_LOW,PF=0.89 < 0.90,0.8858536073837736,0.9,1,,
1763749091.4054306,WARN,PF_LOW,PF=0.90 < 0.90,0.8991036384621629,0.9,1,,
1763749099.4590845,WARN,PF_LOW,PF=0.88 < 0.90,0.8791450921222143,0.9,1,,
1763749125.0906951,WARN,PF_LOW,PF=0.90 < 0.90,0.8962979363926451,0.9,1,,
1763749127.0806918,WARN,PF_LOW,PF=0.89 < 0.90,0.8948621002306337,0.9,1,,
1763749132.055509,WARN,PF_LOW,PF=0.89 < 0.90,0.8889645565152098,0.9,1,,
1763749133.2032716,WARN,PF_LOW,PF=0.90 < 0.90,0.8959943799032952,0.9,1,,
1763749145.6158757,WARN,PF_LOW,PF=0.88 < 0.90,0.8764795693820574,0.9,1,,
1763749237.587557,ALARM,TEMP_HIGH,θhs=112.0°C > 110.0°C,112.0,110.0,1,,
1763749244.0100145,ALARM,TEMP_HIGH,θhs=112.0°C > 110.0°C,112.0,110.0,1,,
1763749244.974535,ALARM,TEMP_HIGH,θhs=112.0°C > 110.0°C,112.0,110.0,1,,
1763749245.7668543,ALARM,TEMP_HIGH,θhs=112.0°C > 110.0°C,112.0,110.0,1,,
1763749246.5432496,ALARM,TEMP_HIGH,θhs=112.0°C > 110.0°C,111.98578771445747,110.0,1,,
1763749247.1951175,ALARM,TEMP_HIGH,θhs=112.0°C > 110.0°C,111.97286807247532,110.0,1,,
1763749247.9315033,ALARM,TEMP_HIGH,θhs=112.0°C > 110.0°C,111.95860017966221,110.0,1,,
1763749248.7773724,ALARM,TEMP_HIGH,θhs=111.9°C > 110.0°C,111.94513009266805,110.0,1,,
1763749249.8429291,ALARM,TEMP_HIGH,θhs=111.9°C > 110.0°C,111.93185985513901,110.0,1,,
1763749250.8656328,ALARM,TEMP_HIGH,θhs=111.9°C > 110.0°C,111.91849636853576,110.0,1,,
1763749251.74391,ALARM,TEMP_HIGH,θhs=111.9°C > 110.0°C,111.90500865565365,110.0,1,,
1763749253.110774,ALARM,TEMP_HIGH,θhs=111.9°C > 110.0°C,111.89072658026907,110.0,1,,
1763749254.0487962,ALARM,TEMP_HIGH,θhs=111.9°C > 110.0°C,111.87676355532813,110.0,1,,
1763749254.7288566,ALARM,TEMP_HIGH,θhs=111.9°C > 110.0°C,111.86371139680013,110.0,1,,
1763749255.6346512,ALARM,TEMP_HIGH,θhs=111.9°C > 110.0°C,111.85073293102958,110.0,1,,
1763749256.3552828,ALARM,TEMP_HIGH,θhs=111.8°C > 110.0°C,111.8368274943692,110.0,1,,
1763749257.3464103,ALARM,TEMP_HIGH,θhs=111.8°C > 110.0°C,111.8239206131711,110.0,1,,
1763749257.777073,ALARM,TEMP_HIGH,θhs=111.8°C > 110.0°C,111.81007881132514,110.0,1,,
1763749258.7269003,ALARM,TEMP_HIGH,θhs=111.8°C > 110.0°C,111.79665596987297,110.0,1,,
1763749259.330726,ALARM,TEMP_HIGH,θhs=111.8°C > 110.0°C,111.78167828207884,110.0,1,,
1763749260.55911,ALARM,TEMP_HIGH,θhs=111.8°C > 110.0°C,111.76689993381879,110.0,1,,
1763749261.5422142,ALARM,TEMP_HIGH,θhs=111.8°C > 110.0°C,111.75056323307166,110.0,1,,
1763749262.2858827,ALARM,TEMP_HIGH,θhs=111.7°C > 110.0°C,111.73429646720575,110.0,1,,
1763749263.1143098,ALARM,TEMP_HIGH,θhs=111.7°C > 110.0°C,111.71813116647029,110.0,1,,
1763749264.052293,ALARM,TEMP_HIGH,θhs=111.7°C > 110.0°C,111.70182901040141,110.0,1,,
1763749265.0107455,ALARM,TEMP_HIGH,θhs=111.7°C > 110.0°C,111.68562449545458,110.0,1,,
1763749265.9754016,ALARM,TEMP_HIGH,θhs=111.7°C > 110.0°C,111.66931088406417,110.0,1,,
1763749267.0865157,ALARM,TEMP_HIGH,θhs=111.7°C > 110.0°C,111.6529493776558,110.0,1,,
1763749268.173292,ALARM,TEMP_HIGH,θhs=111.6°C > 110.0°C,111.6367581568556,110.0,1,,
1763749269.3081846,ALARM,TEMP_HIGH,θhs=111.6°C > 110.0°C,111.62052808517599,110.0,1,,
1763749271.013444,ALARM,TEMP_HIGH,θhs=111.6°C > 110.0°C,111.60467228385238,110.0,1,,
1763749272.129931,ALARM,TEMP_HIGH,θhs=111.6°C > 110.0°C,111.58861667672262,110.0,1,,
1763749273.3482492,ALARM,TEMP_HIGH,θhs=111.6°C > 110.0°C,111.57232238972539,110.0,1,,
1763749274.419071,ALARM,TEMP_HIGH,θhs=111.6°C > 110.0°C,111.55596276366059,110.0,1,,
1763749275.330054,ALARM,TEMP_HIGH,θhs=111.5°C > 110.0°C,111.53985501678332,110.0,1,,
1763749276.2909362,ALARM,TEMP_HIGH,θhs=111.5°C > 110.0°C,111.52351764184351,110.0,1,,
1763749277.2186902,ALARM,TEMP_HIGH,θhs=111.5°C > 110.0°C,111.50763077629263,110.0,1,,
1763749278.0286436,ALARM,TEMP_HIGH,θhs=111.5°C > 110.0°C,111.4915376466301,110.0,1,,
1763749278.8852327,ALARM,TEMP_HIGH,θhs=111.5°C > 110.0°C,111.47531617656963,110.0,1,,
1763749279.9347548,ALARM,TEMP_HIGH,θhs=111.5°C > 110.0°C,111.45911155637404,110.0,1,,
1763749280.4693391,ALARM,TEMP_HIGH,θhs=111.4°C > 110.0°C,111.44565027728362,110.0,1,,
1763749281.5652578,ALARM,TEMP_HIGH,θhs=111.4°C > 110.0°C,111.43165514007737,110.0,1,,
1763749282.4744546,ALARM,TEMP_HIGH,θhs=111.4°C > 110.0°C,111.41832323981349,110.0,1,,
1763749283.2674356,ALARM,TEMP_HIGH,θhs=111.4°C > 110.0°C,111.40483038786734,110.0,1,,
1763749284.2177823,ALARM,TEMP_HIGH,θhs=111.4°C > 110.0°C,111.39099746970824,110.0,1,,
1763749284.704837,ALARM,TEMP_HIGH,θhs=111.4°C > 110.0°C,111.37507776029905,110.0,1,,
1763749285.8717058,ALARM,TEMP_HIGH,θhs=111.4°C > 110.0°C,111.35911407658323,110.0,1,,
1763749286.8451817,ALARM,TEMP_HIGH,θhs=111.3°C > 110.0°C,111.34275380242526,110.0,1,,
1763749287.707532,ALARM,TEMP_HIGH,θhs=111.3°C > 110.0°C,111.3266851967983,110.0,1,,
1763749288.4954689,ALARM,TEMP_HIGH,θhs=111.3°C > 110.0°C,111.31053776245015,110.0,1,,
1763749289.4005938,ALARM,TEMP_HIGH,θhs=111.3°C > 110.0°C,111.29466123321784,110.0,1,,
1763749290.4866245,ALARM,TEMP_HIGH,θhs=111.3°C > 110.0°C,111.2782669682191,110.0,1,,
1763749291.2992804,ALARM,TEMP_HIGH,θhs=111.3°C > 110.0°C,111.26189033401843,110.0,1,,
1763749292.5463037,ALARM,TEMP_HIGH,θhs=111.2°C > 110.0°C,111.24564081694234,110.0,1,,
1763749294.022933,ALARM,TEMP_HIGH,θhs=111.2°C > 110.0°C,111.2295175170644,110.0,1,,
1763749294.7683501,ALARM,TEMP_HIGH,θhs=111.2°C > 110.0°C,111.21373658235837,110.0,1,,
1763749295.6989427,ALARM,TEMP_HIGH,θhs=111.2°C > 110.0°C,111.19791439884095,110.0,1,,
1763749296.5682013,ALARM,TEMP_HIGH,θhs=111.2°C > 110.0°C,111.1815895119895,110.0,1,,
1763749297.5132868,ALARM,TEMP_HIGH,θhs=111.2°C > 110.0°C,111.16551600392668,110.0,1,,
1763749298.205142,ALARM,TEMP_HIGH,θhs=111.1°C > 110.0°C,111.14947495814128,110.0,1,,
1763749299.107317,ALARM,TEMP_HIGH,θhs=111.1°C > 110.0°C,111.13344000175164,110.0,1,,
1763749299.9376812,ALARM,TEMP_HIGH,θhs=111.1°C > 110.0°C,111.11741113172187,110.0,1,,
1763749300.9779906,ALARM,TEMP_HIGH,θhs=111.1°C > 110.0°C,111.10138834501785,110.0,1,,
1763749301.7560627,ALARM,TEMP_HIGH,θhs=111.1°C > 110.0°C,111.0853716386073,110.0,1,,
1763749303.123617,ALARM,TEMP_HIGH,θhs=111.1°C > 110.0°C,111.0693610094597,110.0,1,,
1763749304.0014596,ALARM,TEMP_HIGH,θhs=111.1°C > 110.0°C,111.05335645454632,110.0,1,,
1763749309.9091375,ALARM,TEMP_HIGH,θhs=111.0°C > 110.0°C,111.03735797084023,110.0,1,,
1763749310.5986633,WARN,PF_LOW,PF=0.52 < 0.90,0.52,0.9,1,,
1763749310.5986633,ALARM,TEMP_HIGH,θhs=111.0°C > 110.0°C,111.02136555531631,110.0,1,,
1763749316.712451,WARN,PF_LOW,PF=0.52 < 0.90,0.52,0.9,1,,
1763749316.712451,ALARM,TEMP_HIGH,θhs=111.0°C > 110.0°C,111.00537920495118,110.0,1,,
1763749317.6934013,WARN,PF_LOW,PF=0.52 < 0.90,0.52,0.9,1,,
1763749317.6934013,ALARM,TEMP_HIGH,θhs=111.0°C > 110.0°C,110.9893989167233,110.0,1,,
1763749319.1341336,WARN,PF_LOW,PF=0.52 < 0.90,0.52,0.9,1,,
1763749319.1341336,ALARM,TEMP_HIGH,θhs=111.0°C > 110.0°C,110.9734246876129,110.0,1,,
1763749320.5944004,WARN,PF_LOW,PF=0.52 < 0.90,0.52,0.9,1,,
1763749320.5944004,ALARM,TEMP_HIGH,θhs=111.0°C > 110.0°C,110.95745651460199,110.0,1,,
1763749323.173575,WARN,PF_LOW,PF=0.52 < 0.90,0.52,0.9,1,,
1763749323.173575,ALARM,TEMP_HIGH,θhs=110.9°C > 110.0°C,110.94149439467435,110.0,1,,
1763749324.7003124,WARN,PF_LOW,PF=0.52 < 0.90,0.52,0.9,1,,
1763749324.7003124,ALARM,TEMP_HIGH,θhs=110.9°C > 110.0°C,110.92553832481558,110.0,1,,
1763749326.1409516,WARN,PF_LOW,PF=0.52 < 0.90,0.52,0.9,1,,
1763749326.1409516,ALARM,TEMP_HIGH,θhs=110.9°C > 110.0°C,110.90958830201303,110.0,1,,
1763749327.6727808,WARN,PF_LOW,PF=0.55 < 0.90,0.5511917554941616,0.9,1,,
1763749327.6727808,ALARM,TEMP_HIGH,θhs=110.9°C > 110.0°C,110.89369106718236,110.0,1,,
1763749329.35264,WARN,PF_LOW,PF=0.51 < 0.90,0.5092106440878541,0.9,1,,
1763749329.35264,ALARM,TEMP_HIGH,θhs=110.9°C > 110.0°C,110.87760990168401,110.0,1,,
1763749331.1361744,WARN,PF_LOW,PF=0.50 < 0.90,0.5,0.9,1,,
1763749331.1361744,ALARM,TEMP_HIGH,θhs=110.9°C > 110.0°C,110.86194962759647,110.0,1,,
1763749332.8086798,WARN,PF_LOW,PF=0.53 < 0.90,0.5266331736201597,0.9,1,,
1763749332.8086798,ALARM,TEMP_HIGH,θhs=110.8°C > 110.0°C,110.84621542703987,110.0,1,,
1763749334.7213585,WARN,PF_LOW,PF=0.51 < 0.90,0.5112274887424985,0.9,1,,
1763749334.7213585,ALARM,TEMP_HIGH,θhs=110.8°C > 110.0°C,110.83021030763487,110.0,1,,
1763749336.1772318,WARN,PF_LOW,PF=0.54 < 0.90,0.5387280328837089,0.9,1,,
1763749336.1772318,ALARM,TEMP_HIGH,θhs=110.8°C > 110.0°C,110.81438216378035,110.0,1,,
1763749337.5869443,WARN,PF_LOW,PF=0.50 < 0.90,0.5,0.9,1,,
1763749337.5869443,ALARM,TEMP_HIGH,θhs=110.8°C > 110.0°C,110.79851431092757,110.0,1,,
1763749339.2592175,WARN,PF_LOW,PF=0.51 < 0.90,0.5091803644458119,0.9,1,,
1763749339.2592175,ALARM,TEMP_HIGH,θhs=110.8°C > 110.0°C,110.78267356389206,110.0,1,,
1763749341.0338454,WARN,PF_LOW,PF=0.51 < 0.90,0.508208350080228,0.9,1,,
1763749341.0338454,ALARM,TEMP_HIGH,θhs=110.8°C > 110.0°C,110.76694767325175,110.0,1,,
1763749342.8269413,WARN,PF_LOW,PF=0.56 < 0.90,0.5567358727044155,0.9,1,,
1763749342.8269413,ALARM,TEMP_HIGH,θhs=110.8°C > 110.0°C,110.75082767954336,110.0,1,,
1763749344.9277902,WARN,PF_LOW,PF=0.52 < 0.90,0.5174791011715009,0.9,1,,
1763749344.9277902,ALARM,TEMP_HIGH,θhs=110.7°C > 110.0°C,110.73486081609543,110.0,1,,
1763749346.8438632,WARN,PF_LOW,PF=0.54 < 0.90,0.5391165135112528,0.9,1,,
1763749346.8438632,ALARM,TEMP_HIGH,θhs=110.7°C > 110.0°C,110.71903918430974,110.0,1,,
1763749348.3069856,WARN,PF_LOW,PF=0.50 < 0.90,0.5,0.9,1,,
1763749348.3069856,ALARM,TEMP_HIGH,θhs=110.7°C > 110.0°C,110.70309293900404,110.0,1,,
1763749350.801694,WARN,PF_LOW,PF=0.90 < 0.90,0.8970391172721461,0.9,1,,
1763749350.801694,ALARM,TEMP_HIGH,θhs=110.7°C > 110.0°C,110.68704240425858,110.0,1,,
1763749351.885895,WARN,PF_LOW,PF=0.82 < 0.90,0.8184457845976895,0.9,1,,
1763749351.885895,ALARM,TEMP_HIGH,θhs=110.7°C > 110.0°C,110.67103246700098,110.0,1,,
1763749353.7752647,ALARM,TEMP_HIGH,θhs=110.7°C > 110.0°C,110.65509386934728,110.0,1,,
1763749355.4035654,ALARM,TEMP_HIGH,θhs=110.6°C > 110.0°C,110.6393797102615,110.0,1,,
1763749356.6204994,ALARM,TEMP_HIGH,θhs=110.6°C > 110.0°C,110.62365970215156,110.0,1,,
1763749357.9249797,ALARM,TEMP_HIGH,θhs=110.6°C > 110.0°C,110.60799765009729,110.0,1,,
1763749359.2491982,ALARM,TEMP_HIGH,θhs=110.6°C > 110.0°C,110.59217893891736,110.0,1,,
1763749360.7053897,ALARM,TEMP_HIGH,θhs=110.6°C > 110.0°C,110.57640789770015,110.0,1,,
1763749362.2313383,ALARM,TEMP_HIGH,θhs=110.6°C > 110.0°C,110.56052791458175,110.0,1,,
1763749363.7309296,ALARM,TEMP_HIGH,θhs=110.5°C > 110.0°C,110.5446627453512,110.0,1,,
1763749365.0493548,ALARM,TEMP_HIGH,θhs=110.5°C > 110.0°C,110.52876992311892,110.0,1,,
1763749366.8563795,ALARM,TEMP_HIGH,θhs=110.5°C > 110.0°C,110.51270627523346,110.0,1,,
1763749368.3545668,ALARM,TEMP_HIGH,θhs=110.5°C > 110.0°C,110.49696543863975,110.0,1,,
1763749369.8488297,ALARM,TEMP_HIGH,θhs=110.5°C > 110.0°C,110.48181882589324,110.0,1,,
1763749376.1833692,ALARM,TEMP_HIGH,θhs=110.5°C > 110.0°C,110.46600778744809,110.0,1,,
1763749377.5963314,ALARM,TEMP_HIGH,θhs=110.4°C > 110.0°C,110.44997310097777,110.0,1,,
1763749378.8637543,ALARM,TEMP_HIGH,θhs=110.4°C > 110.0°C,110.43400414035953,110.0,1,,
1763749381.0649035,ALARM,TEMP_HIGH,θhs=110.4°C > 110.0°C,110.41827165681045,110.0,1,,
1763749382.791474,WARN,PF_LOW,PF=0.89 < 0.90,0.8886788088317352,0.9,1,,
1763749382.791474,ALARM,TEMP_HIGH,θhs=110.4°C > 110.0°C,110.40247000464957,110.0,1,,
1763749388.8099742,ALARM,TEMP_HIGH,θhs=110.4°C > 110.0°C,110.38685209986686,110.0,1,,
1763749390.1260617,WARN,PF_LOW,PF=0.89 < 0.90,0.8895415691609849,0.9,1,,
1763749390.1260617,ALARM,TEMP_HIGH,θhs=110.4°C > 110.0°C,110.37090207851834,110.0,1,,
1763749391.5695,ALARM,TEMP_HIGH,θhs=110.4°C > 110.0°C,110.35530258634161,110.0,1,,
1763749393.3808703,ALARM,TEMP_HIGH,θhs=110.3°C > 110.0°C,110.3395522934389,110.0,1,,
1763749395.1961527,ALARM,TEMP_HIGH,θhs=110.3°C > 110.0°C,110.32385530998508,110.0,1,,
1763749396.9878619,ALARM,TEMP_HIGH,θhs=110.3°C > 110.0°C,110.30812896691127,110.0,1,,
1763749399.2064261,ALARM,TEMP_HIGH,θhs=110.3°C > 110.0°C,110.29233741848515,110.0,1,,
1763749400.9790285,WARN,PF_LOW,PF=0.89 < 0.90,0.8945510623638344,0.9,1,,
1763749400.9790285,ALARM,TEMP_HIGH,θhs=110.3°C > 110.0°C,110.2767983638969,110.0,1,,
1763749404.0033813,ALARM,TEMP_HIGH,θhs=110.3°C > 110.0°C,110.26133543027642,110.0,1,,
1763749405.405054,WARN,PF_LOW,PF=0.89 < 0.90,0.8916093921071312,0.9,1,,
1763749405.405054,ALARM,TEMP_HIGH,θhs=110.2°C > 110.0°C,110.24561324712143,110.0,1,,
1763749406.8221886,ALARM,TEMP_HIGH,θhs=110.2°C > 110.0°C,110.22981258380666,110.0,1,,
1763749408.9398181,WARN,PF_LOW,PF=0.90 < 0.90,0.8999922594562828,0.9,1,,
1763749408.9398181,ALARM,TEMP_HIGH,θhs=110.2°C > 110.0°C,110.21447146052908,110.0,1,,
1763749411.0552895,ALARM,TEMP_HIGH,θhs=110.2°C > 110.0°C,110.19864313098088,110.0,1,,
1763749412.634364,ALARM,TEMP_HIGH,θhs=110.2°C > 110.0°C,110.1830557106363,110.0,1,,
1763749414.4318054,ALARM,TEMP_HIGH,θhs=110.2°C > 110.0°C,110.16746208246327,110.0,1,,
1763749415.7342196,ALARM,TEMP_HIGH,θhs=110.2°C > 110.0°C,110.15184281903664,110.0,1,,
1763749417.2179623,ALARM,TEMP_HIGH,θhs=110.1°C > 110.0°C,110.13619814908283,110.0,1,,
1763749418.745915,ALARM,TEMP_HIGH,θhs=110.1°C > 110.0°C,110.1204367856903,110.0,1,,
1763749421.5463116,ALARM,TEMP_HIGH,θhs=110.1°C > 110.0°C,110.10462700801477,110.0,1,,
1763749423.0764961,ALARM,TEMP_HIGH,θhs=110.1°C > 110.0°C,110.08893743056872,110.0,1,,
1763749424.403372,ALARM,TEMP_HIGH,θhs=110.1°C > 110.0°C,110.07314271792798,110.0,1,,
1763749425.915899,ALARM,TEMP_HIGH,θhs=110.1°C > 110.0°C,110.05765072222748,110.0,1,,
1763749433.847568,WARN,PF_LOW,PF=0.90 < 0.90,0.8990035306653347,0.9,1,,
1763754699.578379,WARN,PF_LOW,PF=0.75 < 0.90,0.7516976148136929,0.9,1,,
1763754707.5394194,WARN,PF_LOW,PF=0.76 < 0.90,0.7574608518630263,0.9,1,,
1763754708.819403,WARN,PF_LOW,PF=0.77 < 0.90,0.7724601165116243,0.9,1,,
1763754709.9469962,WARN,PF_LOW,PF=0.78 < 0.90,0.7775548267910884,0.9,1,,
1763754711.3014097,WARN,PF_LOW,PF=0.75 < 0.90,0.7479699966320066,0.9,1,,
1763754712.4564986,WARN,PF_LOW,PF=0.76 < 0.90,0.7597336755313824,0.9,1,,
1763754713.6623976,WARN,PF_LOW,PF=0.75 < 0.90,0.7489892376725439,0.9,1,,
1763754714.7254684,WARN,PF_LOW,PF=0.74 < 0.90,0.7438755126185665,0.9,1,,
1763754715.6648386,WARN,PF_LOW,PF=0.75 < 0.90,0.7526002280768489,0.9,1,,
1763754716.6092565,WARN,PF_LOW,PF=0.74 < 0.90,0.7401974065275682,0.9,1,,
1763754717.5293987,WARN,PF_LOW,PF=0.74 < 0.90,0.7379076653438622,0.9,1,,
1763754718.440635,WARN,PF_LOW,PF=0.75 < 0.90,0.7543877952719359,0.9,1,,
1763754719.355702,WARN,PF_LOW,PF=0.74 < 0.90,0.744489473268416,0.9,1,,
1763754720.242596,WARN,PF_LOW,PF=0.77 < 0.90,0.7725158489315038,0.9,1,,
1763754721.2932825,WARN,PF_LOW,PF=0.74 < 0.90,0.7414762769384787,0.9,1,,
1763754722.059719,WARN,PF_LOW,PF=0.86 < 0.90,0.8572037674610641,0.9,1,,
1763754723.0424702,WARN,PF_LOW,PF=0.85 < 0.90,0.8521867825113578,0.9,1,,
1763754723.9264865,WARN,PF_LOW,PF=0.85 < 0.90,0.8484548190884831,0.9,1,,
1763754724.8037932,WARN,PF_LOW,PF=0.85 < 0.90,0.8470846738993388,0.9,1,,
1763754725.6920416,WARN,PF_LOW,PF=0.86 < 0.90,0.862812615776161,0.9,1,,
1763754726.5953534,WARN,PF_LOW,PF=0.84 < 0.90,0.8428845946538639,0.9,1,,
1763754727.4939945,WARN,PF_LOW,PF=0.83 < 0.90,0.8337075003781149,0.9,1,,
1763754728.370262,WARN,PF_LOW,PF=0.86 < 0.90,0.8582539963846664,0.9,1,,
1763754729.2524045,WARN,PF_LOW,PF=0.85 < 0.90,0.8539834488287124,0.9,1,,
1763754730.135214,WARN,PF_LOW,PF=0.84 < 0.90,0.8435822057857618,0.9,1,,
1763754731.0305362,WARN,PF_LOW,PF=0.86 < 0.90,0.8560320862529827,0.9,1,,
1763754731.9010923,WARN,PF_LOW,PF=0.84 < 0.90,0.8424969265733009,0.9,1,,
1763754732.8105757,WARN,PF_LOW,PF=0.85 < 0.90,0.852697708381706,0.9,1,,
1763754733.7240114,WARN,PF_LOW,PF=0.84 < 0.90,0.8439489904555249,0.9,1,,
1763754734.6398733,WARN,PF_LOW,PF=0.85 < 0.90,0.8490196856082708,0.9,1,,
1763754735.4932837,WARN,PF_LOW,PF=0.84 < 0.90,0.8416169576910143,0.9,1,,
1763754736.384417,WARN,PF_LOW,PF=0.84 < 0.90,0.8407183606770172,0.9,1,,
1763754737.3408074,WARN,PF_LOW,PF=0.83 < 0.90,0.831391017376989,0.9,1,,
1763754738.220946,WARN,PF_LOW,PF=0.84 < 0.90,0.844765989226336,0.9,1,,
1763754739.0894403,WARN,PF_LOW,PF=0.85 < 0.90,0.8457312904444991,0.9,1,,
1763754739.980284,WARN,PF_LOW,PF=0.87 < 0.90,0.8679125097946393,0.9,1,,
1763754740.8891616,WARN,PF_LOW,PF=0.85 < 0.90,0.8484292653408815,0.9,1,,
1763754742.0545368,WARN,PF_LOW,PF=0.87 < 0.90,0.8708197384206783,0.9,1,,
1763754743.0223694,WARN,PF_LOW,PF=0.85 < 0.90,0.8506875357260707,0.9,1,,
1763754754.4229445,WARN,PF_LOW,PF=0.90 < 0.90,0.8969162743042689,0.9,1,,
1763754763.9437459,WARN,PF_LOW,PF=0.90 < 0.90,0.8974732109309984,0.9,1,,
1763754774.6609604,WARN,PF_LOW,PF=0.89 < 0.90,0.8947449632617649,0.9,1,,
1763754794.5056062,WARN,PF_LOW,PF=0.90 < 0.90,0.8990784986745908,0.9,1,,
1763754795.8616326,WARN,OVERLOAD,S=1.13 ×Sn,112965567.95774792,110000000.00000001,1,,
1763754861.5351868,WARN,OVERLOAD,S=1.43 ×Sn,107152877.50389491,82500000.0,1,,
1763754861.5351868,WARN,OVERCURRENT,I1=1.43 ×In,562.4067515574247,472.37749297333016,1,,
1763754866.9309976,WARN,OVERLOAD,S=1.38 ×Sn,103526814.73142971,82500000.0,1,,
1763754866.9309976,WARN,OVERCURRENT,I1=1.38 ×In,543.3748577594133,472.37749297333016,1,,
1763754867.6513948,WARN,OVERLOAD,S=1.44 ×Sn,107633703.07690369,82500000.0,1,,
1763754867.6513948,WARN,OVERCURRENT,I1=1.44 ×In,564.9304313211509,472.37749297333016,1,,
1763754868.3836155,WARN,OVERLOAD,S=1.41 ×Sn,105545086.79112096,82500000.0,1,,
1763754868.3836155,WARN,OVERCURRENT,I1=1.41 ×In,553.9680388226918,472.37749297333016,1,,
1763754869.1157403,WARN,OVERLOAD,S=1.38 ×Sn,103160699.40186125,82500000.0,1,,
1763754869.1157403,WARN,OVERCURRENT,I1=1.38 ×In,541.453250631406,472.37749297333016,1,,
1763754869.8988845,WARN,OVERLOAD,S=1.39 ×Sn,104155664.10848473,82500000.0,1,,
1763754869.8988845,WARN,OVERCURRENT,I1=1.39 ×In,546.675461005981,472.37749297333016,1,,
1763754870.6801348,WARN,OVERLOAD,S=1.39 ×Sn,104314539.63992114,82500000.0,1,,
1763754870.6801348,WARN,OVERCURRENT,I1=1.39 ×In,547.509341286367,472.37749297333016,1,,
1763754871.4072404,WARN,OVERLOAD,S=1.40 ×Sn,104840830.25163819,82500000.0,1,,
1763754871.4072404,WARN,OVERCURRENT,I1=1.40 ×In,550.2716506167925,472.37749297333016,1,,
1763754878.9716868,WARN,OVERLOAD,S=1.41 ×Sn,105386094.13173075,82500000.0,1,,
1763754878.9716868,WARN,OVERCURRENT,I1=1.41 ×In,553.1335437799818,472.37749297333016,1,,
1763754879.7166803,WARN,OVERLOAD,S=1.38 ×Sn,103652351.6830227,82500000.0,1,,
1763754879.7166803,WARN,OVERCURRENT,I1=1.38 ×In,544.0337558757356,472.37749297333016,1,,
1763754880.4947264,WARN,OVERLOAD,S=1.37 ×Sn,102884559.13005447,82500000.0,1,,
1763754880.4947264,WARN,OVERCURRENT,I1=1.37 ×In,540.0038900835721,472.37749297333016,1,,
1763754881.2662196,WARN,OVERLOAD,S=1.37 ×Sn,102798089.94684763,82500000.0,1,,
1763754881.2662196,WARN,OVERCURRENT,I1=1.37 ×In,539.5500445726532,472.37749297333016,1,,
1763754882.0032306,WARN,OVERLOAD,S=1.47 ×Sn,109948947.70624152,82500000.0,1,,
1763754882.0032306,WARN,OVERCURRENT,I1=1.47 ×In,577.0823141392239,472.37749297333016,1,,
1763754882.780668,WARN,OVERLOAD,S=1.37 ×Sn,102576095.57773288,82500000.0,1,,
1763754882.780668,WARN,OVERCURRENT,I1=1.37 ×In,538.384876311135,472.37749297333016,1,,
1763754883.5661783,WARN,OVERLOAD,S=1.41 ×Sn,105395271.01647681,82500000.0,1,,
1763754883.5661783,WARN,OVERCURRENT,I1=1.41 ×In,553.1817099334223,472.37749297333016,1,,
1763754884.428123,WARN,OVERLOAD,S=1.46 ×Sn,109566627.0876518,82500000.0,1,,
1763754884.428123,WARN,OVERCURRENT,I1=1.46 ×In,575.0756513023192,472.37749297333016,1,,
1763754885.1627522,WARN,OVERLOAD,S=1.41 ×Sn,105926315.4626411,82500000.0,1,,
1763754885.1627522,WARN,OVERCURRENT,I1=1.41 ×In,555.9689704238278,472.37749297333016,1,,
1763754885.8983972,WARN,OVERLOAD,S=1.39 ×Sn,104414808.05343075,82500000.0,1,,
1763754885.8983972,WARN,OVERCURRENT,I1=1.39 ×In,548.0356139730122,472.37749297333016,1,,
1763754886.6447103,WARN,OVERLOAD,S=1.36 ×Sn,101979481.95183906,82500000.0,1,,
1763754886.6447103,WARN,OVERCURRENT,I1=1.36 ×In,535.2534668792078,472.37749297333016,1,,
1763754887.4456773,WARN,OVERLOAD,S=1.36 ×Sn,101855228.7113529,82500000.0,1,,
1763754887.4456773,WARN,OVERCURRENT,I1=1.36 ×In,534.6013064988227,472.37749297333016,1,,
1763754888.1824558,WARN,OVERLOAD,S=1.40 ×Sn,105070949.06588608,82500000.0,1,,
1763754888.1824558,WARN,OVERCURRENT,I1=1.40 ×In,551.4794611563526,472.37749297333016,1,,
1763754888.9527786,WARN,OVERLOAD,S=1.37 ×Sn,103016427.79443401,82500000.0,1,,
1763754888.9527786,WARN,OVERCURRENT,I1=1.37 ×In,540.6960210733647,472.37749297333016,1,,
1763754889.7306032,WARN,OVERLOAD,S=1.33 ×Sn,99805420.61657628,82500000.0,1,,
1763754889.7306032,WARN,OVERCURRENT,I1=1.33 ×In,523.8426041778558,472.37749297333016,1,,
1763754890.5978487,WARN,OVERLOAD,S=1.41 ×Sn,105457375.33748303,82500000.0,1,,
1763754890.5978487,WARN,OVERCURRENT,I1=1.41 ×In,553.5076730829749,472.37749297333016,1,,
1763754891.467341,WARN,OVERLOAD,S=1.42 ×Sn,106794140.2500861,82500000.0,1,,
1763754891.467341,WARN,OVERCURRENT,I1=1.42 ×In,560.5238692841987,472.37749297333016,1,,
1763754892.3528535,WARN,OVERLOAD,S=1.35 ×Sn,100980892.41760528,82500000.0,1,,
1763754892.3528535,WARN,OVERCURRENT,I1=1.35 ×In,530.012231093755,472.37749297333016,1,,
1763754893.2016914,WARN,OVERLOAD,S=1.41 ×Sn,105399024.36960852,82500000.0,1,,
1763754893.2016914,WARN,OVERCURRENT,I1=1.41 ×In,553.20140992834,472.37749297333016,1,,
1763754894.0219479,WARN,OVERLOAD,S=1.40 ×Sn,104849651.1642359,82500000.0,1,,
1763754894.0219479,WARN,OVERCURRENT,I1=1.40 ×In,550.3179484009996,472.37749297333016,1,,
1763754894.8064084,WARN,OVERLOAD,S=1.38 ×Sn,103725930.16134354,82500000.0,1,,
1763754894.8064084,WARN,OVERCURRENT,I1=1.38 ×In,544.4199427326911,472.37749297333016,1,,
1763754895.5364137,WARN,OVERLOAD,S=1.38 ×Sn,103428087.49609542,82500000.0,1,,
1763754895.5364137,WARN,OVERCURRENT,I1=1.38 ×In,542.8566741603532,472.37749297333016,1,,
1763754896.2199512,WARN,OVERLOAD,S=1.38 ×Sn,103624920.08314861,82500000.0,1,,
1763754896.2199512,WARN,OVERCURRENT,I1=1.38 ×In,543.8897773159937,472.37749297333016,1,,
1763754896.9132018,WARN,OVERLOAD,S=1.43 ×Sn,107320932.58805108,82500000.0,1,,
1763754896.9132018,WARN,OVERCURRENT,I1=1.43 ×In,563.2888119944815,472.37749297333016,1,,
1763754897.6520467,WARN,OVERLOAD,S=1.41 ×Sn,105694892.41361333,82500000.0,1,,
1763754897.6520467,WARN,OVERCURRENT,I1=1.41 ×In,554.7543144269836,472.37749297333016,1,,
1763754898.3727355,WARN,OVERLOAD,S=1.36 ×Sn,102290645.75657581,82500000.0,1,,
1763754898.3727355,WARN,OVERCURRENT,I1=1.36 ×In,536.8866533012699,472.37749297333016,1,,
1763754899.1158524,WARN,OVERLOAD,S=1.37 ×Sn,103067625.3637867,82500000.0,1,,
1763754899.1158524,WARN,OVERCURRENT,I1=1.37 ×In,540.9647386228886,472.37749297333016,1,,
1763754899.9161503,WARN,OVERLOAD,S=1.44 ×Sn,107866677.32300949,82500000.0,1,,
1763754899.9161503,WARN,OVERCURRENT,I1=1.44 ×In,566.1532289911821,472.37749297333016,1,,
1763754900.6492224,WARN,OVERLOAD,S=1.44 ×Sn,107807763.5859733,82500000.0,1,,
1763754900.6492224,WARN,OVERCURRENT,I1=1.44 ×In,565.8440120644838,472.37749297333016,1,,
1763754901.4335523,WARN,OVERLOAD,S=1.33 ×Sn,99614892.23083736,82500000.0,1,,
1763754901.4335523,WARN,OVERCURRENT,I1=1.33 ×In,522.8425894979047,472.37749297333016,1,,
1763754902.2199981,WARN,OVERLOAD,S=1.38 ×Sn,103810568.40195754,82500000.0,1,,
1763754902.2199981,WARN,OVERCURRENT,I1=1.38 ×In,544.8641782872568,472.37749297333016,1,,
1763754902.9950023,WARN,OVERLOAD,S=1.34 ×Sn,100433173.97606629,82500000.0,1,,
1763754902.9950023,WARN,OVERCURRENT,I1=1.34 ×In,527.1374548240944,472.37749297333016,1,,
1763754903.7980711,WARN,OVERLOAD,S=1.38 ×Sn,103178725.06247379,82500000.0,1,,
1763754903.7980711,WARN,OVERCURRENT,I1=1.38 ×In,541.5478608132876,472.37749297333016,1,,
1763754904.5835838,WARN,OVERLOAD,S=1.38 ×Sn,103558030.91346647,82500000.0,1,,
1763754904.5835838,WARN,OVERCURRENT,I1=1.38 ×In,543.5387002239769,472.37749297333016,1,,
1763754905.338938,WARN,OVERLOAD,S=1.42 ×Sn,106170585.13131684,82500000.0,1,,
1763754905.338938,WARN,OVERCURRENT,I1=1.42 ×In,557.2510536871441,472.37749297333016,1,,
1763754906.096941,WARN,OVERLOAD,S=1.39 ×Sn,103981605.55960107,82500000.0,1,,
1763754906.096941,WARN,OVERCURRENT,I1=1.39 ×In,545.7618905509561,472.37749297333016,1,,
1763754906.844339,WARN,OVERLOAD,S=1.40 ×Sn,104652404.41865148,82500000.0,1,,
1763754906.844339,WARN,OVERCURRENT,I1=1.40 ×In,549.2826714768183,472.37749297333016,1,,
1763754907.6075928,WARN,OVERLOAD,S=1.38 ×Sn,103701288.14803219,82500000.0,1,,
1763754907.6075928,WARN,OVERCURRENT,I1=1.38 ×In,544.2906057052485,472.37749297333016,1,,
1763754908.4305944,WARN,OVERLOAD,S=1.39 ×Sn,104574547.85436536,82500000.0,1,,
1763754908.4305944,WARN,OVERCURRENT,I1=1.39 ×In,548.8740304918296,472.37749297333016,1,,
1763754909.2092807,WARN,OVERLOAD,S=1.48 ×Sn,110818240.22464734,82500000.0,1,,
1763754909.2092807,WARN,OVERCURRENT,I1=1.48 ×In,581.6449165892797,472.37749297333016,1,,
1763754909.9573898,WARN,OVERLOAD,S=1.36 ×Sn,101928312.08230929,82500000.0,1,,
1763754909.9573898,WARN,OVERCURRENT,I1=1.36 ×In,534.9848947160496,472.37749297333016,1,,
1763754910.6651137,WARN,OVERLOAD,S=1.37 ×Sn,102794805.06897905,82500000.0,1,,
1763754910.6651137,WARN,OVERCURRENT,I1=1.37 ×In,539.5328034351834,472.37749297333016,1,,
1763754911.3647544,WARN,OVERLOAD,S=1.34 ×Sn,100519867.50675376,82500000.0,1,,
1763754911.3647544,WARN,OVERCURRENT,I1=1.34 ×In,527.5924778539072,472.37749297333016,1,,
1763754912.1468103,WARN,OVERLOAD,S=1.34 ×Sn,100246309.27479345,82500000.0,1,,
1763754912.1468103,WARN,OVERCURRENT,I1=1.34 ×In,526.1566695006225,472.37749297333016,1,,
1763754912.9756567,WARN,OVERLOAD,S=1.33 ×Sn,99746779.52380942,82500000.0,1,,
1763754912.9756567,WARN,OVERCURRENT,I1=1.33 ×In,523.534818262451,472.37749297333016,1,,
1763754913.70117,WARN,OVERLOAD,S=1.34 ×Sn,100246007.10540845,82500000.0,1,,
1763754913.70117,WARN,OVERCURRENT,I1=1.34 ×In,526.1550835226609,472.37749297333016,1,,
1763754914.4426148,WARN,OVERLOAD,S=1.41 ×Sn,106072604.33770566,82500000.0,1,,
1763754914.4426148,WARN,OVERCURRENT,I1=1.41 ×In,556.736787891082,472.37749297333016,1,,
1763754915.1942477,WARN,OVERLOAD,S=1.32 ×Sn,99253210.15341748,82500000.0,1,,
1763754915.1942477,WARN,OVERCURRENT,I1=1.32 ×In,520.9442509091825,472.37749297333016,1,,
1763754915.9019628,WARN,OVERLOAD,S=1.41 ×Sn,105838029.05486986,82500000.0,1,,
1763754915.9019628,WARN,OVERCURRENT,I1=1.41 ×In,555.5055869575323,472.37749297333016,1,,
1763754916.6131215,WARN,OVERLOAD,S=1.32 ×Sn,99208781.00141326,82500000.0,1,,
1763754916.6131215,WARN,OVERCURRENT,I1=1.32 ×In,520.7110583376416,472.37749297333016,1,,
1763754917.316517,WARN,OVERLOAD,S=1.36 ×Sn,101673720.60849869,82500000.0,1,,
1763754917.316517,WARN,OVERCURRENT,I1=1.36 ×In,533.6486360257047,472.37749297333016,1,,
1763754918.0312464,WARN,OVERLOAD,S=1.33 ×Sn,99783814.6023309,82500000.0,1,,
1763754918.0312464,WARN,OVERCURRENT,I1=1.33 ×In,523.7292020129405,472.37749297333016,1,,
1763754918.7617114,WARN,OVERLOAD,S=1.41 ×Sn,105654690.42653546,82500000.0,1,,
1763754918.7617114,WARN,OVERCURRENT,I1=1.41 ×In,554.5433087173348,472.37749297333016,1,,
1763754919.4660153,WARN,OVERLOAD,S=1.44 ×Sn,108244149.29340917,82500000.0,1,,
1763754919.4660153,WARN,OVERCURRENT,I1=1.44 ×In,568.1344430250166,472.37749297333016,1,,
1763754920.1659768,WARN,OVERLOAD,S=1.46 ×Sn,109765531.89639501,82500000.0,1,,
1763754920.1659768,WARN,OVERCURRENT,I1=1.46 ×In,576.1196308011465,472.37749297333016,1,,
1763754920.874788,WARN,OVERLOAD,S=1.40 ×Sn,105357668.97036785,82500000.0,1,,
1763754920.874788,WARN,OVERCURRENT,I1=1.40 ×In,552.9843503748488,472.37749297333016,1,,
1763754921.5651011,WARN,OVERLOAD,S=1.39 ×Sn,104263720.72622053,82500000.0,1,,
1763754921.5651011,WARN,OVERCURRENT,I1=1.39 ×In,547.2426111635945,472.37749297333016,1,,
1763754922.3130288,WARN,OVERLOAD,S=1.42 ×Sn,106241436.91379163,82500000.0,1,,
1763754922.3130288,WARN,OVERCURRENT,I1=1.42 ×In,557.6229291024567,472.37749297333016,1,,
1763754923.0861907,WARN,OVERLOAD,S=1.43 ×Sn,106969122.73521604,82500000.0,1,,
1763754923.0861907,WARN,OVERCURRENT,I1=1.43 ×In,561.4422891468645,472.37749297333016,1,,
1763754923.810731,WARN,OVERLOAD,S=1.44 ×Sn,107836744.10879709,82500000.0,1,,
1763754923.810731,WARN,OVERCURRENT,I1=1.44 ×In,565.9961203613344,472.37749297333016,1,,
1763754924.5260115,WARN,OVERLOAD,S=1.36 ×Sn,101827693.03379804,82500000.0,1,,
1763754924.5260115,WARN,OVERCURRENT,I1=1.36 ×In,534.4567816729261,472.37749297333016,1,,
1763754925.311025,WARN,OVERLOAD,S=1.43 ×Sn,107479603.75984111,82500000.0,1,,
1763754925.311025,WARN,OVERCURRENT,I1=1.43 ×In,564.1216196648962,472.37749297333016,1,,
1763754926.065551,WARN,OVERLOAD,S=1.40 ×Sn,105020803.05754536,82500000.0,1,,
1763754926.065551,WARN,OVERCURRENT,I1=1.40 ×In,551.2162628707681,472.37749297333016,1,,
1763754926.7972972,WARN,OVERLOAD,S=1.37 ×Sn,102404373.78729041,82500000.0,1,,
1763754926.7972972,WARN,OVERCURRENT,I1=1.37 ×In,537.4835706571562,472.37749297333016,1,,
1763755004.654851,WARN,OVERLOAD,S=1.26 ×Sn,94301351.8573101,82500000.0,1,,
1763755004.654851,WARN,OVERCURRENT,I1=1.26 ×In,494.9537352705782,472.37749297333016,1,,
1763755023.97167,WARN,OVERLOAD,S=1.33 ×Sn,99719713.23968297,82500000.0,1,,
1763755023.97167,WARN,OVERCURRENT,I1=1.33 ×In,523.3927571131205,472.37749297333016,1,,
1763755024.8189206,WARN,OVERLOAD,S=1.26 ×Sn,94594736.4329141,82500000.0,1,,
1763755024.8189206,WARN,OVERCURRENT,I1=1.26 ×In,496.4936049405878,472.37749297333016,1,,
1763755025.717283,WARN,OVERLOAD,S=1.32 ×Sn,99242881.5380781,82500000.0,1,,
1763755025.717283,WARN,OVERCURRENT,I1=1.32 ×In,520.8900397378503,472.37749297333016,1,,
1763755026.6242106,WARN,OVERLOAD,S=1.26 ×Sn,94514775.74717805,82500000.0,1,,
1763755026.6242106,WARN,OVERCURRENT,I1=1.26 ×In,496.0739201820942,472.37749297333016,1,,
1763755027.6435406,WARN,OVERLOAD,S=1.29 ×Sn,96406354.95778513,82500000.0,1,,
1763755027.6435406,WARN,OVERCURRENT,I1=1.29 ×In,506.0021362406169,472.37749297333016,1,,
1763755028.4103203,WARN,OVERLOAD,S=1.31 ×Sn,98424448.84785128,82500000.0,1,,
1763755028.4103203,WARN,OVERCURRENT,I1=1.31 ×In,516.5943821558863,472.37749297333016,1,,
1763755029.2576294,WARN,OVERLOAD,S=1.25 ×Sn,94087654.59334825,82500000.0,1,,
1763755029.2576294,WARN,OVERCURRENT,I1=1.25 ×In,493.8321155171831,472.37749297333016,1,,
1763755030.0915997,WARN,OVERLOAD,S=1.29 ×Sn,96580709.54459612,82500000.0,1,,
1763755030.0915997,WARN,OVERCURRENT,I1=1.29 ×In,506.91726049179664,472.37749297333016,1,,
1763755030.855497,WARN,OVERLOAD,S=1.28 ×Sn,96224745.24919419,82500000.0,1,,
1763755030.855497,WARN,OVERCURRENT,I1=1.28 ×In,505.0489324756857,472.37749297333016,1,,
1763755031.6560354,WARN,OVERLOAD,S=1.29 ×Sn,97040852.84026213,82500000.0,1,,
1763755031.6560354,WARN,OVERCURRENT,I1=1.29 ×In,509.3323864519655,472.37749297333016,1,,
1763755032.5940135,WARN,OVERLOAD,S=1.28 ×Sn,96092098.43285957,82500000.0,1,,
1763755032.5940135,WARN,OVERCURRENT,I1=1.28 ×In,504.3527172473408,472.37749297333016,1,,
1763755033.3839467,WARN,OVERLOAD,S=1.29 ×Sn,96629644.96876255,82500000.0,1,,
1763755033.3839467,WARN,OVERCURRENT,I1=1.29 ×In,507.1741048583002,472.37749297333016,1,,
1763755034.1940975,WARN,OVERLOAD,S=1.29 ×Sn,97013553.13579442,82500000.0,1,,
1763755034.1940975,WARN,OVERCURRENT,I1=1.29 ×In,509.18910016357245,472.37749297333016,1,,
1763755035.0229685,WARN,OVERLOAD,S=1.30 ×Sn,97241865.5484348,82500000.0,1,,
1763755035.0229685,WARN,OVERCURRENT,I1=1.30 ×In,510.3874295535475,472.37749297333016,1,,
1763755035.8579185,WARN,OVERLOAD,S=1.30 ×Sn,97344587.83315586,82500000.0,1,,
1763755035.8579185,WARN,OVERCURRENT,I1=1.30 ×In,510.92658172387,472.37749297333016,1,,
1763755036.8385413,WARN,OVERLOAD,S=1.31 ×Sn,97923534.58768027,82500000.0,1,,
1763755036.8385413,WARN,OVERCURRENT,I1=1.31 ×In,513.9652641290621,472.37749297333016,1,,
1763755037.785274,WARN,OVERLOAD,S=1.32 ×Sn,98928388.77196106,82500000.0,1,,
1763755037.785274,WARN,OVERCURRENT,I1=1.32 ×In,519.239380799888,472.37749297333016,1,,
1763755152.5518231,WARN,OVERLOAD,S=1.30 ×Sn,97553412.52196367,82500000.0,1,,
1763755152.5518231,WARN,OVERCURRENT,I1=1.30 ×In,512.0226270902031,472.37749297333016,1,,
1763755165.0003145,WARN,OVERLOAD,S=1.54 ×Sn,115724565.93848553,82500000.0,1,,
1763755165.0003145,WARN,OVERCURRENT,I1=1.54 ×In,607.3964481494293,472.37749297333016,1,,
1763755192.7571528,WARN,OVERLOAD,S=1.41 ×Sn,105747504.1383233,82500000.0,1,,
1763755192.7571528,WARN,OVERCURRENT,I1=1.41 ×In,555.0304543672003,472.37749297333016,1,,
1763755193.8846278,WARN,OVERLOAD,S=1.45 ×Sn,108913194.11427118,82500000.0,1,,
1763755193.8846278,WARN,OVERCURRENT,I1=1.45 ×In,571.6460176379676,472.37749297333016,1,,
1763755194.8877845,WARN,OVERLOAD,S=1.53 ×Sn,114470203.86651124,82500000.0,1,,
1763755194.8877845,WARN,OVERCURRENT,I1=1.53 ×In,600.8127546956509,472.37749297333016,1,,
1763755195.7390592,WARN,OVERLOAD,S=1.51 ×Sn,113195923.71193042,82500000.0,1,,
1763755195.7390592,WARN,OVERCURRENT,I1=1.51 ×In,594.124518420467,472.37749297333016,1,,
1763755196.574267,WARN,OVERLOAD,S=1.45 ×Sn,108887081.02502397,82500000.0,1,,
1763755196.574267,WARN,OVERCURRENT,I1=1.45 ×In,571.5089594642744,472.37749297333016,1,,
1763755197.4746397,WARN,OVERLOAD,S=1.43 ×Sn,107407543.14468482,82500000.0,1,,
1763755197.4746397,WARN,OVERCURRENT,I1=1.43 ×In,563.7433995234557,472.37749297333016,1,,
1763755198.3013458,WARN,OVERLOAD,S=1.55 ×Sn,116117830.49016249,82500000.0,1,,
1763755198.3013458,WARN,OVERCURRENT,I1=1.55 ×In,609.4605517382787,472.37749297333016,1,,
1763755199.107362,WARN,OVERLOAD,S=1.52 ×Sn,113953131.38134529,82500000.0,1,,
1763755199.107362,WARN,OVERCURRENT,I1=1.52 ×In,598.0988279820045,472.37749297333016,1,,
1763755199.9517915,WARN,OVERLOAD,S=1.57 ×Sn,117414780.02895926,82500000.0,1,,
1763755199.9517915,WARN,OVERCURRENT,I1=1.57 ×In,616.2677714232757,472.37749297333016,1,,
1763755200.8687437,WARN,OVERLOAD,S=1.40 ×Sn,104928227.36398023,82500000.0,1,,
1763755200.8687437,WARN,OVERCURRENT,I1=1.40 ×In,550.730366492584,472.37749297333016,1,,
1763755201.6581452,WARN,OVERLOAD,S=1.53 ×Sn,114674096.5834849,82500000.0,1,,
1763755201.6581452,WARN,OVERCURRENT,I1=1.53 ×In,601.8829139232014,472.37749297333016,1,,
1763755202.502514,WARN,OVERLOAD,S=1.48 ×Sn,110648696.80311364,82500000.0,1,,
1763755202.502514,WARN,OVERCURRENT,I1=1.48 ×In,580.7550444068995,472.37749297333016,1,,
1763755203.332287,WARN,OVERLOAD,S=1.45 ×Sn,108566590.90684746,82500000.0,1,,
1763755203.332287,WARN,OVERCURRENT,I1=1.45 ×In,569.8268225915306,472.37749297333016,1,,
1763755204.2002077,WARN,OVERLOAD,S=1.48 ×Sn,110837734.57691507,82500000.0,1,,
1763755204.2002077,WARN,OVERCURRENT,I1=1.48 ×In,581.7472354031837,472.37749297333016,1,,
1763755204.9539428,WARN,OVERLOAD,S=1.60 ×Sn,119990099.89516993,82500000.0,1,,
1763755204.9539428,WARN,OVERCURRENT,I1=1.60 ×In,629.7846952233314,472.37749297333016,1,,
1763755213.0415192,WARN,OVERLOAD,S=1.27 ×Sn,94953404.40301411,82500000.0,1,,
1763755213.0415192,WARN,OVERCURRENT,I1=1.27 ×In,498.3761235686508,472.37749297333016,1,,
1763755213.9630978,WARN,OVERLOAD,S=1.28 ×Sn,95867623.02576087,82500000.0,1,,
1763755213.9630978,WARN,OVERCURRENT,I1=1.28 ×In,503.17452691356914,472.37749297333016,1,,
1763755214.795507,WARN,OVERLOAD,S=1.26 ×Sn,94518341.32107723,82500000.0,1,,
1763755214.795507,WARN,OVERCURRENT,I1=1.26 ×In,496.09263459164424,472.37749297333016,1,,
1763755215.6753502,WARN,OVERLOAD,S=1.27 ×Sn,95616671.24821071,82500000.0,1,,
1763755215.6753502,WARN,OVERCURRENT,I1=1.27 ×In,501.8573716742764,472.37749297333016,1,,
1763779363.7117612,WARN,OVERLOAD,S=1.20 ×Sn,119855887.60673153,110000000.00000001,1,,
1763779370.8346956,WARN,OVERLOAD,S=1.19 ×Sn,118674789.08150004,110000000.00000001,1,,
1763779371.6611402,WARN,OVERLOAD,S=1.22 ×Sn,122486581.25893441,110000000.00000001,1,,
1763779371.6611402,WARN,OVERCURRENT,I1=1.22 ×In,321.4439120998307,314.91832864888676,1,,
1763779376.9345524,WARN,OVERLOAD,S=1.23 ×Sn,123125293.26875561,110000000.00000001,1,,
1763779376.9345524,WARN,OVERCURRENT,I1=1.23 ×In,323.12009642167124,314.91832864888676,1,,
1763779377.790297,WARN,OVERLOAD,S=1.22 ×Sn,122027610.28694828,110000000.00000001,1,,
1763779377.790297,WARN,OVERCURRENT,I1=1.22 ×In,320.2394256715288,314.91832864888676,1,,
1763779378.6850977,WARN,OVERLOAD,S=1.21 ×Sn,121351092.08685367,110000000.00000001,1,,
1763779378.6850977,WARN,OVERCURRENT,I1=1.21 ×In,318.46402583090924,314.91832864888676,1,,
1763779388.6763287,WARN,OVERLOAD,S=1.18 ×Sn,117566343.37058656,110000000.00000001,1,,
1763779389.6057742,WARN,OVERLOAD,S=1.16 ×Sn,116239520.29903948,110000000.00000001,1,,
1763779390.6279943,WARN,OVERLOAD,S=1.24 ×Sn,123907215.61041956,110000000.00000001,1,,
1763779390.6279943,WARN,OVERCURRENT,I1=1.24 ×In,325.1721103964215,314.91832864888676,1,,
1763779395.6668556,WARN,OVERLOAD,S=1.62 ×Sn,162382620.816412,110000000.00000001,1,,
1763779395.6668556,WARN,OVERCURRENT,I1=1.62 ×In,426.14386290942,314.91832864888676,1,,
1763779397.0557742,WARN,OVERLOAD,S=1.62 ×Sn,161756619.3860944,110000000.00000001,1,,
1763779397.0557742,WARN,OVERCURRENT,I1=1.62 ×In,424.5010352080247,314.91832864888676,1,,
1763779398.049817,WARN,OVERLOAD,S=1.66 ×Sn,165745306.60698086,110000000.00000001,1,,
1763779398.049817,WARN,OVERCURRENT,I1=1.66 ×In,434.96862448389754,314.91832864888676,1,,
1763821953.501082,WARN,OVERLOAD,S=1.13 ×Sn,112721899.29701826,110000000.00000001
