ts,v_sec,i_sec,p_sec,t_core,v_prim_rms,i_prim_rms,pf_prim,freq,status
1761660574.203251,19.824,10.174,201.7,35.15,219.63,0.945,0.972,50.03,OK
1761660574.310423,19.826,10.193,202.09,35.31,219.8,0.969,0.949,49.98,OK
1761660574.4115834,19.823,10.252,203.23,35.46,220.19,0.96,0.961,50.02,OK
1761660574.512735,19.802,10.266,203.28,35.61,219.92,0.985,0.938,50.0,OK
1761660574.6136901,19.833,10.169,201.69,35.75,220.27,0.978,0.936,50.05,OK
1761660574.7148113,19.843,10.262,203.63,35.9,220.05,0.967,0.957,50.04,OK
1761660574.81624,19.885,10.158,202.0,36.04,219.61,0.99,0.929,49.99,OK
1761660574.9176033,19.808,10.27,203.43,36.19,220.4,0.951,0.97,49.96,OK
1761660575.0195596,19.803,10.385,205.66,36.33,220.07,0.974,0.959,49.99,OK
1761660575.1209826,19.848,10.309,204.61,36.47,219.99,1.005,0.925,49.99,OK
1761660575.2226348,19.836,10.201,202.35,36.61,220.35,0.946,0.971,50.03,OK
1761660575.32428,19.867,10.231,203.26,36.75,219.65,0.958,0.966,50.01,OK
1761660575.4252954,19.864,10.361,205.81,36.88,219.68,0.959,0.977,49.98,OK
1761660575.5265226,19.859,10.338,205.3,37.02,220.01,1.012,0.922,50.02,OK
1761660575.6279097,19.88,10.172,202.22,37.15,219.67,0.965,0.954,50.01,OK
1761660575.7292564,19.879,10.359,205.93,37.28,220.15,0.97,0.965,49.95,OK
1761660575.830525,19.814,10.391,205.9,37.41,219.66,0.98,0.956,50.04,OK
1761660575.9328952,19.832,10.383,205.93,37.54,219.98,0.961,0.975,50.02,OK
1761660576.034673,19.808,10.311,204.25,37.67,219.87,0.965,0.963,50.02,OK
1761660576.1371484,19.866,10.246,203.54,37.8,219.87,0.976,0.948,50.03,OK
1761660576.2381825,19.815,10.237,202.84,37.92,220.2,0.975,0.945,49.96,OK
1761660576.3393004,19.851,10.349,205.44,38.05,220.18,0.976,0.956,50.05,OK
1761660576.4407012,19.81,10.219,202.45,38.17,220.1,0.994,0.925,50.0,OK
1761660576.5423567,19.83,10.238,203.03,38.29,220.06,0.949,0.972,50.04,OK
1761660576.643792,19.875,10.246,203.64,38.41,220.4,0.966,0.957,50.03,OK
1761660576.7449756,19.85,10.179,202.05,38.53,220.21,0.976,0.94,50.02,OK
1761660576.8460402,19.879,10.168,202.13,38.65,219.95,0.986,0.932,50.02,OK
1761660576.947868,19.878,10.246,203.67,38.77,219.71,0.984,0.942,50.02,OK
1761660577.0500286,19.831,10.26,203.47,38.89,220.07,0.951,0.972,49.96,OK
1761660577.1516426,19.8,10.305,204.03,39.0,220.13,0.985,0.941,50.01,OK
1761660577.2531915,19.816,10.323,204.56,39.11,220.23,0.982,0.946,49.95,OK
1761660577.3550282,19.816,10.329,204.68,39.23,220.37,0.998,0.931,50.02,OK
1761660577.4568574,19.793,10.35,204.86,39.34,220.37,0.973,0.956,50.04,OK
1761660577.55867,19.846,10.232,203.07,39.45,220.32,0.948,0.972,50.0,OK
1761660577.660526,19.805,10.362,205.21,39.56,219.63,1.003,0.932,50.03,OK
1761660577.7629426,19.79,10.338,204.6,39.67,219.7,0.971,0.959,50.03,OK
1761660577.864188,19.794,10.326,204.39,39.77,220.14,0.96,0.968,49.97,OK
1761660577.965916,19.854,10.177,202.05,39.88,219.9,0.965,0.952,50.01,OK
1761660578.0673728,19.795,10.189,201.7,39.98,220.31,0.971,0.943,50.02,OK
1761660578.168694,19.874,10.201,202.74,40.09,220.16,0.943,0.976,50.03,OK
1761660578.2701533,19.869,10.145,201.57,40.19,220.26,0.977,0.936,49.95,OK
1761660578.3726447,19.871,10.248,203.64,40.29,219.62,0.954,0.972,50.01,OK
1761660578.4747026,19.835,10.273,203.75,40.39,220.34,0.998,0.927,50.02,OK
1761660578.5761619,19.849,10.154,201.55,40.49,219.87,0.936,0.979,49.96,OK
1761660578.6782882,19.794,10.261,203.11,40.59,220.11,0.98,0.941,49.97,OK
1761660578.7797358,19.889,10.157,202.02,40.69,220.35,0.94,0.975,49.95,OK
1761660578.8812063,19.866,10.291,204.45,40.79,219.96,0.993,0.936,50.05,OK
1761660578.9822605,19.851,10.132,201.14,40.88,219.85,0.993,0.921,50.03,OK
1761660579.083803,19.8,10.208,202.11,40.98,219.8,0.972,0.946,49.96,OK
1761660579.1864276,19.883,10.12,201.21,41.07,219.71,0.969,0.945,50.04,OK
1761660579.2878954,19.862,10.238,203.35,41.16,219.81,0.989,0.935,49.96,OK
1761660579.3891492,19.855,10.173,201.98,41.26,220.1,0.997,0.921,49.95,OK
1761660579.490855,19.836,10.255,203.41,41.35,219.78,0.979,0.945,50.03,OK
1761660579.5923057,19.869,10.162,201.9,41.44,219.93,0.986,0.931,50.01,OK
1761660579.6937273,19.819,10.267,203.48,41.53,220.25,0.977,0.946,49.96,OK
1761660579.7952294,19.88,10.198,202.74,41.62,219.69,0.965,0.957,50.04,OK
1761660579.8964038,19.814,10.142,200.96,41.7,220.25,0.973,0.938,50.03,OK
1761660579.997885,19.813,10.202,202.14,41.79,220.05,0.958,0.959,49.98,OK
1761660580.0996027,19.802,10.063,199.26,41.88,220.07,0.936,0.967,50.0,OK
1761660580.2007892,19.87,10.156,201.81,41.96,219.92,0.95,0.966,50.04,OK
1761660580.3021154,19.81,10.18,201.67,42.05,220.25,0.957,0.957,50.0,OK
1761660580.403178,19.803,10.222,202.43,42.13,220.16,0.984,0.935,49.97,OK
1761660580.5052776,19.877,10.113,201.02,42.21,220.29,0.943,0.968,50.05,OK
1761660580.6062326,19.807,10.112,200.29,42.29,220.21,0.945,0.962,49.97,OK
1761660580.7074568,19.802,10.089,199.78,42.37,220.16,0.956,0.95,49.96,OK
1761660580.8090408,19.845,10.062,199.68,42.45,219.79,0.963,0.943,49.95,OK
1761660580.9103496,19.819,10.087,199.91,42.53,219.78,0.953,0.954,50.05,OK
1761660581.0114007,19.829,10.021,198.7,42.61,220.37,0.956,0.943,50.03,OK
1761660581.1132684,19.807,10.157,201.19,42.69,219.76,0.987,0.927,50.05,OK
1761660581.2145317,19.883,9.995,198.73,42.77,220.34,0.966,0.934,50.05,OK
1761660581.3154578,19.829,10.151,201.29,42.84,219.86,0.987,0.927,49.98,OK
1761660581.4165738,19.871,10.049,199.69,42.92,219.74,0.95,0.957,49.99,OK
1761660581.5184996,19.821,10.023,198.67,42.99,220.19,0.972,0.928,50.01,OK
1761660581.6197386,19.87,10.021,199.12,43.07,220.06,0.972,0.93,50.02,OK
1761660581.7207813,19.833,10.088,200.07,43.14,219.82,0.93,0.979,49.96,OK
1761660581.8224132,19.844,9.966,197.76,43.21,220.03,0.924,0.972,49.99,OK
1761660581.9237883,19.857,10.002,198.62,43.28,220.09,0.972,0.928,50.02,OK
1761660582.0252557,19.828,10.017,198.62,43.35,220.01,0.959,0.942,49.95,OK
1761660582.1263137,19.805,9.949,197.04,43.42,219.79,0.961,0.933,49.98,OK
1761660582.2277687,19.874,9.989,198.52,43.49,220.15,0.94,0.959,50.04,OK
1761660582.3291774,19.88,9.974,198.29,43.56,219.83,0.954,0.945,49.99,OK
1761660582.430778,19.838,9.962,197.64,43.63,219.82,0.92,0.977,50.04,OK
1761660582.532262,19.885,9.943,197.71,43.7,220.26,0.97,0.925,49.98,OK
1761660582.6332328,19.826,9.955,197.37,43.77,219.79,0.94,0.956,49.99,OK
1761660582.7347972,19.866,9.86,195.88,43.83,219.62,0.958,0.931,50.0,OK
1761660582.8360493,19.806,10.073,199.52,43.9,219.71,0.931,0.975,50.02,OK
1761660582.9375474,19.807,9.923,196.55,43.96,219.68,0.938,0.954,50.02,OK
1761660583.0389152,19.885,9.858,196.03,44.03,219.66,0.923,0.966,50.02,OK
1761660583.140245,19.792,10.053,198.97,44.09,219.72,0.937,0.966,50.04,OK
1761660583.24198,19.803,9.884,195.73,44.15,219.9,0.926,0.961,50.02,OK
1761660583.3433204,19.834,9.994,198.22,44.22,219.89,0.965,0.934,49.98,OK
1761660583.4443374,19.886,9.915,197.18,44.28,220.27,0.961,0.931,49.98,OK
1761660583.5475183,19.87,9.957,197.85,44.34,219.61,0.959,0.939,50.0,OK
1761660583.648566,19.846,9.908,196.63,44.4,220.19,0.93,0.96,49.96,OK
1761660583.7503793,19.815,9.933,196.82,44.46,220.15,0.957,0.934,50.0,OK
1761660583.8532195,19.864,9.871,196.08,44.52,220.22,0.929,0.958,49.95,OK
1761660583.9550729,19.887,9.965,198.16,44.58,220.06,0.94,0.958,49.98,OK
1761660584.0563188,19.82,9.994,198.08,44.63,219.93,0.923,0.976,49.98,OK
1761660584.157949,19.849,9.834,195.21,44.69,219.68,0.922,0.964,50.05,OK
1761660584.2594194,19.799,9.96,197.2,44.75,219.77,0.967,0.928,50.0,OK
1761660584.3607101,19.865,9.884,196.35,44.8,219.82,0.962,0.928,50.04,OK
1761660584.4620473,19.821,9.825,194.74,44.86,220.16,0.933,0.948,50.05,OK
1761660584.5638137,19.806,9.834,194.77,44.92,219.8,0.953,0.93,49.95,OK
1761660584.6649714,19.817,9.839,194.98,44.97,220.1,0.942,0.941,49.95,OK
1761660584.7669702,19.822,9.955,197.32,45.02,219.81,0.919,0.977,50.01,OK
1761660584.86832,19.885,9.904,196.94,45.08,220.34,0.952,0.939,49.98,OK
1761660584.9696398,19.857,9.963,197.85,45.13,219.66,0.931,0.967,49.99,OK
1761660585.0708394,19.85,9.848,195.48,45.18,220.33,0.927,0.957,50.03,OK
1761660585.1725714,19.841,9.814,194.71,45.24,220.32,0.937,0.943,50.01,OK
1761660585.2741005,19.849,9.948,197.45,45.29,219.9,0.959,0.936,49.98,OK
1761660585.3756208,19.82,9.892,196.07,45.34,219.65,0.921,0.969,49.96,OK
1761660585.4771557,19.845,9.841,195.3,45.39,219.73,0.918,0.968,50.02,OK
1761660585.5832617,19.878,9.799,194.78,45.44,219.65,0.933,0.95,50.0,OK
1761660585.6988175,19.795,9.859,195.17,45.49,219.68,0.955,0.93,50.04,OK
1761660585.800787,19.826,9.788,194.05,45.54,219.94,0.954,0.925,49.98,OK
1761660585.9358866,19.792,9.862,195.2,45.59,219.79,0.94,0.945,50.05,OK
1761660586.1364005,19.864,9.874,196.13,45.63,219.73,0.956,0.934,50.0,OK
1761660586.2400308,19.861,9.815,194.94,45.68,219.93,0.925,0.958,50.02,OK
1761660586.3487346,19.803,9.825,194.57,45.73,219.61,0.944,0.939,50.0,OK
1761660586.4501514,19.863,9.923,197.1,45.77,220.34,0.958,0.934,50.01,OK
1761660586.5538414,19.868,9.944,197.57,45.82,219.75,0.933,0.964,50.05,OK
1761660586.6550157,19.798,9.936,196.71,45.87,219.69,0.933,0.959,49.96,OK
1761660586.7561157,19.851,9.91,196.73,45.91,220.2,0.968,0.923,50.04,OK
1761660586.8597898,19.79,9.907,196.07,45.96,219.92,0.929,0.959,49.98,OK
1761660586.9635587,19.871,9.882,196.37,46.0,220.18,0.921,0.969,50.03,OK
1761660587.3435483,19.868,9.887,196.44,46.04,219.82,0.97,0.921,50.0,OK
1761660587.5406172,19.835,10.01,198.55,46.09,220.34,0.968,0.931,49.98,OK
1761660587.6517298,19.792,9.925,196.44,46.13,220.23,0.95,0.939,50.0,OK
1761660587.7541478,19.845,9.976,197.97,46.17,219.69,0.944,0.954,50.04,OK
1761660587.8558512,19.877,9.884,196.46,46.22,220.27,0.926,0.963,49.97,OK
1761660587.9573977,19.888,10.009,199.05,46.26,220.32,0.934,0.967,50.03,OK
1761660588.0585654,19.853,9.895,196.44,46.3,220.1,0.912,0.979,49.99,OK
1761660588.1599054,19.884,10.01,199.04,46.34,219.68,0.981,0.924,50.01,OK
1761660588.261814,19.863,10.036,199.33,46.38,219.98,0.967,0.937,50.03,OK
1761660588.3658957,19.866,9.98,198.27,46.42,219.81,0.924,0.976,49.96,OK
1761660588.4667416,19.855,10.049,199.52,46.46,220.06,0.951,0.953,49.98,OK
1761660588.5677795,19.846,9.978,198.01,46.5,219.87,0.971,0.927,50.03,OK
1761660588.669201,19.846,9.928,197.02,46.54,219.84,0.955,0.939,50.03,OK
1761660588.7709424,19.873,10.051,199.75,46.58,219.75,0.983,0.925,50.01,OK
1761660588.8725722,19.793,10.06,199.12,46.61,219.85,0.97,0.933,49.98,OK
1761660588.9740627,19.854,9.915,196.84,46.65,219.91,0.946,0.946,49.98,OK
1761660589.0753043,19.852,9.901,196.55,46.69,220.1,0.935,0.955,50.03,OK
1761660589.1762214,19.866,10.014,198.94,46.73,220.25,0.973,0.928,49.99,OK
1761660589.2781682,19.835,9.918,196.73,46.76,219.64,0.918,0.976,49.99,OK
1761660589.379538,19.859,10.081,200.2,46.8,220.03,0.943,0.965,49.95,OK
1761660589.4807732,19.824,10.036,198.96,46.83,219.83,0.976,0.928,50.03,OK
1761660589.581927,19.852,9.928,197.09,46.87,219.87,0.97,0.924,50.03,OK
1761660589.6829147,19.8,10.0,197.99,46.91,219.94,0.973,0.925,50.0,OK
1761660589.7849045,19.796,10.106,200.06,46.94,219.99,0.986,0.922,49.95,OK
1761660589.8866675,19.888,9.97,198.28,46.97,219.64,0.969,0.932,50.0,OK
1761660589.9879518,19.867,9.984,198.34,47.01,220.03,0.956,0.943,50.0,OK
1761660590.0895114,19.793,10.105,200.0,47.04,219.75,0.954,0.954,49.98,OK
1761660590.1907723,19.867,10.047,199.6,47.08,219.82,0.978,0.928,50.02,OK
1761660590.292516,19.878,10.064,200.06,47.11,219.95,0.954,0.953,49.96,OK
1761660590.3945172,19.82,10.037,198.93,47.14,219.87,0.937,0.966,49.98,OK
1761660590.4963377,19.871,10.173,202.15,47.17,219.9,0.992,0.927,49.96,OK
1761660590.5978634,19.853,10.03,199.13,47.21,220.05,0.973,0.93,50.0,OK
1761660590.7002633,19.797,10.156,201.05,47.24,220.02,0.969,0.943,49.97,OK
1761660590.8023024,19.882,10.055,199.91,47.27,219.88,0.964,0.943,50.01,OK
1761660590.9035008,19.878,10.093,200.64,47.3,219.69,0.938,0.974,49.97,OK
1761660591.0047784,19.859,10.201,202.58,47.33,219.92,0.941,0.979,49.96,OK
1761660591.1060388,19.805,10.094,199.91,47.36,219.96,0.944,0.963,49.98,OK
1761660591.207506,19.886,10.186,202.56,47.39,220.05,0.992,0.928,49.98,OK
1761660591.3091264,19.805,10.132,200.66,47.42,220.05,0.949,0.961,49.96,OK
1761660591.4103382,19.873,10.118,201.07,47.45,220.14,0.965,0.947,49.98,OK
1761660591.5118768,19.865,10.137,201.37,47.48,220.0,0.982,0.932,50.0,OK
1761660591.6134756,19.886,10.142,201.7,47.51,219.86,0.958,0.958,50.01,OK
1761660591.7145143,19.793,10.192,201.74,47.54,220.32,0.971,0.943,50.04,OK
1761660591.8157487,19.864,10.193,202.47,47.57,219.7,0.998,0.923,49.96,OK
1761660591.9174967,19.88,10.165,202.07,47.6,220.23,0.966,0.95,50.04,OK
1761660592.0194638,19.874,10.259,203.89,47.62,220.09,0.96,0.965,50.03,OK
1761660592.1206765,19.805,10.282,203.63,47.65,220.04,0.97,0.954,50.02,OK
1761660592.2221305,19.806,10.294,203.89,47.68,219.92,0.954,0.972,49.97,OK
1761660592.3233864,19.85,10.205,202.56,47.71,220.0,0.986,0.934,49.99,OK
1761660592.4248226,19.805,10.152,201.06,47.73,220.19,0.94,0.971,50.01,OK
1761660592.5262613,19.806,10.137,200.78,47.76,220.26,0.931,0.979,50.01,OK
1761660592.6272008,19.872,10.164,201.98,47.79,219.94,0.971,0.946,49.98,OK
1761660592.7290902,19.887,10.289,204.62,47.81,219.72,0.964,0.966,50.0,OK
1761660592.8307102,19.873,10.146,201.64,47.84,220.28,0.953,0.961,50.02,OK
1761660592.932401,19.877,10.15,201.75,47.86,220.31,0.942,0.972,50.04,OK
1761660593.0346608,19.856,10.176,202.06,47.89,220.21,0.944,0.972,50.0,OK
1761660593.136491,19.858,10.324,205.0,47.91,220.12,0.953,0.977,50.0,OK
1761660593.237988,19.828,10.332,204.88,47.94,219.71,1.007,0.926,49.99,OK
1761660593.3395772,19.796,10.293,203.75,47.96,219.79,0.983,0.943,49.99,OK
1761660593.4409297,19.874,10.337,205.44,47.99,219.68,0.976,0.958,49.99,OK
1761660593.5419414,19.84,10.308,204.51,48.01,220.3,0.954,0.973,50.0,OK
1761660593.6438384,19.813,10.339,204.84,48.03,220.3,0.998,0.932,50.01,OK
1761660593.7457244,19.844,10.196,202.32,48.06,219.97,0.968,0.95,50.05,OK
1761660593.847237,19.846,10.263,203.68,48.08,220.28,0.964,0.96,49.97,OK
1761660593.9484293,19.81,10.203,202.12,48.1,219.64,0.988,0.932,50.0,OK
1761660594.0497878,19.794,10.356,204.99,48.13,219.83,0.97,0.961,49.98,OK
1761660594.1524665,19.8,10.269,203.33,48.15,220.22,0.969,0.953,50.03,OK
1761660594.2536106,19.844,10.174,201.9,48.17,220.28,0.94,0.975,50.02,OK
1761660594.3559601,19.837,10.365,205.61,48.19,219.74,0.993,0.942,50.02,OK
1761660594.457293,19.874,10.252,203.76,48.22,219.89,0.98,0.946,49.98,OK
1761660594.5588458,19.884,10.186,202.54,48.24,220.39,0.993,0.926,50.03,OK
1761660594.6602888,19.843,10.346,205.3,48.26,219.89,0.99,0.943,50.02,OK
1761660594.7619553,19.808,10.369,205.39,48.28,220.27,0.954,0.977,50.01,OK
1761660594.8627424,19.821,10.22,202.58,48.3,220.16,0.976,0.942,49.98,OK
1761660594.96368,19.854,10.282,204.14,48.32,219.74,0.976,0.952,50.01,OK
1761660595.064548,19.888,10.164,202.14,48.34,219.72,0.979,0.94,49.96,OK
1761660595.1657584,19.795,10.382,205.5,48.36,219.87,0.955,0.979,50.01,OK
1761660595.2672098,19.844,10.261,203.62,48.38,219.63,0.987,0.939,50.03,OK
1761660595.3685067,19.881,10.18,202.39,48.4,219.62,0.946,0.974,49.99,OK
1761660595.4699647,19.842,10.354,205.46,48.42,219.77,1.009,0.926,50.02,OK
1761660595.571306,19.819,10.324,204.6,48.44,219.68,0.958,0.972,50.02,OK
1761660595.672375,19.889,10.214,203.16,48.46,220.08,0.964,0.957,49.95,OK
1761660595.7734692,19.865,10.287,204.34,48.48,220.18,0.98,0.947,49.98,OK
1761660595.8746142,19.853,10.237,203.24,48.5,219.95,0.981,0.942,49.98,OK
1761660595.9758542,19.883,10.289,204.57,48.52,219.69,0.984,0.947,49.99,OK
1761660596.0765595,19.834,10.22,202.71,48.54,220.26,0.978,0.941,50.0,OK
1761660596.1776388,19.827,10.241,203.06,48.56,220.24,0.949,0.971,50.01,OK
1761660596.2788506,19.878,10.311,204.97,48.58,219.97,1.007,0.925,50.0,OK
1761660596.3811364,19.888,10.322,205.29,48.59,220.06,0.973,0.958,50.03,OK
1761660596.4824486,19.811,10.214,202.35,48.61,220.15,0.966,0.952,50.02,OK
1761660596.586262,19.819,10.306,204.25,48.63,219.95,0.957,0.97,50.04,OK
1761660596.6885931,19.849,10.228,203.03,48.65,219.85,0.956,0.966,50.03,OK
1761660596.791927,19.876,10.148,201.7,48.66,220.01,0.938,0.978,49.99,OK
1761660596.8946135,19.822,10.218,202.55,48.68,219.77,0.976,0.944,50.01,OK
1761660596.995935,19.867,10.233,203.3,48.7,219.9,0.982,0.941,49.95,OK
1761660597.0967722,19.795,10.343,204.74,48.72,220.3,0.969,0.959,50.02,OK
1761660597.1980252,19.862,10.272,204.02,48.73,219.62,0.971,0.956,49.99,OK
1761660597.2991602,19.839,10.134,201.04,48.75,219.69,0.938,0.975,49.95,OK
1761660597.4005442,19.87,10.176,202.19,48.77,220.19,0.96,0.956,50.01,OK
1761660597.5018654,19.806,10.153,201.09,48.78,219.9,0.989,0.924,50.02,OK
1761660597.6030881,19.809,10.148,201.02,48.8,220.3,0.975,0.936,50.03,OK
1761660597.7042534,19.841,10.132,201.03,48.81,219.7,0.965,0.948,49.97,OK
1761660597.8053017,19.865,10.252,203.66,48.83,219.9,0.983,0.942,49.95,OK
1761660597.9079406,19.872,10.193,202.56,48.84,219.98,0.962,0.958,50.01,OK
1761660598.0090048,19.866,10.078,200.21,48.86,220.03,0.956,0.952,49.98,OK
1761660598.1100914,19.835,10.113,200.59,48.88,220.21,0.97,0.939,49.95,OK
1761660598.211511,19.866,10.135,201.35,48.89,219.72,0.982,0.933,50.01,OK
1761660598.3130755,19.84,10.137,201.12,48.91,219.85,0.958,0.954,50.04,OK
1761660598.4142842,19.809,10.244,202.92,48.92,219.99,0.954,0.967,49.98,OK
1761660598.515237,19.847,10.141,201.27,48.93,220.24,0.955,0.957,50.0,OK
1761660598.61703,19.811,10.206,202.19,48.95,219.65,0.966,0.953,49.99,OK
1761660598.71866,19.874,10.151,201.75,48.96,219.78,0.991,0.926,50.03,OK
1761660598.8204184,19.844,10.124,200.89,48.98,220.1,0.973,0.938,50.04,OK
1761660598.9214911,19.794,10.183,201.56,48.99,219.94,0.993,0.922,50.0,OK
1761660599.0226705,19.876,10.078,200.31,49.01,219.96,0.986,0.923,49.98,OK
1761660599.124059,19.86,10.037,199.33,49.02,220.18,0.956,0.947,50.04,OK
1761660599.225421,19.878,10.022,199.23,49.03,219.67,0.957,0.947,49.96,OK
1761660599.327336,19.86,10.095,200.49,49.05,219.81,0.991,0.921,50.05,OK
1761660599.4286036,19.836,10.177,201.87,49.06,220.3,0.981,0.934,49.96,OK
1761660599.5300527,19.835,10.104,200.42,49.07,220.11,0.969,0.939,50.01,OK
1761660599.6312356,19.807,10.127,200.58,49.09,220.21,0.95,0.959,50.04,OK
1761660599.7324615,19.803,10.149,200.99,49.1,220.09,0.939,0.973,49.96,OK
1761660599.8339255,19.851,10.085,200.19,49.11,220.3,0.929,0.979,49.99,OK
1761660599.935758,19.841,10.001,198.44,49.13,220.27,0.926,0.973,50.04,OK
1761660600.0376651,19.796,10.174,201.41,49.14,220.19,0.957,0.956,49.99,OK
1761660600.143957,19.834,10.095,200.22,49.15,220.25,0.947,0.96,50.04,OK
1761660600.2456532,19.809,10.137,200.81,49.16,220.05,0.991,0.921,49.98,OK
1761660600.3473814,19.83,10.008,198.46,49.18,219.76,0.975,0.926,49.97,OK
1761660600.4487495,19.832,10.032,198.95,49.19,220.23,0.942,0.959,50.05,OK
1761660600.5501935,19.817,10.006,198.29,49.2,219.77,0.966,0.934,50.02,OK
1761660600.6515734,19.793,10.041,198.73,49.21,219.79,0.936,0.966,49.98,OK
1761660600.7531996,19.847,10.016,198.79,49.22,219.74,0.963,0.94,50.05,OK
1761660600.8545544,19.885,9.891,196.67,49.24,219.95,0.955,0.936,49.99,OK
1761660600.9558408,19.828,9.948,197.26,49.25,219.76,0.969,0.926,50.02,OK
1761660601.0573852,19.882,9.888,196.58,49.26,220.32,0.963,0.927,49.99,OK
1761660601.1585922,19.878,9.978,198.35,49.27,220.18,0.978,0.921,49.99,OK
1761660601.259879,19.815,10.02,198.54,49.28,219.88,0.969,0.932,50.03,OK
1761660601.361338,19.846,9.902,196.52,49.29,219.89,0.967,0.924,50.01,OK
1761660601.462883,19.83,9.886,196.04,49.3,219.97,0.955,0.933,50.01,OK
1761660601.564432,19.857,9.99,198.38,49.31,220.29,0.921,0.978,50.0,OK
1761660601.6658099,19.846,9.883,196.15,49.32,219.88,0.92,0.97,50.04,OK
1761660601.767158,19.825,9.976,197.77,49.33,220.34,0.957,0.937,50.02,OK
1761660601.8683088,19.849,9.886,196.23,49.35,220.03,0.91,0.98,50.0,OK
1761660601.9695919,19.82,9.912,196.46,49.36,220.13,0.956,0.934,50.03,OK
1761660602.0703511,19.862,9.862,195.88,49.37,220.23,0.949,0.937,49.95,OK
1761660602.1717668,19.798,10.01,198.18,49.38,219.64,0.95,0.95,49.98,OK
1761660602.2731214,19.867,9.958,197.84,49.39,220.24,0.967,0.929,49.97,OK
1761660602.374934,19.827,10.01,198.47,49.4,219.98,0.947,0.953,50.02,OK
1761660602.4759514,19.859,9.861,195.83,49.41,220.21,0.961,0.925,50.03,OK
1761660602.5775068,19.864,9.891,196.47,49.42,220.36,0.92,0.969,49.96,OK
1761660602.67863,19.798,10.02,198.37,49.43,219.74,0.972,0.929,50.0,OK
1761660602.779664,19.88,9.937,197.55,49.44,220.2,0.953,0.942,49.99,OK
1761660602.8811653,19.887,9.946,197.8,49.45,220.04,0.963,0.933,50.01,OK
1761660602.982425,19.871,9.877,196.27,49.45,220.37,0.957,0.931,50.03,OK
1761660603.0839977,19.862,9.966,197.95,49.46,219.81,0.968,0.931,50.02,OK
1761660603.1857753,19.814,9.933,196.82,49.47,220.02,0.969,0.923,50.03,OK
1761660603.2875438,19.832,9.955,197.42,49.48,220.05,0.93,0.964,50.01,OK
1761660603.3893087,19.857,9.837,195.34,49.49,220.06,0.942,0.942,50.02,OK
1761660603.4910717,19.795,9.878,195.54,49.5,219.95,0.915,0.971,50.01,OK
1761660603.5923846,19.801,9.924,196.51,49.51,220.16,0.917,0.974,49.97,OK
1761660603.694045,19.867,9.825,195.2,49.52,220.38,0.954,0.928,49.96,OK
1761660603.7956805,19.878,9.775,194.3,49.53,220.32,0.916,0.962,49.97,OK
1761660603.89754,19.88,9.839,195.61,49.54,220.39,0.959,0.925,50.01,OK
1761660603.9988778,19.884,9.826,195.38,49.54,220.26,0.936,0.948,49.96,OK
1761660604.1008558,19.826,9.942,197.11,49.55,220.0,0.918,0.975,50.05,OK
1761660604.2021446,19.85,9.894,196.4,49.56,219.96,0.953,0.937,49.99,OK
1761660604.3037221,19.885,9.842,195.71,49.57,220.31,0.931,0.955,50.01,OK
1761660604.4046733,19.858,9.859,195.77,49.58,220.01,0.966,0.921,50.04,OK
1761660604.5061133,19.803,9.872,195.5,49.59,219.95,0.925,0.961,50.0,OK
1761660604.6071599,19.882,9.769,194.22,49.59,219.65,0.957,0.924,49.97,OK
1761660604.708721,19.883,9.891,196.65,49.6,220.21,0.918,0.972,49.97,OK
1761660604.8106592,19.841,9.916,196.75,49.61,219.75,0.917,0.976,50.01,OK
1761660604.9117026,19.825,9.989,198.03,49.62,220.18,0.958,0.939,50.0,OK
1761660605.013105,19.845,9.856,195.59,49.62,220.03,0.908,0.979,50.0,OK
1761660605.1148467,19.868,9.969,198.08,49.63,219.65,0.921,0.98,50.02,OK
1761660605.216549,19.803,9.984,197.71,49.64,219.82,0.946,0.951,50.04,OK
1761660605.3177426,19.81,9.831,194.75,49.65,220.12,0.932,0.949,50.04,OK
1761660605.419004,19.827,9.84,195.09,49.66,219.88,0.931,0.953,49.96,OK
1761660605.5206912,19.832,9.894,196.21,49.66,220.04,0.966,0.923,50.0,OK
1761660605.6217024,19.825,9.839,195.06,49.67,220.13,0.922,0.961,49.96,OK
1761660605.7232223,19.856,9.946,197.48,49.68,220.31,0.962,0.931,50.03,OK
1761660605.8245087,19.84,9.908,196.57,49.68,220.23,0.969,0.921,50.0,OK
1761660605.9254813,19.882,9.794,194.72,49.69,220.07,0.91,0.972,50.05,OK
1761660606.026802,19.818,9.822,194.65,49.7,220.04,0.946,0.935,49.99,OK
1761660606.1280077,19.791,10.021,198.33,49.7,220.32,0.971,0.927,50.03,OK
1761660606.228904,19.838,9.879,195.99,49.71,219.92,0.958,0.93,49.99,OK
1761660606.3300202,19.871,9.932,197.37,49.72,219.8,0.923,0.973,49.96,OK
1761660606.431343,19.89,9.861,196.14,49.73,220.17,0.936,0.952,49.97,OK
1761660606.5325947,19.809,9.995,197.99,49.73,219.98,0.955,0.942,50.02,OK
1761660606.6340637,19.792,9.992,197.75,49.74,219.73,0.964,0.933,50.0,OK
1761660606.7350574,19.807,9.987,197.81,49.75,219.63,0.925,0.974,49.97,OK
1761660606.8363948,19.854,9.843,195.42,49.75,220.19,0.944,0.94,49.99,OK
1761660606.9374554,19.851,9.951,197.54,49.76,220.36,0.958,0.935,49.98,OK
1761660607.0389638,19.873,9.901,196.77,49.76,219.64,0.925,0.969,49.96,OK
1761660607.1401951,19.89,9.949,197.89,49.77,220.04,0.923,0.975,50.01,OK
1761660607.241413,19.859,9.967,197.94,49.78,219.83,0.937,0.961,49.98,OK
1761660607.342273,19.866,9.978,198.21,49.78,220.14,0.949,0.948,49.98,OK
1761660607.4437747,19.841,9.97,197.83,49.79,219.65,0.973,0.925,50.03,OK
1761660607.544843,19.803,10.07,199.41,49.79,220.01,0.976,0.929,49.97,OK
1761660607.646005,19.812,9.913,196.4,49.8,220.32,0.95,0.939,49.97,OK
1761660607.747362,19.834,9.96,197.55,49.81,220.14,0.921,0.975,50.02,OK
1761660607.8483832,19.852,9.89,196.34,49.81,220.26,0.95,0.939,49.96,OK
1761660607.950106,19.79,10.06,199.08,49.82,219.64,0.927,0.978,50.01,OK
1761660608.0516791,19.841,9.929,197.01,49.82,219.8,0.94,0.954,50.01,OK
1761660608.1533372,19.845,9.922,196.9,49.83,219.77,0.959,0.934,50.04,OK
1761660608.2543647,19.841,10.043,199.27,49.84,219.67,0.964,0.941,50.04,OK
1761660608.3556566,19.808,10.002,198.11,49.84,220.3,0.938,0.958,49.98,OK
1761660608.4574387,19.872,10.076,200.23,49.85,219.87,0.953,0.956,49.99,OK
1761660608.5584414,19.851,9.947,197.47,49.85,220.32,0.94,0.953,49.95,OK
1761660608.659843,19.879,10.052,199.82,49.86,220.01,0.955,0.951,50.01,OK
1761660608.7613165,19.839,9.971,197.8,49.86,219.84,0.936,0.961,50.01,OK
1761660608.8627346,19.801,10.022,198.45,49.87,220.06,0.934,0.966,49.97,OK
1761660608.9637458,19.878,9.977,198.33,49.87,220.19,0.962,0.936,50.0,OK
1761660609.0651538,19.847,10.017,198.8,49.88,219.65,0.925,0.979,49.97,OK
1761660609.166586,19.822,10.117,200.54,49.88,219.85,0.94,0.97,49.97,OK
1761660609.2677448,19.798,10.086,199.68,49.89,220.12,0.956,0.948,50.03,OK
1761660609.3695943,19.858,9.993,198.44,49.89,220.11,0.933,0.966,50.01,OK
1761660609.4709873,19.799,10.09,199.76,49.9,219.76,0.971,0.936,50.05,OK
1761660609.5720012,19.794,10.188,201.67,49.9,219.72,0.992,0.925,49.97,OK
1761660609.6735168,19.835,10.132,200.96,49.91,219.65,0.958,0.955,49.98,OK
1761660609.774642,19.836,10.176,201.85,49.91,220.22,0.941,0.974,50.04,OK
1761660609.8758333,19.806,10.077,199.58,49.92,219.9,0.93,0.976,49.97,OK
1761660609.9770808,19.811,10.097,200.04,49.92,219.69,0.957,0.952,49.95,OK
1761660610.0784256,19.83,10.108,200.44,49.93,219.77,0.947,0.963,49.97,OK
1761660610.1800597,19.877,10.099,200.73,49.93,220.12,0.986,0.925,50.0,OK
1761660610.281413,19.843,10.24,203.2,49.94,219.81,0.987,0.937,50.03,OK
1761660610.3831453,19.817,10.08,199.76,49.94,220.33,0.985,0.92,50.0,OK
1761660610.4845212,19.881,10.096,200.72,49.95,220.06,0.942,0.968,49.98,OK
1761660610.5861406,19.843,10.157,201.55,49.95,220.19,0.962,0.951,49.95,OK
1761660610.6875596,19.853,10.191,202.32,49.95,220.33,0.968,0.948,50.05,OK
1761660610.788917,19.872,10.109,200.87,49.96,220.24,0.966,0.944,50.04,OK
1761660610.890503,19.861,10.104,200.67,49.96,219.72,0.982,0.93,49.99,OK
1761660610.9919662,19.871,10.155,201.79,49.97,219.8,0.948,0.969,49.98,OK
1761660611.0933738,19.831,10.287,203.99,49.97,219.65,0.965,0.963,50.03,OK
1761660611.1951516,19.82,10.301,204.18,49.98,219.92,0.971,0.956,49.96,OK
1761660611.2970538,19.885,10.114,201.12,49.98,220.19,0.951,0.961,49.98,OK
1761660611.398281,19.792,10.212,202.11,49.98,220.06,0.988,0.929,50.04,OK
1761660611.500023,19.855,10.2,202.52,49.99,220.21,0.945,0.973,49.99,OK
1761660611.601053,19.883,10.185,202.5,49.99,219.64,0.962,0.958,50.02,OK
1761660611.7025375,19.798,10.193,201.8,50.0,219.83,0.95,0.966,50.04,OK
1761660611.803618,19.823,10.212,202.43,50.0,219.95,0.962,0.957,49.96,OK
1761660611.9048395,19.825,10.33,204.79,50.0,219.97,0.995,0.936,49.97,OK
1761660612.0056164,19.807,10.224,202.5,50.01,219.61,0.955,0.965,49.97,OK
1761660612.1074855,19.854,10.161,201.74,50.01,220.12,0.942,0.973,49.95,OK
1761660612.2088315,19.845,10.28,204.0,50.02,220.03,0.974,0.952,49.95,OK
1761660612.3100414,19.813,10.243,202.95,50.02,220.13,1.001,0.921,50.0,OK
1761660612.4110863,19.847,10.232,203.07,50.02,219.81,1.0,0.923,49.98,OK
1761660612.5124109,19.795,10.31,204.09,50.03,219.93,1.003,0.925,49.96,OK
1761660612.6139016,19.878,10.215,203.07,50.03,219.88,0.968,0.954,50.0,OK
1761660612.7154605,19.88,10.218,203.13,50.03,220.28,0.959,0.962,50.03,OK
1761660612.8171804,19.805,10.318,204.35,50.04,219.86,0.986,0.943,49.96,OK
1761660612.9183342,19.821,10.33,204.76,50.04,219.64,1.012,0.921,49.99,OK
1761660613.0198,19.857,10.182,202.19,50.04,220.01,0.961,0.956,50.01,OK
1761660613.1210752,19.815,10.219,202.49,50.05,219.61,0.978,0.943,50.03,OK
1761660613.2224398,19.799,10.365,205.22,50.05,220.22,0.988,0.943,50.04,OK
1761660613.3237019,19.881,10.17,202.19,50.05,220.21,0.963,0.953,50.0,OK
1761660613.4250972,19.871,10.354,205.73,50.06,219.81,0.974,0.961,50.04,OK
1761660613.526282,19.889,10.178,202.43,50.06,219.71,0.986,0.935,50.0,OK
1761660613.6278489,19.837,10.33,204.91,50.06,220.22,0.976,0.953,49.97,OK
1761660613.7292426,19.848,10.184,202.12,50.07,220.26,0.952,0.964,49.97,OK
1761660613.8305798,19.843,10.323,204.84,50.07,220.1,0.968,0.962,50.05,OK
1761660613.9317212,19.814,10.24,202.9,50.07,219.91,0.964,0.957,49.99,OK
1761660614.0330951,19.83,10.248,203.22,50.08,219.65,0.949,0.974,50.04,OK
1761660614.1342208,19.839,10.309,204.52,50.08,220.04,0.981,0.948,50.04,OK
1761660614.2354748,19.832,10.23,202.88,50.08,219.99,0.983,0.938,49.98,OK
1761660614.3369043,19.812,10.323,204.51,50.09,219.82,1.001,0.929,50.0,OK
1761660614.438159,19.854,10.259,203.68,50.09,219.76,1.002,0.925,50.03,OK
1761660614.53949,19.883,10.34,205.59,50.09,220.0,0.954,0.98,49.96,OK
1761660614.640793,19.846,10.367,205.74,50.1,219.61,0.985,0.951,49.95,OK
1761660614.7424371,19.797,10.365,205.19,50.1,219.77,0.988,0.945,50.02,OK
1761660614.8440194,19.851,10.21,202.68,50.1,219.99,0.996,0.925,50.03,OK
1761660614.945216,19.825,10.253,203.26,50.1,219.79,0.966,0.958,49.99,OK
1761660615.0466683,19.853,10.338,205.23,50.11,220.03,0.98,0.952,50.03,OK
1761660615.148304,19.872,10.174,202.17,50.11,219.77,0.944,0.974,50.04,OK
1761660615.2498355,19.831,10.214,202.55,50.11,219.62,0.97,0.951,49.97,OK
1761660615.3508499,19.796,10.352,204.92,50.12,220.25,0.961,0.968,50.03,OK
1761660615.4524894,19.89,10.198,202.84,50.12,220.34,0.983,0.936,49.96,OK
1761660615.5540812,19.806,10.213,202.27,50.12,220.28,0.972,0.945,50.03,OK
1761660615.6551507,19.887,10.32,205.23,50.12,220.25,0.985,0.946,49.98,OK
1761660615.7564998,19.804,10.201,202.01,50.13,220.07,0.961,0.955,50.02,OK
1761660615.8575964,19.874,10.237,203.45,50.13,219.61,0.952,0.973,49.98,OK
1761660615.9587288,19.855,10.182,202.15,50.13,220.28,0.96,0.956,50.01,OK
1761660616.0601184,19.822,10.201,202.19,50.13,219.95,0.948,0.97,50.03,OK
1761660616.1612673,19.834,10.136,201.04,50.14,219.62,0.941,0.973,50.04,OK
1761660616.2622604,19.791,10.277,203.38,50.14,220.15,1.003,0.921,50.05,OK
1761660616.3641214,19.879,10.265,204.06,50.14,220.11,0.998,0.929,50.05,OK
1761660616.4668026,19.824,10.219,202.59,50.14,219.96,0.979,0.941,50.0,OK
1761660616.5701602,19.867,10.184,202.32,50.15,220.0,0.959,0.959,49.96,OK
1761660616.6715093,19.821,10.175,201.67,50.15,219.75,0.938,0.978,50.02,OK
1761660616.7729397,19.868,10.242,203.49,50.15,220.06,0.98,0.943,50.02,OK
1761660616.8760703,19.866,10.104,200.73,50.15,220.28,0.956,0.953,50.03,OK
1761660616.9966564,19.819,10.136,200.89,50.16,220.02,0.979,0.933,50.01,OK
1761660617.183061,19.821,10.23,202.78,50.16,220.14,0.948,0.972,50.02,OK
1761660617.2852082,19.801,10.286,203.66,50.16,219.78,0.967,0.958,50.0,OK
1761660617.386617,19.882,10.042,199.66,50.16,220.14,0.948,0.956,50.0,OK
1761660617.4877021,19.888,10.084,200.55,50.17,220.31,0.984,0.925,49.96,OK
1761660617.5889506,19.88,10.067,200.13,50.17,219.72,0.965,0.943,50.01,OK
1761660617.6901205,19.823,10.219,202.57,50.17,220.29,0.948,0.97,49.97,OK
1761660617.7920387,19.806,10.099,200.02,50.17,220.08,0.983,0.925,49.97,OK
1761660617.8936408,19.873,10.122,201.15,50.17,220.12,0.964,0.948,49.97,OK
1761660617.9950535,19.816,10.203,202.19,50.18,219.76,0.946,0.973,50.01,OK
1761660618.0963771,19.796,10.149,200.91,50.18,220.05,0.991,0.921,49.97,OK
1761660618.1980498,19.839,10.097,200.31,50.18,220.0,0.963,0.946,50.02,OK
1761660618.2997038,19.855,10.017,198.89,50.18,220.3,0.968,0.932,50.04,OK
1761660618.4011972,19.867,10.076,200.17,50.19,220.38,0.943,0.963,50.02,OK
1761660618.5028188,19.843,10.102,200.47,50.19,219.91,0.943,0.966,50.05,OK
1761660618.6042814,19.852,10.151,201.51,50.19,219.76,0.977,0.938,49.98,OK
1761660618.705788,19.881,10.056,199.93,50.19,220.1,0.968,0.938,49.95,OK
1761660618.8070502,19.802,9.995,197.92,50.19,219.97,0.924,0.974,49.95,OK
1761660618.908459,19.866,10.144,201.53,50.2,220.37,0.939,0.974,49.98,OK
1761660619.0096617,19.846,9.987,198.21,50.2,220.07,0.932,0.967,50.02,OK
1761660619.1113007,19.887,10.002,198.9,50.2,219.78,0.957,0.945,50.04,OK
1761660619.2129717,19.889,10.064,200.17,50.2,220.14,0.947,0.96,49.97,OK
1761660619.314746,19.795,10.132,200.57,50.2,219.91,0.984,0.927,50.02,OK
1761660619.4165387,19.839,10.09,200.17,50.2,220.36,0.941,0.965,50.04,OK
1761660619.5186687,19.833,10.045,199.22,50.21,220.31,0.965,0.937,49.98,OK
1761660619.6201658,19.87,10.062,199.94,50.21,219.83,0.937,0.971,50.01,OK
1761660619.721175,19.796,9.939,196.75,50.21,220.32,0.932,0.958,49.98,OK
1761660619.8226504,19.802,9.996,197.94,50.21,219.91,0.935,0.963,49.95,OK
1761660619.9244065,19.846,9.954,197.54,50.21,220.33,0.926,0.969,50.04,OK
1761660620.0262456,19.872,10.016,199.04,50.22,219.76,0.983,0.921,50.02,OK
1761660620.1280212,19.879,9.979,198.38,50.22,219.97,0.931,0.968,49.97,OK
1761660620.2299275,19.804,10.082,199.66,50.22,220.28,0.941,0.964,49.99,OK
1761660620.331123,19.824,10.028,198.8,50.22,219.84,0.944,0.958,50.03,OK
1761660620.432734,19.863,9.956,197.76,50.22,220.27,0.917,0.979,50.05,OK
1761660620.53398,19.881,10.034,199.48,50.22,219.84,0.945,0.961,50.02,OK
1761660620.63528,19.887,9.924,197.36,50.23,219.89,0.921,0.974,49.99,OK
1761660620.7370965,19.817,9.968,197.54,50.23,220.08,0.932,0.963,49.95,OK
1761660620.8387637,19.837,9.949,197.35,50.23,220.01,0.942,0.952,50.04,OK
1761660620.940686,19.828,9.867,195.65,50.23,219.64,0.925,0.963,49.97,OK
1761660621.0418773,19.842,10.001,198.43,50.23,220.24,0.945,0.953,50.02,OK
1761660621.1435008,19.854,9.896,196.48,50.23,219.93,0.93,0.96,50.0,OK
1761660621.245402,19.889,9.815,195.22,50.24,220.02,0.942,0.942,49.98,OK
1761660621.3463457,19.871,9.981,198.34,50.24,220.02,0.976,0.923,50.02,OK
1761660621.448091,19.83,9.914,196.6,50.24,219.91,0.94,0.951,50.01,OK
1761660621.550289,19.819,9.858,195.38,50.24,220.04,0.937,0.948,50.02,OK
1761660621.6518834,19.885,9.802,194.92,50.24,220.02,0.91,0.974,49.98,OK
1761660621.753649,19.815,9.875,195.67,50.24,219.85,0.962,0.925,50.0,OK
1761660621.854884,19.879,9.807,194.95,50.24,219.74,0.958,0.927,49.99,OK
1761660621.9565537,19.877,9.929,197.37,50.25,219.69,0.973,0.923,50.0,OK
1761660622.0576208,19.851,9.833,195.21,50.25,220.19,0.923,0.961,50.02,OK
1761660622.159577,19.874,9.782,194.41,50.25,220.18,0.959,0.921,49.98,OK
1761660622.2613285,19.825,9.948,197.22,50.25,219.92,0.965,0.929,49.98,OK
1761660622.3629756,19.878,9.835,195.49,50.25,219.88,0.917,0.969,50.01,OK
1761660622.4644506,19.815,9.833,194.84,50.25,219.92,0.913,0.971,49.99,OK
1761660622.565858,19.806,9.899,196.06,50.25,220.26,0.913,0.975,50.05,OK
1761660622.6675014,19.858,9.844,195.48,50.26,219.61,0.941,0.946,50.04,OK
1761660622.769699,19.846,9.871,195.9,50.26,220.06,0.925,0.962,50.02,OK
1761660622.871034,19.8,9.832,194.68,50.26,219.84,0.959,0.923,49.99,OK
1761660622.9728663,19.863,9.814,194.94,50.26,219.71,0.914,0.971,50.03,OK
1761660623.074784,19.807,9.935,196.79,50.26,220.27,0.964,0.927,50.0,OK
1761660623.176053,19.839,9.814,194.69,50.26,219.93,0.914,0.969,49.96,OK
1761660623.2771037,19.795,9.952,197.0,50.26,220.3,0.954,0.938,50.02,OK
1761660623.378123,19.808,9.882,195.75,50.27,220.3,0.94,0.946,50.02,OK
1761660623.4802952,19.83,9.894,196.19,50.27,220.1,0.959,0.93,50.02,OK
1761660623.5816832,19.846,9.78,194.09,50.27,220.32,0.915,0.962,49.97,OK
1761660623.6831574,19.856,9.896,196.49,50.27,220.22,0.916,0.974,50.01,OK
1761660623.784963,19.831,9.852,195.38,50.27,220.32,0.956,0.928,50.05,OK
1761660623.8865166,19.879,9.948,197.76,50.27,220.28,0.949,0.946,49.95,OK
1761660623.9876366,19.879,9.917,197.15,50.27,219.9,0.959,0.935,50.02,OK
1761660624.0886567,19.8,9.965,197.31,50.27,220.19,0.917,0.977,49.96,OK
1761660624.1904287,19.854,9.886,196.28,50.27,220.09,0.964,0.925,50.01,OK
1761660624.2914968,19.806,9.864,195.37,50.28,219.95,0.933,0.952,49.97,OK
1761660624.3929286,19.81,9.823,194.59,50.28,219.64,0.96,0.923,49.95,OK
1761660624.4948685,19.879,9.836,195.52,50.28,220.27,0.907,0.978,49.99,OK
1761660624.5962281,19.826,10.0,198.25,50.28,219.61,0.973,0.928,50.03,OK
1761660624.6979709,19.798,9.98,197.58,50.28,220.37,0.962,0.932,50.04,OK
1761660624.799605,19.798,10.019,198.37,50.28,220.28,0.965,0.934,49.96,OK
1761660624.9024985,19.836,9.934,197.06,50.28,220.1,0.917,0.976,49.96,OK
1761660625.005569,19.857,9.952,197.62,50.28,219.94,0.947,0.949,50.04,OK
1761660625.107516,19.818,9.991,198.02,50.28,219.88,0.936,0.963,50.0,OK
1761660625.2088432,19.802,9.939,196.82,50.29,220.22,0.969,0.922,50.0,OK
1761660625.3104002,19.889,9.948,197.85,50.29,220.25,0.918,0.979,50.01,OK
1761660625.4122038,19.833,9.924,196.82,50.29,219.61,0.919,0.975,49.96,OK
1761660625.513436,19.848,9.927,197.04,50.29,220.25,0.971,0.921,49.97,OK
1761660625.6143284,19.839,9.999,198.37,50.29,220.17,0.934,0.965,50.0,OK
1761660625.7157166,19.885,9.949,197.84,50.29,220.03,0.951,0.945,50.03,OK
1761660625.8184474,19.873,10.003,198.78,50.29,219.87,0.953,0.949,50.03,OK
1761660625.9198976,19.809,10.016,198.4,50.29,219.78,0.922,0.98,50.05,OK
1761660626.0213459,19.849,9.959,197.67,50.29,220.09,0.964,0.932,49.99,OK
1761660626.122914,19.81,9.963,197.36,50.3,220.04,0.968,0.927,50.02,OK
1761660626.2247584,19.844,9.999,198.42,50.3,219.81,0.946,0.955,50.05,OK
1761660626.3264117,19.829,9.944,197.18,50.3,220.15,0.92,0.973,50.02,OK
1761660626.4277434,19.888,10.002,198.92,50.3,220.2,0.962,0.939,50.01,OK
1761660626.5296087,19.809,10.094,199.96,50.3,219.74,0.968,0.94,50.03,OK
1761660626.631092,19.865,9.898,196.61,50.3,219.89,0.923,0.969,49.98,OK
1761660626.7327158,19.812,10.105,200.2,50.3,219.61,0.966,0.943,49.98,OK
1761660626.8338907,19.829,10.0,198.29,50.3,220.32,0.97,0.928,50.04,OK
1761660626.9360106,19.855,10.076,200.06,50.3,220.39,0.943,0.963,50.01,OK
1761660627.0379932,19.823,10.091,200.03,50.3,219.7,0.937,0.972,50.04,OK
1761660627.1418607,19.873,9.932,197.37,50.3,219.99,0.931,0.964,50.03,OK
1761660627.2433133,19.845,10.074,199.9,50.31,220.3,0.935,0.971,49.97,OK
1761660627.3445084,19.843,10.129,201.0,50.31,219.63,0.98,0.934,49.96,OK
1761660627.4457126,19.85,10.008,198.65,50.31,219.99,0.966,0.935,50.05,OK
1761660627.5470116,19.852,10.011,198.74,50.31,219.62,0.981,0.922,50.03,OK
1761660627.6494002,19.877,10.093,200.62,50.31,220.11,0.941,0.969,49.96,OK
1761660627.7508628,19.856,10.026,199.08,50.31,219.62,0.952,0.952,50.0,OK
1761660627.8535507,19.876,10.039,199.54,50.31,219.7,0.937,0.97,50.02,OK
1761660627.955719,19.843,10.035,199.12,50.31,219.82,0.944,0.959,49.98,OK
1761660628.056986,19.829,10.148,201.22,50.31,219.68,0.99,0.925,49.99,OK
1761660628.1581707,19.874,10.06,199.92,50.31,219.76,0.937,0.971,49.95,OK
1761660628.2598069,19.87,10.103,200.75,50.31,220.25,0.961,0.949,50.01,OK
1761660628.3613906,19.85,10.032,199.14,50.31,219.74,0.936,0.968,50.02,OK
1761660628.4629812,19.841,10.133,201.04,50.31,219.74,0.988,0.926,50.01,OK
1761660628.5641541,19.847,10.098,200.41,50.32,220.05,0.935,0.974,49.96,OK
1761660628.666994,19.853,10.059,199.7,50.32,219.66,0.987,0.921,49.98,OK
1761660628.7682543,19.845,10.2,202.41,50.32,219.74,0.995,0.926,50.03,OK
1761660628.8700795,19.827,10.202,202.28,50.32,219.62,1.001,0.92,50.03,OK
1761660628.9712908,19.856,10.216,202.84,50.32,219.66,0.996,0.927,49.99,OK
1761660629.072801,19.851,10.12,200.89,50.32,220.05,0.943,0.968,50.02,OK
1761660629.1742895,19.855,10.154,201.6,50.32,220.29,0.982,0.932,50.04,OK
1761660629.2755153,19.81,10.223,202.51,50.32,219.99,0.978,0.941,50.04,OK
1761660629.3769531,19.869,10.127,201.21,50.32,220.16,0.979,0.934,50.0,OK
1761660629.4781642,19.815,10.193,201.98,50.32,219.88,0.969,0.948,49.99,OK
1761660629.579055,19.794,10.167,201.25,50.32,220.08,0.935,0.978,50.0,OK
1761660629.6800966,19.844,10.214,202.68,50.32,220.1,0.962,0.957,49.98,OK
1761660629.7812057,19.853,10.125,201.01,50.32,220.24,0.977,0.934,50.0,OK
1761660629.8832471,19.865,10.157,201.76,50.32,219.88,0.983,0.933,49.98,OK
1761660629.9852808,19.882,10.262,204.03,50.33,219.89,1.004,0.924,50.03,OK
1761660630.086419,19.845,10.202,202.46,50.33,220.16,0.988,0.931,49.99,OK
1761660630.187847,19.807,10.159,201.22,50.33,219.83,0.943,0.971,49.95,OK
1761660630.2886927,19.795,10.325,204.39,50.33,219.6,0.961,0.969,49.99,OK
1761660630.3899488,19.822,10.331,204.78,50.33,219.95,0.959,0.971,50.04,OK
1761660630.4915712,19.889,10.283,204.51,50.33,220.08,0.953,0.975,49.96,OK
1761660630.5930872,19.8,10.291,203.76,50.33,220.12,0.962,0.963,49.98,OK
1761660630.6943145,19.882,10.145,201.7,50.33,219.94,0.956,0.96,50.02,OK
1761660630.7952082,19.791,10.314,204.12,50.33,220.28,0.976,0.949,50.02,OK
1761660630.8966258,19.828,10.286,203.95,50.33,219.86,0.947,0.98,50.03,OK
1761660630.997973,19.856,10.319,204.9,50.33,219.62,1.002,0.931,49.97,OK
1761660631.0996246,19.815,10.179,201.7,50.33,219.93,0.975,0.94,49.97,OK
1761660631.2012622,19.815,10.214,202.39,50.33,219.86,0.942,0.977,50.01,OK
1761660631.3024309,19.874,10.184,202.39,50.33,219.81,0.947,0.972,49.96,OK
1761660631.4038596,19.819,10.19,201.96,50.33,219.75,0.945,0.972,49.96,OK
1761660631.5051267,19.862,10.292,204.42,50.33,219.86,0.953,0.976,49.98,OK
1761660631.6061594,19.858,10.175,202.06,50.34,220.0,0.974,0.943,50.04,OK
1761660631.7073715,19.88,10.335,205.46,50.34,219.83,0.974,0.96,49.99,OK
1761660631.8087118,19.826,10.19,202.02,50.34,220.02,0.984,0.933,49.97,OK
1761660631.910055,19.829,10.326,204.77,50.34,219.7,0.993,0.939,50.02,OK
1761660632.011164,19.834,10.228,202.86,50.34,219.96,0.964,0.957,49.99,OK
1761660632.112671,19.881,10.309,204.94,50.34,219.69,0.994,0.939,50.0,OK
1761660632.2142966,19.856,10.297,204.45,50.34,219.88,0.988,0.941,50.04,OK
1761660632.3162498,19.801,10.25,202.95,50.34,219.73,0.95,0.972,50.0,OK
1761660632.4172907,19.888,10.209,203.04,50.34,219.88,0.991,0.932,49.97,OK
1761660632.5185869,19.798,10.285,203.62,50.34,219.88,0.958,0.966,50.01,OK
1761660632.6199136,19.801,10.362,205.16,50.34,220.11,1.001,0.931,49.96,OK
1761660632.721398,19.835,10.25,203.31,50.34,219.94,0.958,0.964,50.03,OK
1761660632.823177,19.873,10.364,205.97,50.34,220.3,1.006,0.93,50.01,OK
1761660632.9244754,19.824,10.216,202.52,50.34,219.83,0.995,0.926,50.05,OK
1761660633.025583,19.823,10.263,203.44,50.34,219.89,0.999,0.926,49.99,OK
1761660633.1275933,19.795,10.386,205.6,50.34,219.72,0.976,0.959,50.03,OK
1761660633.2286143,19.878,10.238,203.5,50.34,219.97,0.98,0.944,49.95,OK
1761660633.3299904,19.844,10.244,203.28,50.34,220.3,0.944,0.978,49.97,OK
1761660633.4311655,19.839,10.276,203.87,50.34,220.02,0.965,0.96,50.0,OK
1761660633.5329874,19.814,10.244,202.99,50.34,220.25,0.964,0.956,50.0,OK
1761660633.634507,19.807,10.212,202.27,50.35,220.06,0.954,0.964,50.04,OK
1761660633.736281,19.805,10.239,202.78,50.35,220.35,0.996,0.924,50.03,OK
1761660633.8384151,19.809,10.23,202.64,50.35,220.19,0.952,0.966,49.98,OK
1761660633.9442954,19.813,10.242,202.92,50.35,219.88,0.991,0.931,50.04,OK
1761660634.045458,19.865,10.151,201.64,50.35,219.78,0.95,0.966,50.01,OK
1761660634.1495972,19.855,10.155,201.63,50.35,219.73,0.964,0.952,50.02,OK
1761660634.2535253,19.824,10.179,201.79,50.35,219.7,0.991,0.927,49.99,OK
1761660634.3555596,19.819,10.275,203.65,50.35,220.17,0.95,0.973,50.0,OK
1761660634.456741,19.88,10.245,203.68,50.35,220.17,0.993,0.932,49.99,OK
1761660634.5587113,19.817,10.208,202.29,50.35,219.81,0.992,0.927,50.0,OK
1761660634.6599896,19.872,10.165,201.99,50.35,219.63,0.974,0.944,49.97,OK
1761660634.7623298,19.838,10.283,203.99,50.35,220.16,0.985,0.941,50.01,OK
1761660634.8636894,19.815,10.156,201.24,50.35,220.3,0.987,0.925,50.02,OK
1761660634.9659672,19.888,10.205,202.96,50.35,220.22,0.98,0.94,50.01,OK
1761660635.067849,19.842,10.236,203.1,50.35,220.25,0.996,0.926,49.99,OK
1761660635.169631,19.868,10.174,202.15,50.35,219.65,0.986,0.934,49.99,OK
1761660635.2740102,19.825,10.305,204.29,50.35,220.33,0.954,0.972,50.04,OK
1761660635.3749619,19.837,10.287,204.06,50.35,219.97,0.996,0.931,49.96,OK
1761660635.4765525,19.878,10.28,204.34,50.35,219.76,0.994,0.935,50.03,OK
1761660635.5781102,19.805,10.196,201.92,50.35,219.69,0.989,0.929,50.04,OK
1761660635.6790752,19.854,10.226,203.02,50.35,219.71,0.982,0.941,50.01,OK
1761660635.780305,19.799,10.195,201.86,50.35,219.77,0.971,0.946,49.97,OK
1761660635.8818345,19.863,10.202,202.65,50.35,219.94,0.981,0.939,49.95,OK
1761660635.983323,19.815,10.144,201.0,50.35,219.94,0.974,0.938,50.01,OK
1761660636.0845978,19.843,10.247,203.33,50.36,219.81,0.992,0.932,50.04,OK
1761660636.1857853,19.802,10.113,200.27,50.36,220.07,0.938,0.97,50.02,OK
1761660636.287241,19.874,10.186,202.43,50.36,219.66,0.948,0.972,50.03,OK
1761660636.3888505,19.877,10.157,201.88,50.36,219.77,0.986,0.931,49.97,OK
1761660636.4912233,19.826,10.067,199.58,50.36,220.29,0.976,0.928,49.99,OK
1761660636.5927265,19.791,10.237,202.59,50.36,220.01,0.98,0.939,50.01,OK
1761660636.694169,19.819,10.099,200.14,50.36,219.77,0.988,0.921,49.96,OK
1761660636.7955868,19.861,10.084,200.28,50.36,220.14,0.938,0.97,50.04,OK
1761660636.897434,19.809,10.095,199.97,50.36,219.96,0.949,0.958,49.98,OK
1761660636.9986145,19.807,10.03,198.67,50.36,220.17,0.924,0.976,50.04,OK
1761660637.0999749,19.807,10.172,201.48,50.36,220.38,0.939,0.973,49.99,OK
1761660637.2020862,19.87,10.045,199.59,50.36,220.15,0.953,0.951,50.02,OK
1761660637.30423,19.816,10.124,200.61,50.36,220.09,0.941,0.969,49.98,OK
1761660637.4060903,19.845,10.17,201.82,50.36,219.64,0.974,0.944,50.03,OK
1761660637.507833,19.836,10.089,200.12,50.36,219.99,0.949,0.959,50.05,OK
1761660637.60935,19.852,10.122,200.94,50.36,219.73,0.977,0.936,49.98,OK
1761660637.711102,19.8,10.059,199.16,50.36,220.2,0.959,0.943,50.05,OK
1761660637.812789,19.883,10.069,200.2,50.36,220.39,0.973,0.934,50.01,OK
1761660637.9146883,19.823,9.994,198.1,50.36,219.84,0.929,0.97,49.99,OK
1761660638.016259,19.886,10.005,198.96,50.36,220.21,0.931,0.971,50.0,OK
1761660638.1173856,19.818,10.066,199.49,50.36,220.32,0.952,0.951,49.96,OK
1761660638.2185478,19.889,9.916,197.22,50.36,220.0,0.922,0.972,50.03,OK
1761660638.319534,19.843,10.049,199.41,50.36,219.84,0.936,0.969,50.01,OK
1761660638.421039,19.852,9.985,198.23,50.36,220.32,0.95,0.947,50.04,OK
1761660638.5219266,19.8,9.943,196.88,50.36,220.1,0.937,0.954,50.02,OK
1761660638.6234117,19.876,10.004,198.83,50.36,219.63,0.938,0.965,50.02,OK
1761660638.7244258,19.837,9.91,196.58,50.36,220.04,0.918,0.973,49.97,OK
1761660638.8265123,19.869,10.029,199.27,50.36,220.27,0.934,0.969,49.98,OK
1761660638.927733,19.792,10.072,199.35,50.36,220.04,0.954,0.949,50.04,OK
1761660639.0286028,19.879,9.995,198.7,50.36,220.25,0.931,0.969,49.95,OK
1761660639.130383,19.816,10.009,198.34,50.36,219.88,0.973,0.927,50.01,OK
1761660639.231578,19.856,9.895,196.47,50.36,220.28,0.961,0.928,49.96,OK
1761660639.3332596,19.833,9.964,197.62,50.36,219.8,0.935,0.962,49.97,OK
1761660639.4344847,19.802,9.886,195.76,50.37,220.02,0.962,0.925,50.04,OK
1761660639.5357826,19.818,9.899,196.17,50.37,220.38,0.949,0.938,49.98,OK
1761660639.6374729,19.884,9.978,198.41,50.37,220.13,0.953,0.946,49.98,OK
1761660639.7385938,19.856,9.937,197.31,50.37,220.37,0.959,0.934,50.03,OK
1761660639.8399646,19.851,9.967,197.86,50.37,220.12,0.946,0.951,50.03,OK
1761660639.9407537,19.792,9.912,196.17,50.37,219.88,0.936,0.953,50.01,OK
1761660640.0432696,19.847,9.831,195.12,50.37,220.09,0.916,0.968,49.95,OK
1761660640.1443784,19.831,9.952,197.36,50.37,220.04,0.949,0.946,50.04,OK
1761660640.2455714,19.824,9.941,197.07,50.37,220.36,0.953,0.938,50.01,OK
1761660640.347206,19.874,9.844,195.63,50.37,220.17,0.915,0.971,49.97,OK
1761660640.4491134,19.803,9.969,197.43,50.37,219.84,0.967,0.929,49.97,OK
1761660640.5505862,19.833,9.902,196.38,50.37,219.92,0.923,0.967,49.96,OK
1761660640.6542583,19.818,9.912,196.44,50.37,219.87,0.938,0.952,49.97,OK
1761660640.7562392,19.817,9.95,197.18,50.37,220.09,0.955,0.939,49.96,OK
1761660640.857503,19.858,9.917,196.93,50.37,220.26,0.938,0.953,50.03,OK
1761660640.9585032,19.838,9.893,196.26,50.37,220.21,0.948,0.94,49.95,OK
1761660641.0597045,19.853,9.951,197.55,50.37,219.7,0.919,0.978,49.99,OK
1761660641.1612084,19.816,9.968,197.53,50.37,219.98,0.967,0.928,50.03,OK
1761660641.2627313,19.841,9.977,197.95,50.37,219.79,0.939,0.96,49.95,OK
1761660641.363873,19.877,9.922,197.22,50.37,219.96,0.95,0.943,50.02,OK
1761660641.4656162,19.872,9.928,197.29,50.37,220.12,0.96,0.933,50.0,OK
1761660641.5673344,19.852,9.842,195.37,50.37,219.6,0.965,0.922,49.99,OK
1761660641.669138,19.865,9.836,195.39,50.37,219.9,0.949,0.936,49.97,OK
1761660641.7713208,19.857,9.923,197.05,50.37,220.33,0.945,0.946,49.99,OK
1761660641.8732502,19.864,9.829,195.25,50.37,219.67,0.926,0.96,50.04,OK
1761660641.974724,19.817,9.98,197.78,50.37,220.04,0.949,0.947,49.97,OK
1761660642.0759907,19.825,9.957,197.4,50.37,220.01,0.96,0.934,49.96,OK
1761660642.177651,19.813,9.963,197.4,50.37,219.87,0.926,0.969,49.99,OK
1761660642.278861,19.842,9.839,195.22,50.37,219.94,0.946,0.938,50.01,OK
1761660642.3804934,19.816,9.991,197.98,50.37,219.67,0.945,0.954,49.98,OK
1761660642.4833329,19.835,9.877,195.9,50.37,220.01,0.947,0.941,50.04,OK
1761660642.5848603,19.868,9.801,194.73,50.37,219.86,0.921,0.961,50.03,OK
1761660642.68617,19.826,9.829,194.88,50.37,220.39,0.945,0.936,50.03,OK
1761660642.787462,19.858,9.893,196.44,50.37,220.39,0.967,0.922,49.97,OK
1761660642.889241,19.816,9.957,197.31,50.37,220.2,0.967,0.927,50.0,OK
1761660642.9910388,19.802,9.911,196.25,50.37,219.94,0.915,0.975,50.04,OK
1761660643.0925267,19.795,9.895,195.87,50.37,219.91,0.929,0.959,49.95,OK
1761660643.1939595,19.863,9.902,196.68,50.37,219.87,0.963,0.928,50.0,OK
1761660643.2949138,19.819,9.911,196.42,50.37,220.22,0.922,0.968,50.01,OK
1761660643.3967245,19.823,9.876,195.77,50.37,220.33,0.91,0.977,50.05,OK
1761660643.4983535,19.836,9.956,197.49,50.37,219.77,0.943,0.952,50.03,OK
1761660643.5997384,19.85,9.891,196.34,50.37,220.37,0.946,0.942,50.02,OK
1761660643.700854,19.843,9.951,197.47,50.37,219.71,0.963,0.933,49.97,OK
1761660643.8031766,19.839,9.967,197.72,50.37,220.17,0.947,0.948,50.01,OK
1761660643.9044483,19.806,9.86,195.29,50.37,220.3,0.915,0.969,50.03,OK
1761660644.0056179,19.849,9.903,196.57,50.37,219.7,0.968,0.924,50.0,OK
1761660644.107171,19.792,9.857,195.09,50.37,219.73,0.913,0.972,49.97,OK
1761660644.208916,19.853,9.903,196.61,50.37,220.32,0.918,0.972,50.03,OK
1761660644.3101788,19.813,9.89,195.96,50.38,220.4,0.92,0.967,50.05,OK
1761660644.4113638,19.868,9.845,195.6,50.38,220.08,0.917,0.969,50.04,OK
1761660644.5127337,19.792,9.921,196.36,50.38,220.13,0.958,0.931,49.99,OK
1761660644.6139407,19.884,9.864,196.14,50.38,219.85,0.915,0.975,50.02,OK
1761660644.7163806,19.877,9.962,198.02,50.38,220.17,0.945,0.951,49.95,OK
1761660644.8174186,19.795,10.07,199.35,50.38,219.94,0.947,0.957,50.01,OK
1761660644.9185784,19.839,9.92,196.8,50.38,220.38,0.922,0.969,49.97,OK
1761660645.0199053,19.887,9.985,198.57,50.38,220.07,0.979,0.921,50.02,OK
1761660645.1219277,19.852,9.937,197.27,50.38,220.21,0.967,0.926,49.97,OK
1761660645.2245965,19.822,10.034,198.89,50.38,219.98,0.935,0.967,50.03,OK
1761660645.3259692,19.851,10.022,198.93,50.38,220.38,0.925,0.976,50.0,OK
1761660645.4274242,19.798,10.074,199.43,50.38,219.67,0.984,0.922,50.03,OK
1761660645.528696,19.851,9.917,196.86,50.38,219.65,0.941,0.952,50.05,OK
1761660645.6302452,19.836,10.095,200.25,50.38,220.37,0.938,0.968,50.01,OK
1761660645.7315302,19.823,10.05,199.22,50.38,220.36,0.945,0.957,49.98,OK
1761660645.8325481,19.821,10.003,198.27,50.38,219.78,0.973,0.928,50.04,OK
1761660645.9349084,19.87,10.059,199.86,50.38,219.75,0.955,0.952,49.97,OK
1761660646.0364494,19.887,9.912,197.12,50.38,220.01,0.963,0.93,50.04,OK
1761660646.1381605,19.857,10.039,199.35,50.38,219.66,0.958,0.948,49.95,OK
1761660646.2400305,19.817,10.077,199.7,50.38,219.93,0.965,0.941,49.97,OK
1761660646.3416934,19.803,10.037,198.76,50.38,219.88,0.952,0.949,49.96,OK
1761660646.4431493,19.85,9.972,197.94,50.38,220.1,0.944,0.953,50.01,OK
1761660646.54517,19.844,9.968,197.81,50.38,219.6,0.945,0.953,50.01,OK
1761660646.6472864,19.819,10.042,199.02,50.38,220.31,0.955,0.946,50.01,OK
1761660646.749629,19.84,10.162,201.6,50.38,219.93,0.969,0.946,50.02,OK
1761660646.8515537,19.878,9.991,198.59,50.38,219.64,0.97,0.932,49.97,OK
1761660646.9526188,19.799,10.194,201.84,50.38,219.82,0.988,0.929,50.03,OK
1761660647.0540226,19.889,10.028,199.44,50.38,219.71,0.952,0.954,50.03,OK
1761660647.1549978,19.825,10.133,200.89,50.38,220.36,0.945,0.965,49.98,OK
1761660647.256659,19.859,10.152,201.61,50.38,219.91,0.955,0.96,49.97,OK
1761660647.3582397,19.866,10.071,200.08,50.38,219.74,0.945,0.963,50.03,OK
1761660647.4599233,19.884,10.016,199.15,50.38,219.9,0.963,0.94,49.95,OK
1761660647.5614374,19.823,10.161,201.42,50.38,219.78,0.955,0.959,49.99,OK
1761660647.702083,19.8,10.074,199.45,50.38,219.76,0.936,0.97,49.97,OK
1761660647.8041642,19.87,10.087,200.43,50.38,219.75,0.968,0.942,49.96,OK
1761660647.9060202,19.871,10.205,202.79,50.38,219.64,0.965,0.957,49.95,OK
1761660648.0074732,19.807,10.2,202.02,50.38,220.1,0.954,0.963,49.99,OK
1761660648.1085634,19.827,10.258,203.39,50.38,219.9,0.953,0.971,50.01,OK
1761660648.2102492,19.826,10.242,203.06,50.38,220.37,0.956,0.963,50.0,OK
1761660648.3111737,19.832,10.167,201.63,50.38,219.8,0.95,0.966,50.03,OK
1761660648.4125652,19.87,10.2,202.68,50.38,220.18,0.972,0.947,49.99,OK
1761660648.5142796,19.801,10.111,200.2,50.38,219.73,0.983,0.927,49.96,OK
1761660648.6164618,19.886,10.247,203.78,50.38,219.63,1.001,0.927,49.95,OK
1761660648.7180502,19.814,10.159,201.3,50.38,220.26,0.937,0.976,49.96,OK
1761660648.8197742,19.88,10.134,201.47,50.38,219.89,0.941,0.974,50.01,OK
1761660648.9212172,19.817,10.173,201.61,50.38,219.69,0.975,0.941,49.99,OK
1761660649.0223625,19.863,10.193,202.47,50.38,219.69,0.973,0.947,50.04,OK
1761660649.123728,19.871,10.171,202.1,50.38,219.99,0.951,0.966,49.97,OK
1761660649.224877,19.861,10.241,203.4,50.38,220.26,0.989,0.934,50.01,OK
1761660649.3264873,19.84,10.325,204.84,50.38,220.15,0.971,0.959,49.99,OK
1761660649.4277875,19.807,10.204,202.11,50.38,219.74,0.986,0.933,50.0,OK
1761660649.5292945,19.859,10.302,204.6,50.38,219.8,1.007,0.925,49.98,OK
1761660649.6314704,19.805,10.246,202.93,50.38,219.87,0.991,0.931,50.05,OK
1761660649.7325451,19.861,10.209,202.77,50.38,219.7,0.988,0.934,49.97,OK
1761660649.8339486,19.839,10.206,202.47,50.38,219.61,0.957,0.963,50.03,OK
1761660649.935217,19.885,10.181,202.45,50.38,219.61,0.989,0.932,49.97,OK
1761660650.0365884,19.829,10.224,202.74,50.38,219.79,0.964,0.957,50.0,OK
1761660650.1381502,19.885,10.178,202.39,50.38,220.06,0.978,0.94,50.0,OK
1761660650.2397575,19.827,10.185,201.94,50.38,220.2,0.948,0.968,50.05,OK
1761660650.3410432,19.847,10.275,203.93,50.38,219.71,0.977,0.95,49.97,OK
1761660650.4425135,19.819,10.233,202.81,50.38,220.23,0.962,0.958,50.0,OK
1761660650.5442731,19.821,10.254,203.25,50.38,220.37,0.974,0.947,49.95,OK
1761660650.6452165,19.81,10.275,203.55,50.38,220.22,0.982,0.941,50.02,OK
1761660650.7462866,19.868,10.207,202.79,50.38,220.07,0.988,0.933,50.04,OK
1761660650.8482196,19.871,10.25,203.67,50.38,219.96,0.979,0.946,50.02,OK
1761660650.9494197,19.874,10.267,204.04,50.38,219.65,0.956,0.972,49.95,OK
1761660651.0509105,19.823,10.232,202.82,50.38,219.68,0.973,0.948,50.04,OK
1761660651.1525972,19.792,10.323,204.32,50.38,220.02,1.007,0.922,50.03,OK
1761660651.2541294,19.817,10.363,205.36,50.38,220.26,1.004,0.929,49.97,OK
1761660651.3553147,19.791,10.272,203.29,50.38,220.2,0.952,0.97,49.97,OK
1761660651.4570277,19.854,10.331,205.11,50.38,219.81,0.992,0.941,50.01,OK
1761660651.5583782,19.836,10.37,205.69,50.38,219.63,0.968,0.967,50.04,OK
1761660651.6597674,19.821,10.195,202.07,50.38,220.17,0.969,0.948,50.03,OK
1761660651.7606225,19.84,10.353,205.41,50.38,219.61,0.991,0.944,50.0,OK
1761660651.8619525,19.82,10.307,204.29,50.38,220.16,0.976,0.95,50.02,OK
1761660651.9631152,19.862,10.232,203.22,50.38,220.07,0.954,0.968,49.95,OK
1761660652.0652819,19.878,10.175,202.26,50.38,219.78,0.971,0.948,49.96,OK
1761660652.1665492,19.885,10.223,203.29,50.38,219.66,0.975,0.949,50.02,OK
1761660652.2675443,19.833,10.193,202.16,50.38,220.1,0.975,0.942,50.05,OK
1761660652.3686142,19.818,10.277,203.67,50.38,220.01,0.958,0.967,50.02,OK
1761660652.4699254,19.794,10.305,203.98,50.38,219.93,1.006,0.922,50.02,OK
1761660652.5711305,19.841,10.336,205.08,50.38,219.94,1.003,0.929,49.99,OK
1761660652.6728754,19.799,10.378,205.48,50.38,219.92,0.989,0.945,49.96,OK
1761660652.7740428,19.844,10.314,204.67,50.38,219.62,0.965,0.966,49.96,OK
1761660652.8754847,19.832,10.284,203.95,50.38,219.85,0.975,0.952,49.99,OK
1761660652.976705,19.841,10.209,202.56,50.38,219.75,0.973,0.947,50.02,OK
1761660653.082158,19.829,10.224,202.73,50.38,220.2,0.958,0.961,50.03,OK
1761660653.1945357,19.802,10.31,204.16,50.38,220.16,0.971,0.955,50.04,OK
1761660653.4214032,19.852,10.277,204.02,50.38,220.37,0.958,0.967,49.96,OK
1761660653.5238569,19.852,10.169,201.87,50.38,220.29,0.955,0.96,49.98,OK
1761660653.6250205,19.81,10.182,201.69,50.38,219.99,0.942,0.973,50.04,OK
1761660653.7262125,19.815,10.198,202.07,50.38,219.74,0.991,0.928,49.95,OK
1761660653.834817,19.839,10.131,200.99,50.38,220.15,0.976,0.935,49.97,OK
1761660653.9364393,19.834,10.14,201.13,50.38,219.78,0.963,0.951,50.0,OK
1761660654.0378318,19.807,10.197,201.97,50.38,219.61,0.994,0.925,50.02,OK
1761660654.1389155,19.81,10.296,203.97,50.38,220.2,0.993,0.933,50.05,OK
1761660654.240022,19.875,10.283,204.37,50.38,219.84,0.964,0.964,49.99,OK
1761660654.3411262,19.878,10.231,203.37,50.39,219.87,1.005,0.921,49.99,OK
1761660654.4426556,19.844,10.103,200.49,50.39,219.85,0.98,0.93,50.03,OK
1761660654.5439684,19.886,10.222,203.27,50.39,219.71,1.001,0.924,49.98,OK
1761660654.6453323,19.841,10.141,201.22,50.39,219.84,0.97,0.943,50.0,OK
1761660654.7468054,19.82,10.272,203.59,50.39,220.36,0.955,0.967,49.97,OK
1761660654.848295,19.881,10.157,201.92,50.39,219.74,0.962,0.955,50.01,OK
1761660654.949582,19.837,10.264,203.61,50.39,220.35,0.977,0.946,50.0,OK
1761660655.0508385,19.801,10.11,200.18,50.39,220.06,0.957,0.951,50.0,OK
1761660655.152338,19.83,10.096,200.21,50.39,219.6,0.974,0.936,49.99,OK
1761660655.2541995,19.802,10.225,202.48,50.39,219.66,0.944,0.976,50.01,OK
1761660655.355835,19.829,10.114,200.54,50.39,219.69,0.974,0.937,50.02,OK
1761660655.457724,19.831,10.052,199.33,50.39,220.2,0.962,0.941,49.97,OK
1761660655.5589972,19.813,10.089,199.89,50.39,219.76,0.966,0.942,50.0,OK
1761660655.6605866,19.793,10.115,200.21,50.39,220.36,0.975,0.932,49.99,OK
1761660655.7690015,19.847,10.203,202.5,50.39,220.29,0.986,0.932,50.04,OK
1761660655.8704708,19.829,10.195,202.16,50.39,220.33,0.996,0.921,49.99,OK
1761660655.9713957,19.855,10.134,201.22,50.39,219.75,0.972,0.942,50.0,OK
1761660656.0724576,19.845,10.094,200.32,50.39,219.85,0.972,0.938,50.0,OK
1761660656.1735203,19.875,10.086,200.45,50.39,220.31,0.975,0.933,50.0,OK
1761660656.2748535,19.839,10.121,200.78,50.39,219.73,0.955,0.957,49.98,OK
1761660656.3761094,19.85,10.038,199.26,50.39,219.89,0.947,0.957,49.95,OK
1761660656.4772544,19.866,10.043,199.52,50.39,219.77,0.961,0.945,50.05,OK
1761660656.5787597,19.883,10.035,199.52,50.39,219.76,0.974,0.932,50.03,OK
1761660656.6800265,19.889,9.975,198.38,50.39,220.37,0.956,0.941,50.04,OK
1761660656.781864,19.858,10.006,198.69,50.39,220.26,0.946,0.953,49.98,OK
1761660656.8828378,19.799,10.042,198.81,50.39,219.73,0.952,0.951,50.01,OK
1761660656.9843807,19.885,10.013,199.1,50.39,220.37,0.926,0.976,50.0,OK
1761660657.085374,19.813,10.132,200.75,50.39,219.68,0.96,0.952,49.95,OK
1761660657.1868596,19.882,10.046,199.74,50.39,219.91,0.975,0.932,49.97,OK
1761660657.2882316,19.833,9.996,198.25,50.39,220.35,0.959,0.938,50.01,OK
1761660657.3895826,19.857,9.963,197.84,50.39,220.21,0.961,0.935,50.04,OK
1761660657.4907682,19.8,9.943,196.87,50.39,219.9,0.948,0.945,50.04,OK
1761660657.591873,19.886,9.992,198.71,50.39,219.92,0.951,0.95,49.99,OK
1761660657.6932564,19.869,10.0,198.69,50.39,220.16,0.922,0.979,49.97,OK
1761660657.7945359,19.872,10.014,199.0,50.39,220.15,0.931,0.971,50.0,OK
1761660657.8957298,19.799,9.903,196.07,50.39,220.13,0.921,0.967,50.0,OK
1761660657.9971545,19.842,9.909,196.62,50.39,220.09,0.939,0.951,50.03,OK
1761660658.0986085,19.872,9.929,197.31,50.39,220.14,0.939,0.954,49.95,OK
1761660658.2001717,19.795,9.917,196.31,50.39,220.3,0.94,0.948,50.03,OK
1761660658.3020191,19.813,9.901,196.17,50.39,220.08,0.928,0.961,50.02,OK
1761660658.403526,19.845,9.986,198.17,50.39,220.21,0.967,0.931,49.99,OK
1761660658.5102508,19.856,9.925,197.07,50.39,219.96,0.919,0.975,50.01,OK
1761660658.6267328,19.853,9.855,195.65,50.39,220.32,0.955,0.93,50.02,OK
1761660658.7361357,19.84,9.929,197.0,50.39,220.16,0.953,0.939,50.02,OK
1761660658.838401,19.793,9.864,195.24,50.39,220.31,0.963,0.92,50.04,OK
1761660658.9406126,19.813,10.029,198.7,50.39,219.74,0.945,0.957,49.95,OK
1761660659.0423944,19.862,9.96,197.82,50.39,219.65,0.925,0.973,50.04,OK
1761660659.1446674,19.814,9.857,195.31,50.39,220.34,0.937,0.946,50.0,OK
1761660659.2457843,19.846,9.994,198.34,50.39,220.28,0.922,0.976,50.04,OK
1761660659.3473687,19.798,9.964,197.26,50.39,219.66,0.96,0.936,49.99,OK
1761660659.449726,19.818,9.867,195.55,50.39,220.28,0.925,0.96,50.04,OK
1761660659.5509062,19.887,9.96,198.06,50.39,219.63,0.928,0.972,50.03,OK
1761660659.6523435,19.826,9.874,195.76,50.39,219.97,0.908,0.98,49.95,OK
1761660659.7538176,19.795,9.879,195.55,50.39,219.78,0.925,0.962,50.03,OK
1761660659.855093,19.86,9.951,197.62,50.39,219.68,0.927,0.97,49.98,OK
1761660659.9568346,19.8,9.957,197.14,50.39,219.63,0.932,0.963,50.01,OK
1761660660.058071,19.855,9.81,194.78,50.39,220.26,0.929,0.952,50.02,OK
1761660660.232469,19.886,9.928,197.43,50.39,220.13,0.969,0.925,49.96,OK
1761660660.3458967,19.829,9.844,195.2,50.39,219.76,0.956,0.929,49.97,OK
1761660660.464934,19.815,9.973,197.61,50.39,219.73,0.946,0.95,50.05,OK
1761660660.5820901,19.847,9.957,197.62,50.39,219.72,0.968,0.929,49.99,OK
1761660660.6854572,19.888,9.876,196.42,50.39,219.73,0.967,0.924,50.05,OK
1761660660.7870681,19.831,9.943,197.17,50.39,220.33,0.951,0.941,49.98,OK
1761660660.8883605,19.813,9.96,197.34,50.39,219.73,0.941,0.954,50.0,OK
1761660660.9900308,19.868,9.866,196.01,50.39,219.82,0.96,0.929,49.99,OK
1761660661.0913105,19.809,9.921,196.52,50.39,220.27,0.965,0.924,49.95,OK
1761660661.1925483,19.815,9.814,194.46,50.39,219.64,0.934,0.948,49.98,OK
1761660661.294051,19.873,9.824,195.23,50.39,220.01,0.955,0.929,50.05,OK
1761660661.395146,19.805,9.852,195.11,50.39,219.76,0.92,0.965,49.96,OK
1761660661.4969327,19.831,9.874,195.82,50.39,220.11,0.954,0.932,50.05,OK
1761660661.598178,19.814,9.996,198.06,50.39,220.2,0.97,0.927,49.96,OK
1761660661.6993725,19.872,9.899,196.7,50.39,219.77,0.955,0.937,49.98,OK
1761660661.8010468,19.799,9.89,195.82,50.39,220.06,0.94,0.947,50.02,OK
1761660661.9027092,19.813,9.847,195.1,50.39,220.37,0.909,0.974,49.95,OK
1761660662.0043004,19.845,9.966,197.78,50.39,219.64,0.943,0.955,50.01,OK
1761660662.105838,19.814,9.907,196.3,50.39,219.89,0.911,0.979,50.04,OK
1761660662.2381606,19.801,9.981,197.63,50.39,220.18,0.947,0.948,50.04,OK
1761660662.3796413,19.88,9.969,198.19,50.39,220.0,0.927,0.972,50.04,OK
1761660662.489252,19.807,9.873,195.56,50.39,220.3,0.932,0.953,50.04,OK
1761660662.657218,19.868,9.836,195.42,50.39,219.83,0.958,0.928,50.0,OK
1761660662.7607195,19.857,9.808,194.76,50.39,220.39,0.948,0.932,49.95,OK
1761660662.862545,19.838,9.844,195.29,50.39,220.07,0.916,0.969,50.0,OK
1761660662.9655783,19.872,9.891,196.55,50.39,219.93,0.922,0.97,50.02,OK
1761660663.0670657,19.875,9.877,196.3,50.39,219.82,0.938,0.952,49.99,OK
1761660663.1687043,19.819,9.854,195.31,50.39,220.27,0.96,0.924,50.04,OK
1761660663.2698545,19.875,10.013,199.01,50.39,220.02,0.955,0.947,50.04,OK
1761660663.3712358,19.886,9.996,198.79,50.39,219.66,0.982,0.921,49.96,OK
1761660663.4733653,19.813,9.977,197.67,50.39,219.75,0.919,0.979,50.05,OK
1761660663.5752227,19.856,9.91,196.77,50.39,220.29,0.943,0.947,49.98,OK
1761660663.6765165,19.857,9.88,196.19,50.39,219.99,0.941,0.947,50.03,OK
1761660663.777727,19.79,10.066,199.21,50.39,220.08,0.924,0.98,49.98,OK
1761660663.8791382,19.832,9.899,196.31,50.39,220.04,0.929,0.96,50.02,OK
1761660664.0523713,19.86,9.996,198.51,50.39,220.32,0.964,0.934,50.02,OK
1761660664.1540773,19.841,9.989,198.19,50.39,220.09,0.934,0.964,50.0,OK
1761660664.2556531,19.83,10.05,199.29,50.39,219.93,0.949,0.955,50.04,OK
1761660664.3571255,19.825,9.939,197.05,50.39,219.94,0.938,0.956,50.01,OK
1761660664.4581888,19.798,9.922,196.44,50.39,219.99,0.93,0.96,49.98,OK
1761660664.559735,19.863,10.072,200.05,50.39,219.93,0.985,0.923,50.02,OK
1761660664.6611307,19.796,9.966,197.28,50.39,220.12,0.957,0.936,50.0,OK
1761660664.8541548,19.791,9.974,197.4,50.39,220.08,0.971,0.924,49.97,OK
1761660664.9564643,19.856,10.105,200.65,50.39,219.61,0.963,0.949,50.01,OK
1761660665.0584497,19.83,10.057,199.44,50.39,219.85,0.947,0.958,50.05,OK
1761660665.1611748,19.856,10.093,200.4,50.39,220.26,0.942,0.966,49.97,OK
1761660665.2637677,19.798,10.03,198.59,50.39,219.83,0.963,0.938,49.95,OK
1761660665.3654835,19.809,10.055,199.18,50.39,219.95,0.934,0.969,49.98,OK
1761660665.467169,19.791,10.117,200.23,50.39,219.88,0.945,0.963,50.02,OK
1761660665.5689285,19.89,9.996,198.81,50.39,219.87,0.98,0.923,50.03,OK
1761660665.6704967,19.869,10.115,200.98,50.39,219.87,0.948,0.964,49.96,OK
1761660665.7733598,19.855,10.101,200.56,50.39,219.72,0.939,0.972,49.98,OK
1761660665.8744755,19.872,10.005,198.82,50.39,219.97,0.951,0.95,49.96,OK
1761660665.9760547,19.827,10.008,198.42,50.39,219.68,0.926,0.975,49.99,OK
1761660666.0772257,19.818,10.124,200.65,50.39,219.84,0.972,0.939,49.96,OK
1761660666.1784832,19.89,10.092,200.73,50.39,219.83,0.955,0.956,49.97,OK
1761660666.2799547,19.816,10.061,199.37,50.39,220.34,0.933,0.97,50.03,OK
1761660666.381496,19.83,10.046,199.21,50.39,220.14,0.955,0.947,49.98,OK
1761660666.482593,19.818,10.206,202.26,50.39,220.21,0.945,0.972,49.96,OK
1761660666.5838003,19.824,10.229,202.77,50.39,220.29,0.942,0.977,49.99,OK
1761660666.6853893,19.86,10.193,202.44,50.39,219.91,0.964,0.955,50.0,OK
1761660666.7874699,19.824,10.223,202.66,50.39,219.68,0.979,0.942,49.98,OK
1761660666.88889,19.837,10.092,200.2,50.39,220.27,0.955,0.952,50.0,OK
1761660666.9900649,19.867,10.095,200.56,50.39,219.65,0.941,0.971,49.96,OK
1761660667.0919027,19.869,10.201,202.68,50.39,220.26,0.955,0.963,50.02,OK
1761660667.1934054,19.856,10.091,200.36,50.39,219.9,0.947,0.962,49.95,OK
1761660667.2946446,19.872,10.147,201.65,50.39,219.74,0.977,0.939,50.0,OK
1761660667.3960273,19.81,10.293,203.9,50.39,219.7,0.962,0.965,49.95,OK
1761660667.4979208,19.794,10.276,203.41,50.39,219.66,0.971,0.953,49.98,OK
1761660667.599322,19.874,10.231,203.34,50.39,219.65,0.969,0.955,50.03,OK
1761660667.7007866,19.89,10.104,200.96,50.39,219.66,0.947,0.966,50.02,OK
1761660667.802078,19.829,10.165,201.56,50.39,219.71,0.959,0.957,50.0,OK
1761660667.9032204,19.875,10.185,202.43,50.39,219.72,0.999,0.922,50.04,OK
1761660668.0048382,19.824,10.209,202.38,50.39,219.76,0.96,0.96,49.99,OK
1761660668.1060555,19.815,10.279,203.69,50.39,220.14,0.949,0.975,50.01,OK
1761660668.2071016,19.801,10.216,202.29,50.39,219.9,0.974,0.944,50.0,OK
1761660668.3082619,19.813,10.246,203.01,50.39,219.91,0.99,0.932,49.99,OK
1761660668.41024,19.867,10.301,204.64,50.39,219.98,0.975,0.954,50.01,OK
1761660668.511238,19.86,10.189,202.35,50.39,219.92,0.992,0.928,50.04,OK
1761660668.612566,19.796,10.275,203.4,50.39,220.24,0.96,0.963,50.03,OK
1761660668.7142842,19.872,10.328,205.24,50.39,219.75,0.988,0.945,49.98,OK
1761660668.8157692,19.794,10.23,202.5,50.39,219.93,0.966,0.954,49.97,OK
1761660668.9173293,19.879,10.217,203.1,50.39,220.1,0.959,0.962,50.02,OK
1761660669.0188415,19.881,10.146,201.71,50.39,219.63,0.979,0.938,50.03,OK
1761660669.119956,19.808,10.357,205.14,50.39,219.71,0.999,0.934,49.96,OK
1761660669.220874,19.807,10.356,205.12,50.39,220.01,0.987,0.944,50.05,OK
1761660669.3224201,19.874,10.323,205.16,50.39,219.76,0.984,0.949,49.99,OK
1761660669.424405,19.856,10.342,205.35,50.39,219.79,0.982,0.951,49.97,OK
1761660669.5261517,19.839,10.23,202.95,50.39,219.91,0.98,0.942,49.98,OK
1761660669.6276124,19.881,10.354,205.84,50.39,220.04,0.995,0.94,49.96,OK
1761660669.7285864,19.861,10.221,203.0,50.39,220.32,0.953,0.967,50.0,OK
1761660669.8301618,19.872,10.219,203.07,50.39,220.31,0.97,0.95,50.0,OK
1761660669.9325655,19.827,10.228,202.8,50.39,220.35,0.97,0.948,50.05,OK
1761660670.0338378,19.887,10.157,201.99,50.39,220.3,0.943,0.972,50.03,OK
1761660670.1352375,19.794,10.357,205.01,50.39,219.8,0.98,0.952,50.0,OK
1761660670.2363021,19.866,10.239,203.42,50.39,219.63,0.967,0.958,49.96,OK
1761660670.337425,19.837,10.211,202.55,50.39,220.23,0.996,0.924,50.02,OK
1761660670.4388573,19.83,10.196,202.19,50.39,219.81,0.953,0.965,50.03,OK
1761660670.5399306,19.861,10.243,203.43,50.39,219.65,0.967,0.958,49.95,OK
1761660670.642323,19.845,10.297,204.35,50.39,220.17,0.975,0.952,50.04,OK
1761660670.7438016,19.794,10.329,204.45,50.39,220.26,0.98,0.947,50.05,OK
1761660670.8453965,19.856,10.26,203.73,50.39,220.13,0.999,0.927,50.0,OK
1761660670.9468975,19.882,10.166,202.12,50.39,219.71,0.979,0.94,49.99,OK
1761660671.0477796,19.838,10.307,204.47,50.39,219.66,0.952,0.978,50.0,OK
1761660671.1494427,19.878,10.214,203.03,50.39,220.06,1.002,0.92,50.03,OK
1761660671.2510314,19.857,10.28,204.13,50.39,219.77,1.005,0.924,49.98,OK
1761660671.3526661,19.82,10.338,204.9,50.39,220.36,0.991,0.939,50.02,OK
1761660671.4538836,19.849,10.197,202.39,50.39,220.11,0.992,0.927,49.97,OK
1761660671.5552094,19.844,10.211,202.62,50.39,219.95,0.987,0.933,50.01,OK
1761660671.6567879,19.791,10.225,202.37,50.39,219.8,0.954,0.965,50.0,OK
1761660671.7584665,19.856,10.189,202.32,50.39,219.67,0.973,0.946,49.98,OK
1761660671.8601844,19.833,10.219,202.67,50.39,219.64,0.944,0.977,49.97,OK
1761660671.9612076,19.821,10.291,203.98,50.39,219.62,0.988,0.94,49.97,OK
1761660672.0630744,19.812,10.351,205.08,50.39,219.6,0.983,0.95,50.0,OK
1761660672.1641712,19.863,10.233,203.24,50.39,219.65,0.953,0.971,49.98,OK
1761660672.265544,19.823,10.209,202.37,50.39,220.0,0.956,0.962,49.96,OK
1761660672.3673437,19.821,10.289,203.93,50.39,220.04,0.974,0.952,49.98,OK
1761660672.4694235,19.806,10.162,201.27,50.39,220.27,0.947,0.964,50.04,OK
1761660672.5712092,19.803,10.261,203.21,50.39,219.87,0.958,0.964,49.96,OK
1761660672.6731803,19.836,10.16,201.53,50.39,220.19,0.993,0.922,49.98,OK
1761660672.7745624,19.792,10.174,201.36,50.39,219.8,0.957,0.957,49.97,OK
1761660672.8762279,19.823,10.318,204.54,50.39,219.76,1.005,0.926,50.04,OK
1761660672.9777708,19.885,10.147,201.77,50.39,219.69,0.96,0.956,49.96,OK
1761660673.0788276,19.819,10.13,200.76,50.39,220.11,0.966,0.944,50.03,OK
1761660673.1810706,19.846,10.139,201.23,50.39,219.88,0.993,0.921,49.96,OK
1761660673.2826514,19.794,10.179,201.49,50.39,220.23,0.959,0.954,50.01,OK
1761660673.383875,19.889,10.071,200.3,50.39,220.26,0.944,0.963,50.03,OK
1761660673.486629,19.807,10.144,200.92,50.39,219.66,0.972,0.941,50.01,OK
1761660673.5977547,19.847,10.174,201.92,50.39,219.84,0.942,0.975,49.99,OK
1761660673.790162,19.846,10.252,203.46,50.39,219.74,0.999,0.927,49.98,OK
1761660673.8923926,19.858,10.083,200.23,50.39,220.01,0.985,0.924,49.96,OK
1761660673.9940467,19.824,10.146,201.13,50.39,220.19,0.99,0.923,50.04,OK
1761660674.0956545,19.884,10.119,201.21,50.39,219.94,0.941,0.972,50.02,OK
1761660674.1977193,19.829,10.187,201.99,50.39,219.72,0.966,0.951,50.04,OK
1761660674.2997494,19.82,10.18,201.77,50.39,219.87,0.954,0.962,49.97,OK
1761660674.401667,19.861,10.036,199.32,50.39,219.93,0.936,0.968,49.98,OK
1761660674.5025659,19.888,10.062,200.12,50.39,220.33,0.935,0.972,49.98,OK
1761660674.604398,19.834,10.176,201.82,50.39,219.85,0.969,0.947,49.96,OK
1761660674.7054584,19.834,10.072,199.77,50.39,219.83,0.969,0.938,49.97,OK
1761660674.8071902,19.809,10.067,199.43,50.39,220.19,0.937,0.967,50.01,OK
1761660674.9084175,19.82,10.166,201.49,50.39,219.95,0.979,0.936,50.04,OK
1761660675.009875,19.86,10.047,199.53,50.39,219.7,0.945,0.961,49.96,OK
1761660675.1120038,19.864,10.08,200.23,50.39,220.15,0.944,0.964,49.97,OK
1761660675.2136629,19.88,10.019,199.19,50.39,220.1,0.967,0.936,49.95,OK
1761660675.3154638,19.865,10.087,200.39,50.39,219.99,0.973,0.936,49.95,OK
1761660675.417528,19.882,10.078,200.38,50.39,220.31,0.952,0.955,50.0,OK
1761660675.5202587,19.858,10.123,201.02,50.39,220.24,0.941,0.97,49.99,OK
1761660675.6217089,19.862,10.018,198.99,50.39,219.79,0.945,0.958,50.03,OK
1761660675.7230384,19.8,10.071,199.42,50.39,220.28,0.93,0.974,50.0,OK
1761660675.8245895,19.862,9.991,198.44,50.39,219.67,0.926,0.975,50.03,OK
1761660675.9263568,19.792,10.009,198.09,50.39,219.74,0.967,0.932,49.97,OK
1761660676.027935,19.874,9.913,197.0,50.39,219.79,0.941,0.953,49.99,OK
1761660676.1299002,19.862,9.929,197.21,50.39,219.96,0.919,0.975,50.0,OK
1761660676.231172,19.83,10.078,199.85,50.39,220.12,0.969,0.937,50.04,OK
1761660676.3326237,19.829,10.043,199.14,50.39,220.14,0.952,0.95,50.05,OK
1761660676.4350252,19.89,9.949,197.88,50.39,220.11,0.952,0.945,50.03,OK
1761660676.5368237,19.843,9.938,197.2,50.39,220.15,0.939,0.954,50.04,OK
1761660676.638378,19.81,10.085,199.78,50.39,220.23,0.937,0.968,50.03,OK
1761660676.7397718,19.81,10.011,198.33,50.39,220.09,0.963,0.935,49.95,OK
1761660676.8411355,19.821,9.931,196.84,50.39,220.26,0.934,0.957,50.01,OK
1761660676.942802,19.859,9.984,198.27,50.39,219.62,0.933,0.967,50.01,OK
1761660677.047085,19.805,10.058,199.2,50.39,219.89,0.934,0.97,49.99,OK
1761660677.149864,19.841,9.997,198.36,50.39,220.32,0.954,0.943,50.0,OK
1761660677.2510412,19.859,9.979,198.17,50.39,219.97,0.923,0.976,49.99,OK
1761660677.3530512,19.848,9.87,195.91,50.39,220.32,0.946,0.94,49.96,OK
1761660677.4541802,19.838,10.026,198.9,50.39,220.3,0.936,0.964,50.0,OK
1761660677.5554006,19.845,9.899,196.44,50.39,220.26,0.911,0.979,50.01,OK
1761660677.6569824,19.809,9.94,196.9,50.39,219.77,0.97,0.924,50.01,OK
1761660677.7581205,19.889,9.85,195.91,50.39,219.87,0.962,0.926,49.99,OK
1761660677.8594024,19.87,9.828,195.29,50.39,219.87,0.911,0.975,50.0,OK
1761660677.9607253,19.842,9.934,197.12,50.39,220.13,0.923,0.97,50.02,OK
1761660678.0626464,19.875,9.87,196.17,50.39,220.06,0.946,0.942,50.02,OK
1761660678.1643977,19.84,9.989,198.17,50.39,220.33,0.937,0.96,49.98,OK
1761660678.2656703,19.828,9.97,197.69,50.39,220.06,0.923,0.974,49.97,OK
1761660678.3673122,19.8,9.957,197.15,50.39,220.02,0.968,0.926,49.98,OK
1761660678.4688518,19.801,9.837,194.79,50.39,220.2,0.949,0.932,49.97,OK
1761660678.570556,19.819,9.851,195.23,50.39,219.62,0.933,0.953,50.02,OK
1761660678.6723988,19.874,9.967,198.09,50.39,219.67,0.95,0.949,49.96,OK
1761660678.7740703,19.868,9.976,198.2,50.39,219.71,0.943,0.956,49.98,OK
1761660678.8758907,19.79,9.992,197.75,50.39,220.17,0.965,0.93,50.0,OK
1761660678.9770505,19.81,9.904,196.2,50.39,219.71,0.913,0.978,50.01,OK
1761660679.0788214,19.837,9.92,196.78,50.39,219.84,0.934,0.958,49.97,OK
1761660679.1807635,19.835,9.885,196.06,50.39,219.77,0.949,0.941,49.98,OK
1761660679.2827787,19.858,9.837,195.34,50.39,220.08,0.933,0.951,50.04,OK
1761660679.3839664,19.88,9.838,195.57,50.39,220.0,0.932,0.953,50.0,OK
1761660679.485871,19.814,9.847,195.11,50.39,220.26,0.959,0.924,50.04,OK
1761660679.5955908,19.838,9.833,195.06,50.39,220.03,0.957,0.926,50.03,OK
1761660679.8230574,19.867,9.916,197.01,50.39,219.62,0.96,0.935,49.95,OK
1761660679.9260528,19.884,9.905,196.95,50.39,219.8,0.938,0.956,50.01,OK
1761660680.0355227,19.858,9.787,194.35,50.39,219.95,0.914,0.967,49.99,OK
1761660680.1368282,19.86,9.901,196.64,50.39,220.16,0.941,0.949,50.04,OK
1761660680.238406,19.811,9.882,195.76,50.39,219.88,0.929,0.958,50.03,OK
1761660680.3401783,19.856,9.775,194.09,50.39,219.88,0.92,0.96,50.02,OK
1761660680.4423988,19.805,9.809,194.26,50.39,219.94,0.926,0.954,50.0,OK
1761660680.5436962,19.81,9.866,195.44,50.39,219.61,0.933,0.953,50.04,OK
1761660680.6452065,19.884,9.792,194.71,50.39,220.37,0.908,0.973,50.04,OK
1761660680.7465928,19.881,9.852,195.86,50.39,219.65,0.926,0.963,49.97,OK
1761660680.8481357,19.87,9.866,196.04,50.39,220.1,0.914,0.975,49.97,OK
1761660680.9498415,19.886,9.847,195.82,50.39,219.81,0.963,0.925,49.97,OK
1761660681.050699,19.792,9.904,196.02,50.39,220.25,0.956,0.931,50.04,OK
1761660681.151922,19.88,9.867,196.16,50.39,220.33,0.92,0.968,50.02,OK
1761660681.2535424,19.834,9.833,195.03,50.39,219.91,0.934,0.949,50.03,OK
1761660681.355061,19.869,9.879,196.29,50.39,220.2,0.943,0.945,50.03,OK
1761660681.4565907,19.867,9.974,198.16,50.39,220.4,0.942,0.954,49.97,OK
1761660681.5580063,19.792,9.909,196.11,50.39,220.0,0.915,0.974,50.02,OK
1761660681.6594117,19.849,9.86,195.72,50.39,219.97,0.949,0.938,50.02,OK
1761660681.7605767,19.836,9.852,195.43,50.39,219.95,0.929,0.956,49.99,OK
1761660681.8615687,19.808,9.989,197.87,50.39,219.63,0.928,0.971,50.02,OK
1761660681.9629295,19.834,9.947,197.3,50.39,220.36,0.937,0.955,50.0,OK
1761660682.0640833,19.871,9.986,198.44,50.39,219.9,0.934,0.966,50.03,OK
1761660682.1652837,19.812,9.855,195.25,50.39,219.68,0.956,0.93,49.98,OK
1761660682.2669978,19.856,10.029,199.14,50.39,220.37,0.955,0.946,49.97,OK
1761660682.3685405,19.861,10.022,199.05,50.39,219.62,0.929,0.976,50.02,OK
1761660682.470136,19.847,9.883,196.16,50.39,219.92,0.956,0.933,49.95,OK
1761660682.5711026,19.858,9.946,197.51,50.39,220.11,0.96,0.935,50.04,OK
1761660682.672415,19.886,9.844,195.77,50.39,219.66,0.94,0.948,50.0,OK
1761660682.7735968,19.888,9.992,198.73,50.39,219.99,0.944,0.957,49.98,OK
1761660682.8750215,19.804,10.054,199.1,50.39,219.67,0.958,0.947,50.04,OK
1761660682.9763353,19.852,9.902,196.57,50.39,219.86,0.952,0.939,50.05,OK
1761660683.0776613,19.821,10.024,198.69,50.39,220.03,0.923,0.978,50.02,OK
1761660683.1794937,19.839,10.035,199.08,50.39,220.12,0.979,0.924,50.0,OK
1761660683.2808723,19.854,10.031,199.17,50.39,219.72,0.953,0.951,50.04,OK
1761660683.3824997,19.818,10.081,199.79,50.39,220.26,0.97,0.935,49.95,OK
1761660683.4993403,19.869,10.025,199.18,50.39,220.07,0.963,0.94,49.96,OK
1761660683.604819,19.849,10.095,200.38,50.39,219.91,0.983,0.927,50.0,OK
1761660683.7063372,19.824,10.106,200.35,50.39,220.16,0.954,0.954,50.0,OK
1761660683.8105395,19.802,9.979,197.6,50.39,219.68,0.933,0.964,50.01,OK
1761660683.9138787,19.824,9.955,197.34,50.39,220.32,0.914,0.98,50.01,OK
1761660684.0159395,19.87,10.0,198.71,50.39,219.98,0.98,0.922,49.98,OK
1761660684.1176598,19.86,10.073,200.04,50.39,220.14,0.944,0.963,49.95,OK
1761660684.2187798,19.866,10.112,200.89,50.39,220.2,0.938,0.973,50.04,OK
1761660684.3201647,19.852,10.158,201.65,50.39,219.64,0.969,0.947,50.01,OK
1761660684.4211845,19.838,10.085,200.06,50.39,220.18,0.972,0.935,50.02,OK
1761660684.5230145,19.867,10.06,199.86,50.39,219.82,0.934,0.974,49.99,OK
1761660684.624472,19.813,10.195,201.98,50.39,219.93,0.983,0.935,49.99,OK
1761660684.7261713,19.796,10.019,198.32,50.39,220.39,0.932,0.965,49.99,OK
1761660684.827509,19.791,10.103,199.95,50.39,219.91,0.928,0.979,50.01,OK
1761660684.928808,19.809,10.053,199.13,50.39,219.65,0.97,0.935,50.04,OK
1761660685.0305865,19.864,10.179,202.2,50.39,219.64,0.96,0.959,49.95,OK
1761660685.1323247,19.862,10.207,202.73,50.39,219.89,0.987,0.934,49.99,OK
1761660685.2338495,19.804,10.096,199.94,50.39,220.21,0.957,0.949,49.96,OK
1761660685.3346019,19.867,10.218,203.01,50.39,220.14,0.959,0.961,49.97,OK
1761660685.436474,19.791,10.208,202.03,50.39,220.39,0.978,0.937,50.04,OK
1761660685.5379066,19.881,10.035,199.51,50.39,219.83,0.957,0.948,49.97,OK
1761660685.639425,19.855,10.181,202.14,50.39,219.8,0.957,0.961,49.97,OK
1761660685.7409742,19.868,10.043,199.53,50.39,220.18,0.934,0.971,50.03,OK
1761660685.8429499,19.841,10.115,200.7,50.39,220.16,0.934,0.976,49.95,OK
1761660685.9444103,19.845,10.238,203.18,50.39,220.38,0.952,0.969,49.96,OK
1761660686.0461242,19.877,10.1,200.77,50.39,220.2,0.942,0.968,50.04,OK
1761660686.147506,19.882,10.192,202.64,50.39,219.79,0.947,0.974,49.99,OK
1761660686.2489924,19.841,10.107,200.53,50.39,220.07,0.949,0.96,49.95,OK
1761660686.3501031,19.839,10.273,203.81,50.39,219.63,0.972,0.955,50.02,OK
1761660686.4529235,19.843,10.211,202.6,50.39,219.98,0.965,0.954,50.02,OK
1761660686.5545595,19.842,10.26,203.59,50.39,219.88,0.981,0.944,49.99,OK
1761660686.6560023,19.871,10.107,200.83,50.39,220.13,0.948,0.962,49.98,OK
1761660686.7572584,19.836,10.153,201.4,50.39,219.6,0.938,0.978,49.96,OK
1761660686.858984,19.872,10.217,203.02,50.39,220.14,0.969,0.952,50.04,OK
1761660686.9605632,19.825,10.225,202.72,50.39,219.75,0.992,0.93,49.95,OK
1761660687.062469,19.808,10.154,201.13,50.39,219.87,0.993,0.922,50.02,OK
1761660687.1643693,19.864,10.268,203.96,50.39,219.67,0.955,0.972,49.99,OK
1761660687.265903,19.862,10.176,202.12,50.39,219.73,0.996,0.923,50.03,OK
1761660687.3675416,19.866,10.188,202.4,50.39,219.66,0.982,0.939,49.97,OK
1761660687.469097,19.881,10.154,201.87,50.39,219.85,0.976,0.941,50.04,OK
1761660687.5702167,19.849,10.317,204.78,50.39,219.91,1.007,0.925,50.02,OK
1761660687.6718733,19.792,10.36,205.04,50.39,220.07,0.988,0.943,50.04,OK
1761660687.7741003,19.822,10.299,204.15,50.39,220.24,0.955,0.97,49.97,OK
1761660687.876269,19.804,10.232,202.64,50.39,220.15,0.942,0.977,50.05,OK
1761660687.9779236,19.866,10.242,203.47,50.39,219.72,0.979,0.946,50.04,OK
1761660688.0797987,19.838,10.289,204.11,50.39,220.11,0.976,0.95,50.05,OK
1761660688.1818013,19.851,10.326,204.98,50.39,220.29,0.992,0.938,50.02,OK
1761660688.2835507,19.81,10.375,205.53,50.39,220.26,0.967,0.965,49.98,OK
1761660688.3849208,19.88,10.181,202.39,50.39,219.81,0.973,0.946,49.98,OK
1761660688.486189,19.882,10.167,202.15,50.39,220.14,0.94,0.976,49.95,OK
1761660688.5879953,19.79,10.328,204.39,50.39,219.92,0.978,0.951,49.96,OK
1761660688.6890886,19.879,10.238,203.53,50.39,219.8,0.964,0.96,50.0,OK
1761660688.7903132,19.795,10.328,204.44,50.39,219.72,1.004,0.927,49.99,OK
1761660688.8917255,19.828,10.344,205.1,50.39,219.67,0.962,0.97,49.98,OK
1761660688.9928837,19.806,10.352,205.02,50.39,219.67,0.957,0.976,49.97,OK
1761660689.0940714,19.872,10.243,203.55,50.39,220.04,0.974,0.95,50.04,OK
1761660689.1958814,19.83,10.219,202.65,50.39,220.11,0.954,0.965,49.96,OK
1761660689.2973375,19.815,10.27,203.49,50.39,219.97,0.958,0.966,49.99,OK
1761660689.3984919,19.868,10.33,205.24,50.39,220.35,0.953,0.978,50.0,OK
1761660689.4997005,19.799,10.387,205.65,50.39,219.78,1.003,0.933,50.02,OK
1761660689.6012444,19.888,10.279,204.42,50.39,220.24,0.961,0.966,50.05,OK
1761660689.7028236,19.858,10.291,204.36,50.39,219.63,0.95,0.979,49.95,OK
1761660689.8041341,19.869,10.194,202.54,50.39,220.05,0.94,0.979,50.02,OK
1761660689.9053543,19.842,10.219,202.76,50.39,220.16,0.975,0.945,49.99,OK
1761660690.006863,19.879,10.334,205.43,50.39,220.01,0.995,0.939,50.0,OK
1761660690.1080656,19.825,10.219,202.6,50.39,219.92,0.972,0.947,49.95,OK
1761660690.2093153,19.881,10.292,204.62,50.39,220.25,0.963,0.965,49.96,OK
1761660690.310518,19.878,10.177,202.3,50.39,219.74,0.952,0.967,50.03,OK
1761660690.4119918,19.882,10.291,204.61,50.39,219.79,0.99,0.941,50.01,OK
1761660690.51351,19.816,10.343,204.97,50.39,220.35,0.994,0.935,49.97,OK
1761660690.6147668,19.881,10.244,203.66,50.39,220.02,0.987,0.938,49.99,OK
1761660690.716336,19.872,10.279,204.26,50.39,220.06,0.988,0.94,49.99,OK
1761660690.8179324,19.833,10.299,204.25,50.39,220.18,1.006,0.922,50.02,OK
1761660690.919505,19.855,10.191,202.35,50.39,220.23,0.938,0.98,50.01,OK
1761660691.0212572,19.875,10.196,202.66,50.39,219.61,0.951,0.97,50.01,OK
1761660691.1228237,19.83,10.299,204.24,50.39,220.28,1.006,0.922,50.02,OK
1761660691.2243817,19.795,10.292,203.74,50.39,219.9,0.967,0.959,50.03,OK
1761660691.32612,19.817,10.159,201.32,50.39,219.61,0.961,0.953,50.04,OK
1761660691.4275646,19.818,10.154,201.24,50.39,219.97,0.981,0.932,50.02,OK
1761660691.528772,19.831,10.26,203.47,50.39,219.79,0.998,0.928,50.03,OK
1761660691.6301384,19.8,10.256,203.06,50.39,219.77,0.975,0.948,49.99,OK
1761660691.7320752,19.88,10.107,200.94,50.39,219.84,0.941,0.971,49.96,OK
1761660691.83372,19.879,10.26,203.95,50.39,219.91,0.982,0.944,49.99,OK
1761660691.9346948,19.833,10.205,202.39,50.39,220.27,0.959,0.958,49.96,OK
1761660692.0360522,19.816,10.187,201.86,50.39,219.64,0.944,0.973,49.98,OK
1761660692.1374679,19.829,10.226,202.78,50.39,220.34,0.959,0.96,49.98,OK
1761660692.4204047,19.888,10.216,203.18,50.39,219.98,0.987,0.936,49.98,OK
1761660692.5233665,19.855,10.163,201.79,50.39,220.31,0.956,0.958,50.01,OK
1761660692.6292365,19.805,10.25,203.0,50.39,220.34,0.986,0.934,49.97,OK
1761660692.7309399,19.798,10.235,202.63,50.39,219.99,0.96,0.96,50.04,OK
1761660692.8323677,19.81,10.11,200.28,50.39,219.79,0.958,0.952,49.95,OK
1761660692.9342911,19.88,10.118,201.14,50.39,219.87,0.944,0.969,50.01,OK
1761660693.0354753,19.82,10.181,201.8,50.39,219.73,0.955,0.961,49.96,OK
1761660693.1371648,19.802,10.241,202.79,50.39,220.22,0.971,0.948,50.02,OK
1761660693.2441373,19.859,10.056,199.7,50.39,220.4,0.926,0.979,50.03,OK
1761660693.3461304,19.876,10.114,201.03,50.39,220.05,0.959,0.953,50.02,OK
1761660693.4485888,19.824,10.182,201.84,50.39,219.9,0.976,0.94,50.01,OK
1761660693.549952,19.865,10.077,200.18,50.39,219.75,0.937,0.973,50.01,OK
1761660693.6517327,19.799,10.192,201.8,50.39,219.79,0.978,0.938,50.05,OK
1761660693.7533114,19.886,10.079,200.44,50.39,220.26,0.964,0.944,49.98,OK
1761660693.854695,19.814,10.183,201.77,50.39,219.92,0.952,0.964,49.97,OK
1761660693.9562428,19.866,10.075,200.14,50.39,219.63,0.953,0.956,49.98,OK
1761660694.0577486,19.861,10.108,200.76,50.39,220.16,0.955,0.955,50.0,OK
1761660694.1589675,19.82,10.153,201.23,50.39,220.19,0.935,0.978,50.01,OK
1761660694.260324,19.861,10.054,199.67,50.39,219.7,0.941,0.966,49.97,OK
1761660694.3631704,19.861,10.056,199.74,50.39,220.22,0.954,0.951,49.99,OK
1761660694.464659,19.869,9.973,198.15,50.39,220.07,0.943,0.955,49.99,OK
1761660694.5658486,19.818,9.993,198.04,50.39,220.14,0.977,0.921,50.05,OK
1761660694.6669953,19.873,10.093,200.59,50.39,220.08,0.967,0.943,49.96,OK
1761660694.7986758,19.853,9.977,198.06,50.39,219.69,0.975,0.925,49.97,OK
1761660694.900379,19.853,9.948,197.49,50.39,220.34,0.967,0.927,49.96,OK
1761660695.0174725,19.807,9.931,196.71,50.39,220.35,0.948,0.942,50.03,OK
1761660695.1620615,19.855,10.011,198.78,50.39,219.66,0.944,0.959,50.01,OK
1761660695.2967243,19.831,10.066,199.61,50.39,219.66,0.963,0.943,49.97,OK
1761660695.4181523,19.8,9.938,196.77,50.39,220.24,0.925,0.965,49.96,OK
1761660695.5490742,19.887,9.971,198.3,50.39,219.73,0.946,0.954,50.01,OK
1761660695.6553197,19.843,9.952,197.49,50.39,220.32,0.932,0.962,49.96,OK
1761660695.7568846,19.864,9.991,198.45,50.39,220.18,0.943,0.956,50.05,OK
1761660695.858237,19.875,9.853,195.83,50.39,219.76,0.919,0.969,50.0,OK
1761660695.9595113,19.878,9.917,197.13,50.39,219.91,0.938,0.955,50.0,OK
1761660696.0619674,19.831,9.987,198.04,50.39,219.94,0.957,0.941,50.02,OK
1761660696.1638823,19.806,9.901,196.1,50.39,219.74,0.944,0.946,49.97,OK
1761660696.2692838,19.815,9.952,197.2,50.39,220.15,0.939,0.954,50.03,OK
1761660696.3708515,19.857,9.981,198.19,50.39,219.87,0.972,0.928,50.03,OK
1761660696.4735312,19.879,9.947,197.73,50.39,219.9,0.933,0.964,49.97,OK
1761660696.575097,19.817,10.031,198.77,50.39,219.69,0.956,0.946,49.97,OK
1761660696.6767168,19.876,9.848,195.75,50.39,220.23,0.924,0.962,49.99,OK
1761660696.7943795,19.846,9.963,197.73,50.39,220.17,0.919,0.978,49.97,OK
1761660696.8971224,19.856,9.971,197.99,50.39,219.68,0.945,0.954,50.03,OK
1761660696.9985552,19.8,9.966,197.33,50.39,219.68,0.95,0.945,49.96,OK
1761660697.1050026,19.858,9.956,197.72,50.39,219.81,0.935,0.962,49.96,OK
1761660697.2067778,19.884,9.924,197.33,50.39,219.77,0.937,0.958,49.96,OK
1761660697.3082342,19.808,9.957,197.23,50.39,220.37,0.918,0.975,50.04,OK
1761660697.4092736,19.837,9.806,194.53,50.39,220.03,0.958,0.923,50.01,OK
1761660697.5105872,19.874,9.819,195.13,50.39,219.8,0.919,0.966,49.96,OK
1761660697.6137583,19.884,9.835,195.56,50.39,220.09,0.958,0.927,50.02,OK
1761660697.715005,19.878,9.813,195.06,50.39,219.87,0.925,0.96,50.01,OK
1761660697.8182256,19.809,9.893,195.98,50.39,219.79,0.928,0.961,50.02,OK
1761660697.9196463,19.849,9.938,197.25,50.39,220.18,0.933,0.961,49.97,OK
1761660698.021236,19.872,9.906,196.86,50.39,219.91,0.957,0.935,50.05,OK
1761660698.1226895,19.806,9.814,194.39,50.39,219.77,0.96,0.921,49.99,OK
1761660698.2241676,19.856,9.807,194.73,50.39,219.77,0.943,0.939,50.01,OK
1761660698.3254461,19.824,9.907,196.4,50.39,220.12,0.917,0.973,49.96,OK
1761660698.4270527,19.871,9.913,196.97,50.39,219.67,0.927,0.967,50.02,OK
1761660698.5305338,19.876,9.783,194.44,50.39,219.62,0.935,0.947,50.01,OK
1761660698.6317341,19.815,9.814,194.46,50.39,219.65,0.937,0.945,50.05,OK
1761660698.7335677,19.797,9.936,196.71,50.39,219.72,0.917,0.977,50.02,OK
1761660698.8349676,19.888,9.808,195.06,50.39,220.25,0.927,0.956,49.98,OK
1761660698.9369278,19.861,9.845,195.52,50.39,219.92,0.943,0.943,49.97,OK
1761660699.0382442,19.839,9.855,195.51,50.39,219.88,0.942,0.944,50.04,OK
1761660699.1397336,19.868,9.961,197.9,50.39,220.33,0.972,0.925,50.02,OK
1761660699.24082,19.821,9.967,197.55,50.39,219.64,0.969,0.929,49.97,OK
1761660699.34209,19.799,9.882,195.65,50.39,219.74,0.958,0.93,49.97,OK
1761660699.4435205,19.803,9.872,195.5,50.39,219.77,0.966,0.921,50.05,OK
1761660699.5461574,19.837,9.841,195.21,50.39,220.22,0.936,0.947,49.97,OK
1761660699.648135,19.853,9.94,197.34,50.39,220.06,0.94,0.954,49.95,OK
1761660699.7494948,19.845,9.956,197.57,50.39,219.77,0.976,0.921,49.97,OK
1761660699.8514717,19.858,9.985,198.28,50.39,220.07,0.959,0.939,49.96,OK
1761660699.952986,19.812,9.891,195.96,50.39,220.37,0.935,0.951,49.99,OK
1761660700.0547917,19.868,9.924,197.17,50.39,220.19,0.929,0.964,49.98,OK
1761660700.156577,19.884,9.858,196.02,50.39,220.24,0.912,0.976,49.96,OK
1761660700.2587683,19.795,9.936,196.69,50.39,219.66,0.954,0.939,50.03,OK
1761660700.361098,19.834,9.961,197.56,50.39,220.31,0.927,0.968,50.03,OK
1761660700.462476,19.826,9.914,196.55,50.39,220.01,0.92,0.971,49.99,OK
1761660700.5639522,19.82,9.912,196.46,50.39,219.78,0.955,0.936,50.05,OK
1761660700.6649594,19.815,9.943,197.01,50.39,220.29,0.94,0.951,49.98,OK
1761660700.7665153,19.873,9.931,197.37,50.39,219.61,0.948,0.948,50.03,OK
1761660700.8682184,19.888,9.806,195.03,50.39,220.09,0.926,0.957,50.03,OK
1761660700.9697742,19.885,9.934,197.54,50.39,220.34,0.933,0.961,49.99,OK
1761660701.0722795,19.838,9.956,197.5,50.39,220.06,0.938,0.957,50.02,OK
1761660701.1735003,19.801,9.865,195.34,50.39,220.19,0.949,0.935,50.03,OK
1761660701.2748868,19.863,9.917,196.98,50.39,220.16,0.955,0.937,50.04,OK
1761660701.3760886,19.855,9.909,196.74,50.39,220.1,0.968,0.924,49.98,OK
1761660701.477597,19.89,9.992,198.73,50.39,219.64,0.956,0.946,49.96,OK
1761660701.5796525,19.873,9.956,197.85,50.39,219.82,0.94,0.958,49.95,OK
1761660701.681017,19.889,9.926,197.41,50.39,219.91,0.964,0.931,50.05,OK
1761660701.7826037,19.831,10.074,199.77,50.39,219.68,0.936,0.971,50.02,OK
1761660701.8848538,19.833,9.926,196.86,50.39,219.97,0.969,0.923,50.0,OK
1761660701.986011,19.837,9.947,197.33,50.39,220.33,0.921,0.972,49.97,OK
1761660702.0876324,19.863,10.072,200.05,50.39,219.87,0.967,0.941,49.95,OK
1761660702.1893802,19.827,10.073,199.72,50.39,220.23,0.978,0.927,49.98,OK
1761660702.2905734,19.866,10.011,198.87,50.39,219.66,0.969,0.935,50.02,OK
1761660702.3918931,19.856,9.945,197.47,50.39,220.21,0.973,0.922,50.0,OK
1761660702.492917,19.883,10.031,199.44,50.39,220.02,0.953,0.951,49.97,OK
1761660702.5942044,19.838,9.962,197.62,50.39,219.68,0.932,0.965,50.02,OK
1761660702.6963928,19.841,9.955,197.52,50.39,219.9,0.924,0.973,50.05,OK
1761660702.797604,19.847,10.004,198.55,50.39,220.37,0.938,0.96,50.01,OK
1761660702.8992288,19.805,10.11,200.22,50.39,219.89,0.94,0.969,50.04,OK
1761660703.0002887,19.857,10.095,200.46,50.39,219.97,0.972,0.938,49.99,OK
1761660703.1012855,19.868,10.101,200.69,50.39,220.27,0.985,0.925,49.97,OK
1761660703.2025664,19.845,9.988,198.21,50.39,219.69,0.924,0.977,50.0,OK
1761660703.303954,19.864,10.094,200.5,50.39,219.62,0.941,0.97,49.98,OK
1761660703.4052958,19.874,10.103,200.8,50.39,220.31,0.98,0.93,50.03,OK
1761660703.506555,19.794,10.183,201.57,50.39,219.95,0.982,0.933,50.0,OK
1761660703.608295,19.855,10.036,199.27,50.39,219.66,0.977,0.929,50.0,OK
1761660703.7095842,19.837,10.172,201.79,50.39,219.73,0.978,0.939,49.96,OK
1761660703.8111932,19.862,9.998,198.59,50.39,220.31,0.944,0.955,50.05,OK
1761660703.9122894,19.81,10.109,200.27,50.39,219.62,0.932,0.978,49.96,OK
1761660704.0192726,19.855,10.193,202.4,50.39,219.67,0.998,0.923,49.99,OK
1761660704.229805,19.807,10.167,201.37,50.39,219.85,0.96,0.954,50.03,OK
1761660704.3321636,19.857,10.214,202.81,50.39,219.81,0.95,0.972,49.99,OK
1761660704.4334712,19.87,10.075,200.19,50.39,220.31,0.981,0.926,50.0,OK
1761660704.5350192,19.836,10.223,202.78,50.39,220.08,0.941,0.979,49.97,OK
1761660704.636387,19.861,10.15,201.59,50.39,220.06,0.993,0.922,50.0,OK
1761660704.737281,19.847,10.259,203.61,50.39,220.08,0.975,0.948,50.0,OK
1761660704.8382072,19.89,10.134,201.55,50.39,219.72,0.945,0.971,49.98,OK
1761660704.9391809,19.89,10.211,203.08,50.39,219.61,0.975,0.949,49.95,OK
1761660705.04105,19.887,10.144,201.74,50.39,220.22,0.954,0.96,50.01,OK
1761660705.1423519,19.828,10.253,203.29,50.39,220.28,0.994,0.929,50.01,OK
1761660705.243937,19.807,10.195,201.93,50.39,220.05,0.975,0.942,50.03,OK
1761660705.3460631,19.875,10.154,201.81,50.39,219.89,0.969,0.947,49.95,OK
1761660705.4475079,19.83,10.278,203.82,50.39,219.93,0.985,0.941,50.01,OK
1761660705.5484202,19.85,10.119,200.86,50.39,219.72,0.954,0.958,50.04,OK
1761660705.649897,19.863,10.19,202.4,50.39,219.95,0.991,0.929,49.99,OK
1761660705.7513878,19.875,10.255,203.82,50.39,220.22,0.978,0.946,50.01,OK
1761660705.852756,19.876,10.166,202.07,50.39,219.75,0.994,0.925,50.0,OK
1761660705.954245,19.872,10.151,201.72,50.39,219.97,0.94,0.976,50.04,OK
1761660706.0551405,19.849,10.176,201.98,50.39,219.89,0.945,0.972,50.0,OK
1761660706.1563478,19.793,10.3,203.86,50.39,220.1,0.968,0.957,50.02,OK
1761660706.2579486,19.845,10.317,204.74,50.39,219.7,0.982,0.949,50.01,OK
1761660706.359607,19.831,10.234,202.95,50.39,219.85,0.953,0.968,50.02,OK
1761660706.4616966,19.875,10.218,203.08,50.39,220.05,0.947,0.975,49.95,OK
1761660706.5630255,19.842,10.333,205.02,50.39,219.77,1.001,0.932,50.03,OK
1761660706.6647544,19.851,10.321,204.89,50.39,219.88,1.008,0.925,49.96,OK
1761660706.767343,19.799,10.227,202.49,50.39,220.06,0.963,0.955,50.03,OK
1761660706.8684592,19.831,10.287,204.01,50.39,219.87,1.001,0.927,50.01,OK
1761660706.970023,19.868,10.19,202.45,50.39,219.7,0.971,0.949,50.03,OK
1761660707.0712962,19.882,10.173,202.26,50.39,220.28,0.997,0.921,49.96,OK
1761660707.1731224,19.864,10.221,203.03,50.39,219.72,0.968,0.954,49.96,OK
1761660707.274839,19.856,10.347,205.45,50.39,219.8,0.976,0.958,50.03,OK
1761660707.376549,19.823,10.323,204.64,50.39,219.64,0.994,0.937,49.97,OK
1761660707.4790323,19.883,10.278,204.35,50.39,220.05,0.974,0.954,49.97,OK
1761660707.5805452,19.878,10.244,203.62,50.39,219.6,0.947,0.979,50.03,OK
1761660707.7107835,19.851,10.205,202.57,50.39,220.11,0.939,0.98,49.97,OK
1761660707.8154373,19.823,10.219,202.57,50.39,219.7,0.991,0.93,50.01,OK
1761660707.9165578,19.855,10.37,205.9,50.39,219.82,0.971,0.965,50.05,OK
1761660708.018456,19.867,10.199,202.63,50.39,220.02,0.959,0.96,50.01,OK
1761660708.1200895,19.841,10.324,204.84,50.39,220.11,0.984,0.946,50.04,OK
1761660708.2217193,19.833,10.326,204.81,50.39,219.99,0.985,0.945,50.01,OK
1761660708.3233075,19.818,10.193,202.01,50.39,219.97,0.975,0.942,49.98,OK
1761660708.4247441,19.842,10.198,202.35,50.39,219.83,0.998,0.922,50.03,OK
1761660708.5259244,19.855,10.302,204.54,50.39,220.06,0.96,0.969,49.98,OK
1761660708.6279354,19.864,10.361,205.81,50.39,220.27,0.989,0.945,50.03,OK
1761660708.7291105,19.877,10.239,203.51,50.39,220.09,0.963,0.96,50.04,OK
1761660708.8302166,19.793,10.289,203.64,50.39,219.8,0.978,0.947,49.96,OK
1761660708.931346,19.822,10.196,202.11,50.39,219.91,0.974,0.943,50.04,OK
1761660709.033069,19.814,10.248,203.06,50.39,220.06,0.948,0.973,50.0,OK
1761660709.1348457,19.866,10.21,202.83,50.39,219.74,0.952,0.97,49.96,OK
1761660709.2359903,19.817,10.374,205.57,50.39,220.14,0.986,0.947,50.04,OK
1761660709.3372324,19.87,10.17,202.08,50.39,220.22,0.975,0.941,50.03,OK
1761660709.4386432,19.856,10.205,202.63,50.39,220.25,0.984,0.935,50.0,OK
1761660709.5404353,19.867,10.297,204.57,50.39,220.14,0.965,0.963,50.01,OK
1761660709.6415892,19.885,10.325,205.31,50.39,219.69,0.989,0.945,50.05,OK
1761660709.742988,19.845,10.321,204.82,50.39,219.68,0.957,0.974,49.99,OK
1761660709.8446321,19.811,10.321,204.47,50.39,219.9,0.997,0.933,50.03,OK
1761660709.9455488,19.879,10.281,204.38,50.39,219.8,1.005,0.925,49.99,OK
1761660710.0466697,19.842,10.172,201.82,50.39,220.17,0.974,0.941,50.03,OK
1761660710.1482463,19.838,10.202,202.38,50.39,220.05,0.959,0.959,49.95,OK
1761660710.2494516,19.875,10.212,202.96,50.39,220.0,0.998,0.924,50.01,OK
1761660710.3514817,19.855,10.138,201.29,50.39,219.62,0.952,0.963,50.04,OK
1761660710.4528203,19.813,10.199,202.08,50.39,220.35,0.95,0.965,50.04,OK
1761660710.5543394,19.865,10.14,201.43,50.39,219.9,0.993,0.923,49.96,OK
1761660710.6558976,19.875,10.098,200.69,50.39,219.75,0.979,0.933,49.95,OK
1761660710.7575831,19.883,10.196,202.72,50.39,219.83,0.974,0.947,50.01,OK
1761660710.8595955,19.804,10.265,203.29,50.39,220.04,0.951,0.971,50.0,OK
1761660710.9610858,19.791,10.219,202.24,50.39,219.81,0.997,0.923,50.02,OK
1761660711.0624561,19.848,10.21,202.66,50.39,220.24,0.984,0.935,50.01,OK
1761660711.1639185,19.804,10.188,201.76,50.39,219.8,0.99,0.927,49.97,OK
1761660711.2649198,19.884,10.145,201.73,50.39,220.0,0.954,0.961,49.98,OK
1761660711.3675892,19.861,10.118,200.96,50.39,219.67,0.966,0.947,50.02,OK
1761660711.4696996,19.791,10.167,201.23,50.39,220.14,0.96,0.952,50.04,OK
1761660711.5708017,19.864,10.202,202.66,50.39,220.28,0.947,0.972,50.02,OK
1761660711.6720214,19.814,10.097,200.06,50.39,220.1,0.939,0.968,50.01,OK
1761660711.7733974,19.861,10.052,199.64,50.39,219.98,0.957,0.949,49.96,OK
1761660711.8743236,19.827,10.114,200.53,50.39,219.83,0.943,0.968,49.97,OK
1761660711.975891,19.843,10.098,200.36,50.39,219.75,0.95,0.96,49.99,OK
1761660712.078086,19.804,10.227,202.52,50.39,220.34,0.965,0.953,49.99,OK
1761660712.179561,19.85,10.155,201.57,50.39,219.96,0.968,0.947,49.97,OK
1761660712.281012,19.874,10.194,202.59,50.39,219.97,0.99,0.93,49.96,OK
1761660712.38217,19.81,10.166,201.39,50.39,219.89,0.956,0.958,49.96,OK
1761660712.4835372,19.795,10.223,202.36,50.39,219.85,0.988,0.931,49.97,OK
1761660712.5851648,19.823,10.109,200.39,50.39,219.99,0.987,0.923,49.99,OK
1761660712.6866498,19.879,10.096,200.7,50.39,220.07,0.968,0.942,50.0,OK
1761660712.7879205,19.853,10.146,201.44,50.39,220.09,0.954,0.96,49.95,OK
1761660712.8896177,19.879,10.123,201.24,50.39,219.93,0.963,0.95,50.03,OK
1761660712.9910235,19.879,10.094,200.65,50.39,220.22,0.948,0.961,49.97,OK
1761660713.0923586,19.81,10.095,199.98,50.39,219.63,0.96,0.949,50.03,OK
1761660713.1938143,19.823,9.982,197.87,50.39,219.92,0.941,0.957,50.02,OK
1761660713.2952783,19.831,10.147,201.22,50.39,219.93,0.968,0.945,50.02,OK
1761660713.3966885,19.834,10.034,199.01,50.39,219.68,0.928,0.976,50.04,OK
1761660713.4979832,19.852,10.105,200.6,50.39,220.15,0.934,0.976,49.96,OK
1761660713.5994723,19.863,9.928,197.2,50.39,220.22,0.972,0.921,49.96,OK
1761660713.7012289,19.795,9.977,197.49,50.39,220.05,0.95,0.944,50.01,OK
1761660713.8033354,19.816,10.071,199.56,50.39,219.81,0.95,0.956,49.95,OK
1761660713.9048028,19.822,10.096,200.11,50.39,220.35,0.942,0.964,50.0,OK
1761660714.0065093,19.802,10.011,198.24,50.39,219.71,0.933,0.967,49.96,OK
1761660714.116921,19.819,9.926,196.72,50.39,219.78,0.924,0.969,49.96,OK
1761660714.2201152,19.861,9.984,198.3,50.39,219.86,0.928,0.972,50.0,OK
1761660714.321665,19.796,9.955,197.08,50.39,219.75,0.955,0.939,50.0,OK
1761660714.4229925,19.882,10.055,199.92,50.39,219.86,0.963,0.945,50.02,OK
1761660714.5277393,19.806,10.083,199.7,50.39,219.63,0.954,0.953,50.02,OK
1761660714.6294563,19.884,10.04,199.64,50.39,220.13,0.935,0.97,50.02,OK
1761660714.7471154,19.794,9.912,196.2,50.39,220.2,0.917,0.971,49.97,OK
1761660714.879946,19.865,9.898,196.63,50.39,220.0,0.916,0.975,50.0,OK
1761660714.9857275,19.831,10.032,198.96,50.39,219.61,0.957,0.947,50.03,OK
1761660715.1127,19.87,9.879,196.29,50.39,219.8,0.934,0.956,50.03,OK
1761660715.2202322,19.827,9.889,196.06,50.39,220.11,0.932,0.956,50.01,OK
1761660715.327906,19.827,9.968,197.65,50.39,219.91,0.951,0.945,49.97,OK
1761660715.452565,19.882,9.839,195.62,50.39,220.23,0.92,0.966,49.95,OK
1761660715.554659,19.845,9.889,196.24,50.39,219.92,0.927,0.963,49.96,OK
1761660715.656188,19.869,9.899,196.68,50.39,219.67,0.969,0.924,49.99,OK
1761660715.7573164,19.846,9.882,196.12,50.39,220.37,0.937,0.949,49.95,OK
1761660715.8585923,19.873,9.816,195.08,50.39,220.0,0.955,0.929,49.98,OK
1761660715.9607136,19.821,9.864,195.51,50.39,220.27,0.914,0.971,50.01,OK
1761660716.0623336,19.866,9.88,196.28,50.39,220.12,0.953,0.936,50.03,OK
1761660716.164394,19.868,9.911,196.9,50.39,219.88,0.949,0.944,49.99,OK
1761660716.2657473,19.819,9.917,196.55,50.39,220.22,0.942,0.947,49.98,OK
1761660716.3671324,19.843,9.91,196.65,50.39,220.19,0.954,0.936,50.01,OK
1761660716.4684787,19.819,9.963,197.47,50.39,220.04,0.967,0.928,50.04,OK
1761660716.569855,19.793,9.933,196.59,50.39,220.15,0.954,0.936,49.95,OK
1761660716.6720684,19.8,9.985,197.7,50.39,220.0,0.919,0.978,50.03,OK
1761660716.773538,19.835,9.889,196.16,50.39,219.61,0.928,0.962,50.02,OK
1761660716.8748524,19.803,9.922,196.49,50.39,219.97,0.912,0.98,50.03,OK
1761660716.9789312,19.885,9.833,195.53,50.39,219.79,0.954,0.932,50.01,OK
1761660717.083648,19.855,9.845,195.47,50.39,219.68,0.927,0.96,50.04,OK
1761660717.1852906,19.869,9.884,196.38,50.39,220.27,0.947,0.942,49.97,OK
1761660717.2866483,19.803,9.914,196.32,50.39,220.26,0.947,0.941,50.02,OK
1761660717.3885849,19.866,9.812,194.92,50.39,219.67,0.947,0.937,49.96,OK
1761660717.4897118,19.84,9.939,197.19,50.39,220.07,0.93,0.964,50.0,OK
1761660717.5922034,19.821,9.887,195.97,50.39,220.1,0.95,0.937,49.95,OK
1761660717.6948442,19.801,9.974,197.49,50.39,219.71,0.97,0.926,50.03,OK
1761660717.7963378,19.821,9.854,195.31,50.39,219.93,0.929,0.956,49.99,OK
1761660717.8977792,19.82,9.83,194.84,50.39,220.23,0.905,0.978,49.97,OK
1761660717.9990237,19.849,9.949,197.48,50.39,220.28,0.937,0.957,49.97,OK
1761660718.1003652,19.862,9.969,198.0,50.39,220.35,0.961,0.935,50.03,OK
1761660718.2018287,19.867,9.859,195.88,50.39,220.06,0.924,0.964,50.0,OK
1761660718.3026633,19.837,9.842,195.25,50.39,220.11,0.929,0.954,50.01,OK
1761660718.404029,19.842,9.847,195.38,50.39,219.99,0.962,0.924,50.05,OK
1761660718.5053437,19.792,9.893,195.8,50.39,219.83,0.921,0.968,49.98,OK
1761660718.60682,19.831,9.831,194.97,50.39,219.81,0.949,0.934,50.02,OK
1761660718.7082298,19.836,9.827,194.92,50.39,219.88,0.952,0.932,49.96,OK
1761660718.809486,19.876,9.801,194.79,50.39,220.35,0.924,0.957,50.02,OK
1761660718.911226,19.821,9.847,195.17,50.39,219.73,0.912,0.974,49.99,OK
1761660719.0124571,19.815,9.992,198.0,50.39,220.38,0.967,0.929,49.97,OK
1761660719.1140022,19.851,9.92,196.92,50.39,220.0,0.962,0.93,49.96,OK
1761660719.2151382,19.867,9.885,196.39,50.39,220.21,0.937,0.952,49.95,OK
1761660719.3166914,19.856,9.983,198.22,50.39,219.9,0.963,0.936,50.01,OK
1761660719.417887,19.839,9.829,195.0,50.39,220.14,0.922,0.961,50.01,OK
1761660719.519386,19.826,9.88,195.87,50.39,220.21,0.932,0.954,49.98,OK
1761660719.6208627,19.797,9.87,195.39,50.39,219.88,0.931,0.954,49.99,OK
1761660719.7226388,19.872,9.889,196.51,50.39,219.93,0.947,0.944,49.96,OK
1761660719.827706,19.832,10.018,198.68,50.39,220.15,0.926,0.975,49.95,OK
1761660719.9305954,19.847,10.023,198.93,50.39,219.87,0.936,0.966,49.97,OK
1761660720.0529318,19.86,9.846,195.54,50.39,219.93,0.925,0.961,50.0,OK
1761660720.1561346,19.793,10.047,198.87,50.39,220.22,0.941,0.959,49.98,OK
1761660720.2586517,19.846,9.987,198.2,50.39,219.8,0.959,0.941,49.97,OK
1761660720.3601432,19.833,9.936,197.06,50.39,220.38,0.962,0.93,49.97,OK
1761660720.4617407,19.827,10.018,198.62,50.39,220.26,0.922,0.978,50.02,OK
1761660720.5635254,19.853,10.025,199.03,50.39,219.87,0.964,0.939,50.0,OK
1761660720.6646261,19.842,9.925,196.93,50.39,219.74,0.915,0.979,50.03,OK
1761660720.7655103,19.855,9.921,196.99,50.39,220.22,0.931,0.96,49.99,OK
1761660720.8669486,19.799,10.018,198.34,50.39,219.82,0.948,0.952,50.03,OK
1761660720.968023,19.856,10.068,199.92,50.39,220.28,0.948,0.957,49.97,OK
1761660721.0694456,19.887,9.902,196.92,50.39,220.15,0.939,0.953,50.02,OK
1761660721.1715715,19.868,9.932,197.34,50.39,219.68,0.958,0.938,50.03,OK
1761660721.2728496,19.799,10.064,199.26,50.39,219.95,0.983,0.922,50.04,OK
1761660721.3744867,19.868,10.088,200.44,50.39,219.89,0.989,0.922,50.04,OK
1761660721.4756136,19.821,10.058,199.36,50.39,220.23,0.957,0.946,50.03,OK
1761660721.576626,19.793,10.08,199.51,50.39,220.17,0.938,0.966,50.04,OK
1761660721.6783981,19.795,10.111,200.15,50.39,219.9,0.931,0.978,49.96,OK
1761660721.7800314,19.847,10.071,199.87,50.39,220.2,0.951,0.955,49.97,OK
1761660721.881754,19.832,10.031,198.94,50.39,219.8,0.927,0.976,49.96,OK
1761660721.9831097,19.888,10.129,201.43,50.39,220.15,0.981,0.932,49.96,OK
1761660722.0846145,19.802,10.184,201.66,50.39,219.87,0.946,0.969,49.98,OK
1761660722.1867745,19.878,9.991,198.6,50.39,219.7,0.97,0.932,49.99,OK
1761660722.2882655,19.861,10.0,198.62,50.39,219.83,0.945,0.956,50.0,OK
1761660722.3894844,19.876,10.008,198.91,50.39,219.74,0.937,0.966,50.05,OK
1761660722.4907918,19.82,10.043,199.05,50.39,220.34,0.979,0.923,50.04,OK
1761660722.5924022,19.798,10.185,201.65,50.39,220.23,0.97,0.944,49.98,OK
1761660722.6943567,19.805,10.069,199.41,50.39,219.78,0.935,0.971,49.98,OK
1761660722.796059,19.867,10.104,200.73,50.39,219.65,0.946,0.966,50.04,OK
1761660722.8970463,19.844,10.22,202.8,50.39,220.29,0.985,0.935,50.02,OK
1761660722.998555,19.83,10.088,200.04,50.39,220.1,0.987,0.921,49.97,OK
1761660723.0999162,19.839,10.157,201.5,50.39,219.68,0.97,0.946,49.98,OK
1761660723.2009213,19.848,10.049,199.45,50.39,220.39,0.968,0.935,50.04,OK
1761660723.3020904,19.852,10.221,202.91,50.39,220.02,0.971,0.949,50.03,OK
1761660723.4033654,19.834,10.248,203.26,50.39,220.25,0.954,0.967,50.0,OK
1761660723.5046406,19.85,10.114,200.75,50.39,220.07,0.949,0.962,50.0,OK
1761660723.606355,19.845,10.077,199.99,50.39,220.15,0.975,0.932,49.99,OK
1761660723.7080746,19.82,10.168,201.53,50.39,220.08,0.943,0.971,50.01,OK
1761660723.809311,19.872,10.206,202.8,50.39,219.74,0.958,0.963,50.01,OK
1761660723.9110935,19.837,10.26,203.52,50.39,220.35,0.973,0.949,49.99,OK
1761660724.0126588,19.794,10.217,202.22,50.39,219.7,0.975,0.944,50.03,OK
1761660724.114223,19.849,10.225,202.95,50.39,220.31,0.977,0.943,49.99,OK
1761660724.2156408,19.859,10.284,204.23,50.39,219.78,1.001,0.928,50.03,OK
1761660724.3168051,19.856,10.173,202.0,50.39,219.83,0.977,0.941,50.01,OK
1761660724.4178975,19.849,10.278,204.0,50.39,220.14,0.96,0.965,50.0,OK
1761660724.5196464,19.856,10.303,204.57,50.39,220.35,0.952,0.975,50.04,OK
1761660724.6212795,19.874,10.2,202.71,50.39,219.65,0.982,0.94,49.99,OK
1761660724.7227764,19.816,10.192,201.97,50.39,220.37,0.965,0.949,50.02,OK
1761660724.824821,19.873,10.211,202.93,50.39,219.91,0.984,0.938,49.96,OK
1761660724.9264648,19.791,10.337,204.59,50.39,220.35,0.983,0.945,49.98,OK
1761660725.0280182,19.841,10.298,204.32,50.39,220.17,0.982,0.945,50.04,OK
1761660725.1295323,19.886,10.235,203.54,50.39,219.66,0.953,0.973,50.03,OK
1761660725.2310221,19.863,10.331,205.2,50.39,220.0,0.971,0.961,50.0,OK
1761660725.332583,19.877,10.314,205.01,50.39,220.3,1.008,0.923,49.99,OK
1761660725.434051,19.795,10.339,204.66,50.39,220.21,0.95,0.978,49.97,OK
1761660725.5354633,19.828,10.289,204.01,50.39,220.34,1.002,0.924,50.05,OK
1761660725.6374662,19.821,10.302,204.19,50.39,220.03,0.951,0.976,49.97,OK
1761660725.739656,19.814,10.226,202.61,50.39,220.05,0.959,0.961,50.02,OK
1761660725.8405848,19.88,10.28,204.36,50.39,219.71,0.977,0.952,49.96,OK
1761660725.942534,19.816,10.271,203.54,50.39,220.36,0.97,0.952,49.98,OK
1761660726.0437746,19.887,10.323,205.29,50.39,220.36,0.981,0.95,50.0,OK
1761660726.145173,19.854,10.295,204.4,50.39,219.77,0.995,0.935,50.05,OK
1761660726.246096,19.845,10.328,204.95,50.39,220.05,0.99,0.94,49.98,OK
1761660726.3478155,19.825,10.332,204.82,50.39,219.78,1.0,0.932,50.02,OK
1761660726.4493434,19.844,10.294,204.28,50.39,219.66,0.98,0.949,50.0,OK
1761660726.5506744,19.8,10.281,203.57,50.39,220.3,0.988,0.935,50.03,OK
1761660726.6529107,19.848,10.312,204.67,50.39,219.68,0.986,0.945,49.98,OK
1761660726.7543757,19.848,10.208,202.6,50.39,220.3,0.972,0.946,50.0,OK
1761660726.8557775,19.798,10.402,205.93,50.39,220.31,0.999,0.936,50.04,OK
1761660726.957375,19.826,10.233,202.87,50.39,220.29,0.957,0.962,49.99,OK
1761660727.0591745,19.8,10.244,202.84,50.39,220.02,0.99,0.931,50.0,OK
1761660727.1605632,19.844,10.302,204.43,50.39,220.04,0.997,0.932,49.98,OK
1761660727.262037,19.837,10.321,204.73,50.39,219.82,0.995,0.936,50.02,OK
1761660727.3633366,19.832,10.197,202.21,50.39,220.05,0.982,0.936,49.96,OK
1761660727.464692,19.887,10.169,202.22,50.39,219.63,0.984,0.936,50.04,OK
1761660727.5660353,19.81,10.344,204.91,50.39,219.95,1.005,0.927,50.04,OK
1761660727.6674302,19.807,10.327,204.56,50.39,219.81,0.987,0.943,50.0,OK
1761660727.7689736,19.852,10.171,201.92,50.39,220.03,0.994,0.923,50.02,OK
1761660727.8702245,19.8,10.33,204.54,50.39,219.8,1.001,0.93,50.01,OK
1761660727.9717386,19.873,10.302,204.73,50.39,220.22,0.968,0.961,50.03,OK
1761660728.073751,19.829,10.177,201.8,50.39,219.99,0.982,0.934,49.97,OK
1761660728.175098,19.827,10.343,205.08,50.39,219.72,0.988,0.945,50.0,OK
1761660728.2804694,19.824,10.302,204.23,50.39,220.19,0.993,0.935,50.01,OK
1761660728.3901238,19.815,10.292,203.94,50.39,219.92,0.969,0.957,50.0,OK
1761660728.555006,19.8,10.214,202.25,50.39,219.83,0.973,0.945,49.95,OK
1761660728.6868067,19.856,10.321,204.93,50.39,220.24,0.995,0.935,49.99,OK
1761660728.789696,19.882,10.278,204.36,50.39,219.91,0.992,0.936,50.03,OK
1761660728.8911045,19.876,10.154,201.83,50.39,219.71,0.964,0.953,49.97,OK
1761660728.9934206,19.849,10.196,202.37,50.39,220.13,0.943,0.974,49.96,OK
1761660729.0950284,19.875,10.309,204.89,50.39,220.36,1.004,0.926,49.96,OK
1761660729.1986098,19.812,10.244,202.94,50.39,220.4,0.995,0.925,49.97,OK
1761660729.29986,19.85,10.282,204.1,50.39,220.32,1.002,0.924,50.0,OK
1761660729.4015772,19.846,10.177,201.97,50.39,219.75,0.974,0.944,49.96,OK
1761660729.5026803,19.856,10.196,202.45,50.39,219.97,0.995,0.925,50.05,OK
1761660729.6044147,19.832,10.212,202.52,50.39,219.67,0.967,0.954,50.02,OK
1761660729.705388,19.842,10.244,203.27,50.39,219.79,0.993,0.932,50.0,OK
1761660729.806368,19.853,10.178,202.06,50.39,219.65,0.959,0.959,49.97,OK
1761660729.9078808,19.87,10.078,200.26,50.39,219.81,0.974,0.936,49.96,OK
1761660730.0089288,19.833,10.265,203.58,50.39,219.72,0.946,0.98,49.99,OK
1761660730.1101782,19.869,10.179,202.24,50.39,220.21,0.969,0.948,49.97,OK
1761660730.2118323,19.858,10.173,202.02,50.39,219.96,0.944,0.973,50.01,OK
1761660730.313105,19.857,10.133,201.2,50.39,219.7,0.95,0.964,50.0,OK
1761660730.414505,19.794,10.222,202.34,50.39,220.2,0.985,0.933,50.01,OK
1761660730.515648,19.844,10.142,201.26,50.39,220.21,0.951,0.961,50.02,OK
1761660730.6168628,19.817,10.26,203.33,50.39,219.75,0.984,0.941,49.95,OK
1761660730.7180388,19.827,10.125,200.75,50.39,220.25,0.95,0.96,50.03,OK
1761660730.8198476,19.859,10.097,200.52,50.39,219.64,0.981,0.931,50.01,OK
1761660730.9212778,19.831,10.041,199.12,50.39,220.37,0.955,0.946,49.95,OK
1761660731.0230281,19.889,10.169,202.25,50.39,220.25,0.943,0.973,50.04,OK
1761660731.1243937,19.793,10.241,202.7,50.39,219.6,0.976,0.946,50.05,OK
1761660731.2254546,19.886,10.156,201.97,50.39,219.67,0.983,0.935,49.96,OK
1761660731.3270397,19.824,10.074,199.72,50.39,219.87,0.97,0.937,50.0,OK
1761660731.4283116,19.873,10.084,200.41,50.39,219.73,0.99,0.921,50.01,OK
1761660731.5298476,19.871,10.109,200.88,50.39,220.16,0.963,0.948,49.97,OK
1761660731.631384,19.85,10.123,200.94,50.39,219.91,0.944,0.968,49.95,OK
1761660731.7331946,19.829,10.033,198.94,50.39,220.3,0.962,0.939,49.97,OK
1761660731.8341732,19.849,10.061,199.71,50.39,219.92,0.975,0.931,49.96,OK
1761660731.93579,19.833,9.967,197.69,50.39,220.0,0.95,0.946,49.97,OK
1761660732.03681,19.839,10.072,199.82,50.39,220.11,0.946,0.959,49.96,OK
1761660732.1383436,19.849,10.032,199.12,50.39,220.15,0.933,0.969,50.02,OK
1761660732.2394435,19.827,9.981,197.89,50.39,220.19,0.937,0.959,50.01,OK
1761660732.340526,19.794,10.028,198.49,50.39,220.3,0.929,0.97,50.03,OK
1761660732.4415524,19.868,10.039,199.46,50.39,219.93,0.971,0.934,49.98,OK
1761660732.5432403,19.858,10.064,199.84,50.39,220.19,0.944,0.961,49.96,OK
1761660732.6449997,19.825,10.007,198.4,50.39,219.9,0.94,0.96,50.0,OK
1761660732.7467513,19.805,10.042,198.88,50.39,219.6,0.969,0.934,50.05,OK
1761660732.8480988,19.827,9.963,197.54,50.39,220.03,0.961,0.935,50.02,OK
1761660732.949501,19.853,10.005,198.62,50.39,220.19,0.94,0.96,49.96,OK
1761660733.0509589,19.814,10.018,198.5,50.39,219.62,0.953,0.949,49.98,OK
1761660733.1520512,19.884,9.915,197.16,50.39,219.72,0.933,0.962,50.04,OK
1761660733.253016,19.889,10.016,199.21,50.39,220.05,0.936,0.967,49.96,OK
1761660733.3547332,19.876,9.979,198.34,50.39,219.78,0.964,0.936,49.95,OK
1761660733.4560525,19.872,9.935,197.44,50.39,219.76,0.929,0.967,50.02,OK
1761660733.557557,19.871,9.88,196.33,50.39,220.27,0.934,0.954,50.04,OK
1761660733.6588974,19.842,9.934,197.1,50.39,219.69,0.924,0.971,49.99,OK
1761660733.7602665,19.838,9.979,197.96,50.39,219.66,0.92,0.98,49.97,OK
1761660733.8790255,19.831,9.926,196.84,50.39,219.93,0.939,0.954,50.01,OK
1761660734.0137885,19.858,9.869,195.97,50.39,220.29,0.93,0.956,49.99,OK
1761660734.1289225,19.847,9.89,196.29,50.39,219.77,0.919,0.971,50.01,OK
1761660734.3097079,19.822,10.006,198.34,50.39,220.13,0.931,0.968,50.04,OK
1761660734.4161677,19.872,9.809,194.92,50.39,220.27,0.936,0.945,50.02,OK
1761660734.5172434,19.86,9.938,197.37,50.39,219.89,0.961,0.934,50.02,OK
1761660734.6184914,19.823,9.865,195.56,50.39,220.04,0.954,0.931,50.03,OK
1761660734.720102,19.886,9.827,195.42,50.39,219.62,0.921,0.966,50.04,OK
1761660734.8223312,19.814,9.928,196.71,50.39,219.83,0.932,0.96,49.96,OK
1761660734.923605,19.872,9.892,196.57,50.39,220.0,0.94,0.951,49.97,OK
1761660735.0252132,19.801,9.85,195.03,50.39,220.06,0.918,0.965,49.97,OK
1761660735.1267416,19.855,9.813,194.84,50.39,219.77,0.935,0.949,49.98,OK
1761660735.2281625,19.819,9.861,195.44,50.39,220.38,0.906,0.978,49.99,OK
1761660735.3325198,19.862,9.828,195.2,50.39,219.81,0.921,0.964,49.99,OK
1761660735.4341006,19.793,9.951,196.96,50.39,220.38,0.956,0.935,49.97,OK
1761660735.5357182,19.855,9.788,194.33,50.39,220.3,0.92,0.958,49.99,OK
1761660735.6374953,19.838,9.918,196.76,50.39,220.09,0.926,0.965,49.99,OK
1761660735.739099,19.823,9.812,194.51,50.39,220.4,0.903,0.977,50.04,OK
1761660735.841084,19.829,9.944,197.19,50.39,220.22,0.948,0.945,50.01,OK
1761660735.942389,19.84,9.869,195.8,50.39,219.78,0.944,0.944,50.01,OK
1761660736.0438402,19.869,9.962,197.94,50.39,219.64,0.966,0.933,50.03,OK
1761660736.2536116,19.807,9.92,196.5,50.39,219.71,0.949,0.943,49.96,OK
1761660736.35982,19.81,9.825,194.64,50.39,220.25,0.942,0.938,50.01,OK
1761660736.4610806,19.867,9.907,196.82,50.39,219.77,0.93,0.963,50.05,OK
1761660736.5628154,19.856,9.863,195.84,50.39,220.38,0.946,0.94,50.04,OK
1761660736.6646917,19.834,9.885,196.06,50.39,220.36,0.926,0.961,50.03,OK
1761660736.7664487,19.82,9.968,197.55,50.39,219.79,0.924,0.973,50.01,OK
1761660736.8682082,19.851,9.822,194.96,50.39,220.28,0.922,0.959,49.99,OK
1761660736.9694319,19.888,9.921,197.31,50.39,219.74,0.964,0.931,50.04,OK
1761660737.0705144,19.845,9.822,194.93,50.39,220.05,0.919,0.964,50.0,OK
1761660737.1716716,19.882,9.875,196.34,50.39,220.15,0.958,0.931,49.97,OK
1761660737.2728052,19.871,9.965,198.01,50.39,219.62,0.955,0.944,50.05,OK
1761660737.373926,19.831,9.929,196.89,50.39,219.78,0.966,0.927,50.02,OK
1761660737.475807,19.802,9.922,196.48,50.39,219.78,0.971,0.921,50.04,OK
1761660737.5769436,19.853,9.945,197.44,50.39,219.7,0.941,0.955,50.02,OK
1761660737.6792822,19.86,9.935,197.31,50.39,219.79,0.961,0.934,50.01,OK
1761660737.780443,19.838,9.9,196.39,50.39,219.97,0.93,0.96,50.02,OK
1761660737.881984,19.829,9.904,196.4,50.39,220.25,0.943,0.946,49.96,OK
1761660737.9835644,19.822,9.821,194.68,50.39,220.2,0.936,0.945,49.98,OK
1761660738.0848587,19.877,9.793,194.65,50.39,220.25,0.94,0.94,50.02,OK
1761660738.186285,19.835,9.983,198.0,50.39,220.31,0.938,0.958,49.98,OK
1761660738.287595,19.824,10.013,198.49,50.39,219.84,0.968,0.933,50.02,OK
1761660738.3899677,19.814,9.917,196.49,50.39,220.16,0.96,0.93,49.95,OK
1761660738.491062,19.881,9.815,195.14,50.39,219.95,0.91,0.975,49.99,OK
1761660738.593097,19.878,9.833,195.45,50.39,219.67,0.916,0.972,49.96,OK
1761660738.6952593,19.841,10.01,198.62,50.39,220.16,0.968,0.932,50.04,OK
1761660738.7972233,19.797,9.915,196.29,50.39,219.95,0.931,0.959,49.98,OK
1761660738.8986948,19.885,9.9,196.87,50.39,220.31,0.961,0.929,50.02,OK
1761660738.9995215,19.858,10.038,199.34,50.39,219.8,0.983,0.923,49.96,OK
1761660739.101012,19.839,10.035,199.07,50.39,220.36,0.978,0.923,50.04,OK
1761660739.2026136,19.828,9.923,196.76,50.39,219.73,0.937,0.955,49.99,OK
1761660739.304027,19.877,9.998,198.74,50.39,220.3,0.949,0.951,49.99,OK
1761660739.4054234,19.816,10.064,199.42,50.39,220.09,0.933,0.971,50.01,OK
1761660739.506344,19.853,9.935,197.24,50.39,220.04,0.922,0.972,50.02,OK
1761660739.6074762,19.88,9.966,198.13,50.39,219.63,0.956,0.943,50.0,OK
1761660739.7171352,19.799,10.035,198.68,50.39,220.01,0.944,0.957,50.0,OK
1761660739.8192105,19.873,9.909,196.92,50.39,220.4,0.971,0.92,50.0,OK
1761660739.9203575,19.885,10.05,199.85,50.39,220.28,0.949,0.956,49.98,OK
1761660740.022827,19.885,9.995,198.75,50.39,219.65,0.945,0.958,49.99,OK
1761660740.1239316,19.884,9.941,197.67,50.39,219.67,0.966,0.931,49.99,OK
1761660740.2251744,19.837,9.993,198.24,50.39,220.24,0.958,0.939,50.03,OK
1761660740.326799,19.858,10.115,200.85,50.39,219.63,0.988,0.926,50.05,OK
1761660740.4282887,19.824,10.128,200.76,50.39,219.9,0.954,0.957,50.05,OK
1761660740.530551,19.825,10.112,200.47,50.39,219.64,0.967,0.944,50.0,OK
1761660740.6318955,19.861,9.966,197.94,50.39,220.24,0.921,0.976,49.97,OK
1761660740.733264,19.867,10.013,198.93,50.39,220.26,0.981,0.92,49.98,OK
1761660740.8342922,19.867,10.056,199.79,50.39,220.26,0.955,0.95,50.0,OK
1761660740.9355848,19.803,10.093,199.87,50.39,219.7,0.938,0.97,49.99,OK
1761660741.0368888,19.882,10.124,201.29,50.39,219.82,0.967,0.947,49.98,OK
1761660741.1380677,19.873,9.977,198.28,50.39,220.2,0.939,0.959,50.03,OK
1761660741.239243,19.853,10.004,198.61,50.39,220.36,0.934,0.965,49.99,OK
1761660741.340484,19.794,10.139,200.69,50.39,219.98,0.965,0.945,49.99,OK
1761660741.4416196,19.848,10.084,200.15,50.39,219.88,0.948,0.961,49.95,OK
1761660741.543016,19.791,10.16,201.07,50.39,219.97,0.952,0.96,50.0,OK
1761660741.7514553,19.839,10.049,199.35,50.39,220.4,0.978,0.925,49.97,OK
1761660741.9791396,19.825,10.214,202.49,50.39,220.26,0.988,0.93,50.02,OK
1761660742.3767903,19.797,10.194,201.81,50.39,219.87,0.978,0.938,50.0,OK
1761660742.479615,19.888,10.192,202.69,50.39,220.21,0.978,0.942,49.97,OK
1761660742.581289,19.809,10.124,200.54,50.39,220.14,0.966,0.943,50.01,OK
1761660742.682602,19.799,10.134,200.65,50.39,219.66,0.992,0.921,49.96,OK
1761660742.784322,19.809,10.283,203.69,50.39,220.07,0.979,0.946,49.96,OK
1761660742.8853772,19.872,10.245,203.59,50.39,219.86,0.973,0.951,49.97,OK
1761660742.986778,19.882,10.258,203.95,50.39,220.0,0.968,0.958,49.99,OK
1761660743.088358,19.831,10.181,201.91,50.39,220.32,0.978,0.937,50.02,OK
1761660743.1897278,19.815,10.249,203.09,50.39,219.66,1.0,0.925,49.98,OK
1761660743.2908747,19.801,10.327,204.49,50.39,219.81,0.97,0.959,49.98,OK
1761660743.3924243,19.801,10.266,203.28,50.39,220.05,0.964,0.959,50.0,OK
1761660743.4935606,19.791,10.148,200.85,50.39,219.76,0.993,0.92,49.96,OK
1761660743.5956283,19.818,10.183,201.8,50.39,219.78,0.946,0.97,50.02,OK
1761660743.6970048,19.889,10.264,204.13,50.39,219.66,0.956,0.972,49.99,OK
1761660743.798383,19.806,10.344,204.87,50.39,219.82,0.993,0.938,50.02,OK
1761660743.8992724,19.885,10.239,203.61,50.39,219.81,0.991,0.934,49.96,OK
1761660744.0005229,19.806,10.321,204.43,50.39,219.77,0.966,0.963,50.04,OK
1761660744.1018026,19.872,10.141,201.51,50.39,220.37,0.968,0.945,50.03,OK
1761660744.2027857,19.86,10.265,203.87,50.39,220.13,0.999,0.928,49.96,OK
1761660744.3039544,19.855,10.164,201.79,50.39,220.28,0.961,0.953,49.99,OK
1761660744.4052877,19.803,10.324,204.44,50.39,220.14,0.969,0.958,49.96,OK
1761660744.5065632,19.838,10.332,204.97,50.39,219.61,1.014,0.92,49.95,OK
1761660744.6082478,19.803,10.327,204.5,50.39,220.34,1.0,0.928,50.03,OK
1761660744.7095034,19.826,10.326,204.72,50.39,219.66,1.009,0.924,49.98,OK
1761660744.8104699,19.839,10.26,203.56,50.39,220.23,0.959,0.964,49.98,OK
1761660744.9115381,19.843,10.241,203.22,50.39,220.12,0.953,0.969,50.01,OK
1761660745.012875,19.8,10.206,202.08,50.39,219.65,0.954,0.965,49.95,OK
1761660745.1141803,19.852,10.347,205.42,50.39,220.4,1.008,0.924,49.98,OK
1761660745.215457,19.866,10.178,202.19,50.39,220.03,0.977,0.941,50.03,OK
1761660745.3168893,19.818,10.312,204.36,50.39,220.36,0.949,0.977,50.01,OK
1761660745.4181633,19.806,10.226,202.53,50.39,220.08,0.952,0.967,50.0,OK
1761660745.5195003,19.844,10.22,202.81,50.39,219.89,0.964,0.957,49.99,OK
1761660745.620831,19.819,10.213,202.42,50.39,220.08,0.955,0.963,50.03,OK
1761660745.7222605,19.881,10.169,202.17,50.39,219.7,0.954,0.964,49.98,OK
1761660745.8236144,19.839,10.309,204.52,50.39,220.34,0.952,0.975,50.03,OK
1761660745.9249053,19.853,10.343,205.33,50.39,220.34,0.971,0.96,50.05,OK
1761660746.0260825,19.812,10.274,203.54,50.39,219.8,0.976,0.949,49.97,OK
1761660746.1272628,19.826,10.342,205.04,50.39,219.78,0.991,0.942,50.0,OK
1761660746.228307,19.871,10.267,204.01,50.39,219.83,0.976,0.951,50.04,OK
1761660746.3295877,19.883,10.268,204.17,50.39,220.02,0.996,0.932,50.02,OK
1761660746.4307828,19.868,10.338,205.4,50.39,219.98,0.971,0.962,49.96,OK
1761660746.5321224,19.845,10.302,204.43,50.39,220.37,0.986,0.94,50.02,OK
1761660746.63333,19.856,10.312,204.75,50.39,220.24,0.966,0.962,50.03,OK
1761660746.734832,19.798,10.23,202.54,50.39,219.87,0.963,0.956,50.0,OK
1761660746.836285,19.846,10.194,202.31,50.39,220.05,0.996,0.923,49.95,OK
1761660746.937488,19.812,10.384,205.73,50.39,219.63,0.982,0.953,50.02,OK
1761660747.0389094,19.851,10.206,202.59,50.39,219.69,1.002,0.92,50.03,OK
1761660747.140217,19.804,10.364,205.26,50.39,220.18,0.977,0.954,49.96,OK
1761660747.241541,19.838,10.212,202.59,50.39,219.7,0.954,0.967,50.02,OK
1761660747.3429766,19.889,10.228,203.42,50.39,220.03,0.973,0.95,50.02,OK
1761660747.444439,19.886,10.226,203.35,50.39,219.73,0.968,0.956,50.01,OK
1761660747.5459042,19.858,10.335,205.22,50.39,219.78,0.974,0.959,49.96,OK
1761660747.6469975,19.835,10.325,204.79,50.39,219.67,1.005,0.928,50.04,OK
1761660748.0325992,19.796,10.293,203.76,50.39,219.96,0.989,0.937,50.03,OK
1761660748.203806,19.822,10.27,203.57,50.39,220.21,0.963,0.96,50.01,OK
1761660748.418015,19.848,10.171,201.87,50.39,219.67,0.993,0.926,50.03,OK
1761660748.5314226,19.865,10.166,201.96,50.39,220.35,0.94,0.975,50.03,OK
1761660748.6444135,19.853,10.208,202.67,50.39,219.86,0.953,0.968,49.96,OK
1761660748.7454748,19.865,10.276,204.14,50.39,220.12,0.975,0.951,49.97,OK
1761660748.8471014,19.866,10.276,204.14,50.39,219.6,0.999,0.93,50.05,OK
1761660748.9481196,19.885,10.209,203.0,50.39,220.38,0.943,0.976,49.99,OK
1761660749.049189,19.79,10.179,201.44,50.39,219.9,0.946,0.969,50.0,OK
1761660749.150812,19.876,10.19,202.53,50.39,220.03,0.953,0.966,50.03,OK
1761660749.2522416,19.813,10.087,199.85,50.39,220.37,0.934,0.971,50.0,OK
1761660749.353496,19.852,10.138,201.26,50.39,219.87,0.994,0.921,50.01,OK
1761660749.4546554,19.89,10.218,203.23,50.39,220.07,0.987,0.935,49.99,OK
1761660749.5561543,19.812,10.151,201.11,50.39,219.82,0.953,0.96,50.01,OK
1761660749.6576748,19.879,10.038,199.54,50.39,220.27,0.962,0.941,50.03,OK
1761660749.7591252,19.83,10.203,202.32,50.39,219.69,0.95,0.969,49.95,OK
1761660749.8604324,19.814,10.059,199.31,50.39,220.34,0.924,0.978,49.99,OK
1761660749.9618306,19.835,10.089,200.12,50.39,219.72,0.957,0.952,50.03,OK
1761660750.063225,19.863,10.072,200.05,50.39,219.78,0.981,0.928,49.99,OK
1761660750.1644826,19.817,10.09,199.95,50.39,220.03,0.93,0.977,50.03,OK
1761660750.2655206,19.834,10.08,199.92,50.39,219.72,0.975,0.933,50.03,OK
1761660750.3706815,19.874,10.078,200.3,50.39,220.29,0.959,0.948,50.03,OK
1761660750.4720612,19.854,9.993,198.4,50.39,219.85,0.98,0.921,50.05,OK
1761660750.5739167,19.824,10.166,201.53,50.39,219.87,0.946,0.969,49.98,OK
1761660750.6758907,19.859,10.102,200.61,50.39,220.07,0.95,0.96,49.98,OK
1761660750.7772303,19.869,10.001,198.71,50.39,220.16,0.977,0.924,49.99,OK
1761660750.878338,19.84,10.139,201.15,50.39,219.9,0.971,0.942,50.0,OK
1761660750.979518,19.826,10.138,200.99,50.39,219.93,0.993,0.921,49.96,OK
1761660751.0805256,19.842,10.012,198.66,50.39,220.08,0.966,0.935,50.05,OK
1761660751.1814158,19.868,9.964,197.97,50.39,220.04,0.971,0.927,49.97,OK
1761660751.2833338,19.834,10.131,200.93,50.39,220.32,0.959,0.951,50.04,OK
1761660751.3847392,19.809,10.09,199.88,50.39,219.67,0.96,0.948,50.04,OK
1761660751.486093,19.809,10.122,200.51,50.39,219.95,0.958,0.951,50.02,OK
1761660751.5871305,19.825,10.038,199.0,50.39,220.03,0.973,0.93,49.99,OK
1761660751.6885898,19.838,9.965,197.69,50.39,220.03,0.966,0.93,50.01,OK
1761660751.7901409,19.882,9.914,197.11,50.39,219.75,0.969,0.926,49.99,OK
1761660751.8919406,19.843,9.918,196.8,50.39,220.28,0.961,0.93,49.96,OK
1761660751.9931483,19.841,10.068,199.75,50.39,219.87,0.952,0.954,50.03,OK
1761660752.0948882,19.841,9.981,198.02,50.39,219.88,0.968,0.93,49.95,OK
1761660752.1962388,19.815,10.057,199.29,50.39,219.72,0.949,0.955,50.0,OK
1761660752.2975826,19.874,9.909,196.93,50.39,219.8,0.915,0.979,50.01,OK
1761660752.3992453,19.814,9.922,196.6,50.39,220.38,0.969,0.921,50.04,OK
1761660752.5008442,19.884,9.988,198.6,50.39,220.04,0.978,0.923,49.96,OK
1761660752.602187,19.854,9.883,196.22,50.39,220.29,0.936,0.952,49.99,OK
1761660752.7039485,19.831,9.901,196.34,50.39,219.83,0.942,0.948,50.03,OK
1761660752.8055954,19.836,10.033,199.02,50.39,219.64,0.937,0.967,49.97,OK
1761660752.9076047,19.805,9.918,196.43,50.39,219.92,0.938,0.952,50.04,OK
1761660753.0091398,19.81,9.904,196.2,50.39,220.03,0.961,0.928,49.96,OK
1761660753.1110237,19.863,9.983,198.29,50.39,219.64,0.968,0.933,49.99,OK
1761660753.2121203,19.798,9.952,197.03,50.39,220.39,0.918,0.974,49.95,OK
1761660753.3132944,19.829,10.005,198.4,50.39,219.74,0.933,0.967,50.04,OK
1761660753.4155004,19.843,9.967,197.78,50.39,219.77,0.967,0.931,49.96,OK
1761660753.516502,19.88,9.901,196.83,50.39,220.37,0.959,0.932,50.05,OK
1761660753.617891,19.837,9.878,195.94,50.39,219.81,0.916,0.973,50.03,OK
1761660753.7196677,19.853,9.84,195.36,50.39,219.73,0.939,0.947,49.98,OK
1761660753.8216224,19.819,9.941,197.03,50.39,220.05,0.97,0.923,49.96,OK
1761660753.9228373,19.814,9.82,194.56,50.39,220.28,0.915,0.965,50.0,OK
1761660754.0242252,19.813,9.929,196.71,50.39,220.02,0.928,0.964,50.05,OK
1761660754.1258092,19.797,9.979,197.56,50.39,220.18,0.933,0.961,50.02,OK
1761660754.2273924,19.796,9.912,196.22,50.39,220.02,0.926,0.963,50.0,OK
1761660754.3292062,19.877,9.77,194.19,50.39,219.92,0.957,0.923,49.98,OK
1761660754.4309323,19.869,9.806,194.84,50.39,219.63,0.905,0.98,50.04,OK
1761660754.5320983,19.814,9.956,197.27,50.39,219.62,0.933,0.963,49.98,OK
1761660754.6331618,19.805,9.911,196.29,50.39,220.06,0.942,0.947,50.05,OK
1761660754.7346218,19.807,9.946,197.0,50.39,220.2,0.963,0.929,50.01,OK
1761660754.8357534,19.879,9.878,196.36,50.39,219.74,0.969,0.922,50.01,OK
1761660754.936806,19.832,9.906,196.45,50.39,220.01,0.937,0.953,49.95,OK
1761660755.0384154,19.877,9.957,197.92,50.39,219.86,0.96,0.937,49.99,OK
1761660755.1400466,19.827,9.82,194.69,50.39,219.9,0.942,0.94,50.03,OK
1761660755.2419055,19.819,9.838,194.98,50.39,220.1,0.95,0.933,49.96,OK
1761660755.3433485,19.847,9.921,196.9,50.39,220.12,0.961,0.931,50.02,OK
1761660755.4451056,19.791,9.922,196.37,50.39,219.83,0.962,0.929,50.03,OK
1761660755.547198,19.809,9.913,196.37,50.39,220.29,0.912,0.977,49.97,OK
1761660755.64868,19.842,9.948,197.39,50.39,219.86,0.92,0.976,50.02,OK
1761660755.7506137,19.839,9.98,197.99,50.39,219.6,0.966,0.933,50.04,OK
1761660755.852038,19.862,9.816,194.98,50.39,219.77,0.913,0.972,50.04,OK
1761660755.9534042,19.8,9.854,195.12,50.39,220.01,0.935,0.949,50.0,OK
1761660756.054329,19.843,9.871,195.86,50.39,220.3,0.932,0.954,50.01,OK
1761660756.155711,19.839,9.893,196.27,50.39,219.85,0.962,0.928,50.03,OK
1761660756.2568293,19.864,9.831,195.28,50.39,219.71,0.959,0.927,50.01,OK
1761660756.3586657,19.806,9.986,197.78,50.39,219.86,0.919,0.978,50.04,OK
1761660756.4602928,19.848,9.817,194.85,50.39,220.06,0.949,0.933,50.04,OK
1761660756.5621583,19.831,9.993,198.17,50.39,219.83,0.944,0.955,50.03,OK
1761660756.6640165,19.876,9.948,197.73,50.39,220.04,0.934,0.962,49.95,OK
1761660756.7657185,19.846,9.924,196.95,50.39,220.22,0.917,0.975,49.95,OK
1761660756.8674257,19.833,9.865,195.66,50.39,219.62,0.948,0.939,49.99,OK
1761660756.9686265,19.846,10.008,198.61,50.39,219.79,0.933,0.969,49.99,OK
1761660757.0703528,19.84,9.866,195.73,50.39,220.03,0.958,0.929,50.01,OK
1761660757.1714327,19.822,9.963,197.48,50.39,219.64,0.942,0.955,49.98,OK
1761660757.2726412,19.824,9.967,197.58,50.39,219.85,0.945,0.951,50.05,OK
1761660757.3742466,19.887,9.905,196.97,50.39,219.78,0.938,0.955,49.98,OK
1761660757.4789312,19.852,10.001,198.54,50.39,220.23,0.924,0.976,49.98,OK
1761660757.5807338,19.872,9.99,198.53,50.39,219.85,0.923,0.978,50.01,OK
1761660757.681751,19.814,10.041,198.96,50.39,220.16,0.963,0.938,50.04,OK
1761660757.7835808,19.836,9.859,195.57,50.39,219.63,0.962,0.926,50.02,OK
1761660757.8848326,19.825,9.989,198.03,50.39,220.08,0.93,0.967,50.0,OK
1761660757.9866195,19.798,9.999,197.97,50.39,220.36,0.933,0.963,50.02,OK
1761660758.0881095,19.796,10.024,198.44,50.39,220.06,0.972,0.928,49.97,OK
1761660758.1897168,19.842,10.051,199.44,50.39,219.71,0.965,0.94,49.96,OK
1761660758.2913797,19.857,9.881,196.21,50.39,220.38,0.963,0.925,49.96,OK
1761660758.3929226,19.868,9.89,196.51,50.39,219.97,0.941,0.949,50.03,OK
1761660758.494342,19.887,10.043,199.73,50.39,220.14,0.933,0.972,49.99,OK
1761660758.5957632,19.82,10.092,200.03,50.39,219.81,0.975,0.933,49.99,OK
1761660758.697147,19.865,9.986,198.36,50.39,219.63,0.93,0.971,49.95,OK
1761660758.798083,19.833,10.003,198.38,50.39,220.33,0.972,0.927,50.04,OK
1761660758.900068,19.867,9.931,197.3,50.39,220.01,0.966,0.928,50.02,OK
1761660759.0015652,19.829,10.123,200.73,50.39,220.36,0.959,0.95,50.0,OK
1761660759.1029906,19.871,9.966,198.03,50.39,220.22,0.973,0.925,50.03,OK
1761660759.2048078,19.864,9.967,197.99,50.39,219.72,0.938,0.96,50.01,OK
1761660759.3066893,19.853,10.075,200.02,50.39,219.77,0.955,0.953,50.03,OK
1761660759.4075723,19.877,9.956,197.89,50.39,219.71,0.971,0.927,49.97,OK
1761660759.508947,19.807,10.029,198.64,50.39,219.98,0.958,0.943,49.99,OK
1761660759.6184628,19.812,10.071,199.52,50.39,219.82,0.934,0.971,49.99,OK
1761660759.7277572,19.851,10.049,199.49,50.39,220.12,0.929,0.976,50.01,OK
1761660759.8288615,19.803,10.107,200.15,50.39,219.7,0.931,0.979,50.02,OK
1761660759.9359064,19.862,10.051,199.63,50.39,220.28,0.974,0.93,50.02,OK
1761660760.0374632,19.849,10.093,200.33,50.39,220.08,0.972,0.936,49.97,OK
1761660760.14676,19.852,10.049,199.5,50.39,220.34,0.937,0.967,50.03,OK
1761660760.2500997,19.812,10.034,198.79,50.39,220.2,0.929,0.972,50.03,OK
1761660761.589247,19.856,10.262,203.77,50.39,219.61,1.0,0.928,49.99,OK
1761660761.7031932,19.827,10.136,200.96,50.39,220.15,0.972,0.939,49.96,OK
1761660761.8261633,19.878,10.214,203.03,50.39,220.32,0.959,0.961,49.97,OK
1761660761.9376252,19.831,10.244,203.15,50.39,220.18,0.996,0.927,49.97,OK
1761660762.045488,19.838,10.251,203.36,50.39,219.98,1.004,0.92,50.02,OK
1761660762.1560948,19.845,10.17,201.82,50.39,219.89,0.954,0.962,49.95,OK
1761660762.2609174,19.853,10.304,204.58,50.39,219.76,0.986,0.945,49.96,OK
1761660762.3622112,19.805,10.282,203.63,50.39,219.75,0.989,0.937,49.98,OK
1761660762.4640367,19.85,10.128,201.04,50.39,220.11,0.971,0.941,50.02,OK
1761660762.573367,19.846,10.295,204.31,50.39,219.81,0.952,0.976,50.02,OK
1761660762.6961138,19.792,10.19,201.67,50.39,220.22,0.983,0.932,50.02,OK
1761660762.8077106,19.807,10.236,202.74,50.39,220.17,0.946,0.973,50.0,OK
1761660762.913838,19.811,10.211,202.29,50.39,219.61,0.972,0.947,49.97,OK
1761660763.0166852,19.88,10.234,203.45,50.39,219.96,0.952,0.971,50.05,OK
1761660763.1177948,19.826,10.255,203.33,50.39,219.76,0.953,0.971,50.01,OK
1761660763.2191153,19.857,10.261,203.75,50.39,220.07,0.973,0.951,50.03,OK
1761660763.3208845,19.825,10.315,204.49,50.39,219.75,0.958,0.971,49.96,OK
1761660763.4220757,19.884,10.191,202.63,50.39,220.27,0.996,0.924,50.0,OK
1761660763.5235822,19.856,10.199,202.51,50.39,220.2,0.993,0.926,50.0,OK
1761660763.6244953,19.869,10.174,202.15,50.39,220.23,0.969,0.947,50.05,OK
1761660763.7258122,19.843,10.237,203.13,50.39,219.61,0.997,0.928,50.0,OK
1761660763.827617,19.868,10.291,204.47,50.39,220.2,0.993,0.936,50.03,OK
1761660763.9285886,19.88,10.165,202.07,50.39,220.14,0.977,0.94,50.01,OK
1761660764.0303545,19.882,10.24,203.59,50.39,219.79,0.976,0.949,50.02,OK
1761660764.1325376,19.837,10.249,203.31,50.39,220.26,0.954,0.967,50.0,OK
1761660764.2345328,19.849,10.231,203.06,50.39,220.33,0.952,0.969,50.02,OK
1761660764.3393683,19.869,10.178,202.23,50.39,220.18,0.963,0.953,50.01,OK
1761660764.4405968,19.819,10.369,205.5,50.39,219.63,0.985,0.95,50.04,OK
1761660764.54211,19.841,10.25,203.36,50.39,219.66,0.959,0.965,49.98,OK
1761660764.6437242,19.801,10.223,202.42,50.39,219.77,0.983,0.937,50.01,OK
1761660764.745155,19.869,10.36,205.84,50.39,220.23,1.008,0.927,49.97,OK
1761660764.8462763,19.823,10.192,202.04,50.39,219.89,0.966,0.951,50.0,OK
1761660764.9474814,19.821,10.213,202.42,50.39,220.04,0.994,0.926,50.02,OK
1761660765.0484188,19.849,10.306,204.56,50.39,220.25,0.981,0.947,49.98,OK
1761660765.149542,19.818,10.336,204.83,50.39,220.19,0.969,0.96,49.99,OK
1761660765.2506309,19.851,10.175,201.97,50.39,220.3,0.961,0.954,50.05,OK
1761660765.3519728,19.802,10.338,204.72,50.39,219.75,0.987,0.944,50.01,OK
1761660765.4529834,19.882,10.197,202.73,50.39,220.11,0.965,0.955,50.03,OK
1761660765.5546486,19.795,10.295,203.79,50.39,220.29,0.969,0.955,49.96,OK
1761660765.6561134,19.881,10.218,203.15,50.39,220.15,0.942,0.979,50.05,OK
1761660765.7574716,19.877,10.21,202.95,50.39,219.97,0.967,0.954,50.04,OK
1761660765.8591015,19.863,10.272,204.03,50.39,220.06,1.006,0.922,49.98,OK
1761660765.9606874,19.826,10.314,204.49,50.39,219.87,0.99,0.939,50.02,OK
1761660766.0626795,19.867,10.237,203.37,50.39,220.38,0.953,0.968,50.0,OK
1761660766.1640713,19.861,10.188,202.34,50.39,219.75,0.994,0.926,49.97,OK
1761660766.2657232,19.852,10.31,204.67,50.39,220.31,1.008,0.921,49.97,OK
1761660766.3673432,19.806,10.197,201.95,50.39,219.79,0.998,0.92,49.97,OK
1761660766.4689245,19.868,10.296,204.57,50.39,219.61,0.978,0.953,49.98,OK
1761660766.570587,19.857,10.293,204.39,50.39,220.34,0.951,0.976,50.03,OK
1761660766.671676,19.881,10.241,203.6,50.39,220.37,1.001,0.923,49.97,OK
1761660766.7733877,19.79,10.26,203.04,50.39,220.05,0.991,0.931,50.04,OK
1761660766.8748271,19.88,10.282,204.41,50.39,220.14,1.0,0.929,49.95,OK
1761660766.975938,19.839,10.185,202.05,50.39,219.7,0.961,0.957,49.96,OK
1761660767.07732,19.804,10.17,201.41,50.39,220.36,0.96,0.952,50.01,OK
1761660767.1786966,19.838,10.299,204.32,50.39,219.83,1.009,0.921,50.0,OK
1761660767.2796898,19.861,10.103,200.66,50.39,219.95,0.949,0.961,49.97,OK
1761660767.382073,19.821,10.226,202.7,50.39,219.91,0.953,0.967,49.96,OK
1761660767.4835193,19.86,10.272,203.99,50.39,219.67,0.987,0.941,49.95,OK
1761660767.5847793,19.852,10.125,201.0,50.39,219.6,0.944,0.97,50.03,OK
1761660767.6860123,19.88,10.087,200.52,50.39,219.67,0.949,0.962,49.96,OK
1761660767.787372,19.825,10.243,203.07,50.39,220.38,0.945,0.975,50.03,OK
1761660767.8886764,19.82,10.152,201.22,50.39,219.78,0.97,0.944,49.95,OK
1761660767.989739,19.84,10.219,202.74,50.39,219.6,0.96,0.962,49.99,OK
1761660768.0911086,19.826,10.248,203.18,50.39,219.95,0.989,0.934,49.97,OK
1761660768.1922486,19.803,10.14,200.79,50.39,219.97,0.955,0.956,50.01,OK
1761660768.2936716,19.837,10.123,200.82,50.39,219.64,0.958,0.955,49.95,OK
1761660768.3956735,19.81,10.225,202.57,50.39,220.23,0.999,0.921,50.02,OK
1761660768.4968157,19.887,10.126,201.37,50.39,219.77,0.948,0.966,49.96,OK
1761660775.1292276,19.843,9.882,196.1,50.39,219.94,0.953,0.935,50.01,OK
1761660775.244055,19.855,9.976,198.08,50.39,219.79,0.942,0.957,49.97,OK
1761660775.370463,19.806,9.851,195.11,50.39,220.22,0.958,0.925,49.98,OK
1761660775.47265,19.816,9.889,195.97,50.39,220.14,0.934,0.953,49.96,OK
1761660775.5908203,19.822,9.878,195.79,50.39,219.79,0.93,0.958,49.99,OK
1761660775.6936965,19.877,9.803,194.85,50.39,220.18,0.905,0.978,50.01,OK
1761660775.8009682,19.802,9.927,196.58,50.39,220.24,0.93,0.96,50.01,OK
1761660775.9041207,19.858,9.888,196.36,50.39,220.28,0.965,0.924,50.03,OK
1761660776.0057516,19.853,9.928,197.09,50.39,220.18,0.96,0.933,50.0,OK
1761660776.1072483,19.817,9.836,194.91,50.39,220.25,0.933,0.949,50.02,OK
1761660776.2569506,19.823,9.845,195.15,50.39,219.94,0.919,0.966,50.01,OK
1761660776.3584635,19.815,9.915,196.46,50.39,220.31,0.911,0.979,50.03,OK
1761660776.46216,19.802,10.051,199.03,50.39,220.31,0.953,0.948,49.96,OK
1761660776.5637436,19.873,9.982,198.38,50.39,220.38,0.952,0.946,50.0,OK
1761660776.6648257,19.803,10.062,199.26,50.39,219.92,0.939,0.965,49.98,OK
1761660776.766664,19.809,10.025,198.58,50.39,219.91,0.954,0.946,49.98,OK
1761660776.8679802,19.796,10.012,198.2,50.39,220.17,0.964,0.934,50.02,OK
1761660776.9699538,19.843,9.872,195.89,50.39,220.17,0.953,0.934,49.95,OK
1761660777.0715282,19.881,9.976,198.34,50.39,219.96,0.979,0.921,49.95,OK
1761660777.1729476,19.8,10.061,199.22,50.39,220.1,0.981,0.922,50.02,OK
1761660777.2744172,19.875,9.87,196.17,50.39,220.21,0.914,0.975,49.99,OK
1761660777.375924,19.83,10.035,199.0,50.39,219.67,0.937,0.967,49.97,OK
1761660777.4787693,19.831,10.034,198.98,50.39,219.89,0.968,0.935,49.99,OK
1761660777.5808485,19.815,10.067,199.48,50.39,219.94,0.949,0.956,49.97,OK
1761660777.6831033,19.815,9.931,196.78,50.39,219.71,0.94,0.953,49.99,OK
1761660777.784998,19.842,10.066,199.72,50.39,219.99,0.962,0.944,50.03,OK
1761660777.8865702,19.88,9.951,197.82,50.39,219.82,0.944,0.953,49.99,OK
1761660777.9882479,19.8,10.14,200.77,50.39,219.86,0.933,0.979,50.03,OK
1761660778.0896,19.792,10.027,198.46,50.39,219.7,0.98,0.922,49.96,OK
1761660778.1909075,19.849,10.119,200.85,50.39,219.94,0.975,0.937,50.0,OK
1761660778.2922816,19.808,10.081,199.69,50.39,220.17,0.931,0.974,50.0,OK
1761660778.3938463,19.885,9.983,198.51,50.39,219.6,0.924,0.978,49.95,OK
1761660778.4956684,19.801,10.049,198.99,50.39,220.3,0.939,0.962,50.03,OK
1761660778.5989656,19.811,10.127,200.63,50.39,219.85,0.955,0.955,50.03,OK
1761660778.7006476,19.874,10.071,200.16,50.39,220.33,0.942,0.964,49.95,OK
1761660778.8022707,19.876,10.014,199.05,50.39,219.78,0.957,0.946,50.03,OK
1761660778.904007,19.825,10.016,198.57,50.39,220.16,0.97,0.93,49.96,OK
1761660779.005879,19.879,10.043,199.64,50.39,220.33,0.951,0.952,50.0,OK
1761660779.1077154,19.844,10.153,201.48,50.39,219.9,0.972,0.943,49.99,OK
1761660779.2093084,19.825,10.211,202.42,50.39,220.15,0.973,0.945,50.0,OK
1761660779.3113055,19.839,10.199,202.32,50.39,219.93,0.944,0.975,50.04,OK
1761660779.413043,19.863,10.108,200.78,50.39,219.9,0.949,0.962,50.05,OK
1761660779.5149252,19.853,10.198,202.46,50.39,220.3,0.939,0.979,50.03,OK
1761660779.617079,19.821,10.128,200.75,50.39,220.34,0.948,0.961,50.04,OK
1761660779.7473881,19.817,10.097,200.09,50.39,219.91,0.959,0.948,49.95,OK
1761660779.921209,19.815,10.183,201.78,50.39,219.68,0.944,0.973,49.97,OK
1761660780.0403144,19.86,10.127,201.12,50.39,220.17,0.965,0.947,50.02,OK
1761660780.1546495,19.806,10.202,202.05,50.39,220.08,0.947,0.969,50.01,OK
1761660780.258425,19.815,10.216,202.43,50.39,219.65,0.958,0.962,49.99,OK
1761672305.6618986,19.866,10.111,200.86,50.39,219.82,0.957,0.955,50.03,OK
1761672305.9424164,19.852,9.962,197.76,50.39,219.72,0.963,0.934,50.02,OK
1761672306.06594,19.842,9.951,197.45,50.39,220.13,0.927,0.968,50.01,OK
1761672306.2164571,19.873,10.03,199.33,50.39,219.81,0.974,0.931,50.05,OK
1761672306.3239782,19.845,10.107,200.58,50.39,220.1,0.937,0.973,50.01,OK
1761672306.4435108,19.855,9.972,198.0,50.39,219.92,0.94,0.958,50.0,OK
1761672306.5490396,19.805,10.076,199.56,50.39,220.0,0.973,0.932,49.97,OK
1761672306.7095592,19.89,9.983,198.56,50.39,219.71,0.965,0.936,49.99,OK
1761672306.81708,19.794,9.952,196.99,50.39,219.96,0.96,0.933,49.97,OK
1761672306.9256005,19.829,10.039,199.07,50.39,220.13,0.961,0.941,49.95,OK
1761672307.0431213,19.868,9.89,196.5,50.39,220.14,0.943,0.946,49.95,OK
1761672307.3136392,19.798,9.984,197.67,50.39,220.29,0.929,0.965,49.99,OK
1761672307.7161608,19.813,9.885,195.85,50.39,219.64,0.936,0.953,49.97,OK
1761672307.8816845,19.865,9.885,196.36,50.39,219.7,0.97,0.922,49.98,OK
1761672307.9962037,19.85,9.847,195.46,50.39,219.64,0.934,0.953,49.98,OK
1761672308.1377232,19.842,9.928,197.0,50.39,220.34,0.958,0.933,49.99,OK
1761672308.2452464,19.877,9.877,196.32,50.39,220.18,0.925,0.964,50.01,OK
1761672308.3887694,19.834,9.902,196.4,50.39,220.3,0.943,0.946,50.02,OK
1761672308.7732875,19.878,9.852,195.84,50.39,219.92,0.912,0.977,49.96,OK
1761672308.9817944,19.794,9.919,196.34,50.39,219.61,0.929,0.963,50.04,OK
1761672309.1440825,19.823,9.916,196.55,50.39,220.0,0.952,0.939,49.97,OK
1761672309.2673798,19.799,9.837,194.77,50.39,220.27,0.925,0.956,50.05,OK
1761672309.4631557,19.862,9.867,195.98,50.39,220.37,0.909,0.978,49.99,OK
1761672309.651061,19.861,9.778,194.21,50.39,219.92,0.903,0.978,49.97,OK
1761672309.7608438,19.809,9.907,196.24,50.39,220.36,0.951,0.936,50.0,OK
1761672309.9175074,19.857,9.836,195.3,50.39,219.67,0.909,0.978,50.02,OK
1761672310.0429342,19.849,9.925,197.0,50.39,220.3,0.937,0.954,49.99,OK
1761672310.183987,19.889,9.899,196.89,50.39,219.64,0.963,0.931,50.03,OK
1761672310.3407114,19.86,9.966,197.93,50.39,220.13,0.931,0.966,50.03,OK
1761672310.934885,19.885,9.964,198.13,50.39,220.16,0.953,0.944,50.01,OK
1761672311.0386524,19.805,9.875,195.58,50.39,220.04,0.931,0.955,49.96,OK
1761672311.1700933,19.796,9.821,194.42,50.39,220.26,0.927,0.952,49.96,OK
1761672311.3423789,19.884,9.815,195.16,50.39,220.09,0.919,0.965,49.97,OK
1761672311.4521594,19.829,9.888,196.08,50.39,219.7,0.956,0.933,50.0,OK
1761672311.5775695,19.82,9.932,196.87,50.39,219.72,0.956,0.937,49.97,OK
1761672311.68736,19.885,9.909,197.03,50.39,219.92,0.944,0.949,50.0,OK
1761672311.8127723,19.889,9.831,195.53,50.39,220.21,0.932,0.953,50.0,OK
1761672311.9381838,19.885,9.95,197.87,50.39,219.62,0.958,0.94,49.97,OK
1761672312.07933,19.802,9.898,196.0,50.39,220.4,0.918,0.969,50.0,OK
1761672312.223369,19.881,9.893,196.68,50.39,219.62,0.966,0.927,50.05,OK
1761672312.3456633,19.807,9.894,195.97,50.39,220.15,0.925,0.962,50.03,OK
1761672312.4514377,19.866,9.829,195.27,50.39,220.27,0.939,0.944,49.98,OK
1761672312.5552237,19.873,9.899,196.72,50.39,220.17,0.941,0.95,50.0,OK
1761672312.6578894,19.833,10.031,198.94,50.39,220.26,0.947,0.954,50.01,OK
1761672312.788964,19.888,9.879,196.47,50.39,220.24,0.935,0.954,49.99,OK
1761672312.8914974,19.885,9.963,198.11,50.39,220.14,0.94,0.958,50.03,OK
1761672312.99329,19.816,9.908,196.33,50.39,219.99,0.919,0.971,50.03,OK
1761672313.0989556,19.876,9.933,197.44,50.39,219.8,0.943,0.952,49.99,OK
1761672313.200752,19.867,10.065,199.97,50.39,220.18,0.943,0.963,50.02,OK
1761672313.3044393,19.825,10.016,198.56,50.39,220.33,0.978,0.922,49.96,OK
1761672313.4097147,19.878,10.066,200.09,50.39,219.91,0.961,0.947,50.01,OK
1761672313.5135033,19.812,10.072,199.55,50.39,220.35,0.935,0.969,49.97,OK
1761672313.618178,19.833,10.027,198.86,50.39,219.94,0.977,0.926,49.98,OK
1761672313.724483,19.884,10.053,199.91,50.39,219.89,0.934,0.973,49.99,OK
1761672313.8419025,19.882,10.015,199.12,50.39,219.61,0.967,0.937,50.0,OK
1761672313.945561,19.878,9.988,198.54,50.39,220.28,0.95,0.949,50.02,OK
1761672314.064478,19.807,9.964,197.35,50.39,219.97,0.962,0.933,50.01,OK
1761672314.2740269,19.861,10.1,200.6,50.39,219.61,0.954,0.958,50.04,OK
1761672314.4413087,19.826,10.102,200.29,50.39,220.25,0.953,0.954,49.96,OK
1761672314.5620944,19.798,10.14,200.76,50.39,219.99,0.94,0.971,49.97,OK
1761672314.718748,19.828,10.083,199.91,50.39,219.71,0.936,0.972,50.01,OK
1761672314.8497846,19.809,10.167,201.4,50.39,219.61,0.939,0.976,49.99,OK
1761672314.9514465,19.888,10.141,201.68,50.39,220.37,0.943,0.971,50.01,OK
1761672315.064859,19.802,10.048,198.98,50.39,220.03,0.973,0.929,50.04,OK
1761672315.1821425,19.857,10.014,198.86,50.39,219.8,0.938,0.964,50.0,OK
1761672315.2919312,19.853,10.149,201.48,50.39,220.14,0.995,0.92,49.98,OK
1761672315.4128366,19.879,10.038,199.55,50.39,219.69,0.983,0.924,50.02,OK
1761672315.519617,19.873,10.157,201.86,50.39,219.7,0.992,0.926,49.99,OK
1761672315.6247692,19.823,10.193,202.06,50.39,220.39,0.95,0.965,49.97,OK
1761672315.7275527,19.889,10.027,199.42,50.39,220.23,0.963,0.941,49.96,OK
1761672315.8317194,19.843,10.075,199.92,50.39,219.62,0.988,0.922,50.01,OK
1761672315.9426148,19.838,10.253,203.4,50.39,219.9,0.963,0.961,50.05,OK
1761672316.0513892,19.821,10.176,201.7,50.39,219.95,0.947,0.968,49.97,OK
1761672316.1605027,19.885,10.206,202.95,50.39,219.83,0.969,0.953,50.0,OK
1761672316.376559,19.822,10.286,203.88,50.39,220.27,0.955,0.969,49.95,OK
1761672316.5258741,19.808,10.122,200.5,50.39,219.94,0.934,0.976,49.99,OK
1761724619.3753495,19.866,9.802,194.72,50.39,219.99,0.915,0.968,49.95,OK
1761724619.5408926,19.81,9.959,197.29,50.39,220.37,0.961,0.932,49.95,OK
1761724619.9066498,19.867,9.913,196.95,50.39,220.23,0.948,0.943,50.05,OK
1761724620.1890538,19.79,9.965,197.22,50.39,219.78,0.93,0.965,50.02,OK
1761724620.9459264,19.871,9.989,198.5,50.39,219.85,0.963,0.937,49.96,OK
1761724621.0814543,19.803,9.989,197.82,50.39,220.17,0.967,0.929,49.97,OK
1761724621.658969,19.802,10.106,200.12,50.39,219.99,0.97,0.938,50.01,OK
1761724621.795637,19.827,10.11,200.45,50.39,219.84,0.974,0.937,49.99,OK
1761724621.9278464,19.796,10.083,199.61,50.39,220.25,0.957,0.947,49.99,OK
1761724622.0533872,19.883,10.001,198.85,50.39,219.79,0.98,0.923,50.02,OK
1761724622.2619648,19.801,10.018,198.35,50.39,220.17,0.973,0.926,50.05,OK
1761724622.4030669,19.864,10.052,199.68,50.39,219.83,0.935,0.971,50.04,OK
1761724622.528487,19.818,10.079,199.74,50.39,219.65,0.977,0.931,49.98,OK
1761724622.6542995,19.799,10.046,198.91,50.39,220.37,0.968,0.933,49.96,OK
1761724622.8430667,19.809,10.119,200.46,50.39,219.94,0.933,0.976,49.98,OK
1761724622.98492,19.831,10.04,199.1,50.39,219.93,0.967,0.936,49.95,OK
1761724623.2776108,19.801,10.206,202.08,50.39,220.04,0.995,0.923,49.96,OK
1761724623.578689,19.807,10.192,201.87,50.39,219.8,0.977,0.94,49.96,OK
1761724624.0008047,19.803,10.289,203.75,50.39,220.11,1.0,0.926,49.99,OK
1761724624.3335948,19.823,10.28,203.79,50.39,219.68,0.957,0.969,50.04,OK
1761724624.4810562,19.816,10.137,200.87,50.39,220.38,0.975,0.935,49.99,OK
1761724624.6223035,19.86,10.185,202.28,50.39,220.17,0.94,0.978,50.04,OK
1761724624.7481518,19.837,10.135,201.04,50.39,220.33,0.973,0.938,49.97,OK
1761724624.976149,19.827,10.176,201.77,50.39,220.04,0.961,0.954,50.0,OK
1761724625.2045705,19.81,10.328,204.61,50.39,220.28,0.955,0.972,50.01,OK
1761724625.346031,19.803,10.217,202.33,50.39,219.68,0.949,0.97,49.97,OK
1761724625.5302758,19.879,10.252,203.81,50.39,219.61,0.984,0.943,50.01,OK
1761724625.6514432,19.81,10.305,204.14,50.39,220.04,0.966,0.96,50.04,OK
1761724625.8568466,19.866,10.213,202.89,50.39,220.12,0.955,0.965,50.0,OK
1761724625.976473,19.822,10.231,202.8,50.39,219.86,0.967,0.954,50.01,OK
1761724626.1106892,19.813,10.191,201.9,50.39,219.97,0.965,0.951,50.02,OK
1761724626.2377658,19.882,10.272,204.24,50.39,219.61,1.009,0.922,50.03,OK
1761724626.6033506,19.838,10.242,203.18,50.39,219.84,0.947,0.976,49.99,OK
1761724626.7941952,19.803,10.275,203.48,50.39,220.3,0.979,0.944,50.02,OK
1761724626.9847891,19.88,10.252,203.81,50.39,219.86,0.979,0.947,50.02,OK
1761724627.095933,19.805,10.332,204.63,50.39,220.38,0.988,0.94,49.99,OK
1761724627.2233675,19.861,10.341,205.38,50.39,220.36,0.998,0.934,49.99,OK
1761724627.3659663,19.804,10.234,202.68,50.39,219.81,0.975,0.946,49.99,OK
1761724627.4933262,19.841,10.316,204.68,50.39,220.07,0.981,0.948,49.96,OK
1761724627.6194701,19.846,10.182,202.07,50.39,219.93,0.977,0.94,50.04,OK
1761724627.731135,19.89,10.336,205.58,50.39,220.0,0.982,0.952,49.96,OK
1761724627.84073,19.867,10.293,204.49,50.39,220.36,0.96,0.967,50.03,OK
1761724627.9770918,19.864,10.346,205.52,50.39,220.28,0.985,0.947,49.97,OK
1761724628.082321,19.834,10.355,205.4,50.39,220.34,1.004,0.929,50.0,OK
1761724628.2206976,19.817,10.366,205.42,50.39,220.07,1.006,0.928,50.04,OK
1761724628.393179,19.804,10.286,203.7,50.39,220.24,0.989,0.936,50.01,OK
1761724628.5541902,19.82,10.342,204.98,50.39,219.97,0.957,0.974,50.04,OK
1761724628.7269425,19.884,10.261,204.04,50.39,219.86,0.968,0.959,49.98,OK
1761724628.8783004,19.834,10.188,202.07,50.39,220.33,0.954,0.962,49.95,OK
1761724629.0785084,19.885,10.118,201.2,50.39,219.92,0.973,0.94,50.0,OK
1761724629.2002082,19.88,10.108,200.96,50.39,220.08,0.947,0.964,50.04,OK
1761724629.3108094,19.792,10.342,204.68,50.39,219.93,1.011,0.921,50.03,OK
1761724629.456329,19.815,10.21,202.32,50.39,219.88,0.961,0.957,50.01,OK
1761724629.6111298,19.827,10.248,203.19,50.39,219.77,0.999,0.925,50.04,OK
1761724629.7385442,19.829,10.129,200.85,50.39,219.97,0.95,0.961,50.02,OK
1761724629.8661134,19.84,10.129,200.97,50.39,219.72,0.983,0.93,49.98,OK
1761724629.9931896,19.813,10.184,201.78,50.39,220.09,0.975,0.94,50.05,OK
1761724630.150594,19.86,10.228,203.12,50.39,219.69,0.964,0.96,50.02,OK
1761724630.2933717,19.822,10.203,202.25,50.39,220.4,0.97,0.946,50.03,OK
1761724630.3959355,19.877,10.189,202.53,50.39,219.73,0.954,0.966,50.01,OK
1761724630.503151,19.824,10.079,199.81,50.39,219.96,0.97,0.937,50.04,OK
1761724630.608232,19.798,10.09,199.76,50.39,220.19,0.936,0.969,50.03,OK
1761724630.7349794,19.811,10.09,199.89,50.39,220.11,0.981,0.926,50.03,OK
1761724630.8607373,19.856,10.031,199.17,50.39,220.23,0.961,0.941,49.96,OK
1761724630.9877844,19.806,10.163,201.3,50.39,219.82,0.982,0.933,50.0,OK
1761724631.0984201,19.859,10.206,202.69,50.39,220.0,0.982,0.938,50.01,OK
1761724631.2099156,19.847,10.079,200.04,50.39,219.8,0.955,0.953,49.98,OK
1761724631.3200846,19.858,10.12,200.96,50.39,219.87,0.988,0.925,49.98,OK
1761724631.4364533,19.79,10.205,201.97,50.39,219.7,0.995,0.924,49.98,OK
1761724631.5396712,19.822,10.011,198.45,50.39,219.81,0.941,0.959,50.02,OK
1761724631.6725428,19.807,10.172,201.47,50.39,219.79,0.964,0.951,49.97,OK
1761724631.8144581,19.886,10.061,200.08,50.39,220.14,0.986,0.922,50.0,OK
1761724631.9559402,19.864,10.043,199.49,50.39,220.21,0.925,0.979,50.01,OK
1761724632.1291103,19.89,10.083,200.55,50.39,220.31,0.95,0.958,50.0,OK
1761724632.2391984,19.877,10.091,200.58,50.39,219.69,0.981,0.931,50.03,OK
1761724632.3515215,19.859,9.996,198.51,50.39,220.06,0.928,0.972,50.04,OK
1761724632.459608,19.803,10.035,198.73,50.39,220.23,0.934,0.966,50.05,OK
1761724632.5724287,19.844,9.96,197.64,50.39,219.87,0.95,0.946,49.95,OK
1761724632.679665,19.847,10.109,200.63,50.39,219.61,0.972,0.94,50.01,OK
1761724632.7828934,19.798,10.039,198.74,50.39,220.16,0.938,0.962,50.0,OK
1761724632.884711,19.848,9.976,198.01,50.39,220.06,0.978,0.92,50.0,OK
1761724632.9944332,19.853,9.898,196.51,50.39,219.65,0.921,0.972,50.04,OK
1761724633.1093616,19.862,10.039,199.4,50.39,219.89,0.96,0.944,49.97,OK
1761724633.2153533,19.797,9.97,197.38,50.39,220.3,0.932,0.961,50.0,OK
1761724633.3248196,19.793,9.992,197.76,50.39,219.96,0.942,0.954,49.99,OK
1761724633.4264371,19.846,9.961,197.68,50.39,220.13,0.922,0.974,50.04,OK
1761724633.5294423,19.798,10.077,199.5,50.39,220.3,0.953,0.951,50.03,OK
1761724633.632434,19.807,9.997,198.02,50.39,219.9,0.934,0.964,49.95,OK
1761724633.7361562,19.796,9.956,197.09,50.39,219.83,0.918,0.977,50.05,OK
1761724633.8401318,19.801,9.934,196.7,50.39,219.91,0.932,0.96,49.96,OK
1761724633.9418404,19.812,10.052,199.16,50.39,220.14,0.948,0.954,49.98,OK
1761724634.0474343,19.822,9.954,197.3,50.39,220.07,0.944,0.95,50.01,OK
1761724634.1732743,19.799,10.008,198.14,50.39,220.26,0.95,0.947,50.0,OK
1761724634.2839923,19.807,9.941,196.9,50.39,219.95,0.948,0.944,49.99,OK
1761724634.3940997,19.842,9.97,197.82,50.39,220.13,0.963,0.933,49.99,OK
1761724634.503723,19.794,9.983,197.61,50.39,220.33,0.954,0.94,49.96,OK
1761724634.6119232,19.803,10.016,198.35,50.39,219.62,0.939,0.962,49.99,OK
1761724634.7200158,19.808,9.828,194.66,50.39,219.61,0.961,0.922,50.01,OK
1761724634.8458588,19.79,9.977,197.45,50.39,219.71,0.961,0.935,50.03,OK
1761724634.9564745,19.801,10.019,198.37,50.39,219.83,0.925,0.976,49.98,OK
1761724635.061125,19.824,9.914,196.54,50.39,220.2,0.964,0.926,50.02,OK
1761724635.1643507,19.883,9.868,196.2,50.39,220.38,0.915,0.973,50.05,OK
1761724635.2659202,19.884,9.819,195.25,50.39,219.73,0.948,0.937,49.98,OK
1761724635.3714645,19.849,9.965,197.8,50.39,220.32,0.938,0.957,49.96,OK
1761724635.4762166,19.867,9.806,194.83,50.39,220.34,0.914,0.968,50.0,OK
1761724635.5997622,19.806,9.813,194.35,50.39,219.64,0.919,0.963,49.96,OK
1761724635.7141159,19.814,9.926,196.68,50.39,219.74,0.956,0.937,50.03,OK
1761724635.8202133,19.833,9.856,195.46,50.39,220.28,0.943,0.941,50.0,OK
1761724635.9239104,19.877,9.79,194.59,50.39,219.68,0.936,0.947,50.0,OK
1761724636.0306299,19.808,9.965,197.38,50.39,220.38,0.941,0.952,50.01,OK
1761724636.1358757,19.799,9.816,194.35,50.39,219.67,0.912,0.97,49.98,OK
1761724636.236974,19.889,9.76,194.11,50.39,219.91,0.91,0.97,49.99,OK
1761724636.3557103,19.811,9.939,196.91,50.39,220.13,0.967,0.925,49.95,OK
1761724636.465926,19.885,9.811,195.09,50.39,219.91,0.96,0.924,50.02,OK
1761724636.577098,19.865,9.804,194.75,50.39,220.31,0.911,0.97,50.02,OK
1761724636.6802793,19.878,9.789,194.59,50.39,220.06,0.94,0.94,50.03,OK
1761724636.7815766,19.854,9.947,197.48,50.39,219.88,0.932,0.964,49.96,OK
1761724636.8908067,19.828,9.926,196.82,50.39,220.33,0.927,0.963,49.96,OK
1761724637.0006282,19.818,9.873,195.66,50.39,219.94,0.937,0.95,49.98,OK
1761724637.126517,19.889,9.914,197.18,50.39,220.2,0.957,0.936,49.99,OK
1761724637.2684042,19.873,9.822,195.19,50.39,220.39,0.915,0.968,50.05,OK
1761724637.3746326,19.807,9.961,197.29,50.39,219.88,0.943,0.951,50.05,OK
1761724637.4921575,19.873,9.847,195.7,50.39,219.83,0.926,0.962,49.95,OK
1761724637.5951579,19.854,9.865,195.86,50.39,220.26,0.914,0.972,49.96,OK
1761724637.6983716,19.795,9.927,196.51,50.39,220.05,0.937,0.953,49.97,OK
1761724637.809482,19.889,9.806,195.04,50.39,219.91,0.926,0.957,49.96,OK
1761724637.9180806,19.863,9.893,196.51,50.39,220.04,0.917,0.974,49.96,OK
1761724638.0282886,19.819,9.932,196.84,50.39,219.93,0.972,0.921,50.03,OK
1761724638.199044,19.87,9.832,195.37,50.39,220.17,0.921,0.964,49.98,OK
1761724638.3015158,19.804,9.923,196.52,50.39,220.38,0.936,0.952,50.03,OK
1761724638.4027777,19.879,9.928,197.37,50.39,220.38,0.955,0.937,50.0,OK
1761724638.5042794,19.812,9.843,195.02,50.39,220.37,0.958,0.924,50.04,OK
1761724638.640625,19.886,9.921,197.29,50.39,220.13,0.943,0.951,50.02,OK
1761724638.7664938,19.826,10.025,198.76,50.39,220.24,0.976,0.925,49.99,OK
1761724638.8736925,19.89,9.86,196.12,50.39,219.63,0.938,0.952,49.99,OK
1761724638.9899485,19.882,9.917,197.16,50.39,220.3,0.93,0.962,50.02,OK
1761724639.0986633,19.888,9.981,198.49,50.39,220.16,0.921,0.979,49.96,OK
1761724639.2037778,19.801,9.97,197.41,50.39,219.77,0.931,0.965,49.98,OK
1761724639.3059974,19.832,9.99,198.13,50.39,220.17,0.937,0.96,50.01,OK
1761724639.4417682,19.86,10.028,199.16,50.39,220.25,0.954,0.948,49.98,OK
1761724639.599612,19.817,10.021,198.59,50.39,219.68,0.925,0.978,49.99,OK
1761724639.7641098,19.842,10.006,198.54,50.39,219.93,0.971,0.93,49.96,OK
1761724639.8871858,19.814,10.073,199.59,50.39,220.16,0.932,0.973,49.99,OK
1761724640.1002204,19.845,10.011,198.68,50.39,219.8,0.957,0.944,50.03,OK
1761724640.2128174,19.8,10.005,198.1,50.39,220.0,0.92,0.978,50.02,OK
1761724640.32552,19.836,10.098,200.31,50.39,219.6,0.938,0.972,49.98,OK
1761724640.4549594,19.88,10.048,199.76,50.39,219.92,0.968,0.938,49.96,OK
1761724640.55804,19.847,10.065,199.75,50.39,220.02,0.933,0.973,50.01,OK
1761724640.6623406,19.839,10.007,198.53,50.39,219.83,0.971,0.93,49.95,OK
1761724640.7638214,19.841,10.127,200.92,50.39,219.72,0.962,0.951,50.0,OK
1761724640.865729,19.808,10.122,200.51,50.39,219.88,0.991,0.92,50.0,OK
1761724640.9796863,19.851,10.089,200.27,50.39,220.36,0.943,0.963,50.01,OK
1761724641.1110983,19.841,10.092,200.22,50.39,220.09,0.949,0.958,50.03,OK
1761724641.2187607,19.791,10.075,199.38,50.39,219.73,0.933,0.973,50.04,OK
1761724641.322958,19.86,10.148,201.53,50.39,220.19,0.984,0.93,50.03,OK
1761724641.4258275,19.82,10.202,202.21,50.39,220.12,0.985,0.933,50.02,OK
1761724641.530071,19.838,10.111,200.59,50.39,219.66,0.972,0.94,50.04,OK
1761724641.6351948,19.828,10.033,198.93,50.39,220.07,0.977,0.925,50.04,OK
1761724641.7705486,19.873,10.169,202.08,50.39,220.02,0.958,0.958,49.96,OK
1761724641.9162931,19.807,10.225,202.51,50.39,220.3,0.975,0.943,50.0,OK
1761724642.0214376,19.855,10.085,200.23,50.39,220.33,0.979,0.929,50.03,OK
1761724642.1461875,19.881,10.195,202.68,50.39,219.65,0.955,0.966,50.01,OK
1761724642.2937806,19.886,10.207,202.97,50.39,219.65,1.003,0.921,49.96,OK
1761724642.4499266,19.872,10.106,200.83,50.39,220.4,0.97,0.939,50.02,OK
1761724642.5945263,19.79,10.3,203.85,50.39,220.34,0.991,0.934,50.0,OK
1761724642.7381372,19.877,10.19,202.54,50.39,219.92,0.943,0.976,49.98,OK
1761724642.8503106,19.861,10.272,204.02,50.39,219.75,1.006,0.923,50.01,OK
1761724642.9583724,19.844,10.203,202.47,50.39,219.66,0.958,0.962,50.0,OK
1761724643.0594552,19.858,10.269,203.92,50.39,220.25,0.996,0.929,50.02,OK
1761724643.1785326,19.852,10.145,201.41,50.39,219.71,0.941,0.974,49.97,OK
1761724643.3000536,19.851,10.269,203.84,50.39,220.33,0.947,0.977,50.02,OK
1761724643.403467,19.838,10.248,203.3,50.39,220.15,1.002,0.921,50.0,OK
1761724643.5120819,19.808,10.303,204.08,50.39,219.78,0.948,0.98,49.95,OK
1761724643.6170373,19.875,10.31,204.9,50.39,220.22,0.952,0.977,50.04,OK
1761724643.7250688,19.852,10.229,203.06,50.39,220.17,0.967,0.954,49.99,OK
1761724643.841656,19.834,10.183,201.97,50.39,219.72,0.972,0.945,50.04,OK
1761724643.9457147,19.83,10.226,202.78,50.39,219.88,1.002,0.921,50.05,OK
1761724644.0500534,19.856,10.301,204.53,50.39,220.22,0.96,0.968,49.98,OK
1761724644.1562216,19.879,10.136,201.49,50.39,219.77,0.98,0.936,49.96,OK
1761724644.2795253,19.87,10.225,203.18,50.39,219.92,0.954,0.968,49.95,OK
1761724644.3816369,19.886,10.235,203.53,50.39,220.0,0.984,0.94,49.96,OK
1761724644.4841745,19.885,10.2,202.84,50.39,220.23,0.977,0.942,50.05,OK
1761724644.586706,19.84,10.173,201.85,50.39,219.86,0.937,0.979,49.97,OK
1761724644.6892602,19.807,10.258,203.17,50.39,219.74,0.966,0.957,49.95,OK
1761724644.7912924,19.842,10.266,203.69,50.39,219.65,0.978,0.948,50.01,OK
1761724644.8985462,19.81,10.34,204.83,50.39,219.73,1.006,0.927,49.98,OK
1761724645.001638,19.821,10.197,202.11,50.39,220.37,0.97,0.946,49.98,OK
1761724645.1031969,19.853,10.21,202.7,50.39,220.21,0.971,0.948,50.0,OK
1761724645.2072492,19.827,10.263,203.48,50.39,220.06,1.0,0.925,49.98,OK
1761724645.3112838,19.866,10.298,204.58,50.39,219.72,1.006,0.925,49.96,OK
1761724645.4141161,19.873,10.201,202.72,50.39,220.15,0.942,0.978,49.97,OK
1761724645.5195181,19.831,10.38,205.85,50.39,220.05,0.997,0.938,49.98,OK
1761724645.6211812,19.836,10.255,203.42,50.39,220.29,0.978,0.945,50.04,OK
1761724645.722982,19.793,10.254,202.95,50.39,220.05,0.976,0.945,50.04,OK
1761724645.824546,19.878,10.298,204.71,50.39,220.34,0.977,0.951,49.99,OK
1761724645.926258,19.851,10.199,202.47,50.39,220.31,0.957,0.96,49.97,OK
1761724646.0279229,19.842,10.198,202.35,50.39,220.34,0.962,0.954,49.99,OK
1761724646.1307147,19.812,10.303,204.11,50.39,219.73,0.965,0.962,49.98,OK
1761724646.2347686,19.884,10.222,203.24,50.39,220.32,0.954,0.967,49.96,OK
1761724646.3360598,19.838,10.337,205.07,50.39,220.26,0.981,0.949,49.99,OK
1761724646.4373772,19.814,10.266,203.42,50.39,219.91,0.945,0.979,50.05,OK
1761724646.5385418,19.799,10.207,202.08,50.39,220.21,0.995,0.922,50.01,OK
1761724646.6403182,19.862,10.311,204.79,50.39,220.04,0.994,0.936,50.02,OK
1761724646.741802,19.88,10.201,202.8,50.39,220.3,0.955,0.964,49.95,OK
1761724646.843094,19.847,10.312,204.66,50.39,219.93,1.0,0.931,50.03,OK
1761724646.9457703,19.819,10.373,205.59,50.39,219.75,1.017,0.92,50.0,OK
1761724647.047462,19.836,10.18,201.93,50.39,219.83,0.973,0.944,50.0,OK
1761724647.151122,19.844,10.29,204.2,50.39,220.01,1.008,0.921,50.03,OK
1761724647.2534075,19.855,10.342,205.34,50.39,219.98,0.96,0.973,50.04,OK
1761724647.3551934,19.84,10.216,202.69,50.39,220.39,0.996,0.924,50.03,OK
1761724647.456697,19.86,10.321,204.97,50.39,220.14,0.955,0.975,49.97,OK
1761724647.5584836,19.862,10.321,204.99,50.39,220.17,1.01,0.922,49.97,OK
1761724647.659651,19.832,10.268,203.64,50.39,220.22,0.998,0.927,50.03,OK
1761724647.7614415,19.868,10.261,203.87,50.39,219.66,0.968,0.958,49.99,OK
1761724647.8630178,19.833,10.32,204.69,50.39,220.27,0.992,0.937,50.04,OK
1761724647.976251,19.858,10.197,202.5,50.39,219.67,0.989,0.932,49.96,OK
1761724648.0860755,19.868,10.212,202.9,50.39,220.04,0.963,0.958,49.97,OK
1761724648.2122355,19.801,10.338,204.7,50.39,219.94,0.965,0.965,49.99,OK
1761724648.3198986,19.869,10.163,201.93,50.39,219.64,0.942,0.976,50.04,OK
1761724648.4230967,19.876,10.236,203.45,50.39,220.24,0.949,0.974,50.03,OK
1761724648.5266914,19.849,10.299,204.42,50.39,220.02,0.986,0.942,50.05,OK
1761724648.6385963,19.865,10.21,202.82,50.39,220.2,0.977,0.943,50.01,OK
1761724648.7624297,19.87,10.092,200.53,50.39,219.85,0.973,0.938,49.97,OK
1761724648.8721066,19.876,10.101,200.77,50.39,220.24,0.979,0.931,49.97,OK
1761724648.9890044,19.829,10.11,200.47,50.39,219.96,0.935,0.975,50.04,OK
1761724649.0932906,19.819,10.265,203.44,50.39,220.06,0.95,0.974,50.02,OK
1761724649.1969533,19.886,10.137,201.57,50.39,219.89,0.941,0.975,49.98,OK
1761724649.2982461,19.831,10.073,199.75,50.39,219.66,0.973,0.934,49.97,OK
1761724649.4002583,19.836,10.075,199.86,50.39,219.8,0.955,0.953,50.03,OK
1761724649.5019329,19.793,10.175,201.38,50.39,220.2,0.974,0.939,50.04,OK
1761724649.6037169,19.878,10.089,200.54,50.39,219.92,0.986,0.925,49.98,OK
1761724649.7048743,19.818,10.197,202.08,50.39,219.63,0.995,0.925,50.02,OK
1761724649.8061643,19.844,10.15,201.4,50.39,220.3,0.938,0.974,50.02,OK
1761724649.9133453,19.814,10.164,201.39,50.39,220.33,0.941,0.971,49.98,OK
1761724650.054397,19.816,10.194,202.0,50.39,219.62,0.986,0.932,50.02,OK
1761724650.179801,19.793,10.061,199.14,50.39,220.06,0.978,0.926,49.99,OK
1761724650.320829,19.836,10.15,201.33,50.39,219.67,0.985,0.931,50.03,OK
1761724650.427537,19.878,10.123,201.22,50.39,219.72,0.979,0.936,50.02,OK
1761724650.5373173,19.885,10.028,199.41,50.39,219.77,0.959,0.946,50.02,OK
1761724650.6943746,19.887,9.948,197.83,50.39,219.71,0.969,0.929,49.96,OK
1761724650.810691,19.867,9.963,197.93,50.39,220.12,0.965,0.932,50.03,OK
1761724650.920474,19.841,9.998,198.38,50.39,219.73,0.947,0.954,49.96,OK
1761724651.0287712,19.844,9.948,197.41,50.39,220.14,0.956,0.938,50.01,OK
1761724651.139572,19.863,10.057,199.75,50.39,219.8,0.947,0.96,49.97,OK
1761724651.2593791,19.872,10.073,200.17,50.39,220.16,0.983,0.925,49.97,OK
1761724651.3782828,19.805,10.005,198.15,50.39,220.36,0.969,0.928,49.95,OK
1761724651.4836426,19.801,10.0,198.01,50.39,220.17,0.959,0.938,50.03,OK
1761724651.5908103,19.809,10.026,198.6,50.39,220.29,0.941,0.958,49.96,OK
1761724651.6921,19.835,10.023,198.81,50.39,220.26,0.926,0.975,49.99,OK
1761724651.7937772,19.805,9.942,196.9,50.39,220.07,0.953,0.939,50.01,OK
1761724651.8955615,19.847,9.955,197.57,50.39,219.79,0.941,0.955,49.98,OK
1761724651.997722,19.798,9.954,197.06,50.39,219.99,0.916,0.978,49.98,OK
1761724652.1025205,19.868,9.962,197.93,50.39,220.01,0.962,0.936,50.01,OK
1761724652.2045152,19.875,9.915,197.07,50.39,220.4,0.963,0.928,49.97,OK
1761724652.3103027,19.79,10.041,198.72,50.39,220.11,0.952,0.949,49.98,OK
1761724652.4118996,19.879,9.91,197.01,50.39,219.81,0.929,0.964,50.0,OK
1761724652.5138593,19.878,9.969,198.17,50.39,220.21,0.935,0.962,50.01,OK
1761724652.6155243,19.842,9.944,197.31,50.39,219.6,0.94,0.956,49.96,OK
1761724652.7170267,19.82,9.997,198.15,50.39,219.86,0.924,0.976,50.04,OK
1761724652.8183978,19.801,10.013,198.26,50.39,220.23,0.946,0.952,49.99,OK
1761724652.9198854,19.822,9.874,195.71,50.39,219.96,0.958,0.928,50.05,OK
1761724653.0279956,19.815,9.871,195.59,50.39,219.64,0.959,0.928,49.99,OK
1761724653.1295688,19.858,9.957,197.73,50.39,220.32,0.929,0.966,50.02,OK
1761724653.2309728,19.869,9.837,195.45,50.39,220.23,0.949,0.935,49.96,OK
1761724653.3328207,19.886,9.828,195.45,50.39,220.17,0.909,0.976,50.03,OK
1761724653.4347177,19.837,9.844,195.28,50.39,220.27,0.95,0.933,50.02,OK
1761724653.537456,19.792,9.901,195.96,50.39,219.87,0.937,0.951,49.99,OK
1761724653.6396334,19.825,9.958,197.42,50.39,219.83,0.932,0.964,50.05,OK
1761724653.7415702,19.838,9.898,196.36,50.39,220.02,0.92,0.97,50.04,OK
1761724653.8429115,19.846,9.829,195.06,50.39,220.4,0.918,0.964,50.0,OK
1761724653.9441657,19.876,9.865,196.09,50.39,220.31,0.909,0.979,50.01,OK
1761724654.0464718,19.824,9.85,195.27,50.39,219.66,0.93,0.956,49.97,OK
1761724654.1502545,19.816,9.877,195.73,50.39,220.07,0.911,0.977,49.97,OK
1761724654.2533183,19.877,9.866,196.11,50.39,220.22,0.938,0.949,50.02,OK
1761724654.3545003,19.869,9.961,197.92,50.39,219.78,0.954,0.944,49.95,OK
1761724654.4557824,19.841,9.87,195.82,50.39,220.37,0.963,0.922,50.01,OK
1761724654.5639358,19.854,9.8,194.56,50.39,220.38,0.921,0.959,50.0,OK
1761724654.6693454,19.873,9.899,196.73,50.39,220.32,0.948,0.942,49.99,OK
1761724654.7710814,19.818,9.979,197.77,50.39,219.91,0.937,0.96,50.03,OK
1761724654.8726175,19.87,9.921,197.13,50.39,219.63,0.945,0.949,50.0,OK
1761724654.974997,19.811,9.827,194.69,50.39,219.68,0.947,0.936,50.0,OK
1761724655.0765936,19.793,10.001,197.95,50.39,220.26,0.944,0.952,50.0,OK
1761724655.1875052,19.82,9.97,197.59,50.39,219.82,0.973,0.924,49.96,OK
1761724655.2905297,19.815,9.847,195.13,50.39,220.32,0.933,0.95,50.02,OK
1761724655.395089,19.874,9.864,196.03,50.39,220.29,0.925,0.962,49.96,OK
1761724655.4974217,19.867,9.782,194.34,50.39,219.82,0.959,0.922,50.04,OK
1761724655.5987966,19.866,9.794,194.57,50.39,219.75,0.911,0.972,50.05,OK
1761724655.7009146,19.809,9.918,196.46,50.39,220.3,0.919,0.97,49.96,OK
1761724655.8025184,19.835,9.865,195.66,50.39,219.64,0.958,0.93,49.97,OK
1761724655.9036703,19.879,9.877,196.35,50.39,219.88,0.913,0.978,49.95,OK
1761724656.0048993,19.808,9.931,196.72,50.39,220.12,0.959,0.932,50.03,OK
1761724656.112076,19.792,9.879,195.54,50.39,219.62,0.948,0.939,49.98,OK
1761724656.2364743,19.806,9.943,196.94,50.39,219.72,0.939,0.954,50.0,OK
1761724656.3391669,19.826,9.89,196.09,50.39,219.63,0.954,0.936,49.96,OK
1761724656.44353,19.849,9.87,195.9,50.39,219.97,0.945,0.942,49.95,OK
1761724656.5457838,19.824,9.894,196.14,50.39,220.31,0.944,0.943,50.04,OK
1761724656.6479466,19.828,9.913,196.55,50.39,219.86,0.924,0.967,50.05,OK
1761724656.750422,19.809,9.894,195.99,50.39,220.33,0.931,0.956,49.98,OK
1761724656.8522284,19.827,9.911,196.51,50.39,219.88,0.953,0.937,50.03,OK
1761724656.9582725,19.8,9.984,197.68,50.39,219.85,0.919,0.979,50.01,OK
1761724657.060104,19.831,9.943,197.19,50.39,220.24,0.97,0.923,50.0,OK
1761724657.161057,19.834,9.856,195.47,50.39,219.85,0.961,0.926,50.02,OK
1761724657.2627187,19.838,9.871,195.82,50.39,219.92,0.914,0.975,49.98,OK
1761724657.3642268,19.828,9.898,196.25,50.39,220.37,0.913,0.975,50.02,OK
1761724657.4666555,19.878,9.863,196.07,50.39,220.28,0.929,0.958,50.03,OK
1761724657.5693023,19.797,10.053,199.03,50.39,219.92,0.974,0.929,49.97,OK
1761724657.6707022,19.858,10.001,198.59,50.39,220.17,0.971,0.929,50.02,OK
1761724657.772072,19.837,9.993,198.22,50.39,219.86,0.931,0.969,49.97,OK
1761724657.873783,19.801,9.993,197.88,50.39,220.0,0.921,0.977,50.03,OK
1761724657.9755874,19.836,9.872,195.83,50.39,220.04,0.961,0.926,50.04,OK
1761724658.0770078,19.82,10.025,198.71,50.39,219.66,0.963,0.939,49.99,OK
1761724658.178671,19.8,10.04,198.8,50.39,219.71,0.957,0.945,49.99,OK
1761724658.2801168,19.881,9.915,197.12,50.39,219.94,0.968,0.926,50.04,OK
1761724658.3819077,19.8,10.098,199.94,50.39,219.71,0.986,0.923,50.03,OK
1761724658.4835825,19.791,10.003,197.98,50.39,220.09,0.924,0.974,49.98,OK
1761724658.584919,19.857,10.078,200.12,50.39,219.62,0.975,0.935,49.97,OK
1761724658.7092032,19.868,10.075,200.17,50.39,220.06,0.957,0.951,49.99,OK
1761724658.8748143,19.848,10.021,198.91,50.39,219.95,0.924,0.979,50.05,OK
1761724658.9764502,19.88,9.905,196.91,50.39,219.65,0.926,0.968,49.98,OK
1761724659.0780716,19.841,10.02,198.81,50.39,219.95,0.951,0.951,49.96,OK
1761724659.179321,19.852,10.099,200.48,50.39,219.78,0.962,0.949,49.97,OK
1761724659.2806928,19.818,9.963,197.45,50.39,219.8,0.946,0.95,50.04,OK
1761724659.3846707,19.836,10.111,200.57,50.39,220.06,0.98,0.93,50.02,OK
1761724659.487704,19.834,9.971,197.75,50.39,220.29,0.946,0.949,50.01,OK
1761724659.588865,19.85,10.111,200.71,50.39,219.83,0.946,0.965,50.05,OK
1761724659.6903765,19.817,10.145,201.06,50.39,220.23,0.965,0.946,49.98,OK
1761724659.7916021,19.807,10.108,200.21,50.39,219.65,0.937,0.972,49.97,OK
1761724659.892891,19.885,10.071,200.26,50.39,219.66,0.948,0.962,50.04,OK
1761724659.9995105,19.879,10.008,198.95,50.39,220.3,0.956,0.945,50.02,OK
1761724660.1142325,19.827,9.999,198.26,50.39,219.65,0.954,0.946,50.02,OK
1761724660.2243774,19.834,10.029,198.91,50.39,219.83,0.961,0.942,50.04,OK
1761724660.332825,19.856,10.09,200.35,50.39,220.09,0.929,0.98,49.95,OK
1761724660.4380772,19.839,10.045,199.29,50.39,220.07,0.938,0.966,49.98,OK
1761724660.5393736,19.862,10.02,199.01,50.39,219.92,0.962,0.941,50.01,OK
1761724660.6450703,19.854,10.14,201.33,50.39,220.09,0.938,0.975,49.96,OK
1761724660.7476594,19.84,10.12,200.79,50.39,220.07,0.955,0.956,49.96,OK
1761724660.849033,19.806,10.1,200.03,50.39,220.35,0.953,0.953,50.02,OK
1761724660.9514327,19.819,10.08,199.77,50.39,220.38,0.962,0.943,50.04,OK
1761724661.053725,19.825,10.16,201.42,50.39,220.11,0.948,0.965,49.99,OK
1761724661.287665,19.807,10.241,202.85,50.39,220.25,0.993,0.928,50.01,OK
1761724661.3892317,19.855,10.086,200.26,50.39,219.72,0.965,0.945,49.98,OK
1761724661.4908383,19.845,10.267,203.75,50.39,219.96,0.952,0.973,49.97,OK
1761724661.5936263,19.849,10.155,201.56,50.39,220.08,0.972,0.942,49.99,OK
1761724661.6951954,19.879,10.105,200.87,50.39,219.68,0.975,0.937,50.0,OK
1761724661.796305,19.883,10.197,202.75,50.39,219.74,0.984,0.937,49.99,OK
1761724661.8974972,19.828,10.208,202.4,50.39,220.16,0.939,0.979,49.99,OK
1761724661.999282,19.887,10.103,200.93,50.39,220.09,0.956,0.954,50.03,OK
1761724662.1008863,19.837,10.297,204.27,50.39,220.1,0.984,0.944,49.97,OK
1761724662.2020493,19.863,10.17,202.01,50.39,219.61,0.972,0.946,49.98,OK
1761724662.3037395,19.807,10.21,202.23,50.39,219.93,0.988,0.931,49.98,OK
1761724662.4049425,19.825,10.296,204.12,50.39,220.01,0.969,0.958,49.99,OK
1761724662.5065565,19.798,10.35,204.9,50.39,220.16,0.969,0.96,49.99,OK
1761724662.6081161,19.807,10.29,203.82,50.39,219.71,0.978,0.949,50.04,OK
1761724662.7096887,19.808,10.249,203.02,50.39,219.76,0.95,0.973,49.99,OK
1761724662.810969,19.853,10.302,204.53,50.39,220.17,0.954,0.974,49.97,OK
1761724662.912627,19.848,10.278,203.99,50.39,220.37,0.991,0.934,50.02,OK
1761724663.0138268,19.834,10.28,203.89,50.39,219.78,0.973,0.953,49.99,OK
1761724663.1155112,19.883,10.254,203.87,50.39,220.17,0.956,0.968,50.05,OK
1761724663.217113,19.871,10.195,202.58,50.39,219.83,0.942,0.978,49.96,OK
1761724663.3186142,19.828,10.234,202.92,50.39,220.14,0.965,0.956,50.04,OK
1761724663.4200988,19.832,10.254,203.36,50.39,220.26,0.99,0.933,49.99,OK
1761724663.5216045,19.873,10.183,202.36,50.39,219.64,0.983,0.937,50.03,OK
1761724663.623084,19.887,10.266,204.15,50.39,220.09,0.981,0.946,50.01,OK
1761724663.7250884,19.857,10.285,204.23,50.39,220.03,0.984,0.943,49.98,OK
1761724663.8264675,19.848,10.336,205.14,50.39,220.16,0.99,0.941,49.97,OK
1761724663.9277692,19.831,10.369,205.62,50.39,220.03,1.004,0.93,49.98,OK
1761724664.0291026,19.802,10.272,203.39,50.39,219.92,0.961,0.962,49.99,OK
1761724664.1307673,19.885,10.249,203.79,50.39,219.68,0.949,0.978,50.0,OK
1761724664.5382395,19.828,10.345,205.12,50.39,219.9,0.968,0.964,49.95,OK
1761724664.8199143,19.85,10.282,204.1,50.39,220.4,0.982,0.943,50.05,OK
1761724664.9296882,19.881,10.19,202.6,50.39,219.75,0.951,0.969,49.99,OK
1761724665.0409913,19.814,10.294,203.95,50.39,220.39,1.0,0.925,49.99,OK
1761724665.1426618,19.799,10.268,203.3,50.39,219.71,0.992,0.933,49.95,OK
1761724665.2448442,19.822,10.31,204.37,50.39,220.21,0.974,0.953,50.01,OK
1761724665.3469121,19.87,10.312,204.9,50.39,219.82,0.988,0.944,49.99,OK
1761724665.448528,19.864,10.187,202.36,50.39,219.68,0.997,0.924,49.98,OK
1761724665.550195,19.857,10.281,204.15,50.39,220.32,0.978,0.948,49.98,OK
1761724665.6518648,19.823,10.354,205.25,50.39,219.9,0.975,0.958,50.0,OK
1761724665.753352,19.847,10.204,202.52,50.39,220.33,0.938,0.979,50.01,OK
1761724665.8552449,19.821,10.345,205.05,50.39,219.79,0.978,0.954,49.96,OK
1761724665.9579053,19.822,10.368,205.51,50.39,220.28,0.953,0.979,49.99,OK
1761724666.0621085,19.809,10.331,204.65,50.39,220.21,0.983,0.946,50.0,OK
1761724666.164274,19.846,10.165,201.73,50.39,220.17,0.945,0.97,50.04,OK
1761724666.268548,19.807,10.304,204.1,50.39,220.34,0.981,0.945,50.0,OK
1761724666.374339,19.879,10.138,201.53,50.39,220.16,0.949,0.965,49.95,OK
1761724666.4775035,19.827,10.296,204.13,50.39,220.21,0.967,0.959,49.95,OK
1761724666.5852888,19.813,10.167,201.45,50.39,220.33,0.942,0.971,50.02,OK
1761724666.6874664,19.79,10.349,204.81,50.39,219.74,0.98,0.951,50.05,OK
1761724666.7926502,19.819,10.345,205.03,50.39,219.66,0.983,0.949,50.04,OK
1761724666.8967152,19.823,10.307,204.3,50.39,220.19,1.004,0.924,50.02,OK
1761724666.9994946,19.86,10.223,203.02,50.39,220.06,0.955,0.966,50.01,OK
1761724667.1132858,19.796,10.156,201.04,50.39,219.72,0.967,0.947,50.04,OK
1761724667.2168477,19.858,10.227,203.08,50.39,219.62,0.947,0.976,49.96,OK
1761724667.3266284,19.85,10.163,201.73,50.39,220.0,0.978,0.938,49.95,OK
1761724667.434531,19.846,10.297,204.35,50.39,220.08,0.998,0.93,50.04,OK
1761724667.5361948,19.844,10.095,200.32,50.39,220.21,0.965,0.942,49.96,OK
1761724667.650703,19.814,10.289,203.86,50.39,219.87,0.991,0.935,49.97,OK
1761724667.752381,19.889,10.199,202.86,50.39,219.61,0.961,0.961,50.03,OK
1761724667.858667,19.824,10.255,203.29,50.39,219.83,0.95,0.974,50.01,OK
1761724667.9684632,19.851,10.079,200.08,50.39,220.16,0.951,0.956,49.95,OK
1761724668.0715208,19.832,10.164,201.58,50.39,220.13,0.952,0.962,50.04,OK
1761724668.1733973,19.826,10.133,200.89,50.39,220.07,0.983,0.929,50.02,OK
1761724668.275579,19.804,10.272,203.43,50.39,220.13,0.98,0.943,49.98,OK
1761724668.3799565,19.801,10.139,200.76,50.39,220.32,0.986,0.924,50.0,OK
1761724668.48203,19.872,10.033,199.38,50.39,220.33,0.93,0.973,49.96,OK
1761724668.583724,19.82,10.092,200.02,50.39,220.21,0.938,0.969,50.01,OK
1761724668.6853857,19.846,10.066,199.76,50.39,219.66,0.966,0.942,49.98,OK
1761724668.787074,19.848,10.091,200.29,50.39,219.89,0.966,0.943,49.97,OK
1761724668.888638,19.814,10.123,200.58,50.39,219.64,0.964,0.947,50.02,OK
1761724668.9898362,19.889,10.136,201.59,50.39,220.3,0.954,0.96,49.96,OK
1761724669.0914927,19.815,10.095,200.03,50.39,220.09,0.936,0.971,50.05,OK
1761724669.1932766,19.829,10.132,200.9,50.39,219.75,0.946,0.966,49.96,OK
1761724669.2950382,19.857,10.14,201.35,50.39,220.13,0.981,0.933,50.02,OK
1761724669.399286,19.855,10.157,201.66,50.39,219.87,0.972,0.944,49.98,OK
1761724669.501961,19.855,10.03,199.14,50.39,220.18,0.964,0.938,50.0,OK
1761724669.6407785,19.869,10.085,200.39,50.39,220.22,0.94,0.968,50.0,OK
1761724669.8129756,19.874,10.065,200.04,50.39,220.01,0.948,0.959,50.04,OK
1761724669.9378862,19.844,10.092,200.27,50.39,219.77,0.966,0.943,50.03,OK
1761724670.1422336,19.794,10.036,198.64,50.39,219.63,0.949,0.953,49.98,OK
1761724670.2531233,19.855,9.982,198.2,50.39,220.18,0.929,0.969,49.98,OK
1761724670.3609228,19.798,9.938,196.76,50.39,220.32,0.927,0.964,50.01,OK
1761724670.4626086,19.803,9.937,196.79,50.39,219.61,0.952,0.941,50.02,OK
1761724670.566679,19.8,10.021,198.42,50.39,220.21,0.941,0.958,49.99,OK
1761724670.6704566,19.881,9.89,196.62,50.39,220.24,0.927,0.963,50.04,OK
1761724670.7722518,19.818,9.956,197.3,50.39,220.1,0.916,0.978,50.0,OK
1761724670.8734112,19.843,10.044,199.29,50.39,220.15,0.981,0.923,49.97,OK
1761724670.9748383,19.86,10.043,199.45,50.39,220.03,0.929,0.976,49.95,OK
1761724671.0765114,19.874,9.949,197.73,50.39,219.95,0.963,0.934,49.99,OK
1761724671.1780763,19.87,9.992,198.55,50.39,219.71,0.962,0.94,50.05,OK
1761724671.2798588,19.861,9.865,195.94,50.39,220.14,0.963,0.924,49.97,OK
1761724671.3812873,19.848,9.95,197.49,50.39,219.9,0.925,0.971,49.96,OK
1761724671.4829543,19.807,9.892,195.94,50.39,220.09,0.911,0.977,50.01,OK
1761724671.5877361,19.837,9.917,196.73,50.39,219.82,0.959,0.933,49.99,OK
1761724671.689019,19.833,9.959,197.51,50.39,219.87,0.945,0.951,50.04,OK
1761724671.7934797,19.802,10.03,198.62,50.39,220.33,0.954,0.945,49.95,OK
1761724671.8952658,19.865,9.842,195.51,50.39,219.69,0.939,0.948,49.95,OK
1761724671.9969206,19.823,9.913,196.51,50.39,220.13,0.943,0.946,50.02,OK
1761724672.1026053,19.848,9.905,196.61,50.39,220.39,0.954,0.935,50.0,OK
1761724672.2053084,19.887,9.974,198.35,50.39,220.3,0.964,0.934,49.96,OK
1761724672.3066995,19.829,10.0,198.3,50.39,219.96,0.979,0.92,50.05,OK
1761724672.4249356,19.792,9.934,196.63,50.39,220.07,0.969,0.922,49.97,OK
1761724672.5265925,19.847,9.962,197.71,50.39,219.87,0.954,0.943,49.96,OK
1761724672.6282566,19.863,9.832,195.28,50.39,220.27,0.943,0.94,50.0,OK
1761724672.7295446,19.852,9.807,194.68,50.39,220.2,0.951,0.93,50.01,OK
1761724672.831219,19.872,9.899,196.72,50.39,219.79,0.938,0.954,49.95,OK
1761724672.9330187,19.844,9.889,196.24,50.39,219.76,0.953,0.937,49.99,OK
1761724673.0346816,19.885,9.938,197.63,50.39,219.84,0.923,0.974,50.03,OK
1761724673.1359675,19.881,9.772,194.27,50.39,220.11,0.906,0.974,49.96,OK
1761724673.2386265,19.826,9.832,194.93,50.39,220.03,0.96,0.923,49.96,OK
1761724673.3404212,19.817,9.848,195.16,50.39,220.05,0.94,0.943,49.97,OK
1761724673.4419818,19.853,9.809,194.74,50.39,220.15,0.943,0.938,49.95,OK
1761724673.5436678,19.85,9.978,198.06,50.39,219.88,0.971,0.928,50.01,OK
1761724673.6453748,19.861,9.938,197.37,50.39,220.04,0.93,0.964,50.01,OK
1761724673.7470546,19.871,9.937,197.47,50.39,219.68,0.975,0.922,50.03,OK
1761724673.854842,19.855,9.898,196.53,50.39,219.63,0.934,0.958,50.04,OK
1761724673.9561646,19.882,9.776,194.36,50.39,220.24,0.921,0.958,50.03,OK
1761724674.0578299,19.828,9.816,194.63,50.39,219.63,0.95,0.933,50.01,OK
1761724674.1596396,19.816,9.888,195.95,50.39,219.95,0.967,0.922,49.95,OK
1761724674.2613013,19.822,9.896,196.15,50.39,219.73,0.961,0.929,50.04,OK
1761724674.3632598,19.844,9.975,197.95,50.39,219.91,0.935,0.962,49.96,OK
1761724674.4650574,19.796,9.818,194.35,50.39,219.84,0.958,0.923,50.01,OK
1761724674.5667274,19.863,9.963,197.89,50.39,220.27,0.951,0.945,50.01,OK
1761724674.6680264,19.842,9.791,194.28,50.39,220.36,0.9,0.979,50.03,OK
1761724674.7696998,19.836,9.805,194.48,50.39,220.03,0.904,0.977,50.02,OK
1761724674.8714933,19.824,9.98,197.84,50.39,220.19,0.972,0.925,50.04,OK
1761724674.9730732,19.837,9.932,197.03,50.39,220.18,0.954,0.938,50.0,OK
1761724675.0743601,19.822,9.812,194.5,50.39,220.35,0.952,0.927,50.04,OK
1761724675.1760309,19.8,9.962,197.24,50.39,219.91,0.931,0.963,49.97,OK
1761724675.2782145,19.811,9.928,196.69,50.39,219.88,0.956,0.935,50.02,OK
1761724675.38497,19.868,9.927,197.24,50.39,219.82,0.927,0.968,50.01,OK
1761724675.4876375,19.808,9.88,195.71,50.39,220.12,0.941,0.945,49.97,OK
1761724675.5909333,19.809,9.82,194.51,50.39,219.82,0.937,0.944,50.02,OK
1761724675.693104,19.808,9.959,197.27,50.39,219.64,0.935,0.96,50.0,OK
1761724675.794888,19.838,9.932,197.03,50.39,219.61,0.927,0.968,50.05,OK
1761724675.8964589,19.832,9.97,197.73,50.39,220.06,0.945,0.95,49.99,OK
1761724675.999251,19.82,9.886,195.95,50.39,220.26,0.943,0.944,50.0,OK
1761724676.1009126,19.888,9.828,195.46,50.39,219.78,0.919,0.968,49.97,OK
1761724676.202358,19.842,9.863,195.7,50.39,220.24,0.921,0.965,49.95,OK
1761724676.304023,19.876,9.845,195.68,50.39,219.72,0.915,0.973,49.99,OK
1761724676.405553,19.796,9.911,196.19,50.39,219.88,0.968,0.922,49.95,OK
1761724676.5071905,19.801,10.027,198.55,50.39,219.7,0.979,0.923,50.03,OK
1761724676.6083293,19.863,9.994,198.52,50.39,220.38,0.969,0.929,49.99,OK
1761724676.709654,19.876,9.925,197.28,50.39,219.81,0.971,0.925,49.98,OK
1761724676.8108156,19.79,10.078,199.44,50.39,220.04,0.955,0.949,50.01,OK
1761724676.912418,19.865,10.012,198.9,50.39,220.17,0.962,0.94,50.04,OK
1761724677.0137973,19.85,10.042,199.33,50.39,220.23,0.977,0.927,49.97,OK
1761724677.1154485,19.844,10.06,199.63,50.39,219.63,0.949,0.957,50.01,OK
1761724677.21691,19.799,10.021,198.4,50.39,220.24,0.938,0.961,50.0,OK
1761724677.318216,19.832,9.904,196.42,50.39,220.22,0.916,0.974,50.04,OK
1761724677.4199564,19.889,9.891,196.73,50.39,220.13,0.94,0.95,50.01,OK
1761724677.5215635,19.796,10.068,199.3,50.39,219.65,0.951,0.954,49.97,OK
1761724677.622551,19.791,10.078,199.44,50.39,219.93,0.985,0.921,50.02,OK
1761724677.7236392,19.886,10.037,199.59,50.39,219.64,0.952,0.955,49.97,OK
1761724677.824652,19.838,9.947,197.33,50.39,219.95,0.944,0.951,49.96,OK
1761724677.9257123,19.816,9.98,197.77,50.39,220.4,0.972,0.924,50.02,OK
1761724678.027073,19.823,10.018,198.59,50.39,219.7,0.933,0.969,50.02,OK
1761724678.1284642,19.795,9.978,197.52,50.39,219.97,0.929,0.967,50.03,OK
1761724678.229853,19.861,10.017,198.96,50.39,219.99,0.946,0.956,50.04,OK
1761724678.3310585,19.846,10.066,199.76,50.39,220.02,0.959,0.947,50.0,OK
1761724678.4324942,19.809,10.12,200.46,50.39,219.72,0.956,0.955,49.97,OK
1761724678.5337188,19.835,10.005,198.45,50.39,219.73,0.928,0.973,49.96,OK
1761724678.634974,19.874,9.968,198.11,50.39,219.81,0.927,0.972,50.03,OK
1761724678.736441,19.857,9.992,198.41,50.39,220.05,0.969,0.93,49.99,OK
1761724678.8376648,19.811,10.123,200.55,50.39,220.24,0.942,0.967,49.97,OK
1761724678.9421773,19.822,10.041,199.03,50.39,220.04,0.949,0.953,49.97,OK
1761724679.0432403,19.804,10.09,199.82,50.39,220.27,0.985,0.921,49.97,OK
1761724679.1452851,19.859,10.114,200.86,50.39,220.07,0.989,0.923,50.01,OK
1761724679.2463295,19.875,10.11,200.93,50.39,220.14,0.985,0.927,50.04,OK
1761724679.3475888,19.857,10.097,200.5,50.39,219.76,0.989,0.923,50.01,OK
1761724679.4489799,19.862,10.056,199.74,50.39,219.78,0.956,0.951,50.01,OK
1761724679.5514042,19.839,10.035,199.07,50.39,220.17,0.938,0.964,49.97,OK
1761724679.654728,19.81,10.188,201.82,50.39,219.61,0.942,0.976,50.0,OK
1761724679.756335,19.877,10.181,202.36,50.39,219.7,0.946,0.974,50.04,OK
1761724679.8581283,19.847,10.23,203.03,50.39,220.14,0.994,0.928,49.98,OK
1761724679.9596524,19.887,10.225,203.34,50.39,219.69,0.974,0.95,49.96,OK
1761724680.0612373,19.888,10.219,203.24,50.39,220.02,0.95,0.972,50.01,OK
1761724680.1670034,19.808,10.238,202.79,50.39,219.87,0.971,0.95,50.03,OK
1761724680.2688649,19.876,10.091,200.56,50.39,220.32,0.966,0.943,49.96,OK
1761724680.370495,19.866,10.237,203.36,50.39,220.0,0.986,0.938,49.98,OK
1761724680.472904,19.856,10.128,201.1,50.39,220.0,0.965,0.947,49.96,OK
1761724680.5744972,19.881,10.112,201.03,50.39,220.11,0.971,0.94,50.01,OK
1761724680.7115653,19.848,10.278,204.01,50.39,220.36,0.971,0.954,49.95,OK
1761724680.8133981,19.8,10.308,204.1,50.39,220.35,1.004,0.923,49.96,OK
1761724680.915189,19.791,10.257,202.99,50.39,219.7,0.95,0.973,49.97,OK
1761724681.016501,19.833,10.153,201.38,50.39,219.97,0.952,0.961,49.99,OK
1761724681.118645,19.798,10.169,201.34,50.39,219.87,0.948,0.966,50.0,OK
1761724681.2198064,19.848,10.153,201.52,50.39,220.04,0.982,0.932,50.03,OK
1761724681.3210537,19.871,10.246,203.59,50.39,220.03,0.986,0.938,50.0,OK
1761724681.4223342,19.845,10.189,202.21,50.39,219.73,0.95,0.969,49.97,OK
1761724681.5234659,19.87,10.222,203.11,50.39,219.66,0.95,0.974,50.01,OK
1761724681.6247609,19.854,10.194,202.4,50.39,219.63,0.969,0.951,50.01,OK
1761724681.7264855,19.871,10.151,201.7,50.39,219.9,0.974,0.942,50.05,OK
1761724681.8276157,19.856,10.334,205.19,50.39,220.05,0.962,0.97,50.01,OK
1761724681.928827,19.826,10.19,202.03,50.39,219.7,0.996,0.924,50.05,OK
1761724682.0300708,19.834,10.266,203.63,50.39,219.91,0.948,0.977,50.02,OK
1761724682.1314862,19.873,10.343,205.53,50.39,219.83,0.98,0.954,49.98,OK
1761724682.2328808,19.885,10.236,203.54,50.39,220.13,0.982,0.941,50.04,OK
1761724682.3342917,19.877,10.263,204.01,50.39,220.23,0.972,0.953,50.05,OK
1761724682.4357052,19.791,10.31,204.04,50.39,220.03,0.999,0.928,50.02,OK
1761724682.5368495,19.802,10.237,202.72,50.39,220.28,0.947,0.971,49.99,OK
1761724682.6383314,19.853,10.257,203.62,50.39,220.21,0.99,0.934,50.03,OK
1761724682.7399876,19.847,10.312,204.66,50.39,220.02,0.979,0.95,50.02,OK
1761724682.8416278,19.82,10.228,202.71,50.39,219.8,0.943,0.978,50.02,OK
1761724682.9428706,19.803,10.398,205.92,50.39,219.9,0.956,0.98,49.95,OK
1761724683.043882,19.829,10.37,205.62,50.39,219.83,0.957,0.978,50.0,OK
1761724683.1452982,19.804,10.291,203.8,50.39,219.77,0.982,0.945,50.0,OK
1761724683.246784,19.82,10.242,203.0,50.39,219.89,0.956,0.965,49.98,OK
1761724683.3519526,19.809,10.315,204.33,50.39,220.26,0.963,0.964,50.03,OK
1761724683.4560878,19.889,10.341,205.67,50.39,220.27,1.002,0.932,49.97,OK
1761724683.5576236,19.872,10.301,204.69,50.39,219.89,0.98,0.95,49.95,OK
1761724683.664425,19.872,10.273,204.16,50.39,220.13,0.975,0.952,49.96,OK
1761724683.766176,19.848,10.275,203.94,50.39,220.36,0.99,0.935,49.99,OK
1761724683.867309,19.815,10.288,203.87,50.39,219.9,0.995,0.931,50.0,OK
1761724683.9683468,19.817,10.272,203.55,50.39,219.68,1.004,0.923,49.99,OK
1761724684.0696619,19.885,10.164,202.12,50.39,219.97,0.993,0.925,50.04,OK
1761724684.170838,19.889,10.305,204.95,50.39,219.97,0.97,0.961,50.04,OK
1761724684.2726285,19.82,10.264,203.44,50.39,220.02,0.992,0.932,49.97,OK
1761724684.3740273,19.871,10.212,202.93,50.39,220.06,0.989,0.933,50.01,OK
1761724684.4756565,19.822,10.381,205.77,50.39,219.87,0.96,0.975,50.0,OK
1761724684.5770981,19.863,10.209,202.79,50.39,220.32,0.972,0.947,49.99,OK
1761724684.6783383,19.793,10.31,204.06,50.39,219.76,0.983,0.944,50.02,OK
1761724684.7798188,19.876,10.324,205.19,50.39,219.86,0.963,0.969,49.98,OK
1761724684.8817701,19.814,10.354,205.15,50.39,220.17,1.01,0.923,49.97,OK
1761724684.983569,19.835,10.167,201.66,50.39,220.13,0.989,0.927,50.05,OK
1761724685.0851765,19.881,10.165,202.09,50.39,220.33,0.948,0.967,50.01,OK
1761724685.1864052,19.846,10.187,202.17,50.39,220.22,0.99,0.927,49.99,OK
1761724685.2877834,19.847,10.276,203.95,50.39,220.05,0.975,0.95,49.99,OK
1761724685.3888998,19.814,10.212,202.35,50.39,219.77,0.993,0.927,49.97,OK
1761724685.4909108,19.818,10.279,203.72,50.39,219.74,0.955,0.971,50.02,OK
1761724685.5919907,19.796,10.223,202.37,50.39,219.8,0.966,0.953,50.02,OK
1761724685.693024,19.848,10.311,204.65,50.39,219.98,0.977,0.952,50.0,OK
1761724685.7946079,19.793,10.271,203.3,50.39,220.17,0.983,0.94,50.01,OK
1761724685.8963923,19.864,10.2,202.62,50.39,219.86,0.968,0.952,50.03,OK
1761724685.9985523,19.818,10.186,201.87,50.39,219.74,0.947,0.97,49.99,OK
1761724686.1003346,19.851,10.21,202.69,50.39,219.89,0.996,0.925,50.01,OK
1761724686.2016573,19.883,10.106,200.93,50.39,219.96,0.937,0.975,50.05,OK
1761724686.3073206,19.809,10.273,203.5,50.39,220.07,0.961,0.962,50.0,OK
1761724686.4130416,19.815,10.135,200.84,50.39,220.04,0.968,0.943,50.0,OK
1761724686.5147152,19.849,10.13,201.07,50.39,219.77,0.985,0.928,50.0,OK
1761724686.6162322,19.831,10.132,200.92,50.39,219.76,0.968,0.944,49.98,OK
1761724686.7174582,19.83,10.195,202.16,50.39,219.82,0.992,0.927,49.96,OK
1761724686.8188596,19.829,10.116,200.6,50.39,220.35,0.938,0.97,50.04,OK
1761724686.920712,19.873,10.138,201.47,50.39,220.22,0.986,0.928,49.99,OK
1761724687.0220945,19.863,10.128,201.17,50.39,220.03,0.952,0.961,50.02,OK
1761724687.1233633,19.826,10.237,202.96,50.39,219.63,1.001,0.923,49.95,OK
1761724687.2246988,19.812,10.149,201.08,50.39,219.82,0.982,0.931,49.95,OK
1761724687.3258822,19.889,10.1,200.89,50.39,220.03,0.932,0.98,49.98,OK
1761724687.4271643,19.864,10.11,200.82,50.39,220.12,0.977,0.934,49.97,OK
1761724687.5285091,19.859,10.189,202.35,50.39,219.65,0.985,0.936,49.99,OK
1761724687.6297045,19.805,10.194,201.89,50.39,219.65,0.966,0.952,50.0,OK
1761724687.7310154,19.791,10.061,199.12,50.39,219.97,0.951,0.952,50.03,OK
1761724687.8321671,19.873,10.172,202.14,50.39,220.35,0.953,0.963,50.03,OK
1761724687.9333966,19.799,10.103,200.04,50.39,220.1,0.948,0.959,50.03,OK
1761724688.035482,19.807,10.034,198.74,50.39,220.37,0.969,0.931,50.0,OK
1761724688.1366587,19.842,10.013,198.67,50.39,220.35,0.951,0.948,50.01,OK
1761724688.2376544,19.835,9.989,198.14,50.39,219.7,0.945,0.954,50.02,OK
1761724688.3388715,19.873,10.03,199.33,50.39,219.82,0.959,0.945,50.03,OK
1761724688.4402251,19.855,10.064,199.83,50.39,220.16,0.936,0.97,50.0,OK
1761724688.541476,19.851,9.978,198.08,50.39,219.68,0.966,0.933,49.96,OK
1761724688.642885,19.886,10.088,200.61,50.39,220.29,0.965,0.944,50.02,OK
1761724688.7443442,19.861,10.131,201.22,50.39,220.17,0.976,0.936,49.95,OK
1761724688.8456554,19.86,10.115,200.88,50.39,219.74,0.992,0.922,50.01,OK
1761724688.9467185,19.82,9.947,197.14,50.39,219.92,0.973,0.922,50.0,OK
1761724689.0479496,19.849,9.962,197.72,50.39,220.1,0.927,0.969,49.95,OK
1761724689.1491084,19.844,10.058,199.6,50.39,219.73,0.97,0.936,49.97,OK
1761724689.2508214,19.793,10.091,199.72,50.39,219.87,0.938,0.969,49.95,OK
1761724689.3518844,19.819,9.937,196.95,50.39,219.69,0.927,0.967,49.95,OK
1761724689.4533992,19.842,10.019,198.8,50.39,220.29,0.925,0.975,49.99,OK
1761724689.5547724,19.826,10.046,199.17,50.39,220.18,0.975,0.928,49.98,OK
1761724689.6557128,19.811,10.089,199.87,50.39,220.21,0.98,0.926,49.98,OK
1761724689.756675,19.81,10.055,199.2,50.39,220.17,0.952,0.951,50.02,OK
1761724689.857856,19.889,9.997,198.83,50.39,220.25,0.964,0.936,50.03,OK
1761724689.9591637,19.824,10.031,198.84,50.39,219.65,0.967,0.936,49.98,OK
1761724690.0603259,19.832,9.892,196.17,50.39,219.72,0.953,0.937,50.02,OK
1761724690.1613877,19.816,9.93,196.78,50.39,220.01,0.947,0.944,49.99,OK
1761724690.262666,19.867,9.997,198.62,50.39,220.11,0.961,0.939,50.0,OK
1761724690.364169,19.83,10.054,199.36,50.39,219.61,0.977,0.93,49.96,OK
1761724690.4652143,19.868,9.899,196.67,50.39,219.68,0.914,0.979,50.01,OK
1761724690.566578,19.806,10.056,199.17,50.39,219.82,0.96,0.944,50.04,OK
1761724690.6680977,19.857,9.932,197.22,50.39,219.76,0.936,0.959,49.95,OK
1761724690.7692618,19.792,9.862,195.18,50.39,220.07,0.931,0.953,50.0,OK
1761724690.870403,19.828,9.92,196.69,50.39,219.81,0.914,0.979,49.96,OK
1761724691.0273898,19.876,9.98,198.37,50.39,220.4,0.954,0.944,49.95,OK
1761724691.1527872,19.847,10.007,198.6,50.39,220.31,0.977,0.923,50.03,OK
1761724691.294349,19.836,9.92,196.77,50.39,219.96,0.972,0.92,50.04,OK
1761724691.398357,19.85,9.891,196.32,50.39,219.85,0.969,0.921,50.05,OK
1761724691.5000336,19.822,9.895,196.14,50.39,220.36,0.942,0.945,49.96,OK
1761724691.6017659,19.791,9.844,194.82,50.39,220.32,0.935,0.946,49.98,OK
1761724691.702954,19.882,9.857,195.98,50.39,220.06,0.919,0.969,50.02,OK
1761724691.8044388,19.796,9.925,196.48,50.39,219.75,0.932,0.96,50.02,OK
1761724691.9062195,19.87,9.855,195.81,50.39,220.27,0.965,0.921,50.05,OK
1761724692.0078812,19.812,9.891,195.96,50.39,220.19,0.934,0.952,49.98,OK
1761724692.1094515,19.832,9.806,194.48,50.39,220.03,0.958,0.923,50.04,OK
1761724692.2128663,19.793,9.862,195.19,50.39,220.04,0.943,0.941,49.96,OK
1761724692.31458,19.885,9.891,196.67,50.39,220.09,0.925,0.967,50.02,OK
1761724692.4162908,19.829,9.938,197.06,50.39,220.32,0.959,0.932,49.98,OK
1761724692.5179782,19.853,9.895,196.44,50.39,219.65,0.922,0.97,50.0,OK
1761724692.6190217,19.834,9.97,197.73,50.39,220.08,0.923,0.974,49.97,OK
1761724692.7205422,19.865,9.839,195.45,50.39,220.13,0.937,0.948,50.01,OK
1761724692.8221247,19.847,9.949,197.46,50.39,219.91,0.941,0.954,49.96,OK
1761724692.9234264,19.835,9.97,197.76,50.39,220.21,0.929,0.967,50.04,OK
1761724693.0246894,19.851,9.778,194.11,50.39,220.32,0.925,0.953,49.96,OK
1761724693.1261022,19.803,9.835,194.76,50.39,220.36,0.95,0.931,50.01,OK
1761724693.2273357,19.797,9.962,197.23,50.39,220.32,0.941,0.951,49.97,OK
1761724693.3286262,19.816,9.861,195.4,50.39,220.06,0.964,0.921,50.02,OK
1761724693.4294806,19.799,9.856,195.14,50.39,220.31,0.939,0.943,50.02,OK
1761724693.530611,19.824,9.901,196.27,50.39,219.97,0.925,0.965,49.95,OK
1761724693.631921,19.833,9.965,197.63,50.39,220.33,0.938,0.956,50.01,OK
1761724693.7331612,19.88,9.794,194.69,50.39,219.66,0.924,0.96,49.95,OK
1761724693.834134,19.856,9.886,196.29,50.39,220.13,0.966,0.923,50.02,OK
1761724693.9351122,19.859,9.926,197.11,50.39,219.83,0.953,0.941,50.01,OK
1761724694.0361733,19.835,9.815,194.69,50.39,219.87,0.96,0.922,50.01,OK
1761724694.1373293,19.791,9.868,195.29,50.39,219.98,0.924,0.96,50.03,OK
1761724694.2388718,19.839,9.965,197.69,50.39,219.76,0.949,0.948,49.98,OK
1761724694.3415344,19.829,9.904,196.39,50.39,220.32,0.939,0.949,50.04,OK
1761724694.442656,19.797,9.963,197.23,50.39,220.34,0.946,0.946,49.99,OK
1761724694.5437243,19.868,9.859,195.87,50.39,219.71,0.942,0.946,49.98,OK
1761724694.6448314,19.796,9.937,196.71,50.39,220.18,0.938,0.952,50.01,OK
1761724694.7459054,19.837,9.831,195.01,50.39,219.83,0.929,0.955,50.01,OK
1761724694.8470044,19.815,9.909,196.35,50.39,219.66,0.938,0.953,49.99,OK
1761724694.948278,19.834,9.9,196.36,50.39,220.14,0.969,0.92,50.0,OK
1761724695.0494168,19.842,10.024,198.9,50.39,220.01,0.976,0.927,50.03,OK
1761724695.1507065,19.868,9.856,195.83,50.39,219.66,0.914,0.976,49.99,OK
1761724695.2519343,19.862,9.934,197.31,50.39,220.05,0.925,0.97,50.0,OK
1761724695.3535283,19.889,9.875,196.4,50.39,219.92,0.966,0.925,49.96,OK
1761724695.455101,19.852,9.965,197.83,50.39,220.26,0.917,0.98,49.98,OK
1761724695.5563884,19.88,9.945,197.7,50.39,220.32,0.918,0.978,50.05,OK
1761724695.6579247,19.868,9.866,196.0,50.39,220.1,0.926,0.962,50.0,OK
1761724695.759256,19.827,9.967,197.63,50.39,219.76,0.92,0.977,49.96,OK
1761724695.860529,19.813,10.033,198.79,50.39,220.07,0.975,0.927,50.03,OK
1761724695.9620621,19.845,9.989,198.23,50.39,220.33,0.96,0.937,50.02,OK
1761724696.0634966,19.854,9.886,196.29,50.39,219.75,0.949,0.942,50.0,OK
1761724696.164794,19.802,9.983,197.67,50.39,219.75,0.943,0.954,50.0,OK
1761724696.2666123,19.832,10.021,198.74,50.39,220.22,0.968,0.932,50.02,OK
1761724696.3747923,19.875,10.055,199.84,50.39,220.17,0.931,0.975,49.99,OK
1761724696.4787183,19.828,10.106,200.38,50.39,219.65,0.942,0.969,49.99,OK
1761724696.5803783,19.889,9.936,197.63,50.39,219.9,0.956,0.94,49.98,OK
1761724696.683175,19.887,9.917,197.22,50.39,219.92,0.92,0.975,50.0,OK
1761724696.7842386,19.851,9.989,198.3,50.39,219.68,0.947,0.953,50.04,OK
1761724696.8855422,19.874,9.997,198.69,50.39,220.0,0.933,0.968,50.03,OK
1761724696.9875073,19.882,10.088,200.56,50.39,219.78,0.985,0.926,49.99,OK
1761724697.088804,19.836,10.03,198.96,50.39,219.98,0.938,0.964,49.98,OK
1761724697.1898856,19.851,10.057,199.65,50.39,220.17,0.975,0.93,49.97,OK
1761724697.29108,19.852,10.13,201.1,50.39,220.31,0.937,0.974,50.05,OK
1761724697.392131,19.846,10.139,201.21,50.39,220.11,0.987,0.926,50.05,OK
1761724697.493554,19.841,10.01,198.6,50.39,219.61,0.973,0.929,49.98,OK
1761724697.594709,19.809,10.145,200.96,50.39,220.01,0.968,0.944,49.98,OK
1761724697.6960437,19.886,10.083,200.5,50.39,220.24,0.979,0.93,50.0,OK
1761724697.7972157,19.843,10.033,199.08,50.39,219.76,0.965,0.939,49.95,OK
1761724697.8986857,19.844,10.032,199.08,50.39,220.3,0.933,0.969,49.95,OK
1761724698.0003195,19.804,10.114,200.29,50.39,219.97,0.935,0.974,50.02,OK
1761724698.101519,19.871,10.058,199.87,50.39,220.29,0.93,0.976,49.99,OK
1761724698.2029378,19.792,10.158,201.04,50.39,219.76,0.947,0.966,50.01,OK
1761724698.3045554,19.873,10.031,199.34,50.39,219.97,0.952,0.952,49.98,OK
1761724698.4060013,19.846,10.211,202.65,50.39,220.2,0.939,0.98,50.02,OK
1761724698.507135,19.797,10.076,199.48,50.39,220.1,0.968,0.936,49.99,OK
1761724698.6086166,19.791,10.142,200.73,50.39,220.26,0.96,0.949,49.96,OK
1761724698.7098832,19.796,10.111,200.15,50.39,219.9,0.949,0.959,50.02,OK
1761724698.8111427,19.878,10.211,202.97,50.39,220.15,0.956,0.964,49.98,OK
1761724698.9121854,19.84,10.1,200.39,50.39,220.2,0.972,0.937,50.02,OK
1761724699.013355,19.867,10.124,201.13,50.39,219.89,0.956,0.957,49.97,OK
1761724699.1146784,19.826,10.25,203.22,50.39,220.31,0.978,0.944,49.99,OK
1761724699.2160373,19.871,10.13,201.3,50.39,219.77,0.959,0.955,49.98,OK
1761724699.3168876,19.82,10.11,200.38,50.39,220.19,0.968,0.94,49.99,OK
1761724699.41789,19.853,10.267,203.83,50.39,219.8,0.978,0.948,50.05,OK
1761724699.519169,19.816,10.274,203.58,50.39,220.12,0.988,0.936,49.97,OK
1761724699.620397,19.831,10.178,201.85,50.39,220.11,0.986,0.93,49.98,OK
1761724699.721406,19.813,10.209,202.27,50.39,220.06,0.944,0.973,49.99,OK
1761724699.8223603,19.852,10.295,204.38,50.39,220.26,0.996,0.932,50.01,OK
1761724699.9237685,19.817,10.231,202.75,50.39,219.79,1.0,0.922,50.04,OK
1761724700.0247695,19.812,10.177,201.63,50.39,220.23,0.975,0.939,50.05,OK
1761724700.1257424,19.804,10.315,204.28,50.39,220.22,1.007,0.921,49.96,OK
1761724700.2280178,19.853,10.155,201.62,50.39,220.31,0.964,0.95,50.02,OK
1761724700.3293755,19.819,10.332,204.78,50.39,220.27,0.996,0.933,50.04,OK
1761724700.4306993,19.813,10.205,202.2,50.39,219.92,0.992,0.926,50.0,OK
1761724700.5321076,19.872,10.298,204.64,50.39,219.66,1.004,0.928,49.96,OK
1761724700.633292,19.833,10.314,204.56,50.39,220.09,0.991,0.938,49.97,OK
1761724700.734701,19.827,10.165,201.54,50.39,219.69,0.992,0.925,49.98,OK
1761724700.8358893,19.856,10.331,205.13,50.39,219.67,1.002,0.932,49.97,OK
1761724700.9370825,19.846,10.313,204.67,50.39,220.2,0.951,0.977,49.95,OK
1761724701.0382614,19.842,10.33,204.97,50.39,219.85,0.98,0.952,50.02,OK
1761724701.1395295,19.889,10.278,204.43,50.39,219.8,0.973,0.956,50.04,OK
1761724701.2405362,19.8,10.232,202.59,50.39,219.93,0.998,0.923,49.97,OK
1761724701.3420305,19.87,10.324,205.14,50.39,220.06,0.996,0.936,49.95,OK
1761724701.4431093,19.863,10.182,202.24,50.39,220.16,0.939,0.979,50.01,OK
1761724701.5454087,19.886,10.326,205.34,50.39,219.86,0.986,0.947,49.96,OK
1761724701.6470253,19.827,10.213,202.5,50.39,219.91,0.966,0.953,50.05,OK
1761724701.7486815,19.863,10.34,205.38,50.39,219.85,0.996,0.938,50.01,OK
1761724701.8506887,19.796,10.27,203.3,50.39,220.28,0.967,0.954,50.02,OK
1761724701.9521313,19.874,10.344,205.58,50.39,220.4,0.994,0.938,50.0,OK
1761724702.0534225,19.889,10.188,202.62,50.39,219.7,0.956,0.965,50.03,OK
1761724702.1548336,19.79,10.315,204.13,50.39,220.01,0.961,0.965,50.03,OK
1761724702.2563193,19.826,10.217,202.56,50.39,220.06,0.941,0.978,50.05,OK
1761724702.3575618,19.87,10.171,202.1,50.39,220.06,0.972,0.945,49.98,OK
1761724702.4585798,19.853,10.194,202.38,50.39,220.13,0.942,0.976,50.02,OK
1761724702.559792,19.853,10.253,203.56,50.39,220.15,0.992,0.932,49.99,OK
1761724702.6618154,19.814,10.224,202.58,50.39,220.23,0.973,0.945,50.04,OK
1761724702.7629848,19.881,10.282,204.42,50.39,220.22,0.999,0.929,50.03,OK
1761724702.864387,19.799,10.204,202.03,50.39,219.61,0.966,0.952,50.02,OK
1761724702.9655452,19.815,10.238,202.86,50.39,219.63,0.996,0.927,50.04,OK
1761724703.066959,19.798,10.362,205.15,50.39,220.14,0.972,0.958,50.01,OK
1761724703.1678433,19.799,10.247,202.87,50.39,219.93,0.993,0.929,50.04,OK
1761724703.26902,19.812,10.211,202.31,50.39,220.24,0.989,0.929,50.0,OK
1761724703.3701847,19.867,10.202,202.68,50.39,220.39,0.986,0.932,50.02,OK
1761724703.4712198,19.825,10.192,202.06,50.39,219.69,0.979,0.94,50.03,OK
1761724703.5727246,19.865,10.313,204.87,50.39,219.63,0.961,0.971,49.99,OK
1761724703.673989,19.886,10.34,205.62,50.39,220.32,1.009,0.925,50.04,OK
1761724703.775153,19.856,10.19,202.35,50.39,219.98,0.978,0.94,49.96,OK
1761724703.8765104,19.874,10.286,204.42,50.39,219.65,0.984,0.946,49.97,OK
1761724703.977869,19.853,10.224,202.98,50.39,220.11,0.959,0.961,49.97,OK
1761724704.0787182,19.886,10.234,203.51,50.39,219.96,0.971,0.953,50.0,OK
1761724704.1802504,19.863,10.184,202.28,50.39,219.85,0.957,0.961,50.05,OK
1761724704.2815168,19.853,10.162,201.75,50.39,219.99,0.943,0.973,50.01,OK
1761724704.3826957,19.797,10.272,203.34,50.39,219.74,0.996,0.929,50.02,OK
1761724704.483893,19.879,10.285,204.46,50.39,220.37,0.964,0.963,49.97,OK
1761724704.5851035,19.887,10.258,204.01,50.39,220.04,1.0,0.927,50.04,OK
1761724704.6865447,19.827,10.319,204.6,50.39,220.35,0.957,0.97,50.01,OK
1761724704.7879074,19.848,10.232,203.09,50.39,219.71,0.98,0.943,49.99,OK
1761724704.8892963,19.832,10.204,202.36,50.39,219.94,0.944,0.975,50.01,OK
1761724704.9907355,19.805,10.225,202.51,50.39,219.67,0.944,0.976,49.98,OK
1761724705.0922198,19.859,10.152,201.62,50.39,219.84,0.986,0.93,50.03,OK
1761724705.1937866,19.801,10.235,202.66,50.39,219.81,0.97,0.951,49.98,OK
1761724705.295382,19.85,10.177,202.01,50.39,219.78,0.95,0.967,50.03,OK
1761724705.3964558,19.826,10.212,202.47,50.39,220.28,0.938,0.979,50.05,OK
1761724705.4974182,19.798,10.158,201.11,50.39,220.29,0.976,0.935,49.99,OK
1761724705.598653,19.822,10.158,201.35,50.39,219.91,0.95,0.964,50.01,OK
1761724705.700167,19.88,10.232,203.41,50.39,219.96,0.952,0.971,50.04,OK
1761724705.8013766,19.859,10.128,201.14,50.39,220.18,0.94,0.971,50.03,OK
1761724705.9028728,19.858,10.244,203.42,50.39,219.78,0.981,0.943,50.03,OK
1761724706.0039127,19.831,10.239,203.04,50.39,219.74,0.961,0.961,50.03,OK
1761724706.1050289,19.869,10.08,200.29,50.39,220.26,0.981,0.927,49.96,OK
1761724706.206382,19.882,10.19,202.6,50.39,220.33,0.958,0.96,50.04,OK
1761724706.307663,19.832,10.079,199.89,50.39,219.94,0.945,0.962,49.98,OK
1761724706.40903,19.871,10.154,201.76,50.39,220.33,0.961,0.952,50.0,OK
1761724706.5102847,19.885,10.156,201.97,50.39,220.3,0.966,0.949,50.03,OK
1761724706.61163,19.855,10.059,199.72,50.39,220.17,0.93,0.975,50.03,OK
1761724706.7128263,19.842,10.108,200.57,50.39,219.98,0.942,0.968,49.95,OK
1761724706.8145409,19.874,10.112,200.97,50.39,220.08,0.971,0.941,49.96,OK
1761724706.9161325,19.857,10.047,199.51,50.39,220.22,0.958,0.946,49.95,OK
1761724707.0177765,19.82,10.088,199.95,50.39,220.24,0.937,0.969,50.01,OK
1761724707.118926,19.795,10.038,198.69,50.39,219.89,0.966,0.936,49.98,OK
1761724707.2205217,19.803,10.16,201.2,50.39,220.02,0.971,0.941,49.97,OK
1761724707.32171,19.849,10.062,199.73,50.39,219.95,0.985,0.922,49.97,OK
1761724707.4229264,19.842,9.966,197.75,50.39,220.15,0.923,0.973,49.97,OK
1761724707.5242136,19.852,10.068,199.88,50.39,220.18,0.933,0.973,50.04,OK
1761724707.6253848,19.835,10.104,200.41,50.39,220.39,0.963,0.945,50.05,OK
1761724707.7265677,19.838,10.105,200.46,50.39,219.98,0.957,0.952,50.01,OK
1761724707.827858,19.885,10.061,200.07,50.39,220.02,0.963,0.944,50.0,OK
1761724707.92929,19.792,10.076,199.43,50.39,219.77,0.984,0.923,49.97,OK
1761724708.0308058,19.822,9.954,197.3,50.39,219.97,0.933,0.962,49.96,OK
1761724708.1318939,19.793,10.093,199.77,50.39,220.18,0.962,0.943,50.02,OK
1761724708.233073,19.808,10.108,200.21,50.39,220.14,0.958,0.949,50.04,OK
1761724708.3344507,19.865,9.932,197.3,50.39,219.66,0.957,0.939,49.96,OK
1761724708.4355083,19.804,10.092,199.87,50.39,219.88,0.931,0.977,50.03,OK
1761724708.5365655,19.807,10.036,198.79,50.39,220.35,0.942,0.958,49.99,OK
1761724708.637844,19.844,10.053,199.49,50.39,220.36,0.96,0.943,50.01,OK
1761724708.7392542,19.832,9.957,197.46,50.39,220.08,0.975,0.92,49.99,OK
1761724708.8405654,19.88,9.904,196.9,50.39,219.98,0.926,0.967,49.96,OK
1761724708.942532,19.885,9.971,198.27,50.39,220.33,0.928,0.97,50.0,OK
1761724709.0450053,19.791,9.979,197.49,50.39,219.68,0.972,0.925,49.96,OK
1761724709.146514,19.791,10.068,199.25,50.39,220.3,0.954,0.948,50.02,OK
1761724709.2480974,19.882,9.863,196.1,50.39,219.72,0.957,0.932,49.96,OK
1761724709.3496428,19.861,9.862,195.86,50.39,219.7,0.922,0.967,50.02,OK
1761724709.4517646,19.809,9.907,196.25,50.39,219.84,0.957,0.932,49.98,OK
1761724709.5533662,19.833,9.885,196.06,50.39,220.09,0.961,0.927,49.96,OK
1761724709.6552298,19.869,9.882,196.35,50.39,219.87,0.966,0.925,50.03,OK
1761724709.756759,19.838,9.862,195.64,50.39,220.24,0.923,0.962,50.01,OK
1761724709.858184,19.887,9.915,197.18,50.39,220.13,0.931,0.962,49.99,OK
1761724709.9593089,19.889,9.904,196.99,50.39,220.02,0.939,0.953,50.02,OK
1761724710.0607138,19.796,9.983,197.61,50.39,220.0,0.971,0.925,50.02,OK
1761724710.1619918,19.885,9.912,197.1,50.39,220.01,0.963,0.931,50.03,OK
1761724710.2639115,19.854,9.998,198.49,50.39,220.09,0.943,0.957,50.0,OK
1761724710.3657084,19.847,9.938,197.23,50.39,219.73,0.968,0.927,50.01,OK
1761724710.4685934,19.811,9.829,194.73,50.39,219.78,0.939,0.943,49.95,OK
1761724710.5697606,19.845,9.944,197.34,50.39,220.29,0.96,0.933,50.01,OK
1761724710.6714137,19.828,9.933,196.95,50.39,219.71,0.925,0.97,49.98,OK
1761724710.773876,19.852,9.915,196.84,50.39,219.76,0.963,0.93,49.99,OK
1761724710.8763287,19.817,9.938,196.96,50.39,220.02,0.971,0.921,49.99,OK
1761724710.9785073,19.867,9.954,197.75,50.39,219.86,0.965,0.932,50.04,OK
1761724711.0805151,19.802,9.986,197.74,50.39,220.24,0.973,0.923,50.0,OK
1761724711.182521,19.859,9.866,195.93,50.39,220.09,0.946,0.941,50.0,OK
1761724711.2852197,19.846,9.783,194.15,50.39,220.36,0.919,0.959,50.04,OK
1761724711.3865058,19.805,9.857,195.21,50.39,220.22,0.962,0.921,50.04,OK
1761724711.48803,19.813,9.935,196.84,50.39,220.15,0.943,0.948,50.04,OK
1761724711.5896962,19.792,9.972,197.37,50.39,219.97,0.917,0.978,49.98,OK
1761724711.691498,19.888,9.757,194.05,50.39,220.16,0.906,0.973,50.0,OK
1761724711.7936926,19.866,9.775,194.19,50.39,219.76,0.905,0.976,50.01,OK
1761724711.8958328,19.832,9.871,195.76,50.39,219.9,0.921,0.966,50.02,OK
1761724711.9978235,19.838,9.879,195.99,50.39,219.76,0.957,0.932,50.02,OK
1761724712.0999165,19.854,9.941,197.37,50.39,219.66,0.938,0.958,49.96,OK
1761724712.2015781,19.882,9.957,197.96,50.39,220.13,0.938,0.958,50.01,OK
1761724712.303007,19.869,9.887,196.45,50.39,219.67,0.935,0.956,50.05,OK
1761724712.4051332,19.843,9.915,196.74,50.39,219.86,0.961,0.931,50.01,OK
1761724712.5069418,19.797,9.893,195.85,50.39,220.31,0.942,0.944,49.98,OK
1761724712.6085238,19.817,9.926,196.7,50.39,220.19,0.956,0.935,49.99,OK
1761724712.7101645,19.865,9.951,197.69,50.39,219.91,0.954,0.942,49.96,OK
1761724712.8148568,19.852,9.828,195.11,50.39,220.31,0.931,0.951,50.0,OK
1761724712.9161787,19.832,9.941,197.15,50.39,219.64,0.926,0.969,49.97,OK
1761724713.0178697,19.794,9.879,195.55,50.39,219.89,0.91,0.977,49.97,OK
1761724713.1192102,19.889,9.871,196.31,50.39,220.1,0.952,0.936,49.97,OK
1761724713.2208898,19.831,9.819,194.72,50.39,219.72,0.921,0.963,49.97,OK
1761724713.3229904,19.832,9.86,195.54,50.39,219.98,0.934,0.951,50.04,OK
1761724713.4244106,19.846,9.945,197.37,50.39,219.98,0.92,0.975,50.01,OK
1761724713.5259202,19.823,9.985,197.93,50.39,220.39,0.949,0.947,49.98,OK
1761724713.6275516,19.825,10.022,198.68,50.39,219.69,0.956,0.946,50.01,OK
1761724713.7289035,19.854,9.85,195.55,50.39,219.77,0.957,0.93,50.05,OK
1761724713.8304472,19.798,9.849,194.99,50.39,219.99,0.924,0.959,50.03,OK
1761724713.9321198,19.799,9.978,197.55,50.39,219.76,0.935,0.962,50.01,OK
1761724714.0335479,19.853,10.027,199.06,50.39,219.75,0.97,0.934,49.98,OK
1761724714.1352272,19.803,10.042,198.87,50.39,219.76,0.946,0.956,49.98,OK
1761724714.2366652,19.874,9.951,197.75,50.39,219.97,0.943,0.953,50.03,OK
1761724714.3387008,19.836,10.033,199.02,50.39,220.13,0.974,0.928,50.03,OK
1761724714.4429016,19.844,9.982,198.09,50.39,219.6,0.923,0.977,49.99,OK
1761724714.553178,19.809,9.916,196.43,50.39,219.61,0.942,0.949,49.99,OK
1761724714.6890507,19.862,9.878,196.2,50.39,219.62,0.935,0.956,50.03,OK
1761724714.7998543,19.839,10.066,199.7,50.39,219.83,0.964,0.942,49.98,OK
1761724714.9058278,19.824,10.006,198.36,50.39,220.22,0.975,0.924,50.03,OK
1761724715.009021,19.86,9.957,197.76,50.39,219.85,0.972,0.925,49.98,OK
1761724715.1157172,19.883,9.944,197.72,50.39,220.34,0.938,0.956,49.99,OK
1761724715.216906,19.887,10.001,198.9,50.39,219.67,0.981,0.923,49.98,OK
1761724715.3502731,19.809,10.092,199.92,50.39,220.35,0.977,0.929,50.05,OK
1761724715.469684,19.826,10.044,199.12,50.39,219.9,0.955,0.948,50.03,OK
1761724715.5739014,19.797,10.01,198.17,50.39,220.13,0.97,0.928,50.04,OK
1761724715.6784813,19.827,9.962,197.52,50.39,219.98,0.935,0.96,49.98,OK
1761724715.78319,19.796,9.978,197.51,50.39,219.95,0.955,0.94,50.01,OK
1761724715.8849037,19.888,10.108,201.03,50.39,219.92,0.964,0.948,50.01,OK
1761724715.9864843,19.817,10.008,198.33,50.39,220.05,0.946,0.953,49.99,OK
1761724716.0879369,19.831,10.005,198.41,50.39,219.74,0.959,0.942,50.03,OK
1761724716.1895938,19.868,9.99,198.49,50.39,219.72,0.944,0.957,50.0,OK
1761724716.2911842,19.818,9.978,197.74,50.39,220.39,0.927,0.968,50.01,OK
1761724716.3923712,19.798,10.012,198.23,50.39,219.78,0.948,0.952,49.95,OK
1761724716.4940004,19.801,10.122,200.41,50.39,220.2,0.963,0.945,49.99,OK
1761724716.5955143,19.875,10.0,198.75,50.39,219.89,0.961,0.941,49.96,OK
1761724716.6994147,19.859,10.051,199.6,50.39,219.64,0.966,0.941,49.96,OK
1761724716.8006513,19.847,10.153,201.51,50.39,219.92,0.955,0.96,50.01,OK
1761724716.9018967,19.833,10.064,199.61,50.39,220.3,0.979,0.925,50.03,OK
1761724717.0030038,19.872,10.121,201.13,50.39,220.2,0.938,0.974,49.98,OK
1761724717.1040275,19.884,10.187,202.55,50.39,219.68,0.987,0.935,49.96,OK
1761724717.2057443,19.871,10.071,200.11,50.39,220.08,0.976,0.931,50.04,OK
1761724717.3076382,19.829,10.208,202.42,50.39,219.72,0.963,0.956,49.97,OK
1761724717.4091482,19.822,10.115,200.5,50.39,220.18,0.948,0.96,50.02,OK
1761724717.5104587,19.888,10.077,200.42,50.39,220.27,0.945,0.963,50.0,OK
1761724717.6115544,19.868,10.236,203.37,50.39,220.24,0.971,0.951,49.96,OK
1761724717.7142863,19.879,10.04,199.58,50.39,220.37,0.972,0.932,49.98,OK
1761724717.8156366,19.834,10.182,201.95,50.39,219.93,0.981,0.936,49.98,OK
1761724717.9167411,19.828,10.173,201.72,50.39,219.72,0.942,0.975,50.05,OK
1761724718.017765,19.872,10.226,203.21,50.39,219.63,0.975,0.949,50.04,OK
1761724718.1190288,19.81,10.273,203.51,50.39,220.19,0.995,0.929,50.01,OK
1761724718.2202814,19.837,10.113,200.61,50.39,220.15,0.976,0.934,50.02,OK
1761724718.3212287,19.82,10.222,202.6,50.39,220.0,0.986,0.934,50.03,OK
1761724718.4222958,19.817,10.283,203.78,50.39,220.38,0.959,0.964,49.98,OK
1761724718.5236077,19.81,10.154,201.14,50.39,219.78,0.939,0.975,50.0,OK
1761724718.62499,19.797,10.163,201.19,50.39,219.73,0.987,0.928,50.04,OK
1761724718.7259786,19.886,10.263,204.09,50.39,219.84,0.992,0.935,49.97,OK
1761724718.8272645,19.791,10.332,204.49,50.39,220.24,0.976,0.952,49.97,OK
1761724718.9284456,19.823,10.244,203.06,50.39,220.05,0.979,0.942,49.99,OK
1761724719.0299318,19.851,10.303,204.52,50.39,219.74,0.964,0.965,50.03,OK
1761724719.1308312,19.847,10.323,204.89,50.39,219.6,1.003,0.931,50.03,OK
1761724719.2321985,19.856,10.139,201.31,50.39,219.94,0.965,0.949,49.96,OK
1761724719.3336673,19.837,10.341,205.12,50.39,219.83,1.01,0.924,50.01,OK
1761724719.4351182,19.803,10.192,201.84,50.39,219.67,0.957,0.96,49.99,OK
1761724719.5372744,19.853,10.25,203.48,50.39,220.33,0.988,0.935,49.96,OK
1761724719.6389198,19.88,10.25,203.77,50.39,220.04,0.961,0.964,50.05,OK
1761724719.74006,19.832,10.183,201.96,50.39,219.91,0.977,0.94,50.03,OK
1761724719.8419156,19.87,10.151,201.71,50.39,220.18,0.976,0.938,49.99,OK
1761724719.9438097,19.823,10.257,203.31,50.39,220.16,0.989,0.933,50.01,OK
1761724720.0460496,19.853,10.29,204.29,50.39,220.08,0.96,0.967,49.98,OK
1761724720.1487894,19.803,10.347,204.9,50.39,220.08,0.981,0.949,50.03,OK
1761724720.2507763,19.847,10.241,203.26,50.39,219.76,1.004,0.922,50.04,OK
1761724720.3525918,19.837,10.354,205.39,50.39,220.0,0.976,0.956,49.98,OK
1761724720.4545798,19.817,10.246,203.04,50.39,219.83,0.994,0.929,50.0,OK
1761724720.556562,19.876,10.311,204.93,50.39,220.22,0.985,0.945,50.01,OK
1761724720.6586158,19.797,10.396,205.8,50.39,220.18,1.006,0.929,50.03,OK
1761724720.7604282,19.828,10.364,205.5,50.39,220.3,0.972,0.96,50.01,OK
1761724720.8621984,19.877,10.214,203.01,50.39,220.31,0.962,0.958,49.99,OK
1761724720.9639497,19.844,10.225,202.9,50.39,219.76,0.945,0.977,50.0,OK
1761724721.0649219,19.793,10.367,205.18,50.39,220.09,0.994,0.938,49.99,OK
1761724721.1670694,19.819,10.258,203.3,50.39,219.65,0.957,0.967,49.97,OK
1761724721.269033,19.879,10.352,205.8,50.39,220.1,0.988,0.946,49.99,OK
1761724721.3707008,19.814,10.351,205.1,50.39,219.99,0.985,0.947,50.0,OK
1761724721.4721243,19.857,10.186,202.27,50.39,220.24,0.95,0.967,49.97,OK
1761724721.5744088,19.813,10.374,205.53,50.39,219.62,0.993,0.942,49.98,OK
1761724721.6761796,19.882,10.229,203.39,50.39,219.63,0.989,0.936,49.96,OK
1761724721.7778332,19.832,10.202,202.33,50.39,219.86,0.96,0.959,49.99,OK
1761724721.8801694,19.81,10.22,202.46,50.39,219.65,0.975,0.945,50.0,OK
1761724721.9821904,19.794,10.215,202.21,50.39,219.77,0.943,0.975,50.01,OK
1761724722.0845542,19.849,10.216,202.77,50.39,219.98,0.988,0.933,50.0,OK
1761724722.1865435,19.879,10.338,205.51,50.39,220.18,0.969,0.963,50.04,OK
1761724722.2881565,19.818,10.337,204.86,50.39,219.79,0.993,0.938,49.99,OK
1761724722.3900003,19.807,10.268,203.38,50.39,219.92,0.948,0.975,49.96,OK
1761724722.4917989,19.825,10.351,205.2,50.39,219.7,0.991,0.942,50.03,OK
1761724722.5940504,19.867,10.316,204.95,50.39,219.61,0.999,0.934,50.04,OK
1761724722.6958427,19.844,10.265,203.7,50.39,220.07,0.984,0.941,50.02,OK
1761724722.798381,19.834,10.321,204.7,50.39,220.07,0.992,0.938,49.96,OK
1761724722.900015,19.851,10.26,203.68,50.39,219.85,0.946,0.979,50.04,OK
1761724723.0039556,19.826,10.17,201.62,50.39,219.74,0.941,0.975,49.97,OK
1761724723.1065495,19.863,10.174,202.1,50.39,220.32,0.945,0.971,50.01,OK
1761724723.2079027,19.865,10.16,201.82,50.39,220.3,0.962,0.953,50.01,OK
1761724723.3094428,19.802,10.29,203.76,50.39,220.21,0.969,0.954,49.98,OK
1761724723.4111874,19.791,10.191,201.69,50.39,220.18,0.943,0.971,50.04,OK
1761724723.5137436,19.853,10.223,202.96,50.39,220.32,0.964,0.956,50.03,OK
1761724723.6153321,19.853,10.16,201.7,50.39,220.31,0.944,0.969,49.96,OK
1761724723.7167869,19.817,10.211,202.35,50.39,219.64,0.982,0.938,49.98,OK
1761724723.818173,19.834,10.179,201.9,50.39,219.72,0.998,0.92,49.99,OK
1761724723.9198287,19.874,10.105,200.83,50.39,219.91,0.948,0.963,49.95,OK
1761724724.0214245,19.884,10.179,202.4,50.39,220.38,0.957,0.959,50.0,OK
1761724724.1227138,19.8,10.225,202.46,50.39,220.05,0.954,0.965,50.03,OK
1761724724.2243345,19.802,10.132,200.64,50.39,219.81,0.933,0.978,49.99,OK
1761724724.3290153,19.826,10.187,201.97,50.39,219.62,0.953,0.965,49.99,OK
1761724724.4325833,19.827,10.181,201.86,50.39,219.7,0.972,0.945,49.98,OK
1761724724.5342922,19.888,10.219,203.24,50.39,220.08,0.97,0.952,49.98,OK
1761724724.6358705,19.818,10.129,200.74,50.39,220.01,0.94,0.971,49.99,OK
1761724724.7381883,19.841,10.157,201.52,50.39,220.34,0.983,0.93,50.05,OK
1761724724.8406048,19.876,10.077,200.28,50.39,220.29,0.931,0.977,49.97,OK
1761724724.9424202,19.856,10.044,199.43,50.39,220.35,0.973,0.93,50.02,OK
1761724725.0440643,19.878,10.145,201.65,50.39,219.93,0.985,0.931,50.05,OK
1761724725.145498,19.801,10.124,200.46,50.39,219.77,0.943,0.968,50.01,OK
1761724725.247661,19.805,10.157,201.16,50.39,219.71,0.989,0.926,50.05,OK
1761724725.3497746,19.798,10.238,202.7,50.39,219.97,0.955,0.965,49.99,OK
1761724725.451592,19.838,10.064,199.64,50.39,219.98,0.951,0.955,50.0,OK
1761724725.5533323,19.837,10.162,201.59,50.39,219.66,0.984,0.932,49.96,OK
1761724725.6553147,19.883,10.148,201.79,50.39,219.67,0.989,0.929,50.0,OK
1761724725.7568886,19.818,10.074,199.64,50.39,220.17,0.936,0.968,49.99,OK
1761724725.858959,19.848,10.086,200.18,50.39,219.99,0.987,0.922,50.0,OK
1761724725.9608552,19.815,10.009,198.32,50.39,219.75,0.948,0.952,49.96,OK
1761724726.0629845,19.866,10.075,200.15,50.39,220.08,0.939,0.968,49.98,OK
1761724726.1648443,19.85,10.045,199.39,50.39,220.27,0.969,0.934,50.05,OK
1761724726.2667396,19.794,10.173,201.36,50.39,219.83,0.97,0.944,50.0,OK
1761724726.3681765,19.8,10.111,200.19,50.39,220.23,0.934,0.974,49.99,OK
1761724726.46956,19.797,10.08,199.55,50.39,220.25,0.972,0.932,50.01,OK
1761724726.5710378,19.804,10.146,200.93,50.39,219.93,0.983,0.93,50.01,OK
1761724726.6726954,19.814,10.133,200.78,50.39,219.62,0.94,0.973,50.01,OK
1761724726.7741113,19.882,10.033,199.48,50.39,220.34,0.93,0.973,49.97,OK
1761724726.875549,19.839,10.032,199.04,50.39,219.61,0.977,0.927,49.96,OK
1761724726.9770947,19.866,10.078,200.2,50.39,220.08,0.976,0.932,50.01,OK
1761724727.078885,19.854,9.972,197.98,50.39,220.33,0.94,0.956,49.98,OK
1761724727.1801949,19.796,10.0,197.96,50.39,219.99,0.938,0.959,50.01,OK
1761724727.281516,19.833,10.06,199.52,50.39,220.04,0.966,0.939,50.02,OK
1761724727.3830383,19.801,10.009,198.19,50.39,219.94,0.942,0.957,50.01,OK
1761724727.484823,19.867,10.007,198.81,50.39,220.14,0.97,0.931,50.04,OK
1761724727.5871768,19.868,10.029,199.26,50.39,220.09,0.943,0.96,49.96,OK
1761724727.6886458,19.87,9.928,197.27,50.39,220.39,0.964,0.928,50.01,OK
1761724727.7901993,19.796,10.08,199.53,50.39,220.02,0.941,0.964,49.98,OK
1761724727.8916204,19.867,9.949,197.64,50.39,220.3,0.927,0.968,49.96,OK
1761724727.9939585,19.812,10.012,198.35,50.39,220.1,0.921,0.979,50.03,OK
1761724728.0972176,19.876,9.879,196.36,50.39,220.31,0.922,0.967,49.97,OK
1761724728.1998575,19.86,10.013,198.86,50.39,220.38,0.933,0.967,50.0,OK
1761724728.3017762,19.871,9.895,196.62,50.39,219.77,0.949,0.943,49.98,OK
1761724728.4036038,19.801,9.87,195.45,50.39,220.39,0.914,0.97,49.99,OK
1761724728.506147,19.842,9.877,195.98,50.39,220.21,0.963,0.925,49.99,OK
1761724728.6083007,19.827,9.846,195.22,50.39,219.87,0.949,0.936,49.99,OK
1761724728.7095296,19.859,10.011,198.8,50.39,220.13,0.966,0.935,50.0,OK
1761724728.8113363,19.847,9.873,195.96,50.39,220.01,0.931,0.957,50.02,OK
1761724728.9132586,19.854,9.821,194.99,50.39,220.23,0.907,0.976,50.04,OK
1761724729.0147047,19.836,9.895,196.27,50.39,219.76,0.913,0.978,49.99,OK
1761724729.1163573,19.857,9.975,198.08,50.39,219.79,0.96,0.939,49.99,OK
1761724729.2177098,19.826,9.848,195.25,50.39,220.08,0.912,0.973,50.05,OK
1761724729.3195646,19.854,9.922,197.0,50.39,219.94,0.963,0.93,50.05,OK
1761724729.4210892,19.799,9.918,196.37,50.39,219.73,0.94,0.951,49.96,OK
1761724729.5234497,19.792,9.996,197.83,50.39,219.62,0.939,0.959,49.95,OK
1761724729.624993,19.818,9.941,197.02,50.39,220.3,0.916,0.976,49.95,OK
1761724729.7266529,19.848,9.914,196.78,50.39,220.11,0.93,0.961,49.99,OK
1761724729.8280516,19.862,9.864,195.91,50.39,220.18,0.966,0.921,49.97,OK
1761724729.930275,19.824,9.946,197.16,50.39,220.15,0.965,0.928,50.02,OK
1761724730.0327122,19.843,9.861,195.68,50.39,220.3,0.944,0.941,50.01,OK
1761724730.1344247,19.844,9.928,197.01,50.39,220.31,0.955,0.936,49.95,OK
1761724730.2367992,19.805,9.875,195.56,50.39,219.79,0.954,0.932,50.03,OK
1761724730.3384604,19.88,9.819,195.2,50.39,219.88,0.909,0.976,49.98,OK
1761724730.4406936,19.827,9.793,194.17,50.39,220.34,0.922,0.956,50.02,OK
1761724730.5424325,19.852,9.956,197.65,50.39,220.38,0.923,0.972,50.02,OK
1761724730.6440444,19.865,9.871,196.08,50.39,219.73,0.924,0.965,49.99,OK
1761724730.7465084,19.835,9.799,194.35,50.39,219.67,0.958,0.923,49.99,OK
1761724730.847893,19.867,9.934,197.37,50.39,220.24,0.93,0.964,49.98,OK
1761724730.9518328,19.796,9.908,196.13,50.39,220.1,0.956,0.932,49.96,OK
1761724731.0535798,19.836,9.824,194.88,50.39,219.62,0.907,0.979,50.05,OK
1761724731.155192,19.818,9.895,196.1,50.39,220.37,0.914,0.973,49.98,OK
1761724731.256879,19.791,9.943,196.78,50.39,219.6,0.945,0.948,49.99,OK
1761724731.3584697,19.804,9.816,194.39,50.39,220.35,0.944,0.935,49.99,OK
1761724731.4602344,19.847,9.795,194.4,50.39,219.78,0.907,0.975,50.04,OK
1761724731.5615819,19.858,9.889,196.38,50.39,219.92,0.931,0.959,50.04,OK
1761724731.6637356,19.839,9.98,197.99,50.39,219.71,0.966,0.933,50.01,OK
1761724731.7657611,19.853,9.881,196.17,50.39,220.01,0.965,0.924,50.03,OK
1761724731.8674803,19.854,9.985,198.25,50.39,220.11,0.946,0.952,50.01,OK
1761724731.9688597,19.858,9.792,194.45,50.39,219.81,0.958,0.923,50.02,OK
1761724732.0704958,19.864,9.813,194.92,50.39,220.21,0.957,0.925,50.01,OK
1761724732.1720781,19.874,9.912,197.0,50.39,220.15,0.96,0.932,50.02,OK
1761724732.273518,19.888,9.803,194.97,50.39,219.95,0.938,0.945,50.04,OK
1761724732.3747106,19.886,9.923,197.33,50.39,220.22,0.972,0.922,50.02,OK
1761724732.47641,19.808,10.02,198.48,50.39,219.79,0.941,0.959,49.99,OK
1761724732.5783246,19.85,9.972,197.94,50.39,219.84,0.929,0.969,49.95,OK
1761724732.6801035,19.846,9.967,197.8,50.39,219.94,0.921,0.977,50.02,OK
1761724732.7822309,19.871,9.958,197.87,50.39,219.7,0.973,0.926,49.96,OK
1761724732.8837895,19.831,9.843,195.19,50.39,219.79,0.955,0.93,50.04,OK
1761724732.9857879,19.867,10.002,198.71,50.39,220.12,0.972,0.929,50.02,OK
1761724733.0874522,19.862,9.846,195.55,50.39,219.72,0.948,0.939,49.99,OK
1761724733.1894352,19.839,9.963,197.65,50.39,219.68,0.93,0.968,50.04,OK
1761724733.2910092,19.8,10.069,199.36,50.39,219.94,0.948,0.956,49.98,OK
1761724733.3923035,19.86,9.937,197.34,50.39,219.73,0.958,0.937,49.99,OK
1761724733.4938338,19.845,10.041,199.26,50.39,219.88,0.977,0.927,50.04,OK
1761724733.595441,19.794,9.932,196.59,50.39,220.13,0.95,0.94,49.99,OK
1761724733.6976237,19.834,10.007,198.49,50.39,219.74,0.971,0.93,49.97,OK
1761724733.7999659,19.849,10.019,198.87,50.39,220.11,0.925,0.977,50.01,OK
1761724733.9015923,19.802,9.986,197.74,50.39,219.73,0.937,0.961,50.04,OK
1761724734.007679,19.887,10.059,200.04,50.39,219.64,0.945,0.964,50.03,OK
1761724734.1125045,19.889,9.972,198.32,50.39,219.95,0.943,0.956,50.04,OK
1761724734.2150326,19.813,9.921,196.56,50.39,219.65,0.971,0.922,49.96,OK
1761724734.316553,19.842,10.092,200.24,50.39,219.88,0.97,0.939,49.98,OK
1761724734.4180064,19.817,9.953,197.24,50.39,219.79,0.959,0.935,49.98,OK
1761724734.5198393,19.855,9.927,197.09,50.39,219.95,0.943,0.95,50.02,OK
1761724734.6231372,19.826,9.989,198.04,50.39,219.7,0.929,0.97,50.03,OK
1761724734.7243733,19.825,9.954,197.35,50.39,220.23,0.948,0.946,49.96,OK
1761724734.826022,19.806,10.092,199.88,50.39,220.01,0.979,0.928,49.99,OK
1761724734.9281142,19.794,10.021,198.36,50.39,219.94,0.934,0.966,49.96,OK
1761724735.030145,19.844,9.961,197.67,50.39,220.36,0.936,0.958,50.0,OK
1761724735.1320293,19.821,10.144,201.06,50.39,220.13,0.955,0.956,49.96,OK
1761724735.2441328,19.807,10.172,201.48,50.39,219.98,0.945,0.969,49.98,OK
1761724735.361714,19.863,10.069,199.99,50.39,219.84,0.971,0.937,50.03,OK
1761724735.4660757,19.821,10.057,199.35,50.39,220.35,0.975,0.928,49.98,OK
1761724735.567639,19.818,10.162,201.4,50.39,219.87,0.939,0.975,50.04,OK
1761724735.669407,19.813,10.208,202.26,50.39,219.76,0.954,0.965,49.95,OK
1761724735.7708812,19.871,10.191,202.51,50.39,219.72,0.966,0.954,50.05,OK
1761724735.872452,19.802,10.196,201.9,50.39,219.85,0.995,0.923,50.05,OK
1761724735.975845,19.837,10.207,202.48,50.39,220.17,0.999,0.921,50.02,OK
1761724736.077643,19.797,10.168,201.3,50.39,220.27,0.956,0.956,49.98,OK
1761724736.179855,19.8,10.186,201.68,50.39,220.27,0.976,0.938,50.02,OK
1761724736.281804,19.837,10.158,201.5,50.39,220.29,0.978,0.935,50.05,OK
1761724736.3835492,19.796,10.098,199.9,50.39,220.14,0.987,0.92,50.04,OK
1761724736.4853454,19.868,10.073,200.13,50.39,220.06,0.948,0.959,50.0,OK
1761724736.5878656,19.848,10.079,200.06,50.39,219.75,0.969,0.939,49.97,OK
1761724736.6902173,19.871,10.14,201.49,50.39,219.85,0.985,0.93,49.95,OK
1761724736.7919288,19.828,10.084,199.95,50.39,220.26,0.933,0.973,49.98,OK
1761724736.8935559,19.832,10.227,202.83,50.39,220.27,0.989,0.931,49.97,OK
1761724736.9955459,19.792,10.259,203.05,50.39,220.35,0.979,0.941,50.0,OK
1761724737.0971003,19.889,10.208,203.04,50.39,220.31,0.986,0.935,50.04,OK
1761724737.1986947,19.87,10.254,203.74,50.39,220.29,0.984,0.94,49.98,OK
1761724737.3000126,19.855,10.179,202.11,50.39,220.09,0.971,0.945,49.97,OK
1761724737.4015613,19.871,10.25,203.68,50.39,220.18,0.977,0.947,50.02,OK
1761724737.502832,19.825,10.159,201.4,50.39,220.24,0.934,0.979,49.96,OK
1761724737.6050832,19.84,10.178,201.94,50.39,220.27,0.99,0.926,49.98,OK
1761724737.707433,19.864,10.155,201.7,50.39,220.24,0.993,0.922,49.95,OK
1761724737.809813,19.845,10.232,203.05,50.39,219.88,0.942,0.98,49.96,OK
1761724737.9114187,19.799,10.314,204.21,50.39,219.84,0.994,0.934,49.98,OK
1761724738.0139532,19.829,10.162,201.5,50.39,219.77,0.941,0.974,49.95,OK
1761724738.115326,19.811,10.224,202.54,50.39,220.08,0.975,0.944,49.98,OK
1761724738.2173414,19.861,10.18,202.18,50.39,220.16,0.946,0.97,49.98,OK
1761724738.319408,19.839,10.264,203.62,50.39,219.99,0.999,0.926,49.98,OK
1761724738.4214773,19.88,10.277,204.31,50.39,220.18,0.991,0.936,50.05,OK
1761724738.5234785,19.87,10.192,202.51,50.39,219.88,0.986,0.934,49.98,OK
1761724738.6251376,19.887,10.263,204.09,50.39,219.93,0.967,0.96,50.04,OK
1761724738.727011,19.859,10.165,201.86,50.39,220.06,0.994,0.923,49.98,OK
1761724738.8288286,19.885,10.205,202.93,50.39,220.32,0.953,0.967,49.95,OK
1761724738.9309404,19.878,10.267,204.09,50.39,219.71,0.999,0.93,49.96,OK
1761724739.0325406,19.846,10.175,201.93,50.39,219.77,0.944,0.973,50.02,OK
1761724739.1348534,19.846,10.3,204.4,50.39,219.78,0.959,0.97,50.02,OK
1761724739.2373679,19.802,10.306,204.07,50.39,219.95,0.972,0.955,50.04,OK
1761724739.339068,19.791,10.357,204.97,50.39,220.07,0.953,0.978,50.0,OK
1761724739.440453,19.824,10.205,202.3,50.39,220.16,0.989,0.929,49.99,OK
1761724739.5418727,19.868,10.283,204.3,50.39,219.99,0.986,0.942,50.05,OK
1761724739.6432743,19.83,10.372,205.67,50.39,220.05,0.971,0.963,50.03,OK
1761724739.7448664,19.819,10.203,202.21,50.39,220.05,0.946,0.971,50.03,OK
1761724739.8464963,19.808,10.291,203.84,50.39,220.1,0.948,0.977,49.95,OK
1761724739.9477494,19.842,10.377,205.89,50.39,220.19,0.975,0.959,49.97,OK
1761724740.049235,19.808,10.395,205.91,50.39,220.06,0.984,0.951,50.04,OK
1761724740.152527,19.793,10.267,203.22,50.39,220.18,0.994,0.928,50.05,OK
1761724740.254002,19.868,10.313,204.91,50.39,220.18,0.967,0.962,49.98,OK
1761724740.3556044,19.819,10.223,202.61,50.39,219.83,0.955,0.966,50.04,OK
1761724740.4599845,19.818,10.378,205.67,50.39,219.96,0.966,0.968,50.01,OK
1761724740.5625927,19.821,10.314,204.44,50.39,219.86,1.008,0.923,50.02,OK
1761724740.6641333,19.846,10.316,204.73,50.39,220.01,0.959,0.971,49.99,OK
1761724740.765345,19.832,10.362,205.5,50.39,220.31,0.994,0.938,50.02,OK
1761724740.8663783,19.82,10.344,205.03,50.39,219.64,0.979,0.954,50.01,OK
1761724740.9675627,19.887,10.212,203.08,50.39,219.79,0.967,0.955,49.95,OK
1761724741.0688114,19.887,10.157,201.98,50.39,220.06,0.967,0.95,49.97,OK
1761724741.1703382,19.856,10.212,202.77,50.39,219.71,0.991,0.931,50.05,OK
1761724741.2717662,19.817,10.31,204.32,50.39,219.77,0.954,0.975,49.97,OK
1761724741.3729115,19.838,10.164,201.64,50.39,219.91,0.984,0.931,50.0,OK
1761724741.4742825,19.833,10.253,203.35,50.39,220.21,1.0,0.924,50.0,OK
1761724741.5762239,19.862,10.304,204.66,50.39,220.15,0.983,0.945,50.03,OK
1761724741.6776588,19.846,10.324,204.9,50.39,220.13,0.985,0.945,50.04,OK
1761724741.779168,19.879,10.227,203.29,50.39,219.94,1.003,0.922,50.04,OK
1761724741.880745,19.86,10.18,202.17,50.39,220.21,0.99,0.927,50.04,OK
1761724741.9835382,19.806,10.24,202.81,50.39,219.92,0.968,0.953,49.97,OK
1761724742.084974,19.87,10.319,205.04,50.39,220.4,1.001,0.929,49.98,OK
1761724742.186186,19.819,10.327,204.66,50.39,219.77,0.979,0.951,50.03,OK
1761724742.2879195,19.817,10.251,203.15,50.39,220.28,0.965,0.955,49.97,OK
1761724742.3895986,19.874,10.182,202.36,50.39,219.98,0.957,0.961,50.05,OK
1761724742.4990807,19.826,10.266,203.53,50.39,219.89,0.958,0.966,50.02,OK
1761724742.6100218,19.852,10.264,203.77,50.39,220.28,1.002,0.923,49.95,OK
1761724742.711606,19.846,10.196,202.35,50.39,220.15,0.965,0.952,50.02,OK
1761724742.821179,19.835,10.264,203.58,50.39,220.01,0.991,0.934,50.0,OK
1761724742.931153,19.878,10.216,203.07,50.39,220.2,0.966,0.955,50.02,OK
1761724743.033104,19.794,10.295,203.79,50.39,219.81,0.952,0.974,50.03,OK
1761724743.1347597,19.882,10.208,202.95,50.39,219.89,0.99,0.932,49.99,OK
1761724743.2356992,19.815,10.254,203.19,50.39,219.96,0.943,0.979,50.03,OK
1761724743.3382025,19.887,10.079,200.43,50.39,219.82,0.961,0.949,50.04,OK
1761724743.439573,19.812,10.192,201.92,50.39,220.07,0.995,0.922,49.96,OK
1761724743.5412135,19.817,10.152,201.18,50.39,220.12,0.987,0.926,50.04,OK
1761724743.6429315,19.878,10.063,200.03,50.39,219.87,0.952,0.956,50.04,OK
1761724743.7446005,19.866,10.09,200.44,50.39,220.29,0.959,0.949,50.04,OK
1761724743.8463647,19.856,10.049,199.52,50.39,219.73,0.948,0.958,49.99,OK
1761724743.9481142,19.802,10.134,200.68,50.39,219.95,0.934,0.977,50.02,OK
1761724744.051002,19.848,10.071,199.89,50.39,219.99,0.955,0.951,50.03,OK
1761724744.1525497,19.86,10.031,199.22,50.39,219.93,0.947,0.956,50.01,OK
1761724744.2540572,19.885,10.027,199.39,50.39,220.27,0.972,0.931,49.97,OK
1761724744.3558748,19.826,10.2,202.22,50.39,220.33,0.941,0.975,50.02,OK
1761724744.4576087,19.818,10.177,201.69,50.39,220.24,0.99,0.925,49.99,OK
1761724744.559983,19.822,10.007,198.35,50.39,220.18,0.954,0.944,50.0,OK
1761724744.6664848,19.798,10.039,198.75,50.39,219.63,0.97,0.933,50.01,OK
1761724744.7685082,19.817,10.184,201.82,50.39,220.03,0.968,0.948,50.02,OK
1761724744.8704896,19.86,10.011,198.82,50.39,219.8,0.971,0.932,49.95,OK
1761724744.9729762,19.874,10.129,201.3,50.39,219.87,0.953,0.96,49.97,OK
1761724745.075367,19.794,10.107,200.07,50.39,220.15,0.94,0.967,50.0,OK
1761724745.1777556,19.821,10.062,199.43,50.39,219.61,0.93,0.977,50.04,OK
1761724745.279829,19.856,9.969,197.94,50.39,220.21,0.921,0.976,50.05,OK
1761724745.3822312,19.88,9.936,197.53,50.39,220.21,0.955,0.939,49.99,OK
1761724745.4837337,19.878,10.082,200.41,50.39,219.7,0.961,0.949,49.95,OK
1761724745.5852723,19.875,10.028,199.31,50.39,220.33,0.95,0.952,50.03,OK
1761724745.6865134,19.824,9.962,197.48,50.39,220.26,0.96,0.934,50.0,OK
1761724745.787908,19.865,9.947,197.59,50.39,220.06,0.921,0.975,50.0,OK
1761724745.8894882,19.848,9.949,197.47,50.39,220.08,0.947,0.947,50.01,OK
1761724745.9914072,19.805,10.076,199.55,50.39,219.88,0.947,0.959,50.04,OK
1761724746.0927494,19.843,10.02,198.82,50.39,220.22,0.935,0.966,50.05,OK
1761724746.1946144,19.834,10.016,198.66,50.39,219.99,0.977,0.924,50.03,OK
1761724746.2965922,19.866,10.002,198.7,50.39,219.9,0.973,0.929,50.01,OK
1761724746.3984587,19.867,9.886,196.4,50.39,219.83,0.97,0.921,49.97,OK
1761724746.5000916,19.881,9.948,197.78,50.39,219.99,0.933,0.963,49.96,OK
1761724746.6024232,19.811,9.958,197.28,50.39,220.04,0.928,0.966,50.04,OK
1761724746.703687,19.853,9.95,197.53,50.39,220.25,0.956,0.938,50.03,OK
1761724746.8056705,19.803,9.913,196.31,50.39,219.76,0.956,0.934,50.04,OK
1761724746.9072337,19.889,9.826,195.43,50.39,220.3,0.916,0.969,50.05,OK
1761724747.0086908,19.878,9.899,196.77,50.39,220.21,0.95,0.94,49.96,OK
1761724747.11046,19.881,9.978,198.36,50.39,220.05,0.975,0.924,50.03,OK
1761724747.2150307,19.807,10.027,198.61,50.39,220.24,0.937,0.962,50.01,OK
1761724747.3732517,19.818,9.91,196.41,50.39,219.96,0.915,0.976,50.04,OK
1761724747.4775853,19.856,9.919,196.95,50.39,219.88,0.949,0.944,49.96,OK
1761724747.5843072,19.889,9.841,195.72,50.39,219.74,0.918,0.97,49.99,OK
1761724747.6864645,19.811,9.884,195.82,50.39,219.85,0.915,0.974,50.0,OK
1761724747.7881553,19.885,9.798,194.83,50.39,220.13,0.905,0.978,50.04,OK
1761724747.889955,19.828,9.972,197.73,50.39,220.19,0.938,0.958,50.0,OK
1761724747.9919355,19.854,9.938,197.31,50.39,219.68,0.967,0.929,49.95,OK
1761724748.09344,19.797,9.942,196.83,50.39,219.81,0.937,0.955,49.97,OK
1761724748.1951764,19.868,9.979,198.26,50.39,220.21,0.934,0.964,49.99,OK
1761724748.297199,19.881,9.967,198.15,50.39,219.81,0.969,0.931,50.0,OK
1761724748.3989558,19.872,9.909,196.91,50.39,219.95,0.921,0.972,50.02,OK
1761724748.5005198,19.822,9.929,196.82,50.39,220.0,0.93,0.962,50.01,OK
1761724748.6017096,19.854,9.919,196.94,50.39,220.39,0.937,0.953,49.98,OK
1761724748.7034085,19.812,9.88,195.74,50.39,220.31,0.927,0.958,50.04,OK
1761724748.804881,19.812,9.994,198.0,50.39,219.77,0.949,0.95,50.02,OK
1761724748.907027,19.874,9.838,195.52,50.39,219.94,0.922,0.964,49.99,OK
1761724749.0088384,19.8,9.951,197.04,50.39,220.34,0.927,0.965,50.04,OK
1761724749.1106734,19.83,9.803,194.4,50.39,220.01,0.95,0.93,50.02,OK
1761724749.213439,19.87,9.826,195.24,50.39,220.03,0.943,0.941,50.01,OK
1761724749.315049,19.88,9.802,194.86,50.39,219.77,0.961,0.922,49.98,OK
1761724749.4166505,19.801,9.977,197.56,50.39,220.27,0.92,0.975,49.96,OK
1761724749.5183635,19.881,9.823,195.3,50.39,219.9,0.94,0.944,49.99,OK
1761724749.6203492,19.811,9.982,197.74,50.39,220.12,0.918,0.978,50.01,OK
1761724749.7224758,19.854,9.833,195.21,50.39,220.38,0.961,0.922,50.03,OK
1761724749.8251386,19.796,9.873,195.45,50.39,219.95,0.914,0.972,49.96,OK
1761724749.9265475,19.835,9.8,194.39,50.39,220.36,0.914,0.965,49.99,OK
1761724750.0279803,19.85,9.94,197.31,50.39,219.64,0.975,0.921,50.02,OK
1761724750.1294832,19.867,9.817,195.03,50.39,219.81,0.914,0.971,49.97,OK
1761724750.2315445,19.882,9.813,195.11,50.39,219.88,0.925,0.959,50.05,OK
1761724750.3331323,19.844,9.958,197.61,50.39,220.26,0.936,0.959,50.03,OK
1761724750.4352825,19.832,9.823,194.81,50.39,220.13,0.914,0.969,49.98,OK
1761724750.5369997,19.829,9.995,198.2,50.39,220.15,0.964,0.934,50.03,OK
1761724750.6457503,19.89,9.769,194.3,50.39,220.2,0.918,0.961,50.03,OK
1761724750.7475128,19.842,9.873,195.9,50.39,219.9,0.965,0.924,49.99,OK
1761724750.8490417,19.837,9.991,198.19,50.39,219.88,0.945,0.954,50.0,OK
1761724750.9511669,19.848,9.991,198.31,50.39,219.67,0.953,0.947,50.01,OK
1761724751.0531611,19.82,9.855,195.32,50.39,219.63,0.923,0.964,50.01,OK
1761724751.1550539,19.805,9.842,194.92,50.39,220.04,0.916,0.967,49.95,OK
1761724751.2568796,19.813,9.917,196.48,50.39,220.27,0.919,0.97,49.99,OK
1761724751.3588457,19.817,9.976,197.7,50.39,219.86,0.972,0.925,49.96,OK
1761724751.460343,19.848,9.916,196.82,50.39,219.84,0.949,0.943,50.0,OK
1761724751.5619755,19.845,9.888,196.23,50.39,219.76,0.939,0.951,50.04,OK
1761724751.663987,19.844,9.914,196.73,50.39,220.27,0.962,0.928,49.98,OK
1761724751.7653887,19.849,9.924,196.97,50.39,220.11,0.962,0.931,50.01,OK
1761724751.8673902,19.813,9.999,198.1,50.39,219.71,0.959,0.941,49.98,OK
1761724751.9688413,19.802,9.988,197.78,50.39,219.97,0.948,0.948,49.97,OK
1761724752.070227,19.803,9.879,195.63,50.39,220.09,0.92,0.966,50.02,OK
1761724752.1725435,19.857,10.02,198.96,50.39,220.21,0.975,0.927,49.98,OK
1761724752.2740242,19.837,9.972,197.81,50.39,219.86,0.922,0.976,49.95,OK
1761724752.3757374,19.878,9.871,196.21,50.39,220.15,0.947,0.941,50.04,OK
1761724752.4777548,19.872,9.995,198.62,50.39,219.81,0.929,0.973,50.03,OK
1761724752.5791173,19.793,9.918,196.31,50.39,219.9,0.959,0.931,49.98,OK
1761724752.6805983,19.838,9.978,197.94,50.39,220.36,0.961,0.935,50.02,OK
1761724752.7826211,19.801,10.072,199.43,50.39,220.3,0.952,0.951,50.0,OK
1761724752.8845494,19.828,9.98,197.88,50.39,220.03,0.963,0.934,49.97,OK
1761724752.987078,19.873,10.06,199.92,50.39,219.84,0.93,0.977,49.98,OK
1761724753.0882764,19.885,9.972,198.29,50.39,220.35,0.95,0.947,49.97,OK
1761724753.1900675,19.872,9.97,198.12,50.39,219.7,0.932,0.967,49.97,OK
1761724753.2925272,19.874,9.935,197.45,50.39,219.89,0.948,0.947,49.97,OK
1761724753.394395,19.878,10.061,199.99,50.39,219.95,0.951,0.956,50.03,OK
1761724753.496275,19.802,10.122,200.44,50.39,219.65,0.97,0.94,50.04,OK
1761724753.5986245,19.836,10.034,199.03,50.39,220.38,0.941,0.96,50.03,OK
1761724753.7001922,19.855,9.979,198.13,50.39,220.11,0.972,0.926,49.98,OK
1761724753.8021154,19.859,10.109,200.76,50.39,220.26,0.975,0.935,50.03,OK
1761724753.9034724,19.79,10.006,198.03,50.39,220.14,0.951,0.946,49.97,OK
1761724754.005034,19.825,10.134,200.91,50.39,220.37,0.936,0.974,50.02,OK
1761724754.106742,19.867,10.095,200.56,50.39,219.62,0.98,0.932,49.97,OK
1761724754.208199,19.856,10.003,198.62,50.39,219.8,0.964,0.937,49.96,OK
1761724754.3097045,19.844,10.133,201.08,50.39,219.81,0.971,0.942,50.04,OK
1761724754.411155,19.824,10.099,200.21,50.39,219.76,0.945,0.964,50.04,OK
1761724754.5126495,19.794,10.055,199.03,50.39,219.76,0.95,0.953,49.96,OK
1761724754.6143248,19.875,10.01,198.94,50.39,220.35,0.947,0.953,50.0,OK
1761724754.715814,19.854,10.121,200.95,50.39,219.76,0.951,0.961,49.96,OK
1761724754.817691,19.855,10.069,199.92,50.39,219.8,0.983,0.925,50.01,OK
1761724754.9192784,19.886,10.083,200.52,50.39,219.72,0.967,0.944,50.04,OK
1761724755.0210664,19.805,10.204,202.09,50.39,219.66,0.949,0.97,50.03,OK
1761724755.123847,19.792,10.24,202.67,50.39,219.84,0.967,0.953,49.96,OK
1761724755.2254338,19.876,10.114,201.03,50.39,220.37,0.978,0.933,50.02,OK
1761724755.326948,19.88,10.194,202.65,50.39,220.3,0.977,0.942,50.0,OK
1761724755.4289117,19.871,10.238,203.43,50.39,219.78,0.969,0.955,49.95,OK
1761724755.53039,19.881,10.126,201.32,50.39,219.91,0.942,0.972,50.02,OK
1761724755.6319647,19.858,10.257,203.69,50.39,220.09,0.947,0.977,49.96,OK
1761724755.7336252,19.84,10.236,203.08,50.39,220.29,0.988,0.933,49.99,OK
1761724755.8348746,19.854,10.088,200.28,50.39,219.83,0.955,0.954,50.03,OK
1761724755.9365327,19.829,10.215,202.54,50.39,220.28,0.97,0.948,50.01,OK
1761724756.0385668,19.818,10.266,203.44,50.39,219.72,0.998,0.927,50.05,OK
1761724756.1402183,19.828,10.249,203.21,50.39,220.14,0.942,0.98,49.95,OK
1761724756.2423007,19.803,10.137,200.74,50.39,219.93,0.961,0.95,50.03,OK
1761724756.3438935,19.809,10.16,201.26,50.39,220.16,0.967,0.946,49.97,OK
1761724756.4452436,19.862,10.125,201.11,50.39,219.83,0.987,0.927,49.96,OK
1761724756.5473273,19.833,10.292,204.11,50.39,220.16,0.984,0.942,49.96,OK
1761724756.6490798,19.884,10.193,202.69,50.39,219.66,0.969,0.953,49.97,OK
1761724756.7515073,19.826,10.249,203.19,50.39,219.98,0.981,0.942,49.98,OK
1761724756.853192,19.869,10.181,202.28,50.39,220.4,0.955,0.961,50.01,OK
1761724756.9557457,19.815,10.169,201.49,50.39,219.96,0.982,0.933,50.03,OK
1761724757.0573437,19.888,10.22,203.25,50.39,219.77,0.968,0.956,50.04,OK
1761724757.158862,19.861,10.18,202.2,50.39,219.61,0.949,0.971,50.02,OK
1761724757.26104,19.888,10.272,204.3,50.39,220.0,0.969,0.958,50.02,OK
1761724757.3633518,19.887,10.316,205.16,50.39,220.04,0.957,0.974,50.03,OK
1761724757.465371,19.859,10.2,202.57,50.39,219.77,0.957,0.963,49.98,OK
1761724757.567307,19.804,10.38,205.57,50.39,220.17,0.99,0.944,49.97,OK
1761724757.6698143,19.863,10.29,204.39,50.39,219.74,0.95,0.979,50.03,OK
1761724757.771795,19.854,10.291,204.32,50.39,220.01,1.003,0.926,50.03,OK
1761724757.8731916,19.867,10.334,205.31,50.39,220.16,0.967,0.964,49.98,OK
1761724757.9757683,19.874,10.332,205.35,50.39,220.23,1.009,0.924,49.99,OK
1761724758.0776942,19.819,10.287,203.87,50.39,219.88,0.98,0.946,50.01,OK
1761724758.1813009,19.89,10.275,204.37,50.39,220.32,0.948,0.978,50.02,OK
1761724758.2834985,19.815,10.354,205.17,50.39,219.83,0.96,0.972,50.05,OK
1761724758.3856952,19.794,10.306,204.01,50.39,219.67,0.981,0.947,49.99,OK
1761724758.487946,19.887,10.158,202.0,50.39,220.33,0.95,0.965,49.98,OK
1761724758.5899525,19.875,10.252,203.76,50.39,220.32,0.96,0.963,49.99,OK
1761724758.69151,19.843,10.318,204.74,50.39,219.99,1.009,0.923,50.03,OK
1761724758.7934253,19.85,10.376,205.96,50.39,220.35,0.96,0.973,50.03,OK
1761724758.8956125,19.799,10.361,205.14,50.39,220.39,0.964,0.966,49.97,OK
1761724758.9986176,19.846,10.324,204.89,50.39,220.11,0.962,0.967,49.98,OK
1761724759.1005485,19.852,10.324,204.96,50.39,219.63,0.974,0.958,49.99,OK
1761724759.2031603,19.798,10.39,205.71,50.39,219.94,0.982,0.952,50.02,OK
1761724759.3054824,19.879,10.339,205.52,50.39,220.35,0.985,0.947,49.98,OK
1761724759.408101,19.799,10.312,204.16,50.39,220.07,0.972,0.954,50.04,OK
1761724759.5100236,19.823,10.272,203.63,50.39,220.24,0.96,0.964,50.04,OK
1761724759.6116178,19.861,10.287,204.32,50.39,219.85,0.959,0.969,49.96,OK
1761724759.7134922,19.856,10.351,205.52,50.39,219.87,0.961,0.973,50.0,OK
1761724759.8158607,19.819,10.329,204.71,50.39,219.92,0.977,0.953,49.99,OK
1761724759.9176292,19.808,10.215,202.34,50.39,220.36,0.945,0.972,49.98,OK
1761724760.0195575,19.847,10.279,204.0,50.39,220.1,1.004,0.923,50.0,OK
1761724760.1217377,19.865,10.343,205.46,50.39,219.81,0.97,0.964,50.04,OK
1761724760.2236378,19.793,10.198,201.84,50.39,219.81,0.985,0.932,50.05,OK
1761724760.3254633,19.824,10.189,202.0,50.39,219.95,0.96,0.956,50.0,OK
1761724760.4270732,19.838,10.229,202.93,50.39,219.92,0.988,0.934,49.98,OK
1761724760.529272,19.879,10.181,202.39,50.39,219.87,0.948,0.971,50.04,OK
1761724760.6311443,19.798,10.34,204.71,50.39,220.26,0.954,0.974,50.0,OK
1761724760.7321968,19.888,10.203,202.92,50.39,220.38,0.976,0.943,50.01,OK
1761724760.834285,19.813,10.267,203.43,50.39,220.05,0.986,0.937,50.01,OK
1761724760.936842,19.877,10.203,202.81,50.39,220.18,0.995,0.926,50.04,OK
1761724761.0385695,19.849,10.303,204.5,50.39,220.14,0.957,0.971,49.99,OK
1761724761.1401792,19.822,10.335,204.87,50.39,220.16,1.01,0.921,49.95,OK
1761724761.2419999,19.792,10.215,202.19,50.39,220.25,0.995,0.923,49.97,OK
1761724761.344116,19.798,10.22,202.33,50.39,219.61,0.979,0.941,49.97,OK
1761724761.4455378,19.837,10.311,204.53,50.39,220.37,0.978,0.949,50.03,OK
1761724761.5473244,19.809,10.245,202.95,50.39,219.97,0.956,0.965,49.96,OK
1761724761.6491036,19.799,10.275,203.44,50.39,220.02,0.95,0.973,49.96,OK
1761724761.7515361,19.808,10.265,203.32,50.39,220.4,0.998,0.924,50.03,OK
1761724761.8535721,19.829,10.272,203.68,50.39,219.89,0.962,0.963,49.99,OK
1761724761.9561098,19.89,10.112,201.12,50.39,220.37,0.966,0.945,50.03,OK
1761724762.0588799,19.887,10.199,202.83,50.39,220.21,0.954,0.966,50.02,OK
1761724762.1604893,19.825,10.265,203.5,50.39,220.04,0.957,0.967,50.04,OK
1761724762.2623599,19.826,10.114,200.52,50.39,220.24,0.956,0.953,50.01,OK
1761724762.364771,19.847,10.147,201.38,50.39,220.0,0.955,0.958,49.98,OK
1761724762.4664888,19.883,10.197,202.75,50.39,219.75,0.968,0.953,49.96,OK
1761724762.568066,19.833,10.081,199.94,50.39,220.06,0.969,0.938,50.02,OK
1761724762.6699924,19.887,10.025,199.36,50.39,219.69,0.976,0.93,50.04,OK
1761724762.7725086,19.852,10.138,201.26,50.39,219.61,0.981,0.934,50.05,OK
1761724762.8740907,19.843,10.201,202.43,50.39,220.3,0.97,0.947,50.0,OK
1761724762.9755728,19.868,10.094,200.55,50.39,220.23,0.975,0.934,49.98,OK
1761724763.0767777,19.838,10.103,200.43,50.39,220.29,0.986,0.922,50.04,OK
1761724763.178693,19.826,10.025,198.75,50.39,220.19,0.934,0.966,49.99,OK
1761724763.2802773,19.816,10.127,200.68,50.39,220.27,0.978,0.932,50.0,OK
1761724763.3821,19.868,10.132,201.3,50.39,219.77,0.975,0.939,50.03,OK
1761724763.4838912,19.814,10.068,199.48,50.39,219.94,0.969,0.936,50.03,OK
1761724763.585736,19.885,10.035,199.54,50.39,220.31,0.945,0.958,49.97,OK
1761724763.6872935,19.85,10.091,200.3,50.39,220.03,0.935,0.973,50.03,OK
1761724763.7892606,19.834,10.124,200.79,50.39,220.18,0.967,0.943,50.02,OK
1761724763.8907661,19.837,10.162,201.58,50.39,219.72,0.96,0.955,50.0,OK
1761724763.9922526,19.791,10.12,200.28,50.39,219.95,0.964,0.944,49.96,OK
1761724764.0937364,19.795,10.056,199.05,50.39,220.36,0.933,0.969,50.02,OK
1761724764.195861,19.845,10.118,200.78,50.39,219.76,0.937,0.975,50.02,OK
1761724764.29786,19.859,10.126,201.1,50.39,220.17,0.935,0.977,49.96,OK
1761724764.399834,19.814,9.972,197.59,50.39,220.15,0.971,0.924,49.99,OK
1761724764.5013146,19.799,9.958,197.16,50.39,220.39,0.97,0.922,49.95,OK
1761724764.603339,19.865,9.988,198.4,50.39,220.19,0.967,0.931,50.02,OK
1761724764.7048926,19.876,9.955,197.87,50.39,219.65,0.923,0.976,50.03,OK
1761724764.8064246,19.873,9.976,198.25,50.39,220.39,0.976,0.922,50.02,OK
1761724764.9080906,19.837,10.071,199.79,50.39,219.63,0.942,0.965,49.98,OK
1761724765.0101428,19.816,9.96,197.37,50.39,220.0,0.948,0.947,49.96,OK
1761724765.1118312,19.803,10.099,199.99,50.39,219.79,0.988,0.921,50.04,OK
1761724765.2176726,19.851,10.028,199.06,50.39,219.92,0.954,0.949,50.04,OK
1761724765.319179,19.877,9.92,197.18,50.39,219.64,0.93,0.965,49.99,OK
1761724765.4209166,19.846,10.057,199.58,50.39,220.38,0.964,0.939,49.97,OK
1761724765.522812,19.858,10.021,199.0,50.39,220.24,0.956,0.945,49.99,OK
1761724765.6245265,19.817,9.934,196.85,50.39,220.33,0.944,0.947,50.04,OK
1761724765.7262518,19.85,10.014,198.79,50.39,220.21,0.963,0.938,50.03,OK
1761724765.828182,19.888,9.929,197.46,50.39,219.91,0.969,0.927,50.01,OK
1761724765.929745,19.869,9.919,197.07,50.39,220.24,0.972,0.92,49.98,OK
1761724766.0322225,19.864,9.85,195.65,50.39,219.62,0.943,0.945,50.01,OK
1761724766.1335335,19.797,10.046,198.88,50.39,219.9,0.966,0.937,50.03,OK
1761724766.235342,19.871,9.968,198.06,50.39,220.27,0.976,0.922,49.97,OK
1761724766.3373396,19.817,9.903,196.25,50.39,219.69,0.93,0.961,50.02,OK
1761724766.4391358,19.831,9.943,197.19,50.39,220.04,0.934,0.959,50.0,OK
1761724766.5407333,19.862,9.831,195.26,50.39,220.08,0.96,0.924,49.95,OK
1761724766.6421363,19.877,9.795,194.69,50.39,220.39,0.902,0.979,50.04,OK
1761724766.7438953,19.833,9.888,196.11,50.39,219.83,0.915,0.975,50.04,OK
1761724766.8462002,19.833,9.994,198.2,50.39,220.17,0.929,0.969,50.03,OK
1761724766.947986,19.878,9.952,197.81,50.39,220.21,0.964,0.932,50.02,OK
1761724767.0495927,19.828,9.921,196.71,50.39,219.74,0.966,0.927,49.99,OK
1761724767.151399,19.8,9.983,197.67,50.39,220.16,0.962,0.933,50.04,OK
1761724767.2536292,19.836,9.895,196.28,50.39,220.22,0.915,0.974,50.03,OK
1761724767.3556707,19.869,9.952,197.74,50.39,219.84,0.924,0.973,49.97,OK
1761724767.4582582,19.863,9.803,194.72,50.39,220.18,0.935,0.946,50.03,OK
1761724767.5597575,19.839,9.937,197.14,50.39,220.27,0.927,0.965,50.0,OK
1761724767.6615505,19.799,9.945,196.91,50.39,220.28,0.963,0.928,50.01,OK
1761724767.762868,19.813,9.966,197.45,50.39,220.33,0.928,0.966,50.01,OK
1761724767.8645403,19.864,9.806,194.78,50.39,220.05,0.91,0.972,49.98,OK
1761724767.9659436,19.794,9.949,196.93,50.39,219.8,0.936,0.957,49.98,OK
1761724768.0673368,19.883,9.884,196.54,50.39,219.78,0.95,0.942,50.01,OK
1761724768.1690383,19.87,9.859,195.9,50.39,220.02,0.915,0.973,49.95,OK
1761724768.2714498,19.812,9.84,194.94,50.39,220.1,0.94,0.943,50.02,OK
1761724768.3729267,19.868,9.807,194.85,50.39,219.87,0.926,0.957,49.95,OK
1761724768.474528,19.819,9.88,195.81,50.39,220.07,0.946,0.941,49.97,OK
1761724768.5763984,19.821,9.851,195.27,50.39,220.21,0.946,0.937,49.95,OK
1761724768.6780574,19.884,9.816,195.18,50.39,219.94,0.951,0.933,50.04,OK
1761724768.7797847,19.847,9.952,197.51,50.39,219.98,0.938,0.957,49.99,OK
1761724768.881821,19.872,9.854,195.81,50.39,220.0,0.964,0.923,49.98,OK
1761724768.9833274,19.842,9.965,197.72,50.39,219.68,0.931,0.967,49.96,OK
1761724769.0846577,19.835,9.934,197.03,50.39,220.26,0.919,0.973,49.99,OK
1761724769.1866558,19.798,9.94,196.79,50.39,219.95,0.925,0.968,50.04,OK
1761724769.2926636,19.849,9.823,194.97,50.39,220.22,0.923,0.959,50.03,OK
1761724769.3955164,19.861,9.796,194.56,50.39,219.65,0.931,0.951,49.96,OK
1761724769.4974656,19.841,9.895,196.32,50.39,219.69,0.937,0.953,50.04,OK
1761724769.5992694,19.88,9.885,196.5,50.39,219.66,0.917,0.975,50.01,OK
1761724769.701369,19.837,9.973,197.83,50.39,220.36,0.971,0.924,50.0,OK
1761724769.8033032,19.862,9.933,197.3,50.39,220.27,0.936,0.957,50.02,OK
1761724769.9047282,19.826,9.853,195.34,50.39,219.76,0.955,0.931,50.04,OK
1761724770.0060892,19.86,9.897,196.55,50.39,219.89,0.936,0.955,50.04,OK
1761724770.1080494,19.817,9.871,195.62,50.39,220.38,0.925,0.959,50.04,OK
1761724770.209811,19.868,9.915,197.0,50.39,220.07,0.949,0.943,50.03,OK
1761724770.3119094,19.855,9.881,196.2,50.39,219.82,0.945,0.944,50.01,OK
1761724770.4140713,19.836,9.826,194.91,50.39,220.39,0.913,0.969,49.96,OK
1761724770.516384,19.874,10.004,198.82,50.39,220.1,0.944,0.957,50.03,OK
1761724770.6190867,19.869,9.937,197.43,50.39,219.94,0.929,0.966,49.97,OK
1761724770.7202427,19.839,9.901,196.43,50.39,220.18,0.94,0.949,50.03,OK
1761724770.8226304,19.848,9.965,197.78,50.39,219.84,0.974,0.924,50.01,OK
1761724770.9242563,19.794,9.899,195.93,50.39,219.79,0.968,0.921,49.97,OK
1761724771.0256631,19.838,9.935,197.1,50.39,219.65,0.973,0.922,50.04,OK
1761724771.127498,19.834,9.984,198.02,50.39,219.81,0.944,0.954,49.96,OK
1761724771.2291374,19.806,10.009,198.24,50.39,220.38,0.919,0.978,49.96,OK
1761724771.3307745,19.86,10.015,198.9,50.39,220.07,0.948,0.954,50.03,OK
1761724771.43241,19.812,10.021,198.53,50.39,219.84,0.923,0.978,49.98,OK
1761724771.5345492,19.856,10.043,199.42,50.39,219.64,0.961,0.945,50.01,OK
1761724771.6363049,19.845,9.992,198.28,50.39,219.68,0.94,0.96,49.99,OK
1761724771.738298,19.81,9.986,197.82,50.39,219.85,0.925,0.973,49.98,OK
1761724771.8401334,19.835,10.095,200.23,50.39,219.99,0.929,0.98,49.97,OK
1761724771.9425213,19.854,10.028,199.08,50.39,219.99,0.974,0.929,49.99,OK
1761724772.0442178,19.826,10.118,200.61,50.39,219.75,0.942,0.969,49.95,OK
1761724772.1455271,19.855,10.016,198.87,50.39,220.2,0.978,0.923,50.03,OK
1761724772.2474246,19.831,10.0,198.31,50.39,219.82,0.921,0.979,49.97,OK
1761724772.3496675,19.817,9.964,197.45,50.39,220.15,0.934,0.96,49.98,OK
1761724772.4513485,19.813,10.024,198.6,50.39,219.62,0.976,0.926,50.02,OK
1761724772.5525897,19.846,10.059,199.63,50.39,219.9,0.976,0.93,50.05,OK
1761724772.6589768,19.864,10.112,200.86,50.39,219.61,0.96,0.953,49.97,OK
1761724772.761523,19.82,10.101,200.21,50.39,219.9,0.988,0.922,49.96,OK
1761724772.924152,19.845,10.034,199.13,50.39,220.02,0.95,0.952,50.01,OK
1761724773.034964,19.864,10.123,201.08,50.39,219.75,0.955,0.958,50.04,OK
1761724773.1445525,19.849,10.174,201.95,50.39,220.29,0.963,0.952,50.01,OK
1761724773.252235,19.808,10.083,199.72,50.39,220.37,0.933,0.972,49.98,OK
1761724773.3534374,19.842,10.067,199.76,50.39,220.2,0.961,0.944,49.97,OK
1761724773.455336,19.876,10.166,202.06,50.39,220.31,0.958,0.957,49.98,OK
1761724773.5583966,19.859,10.132,201.2,50.39,219.88,0.935,0.979,50.02,OK
1761724773.6601043,19.861,10.059,199.78,50.39,219.75,0.977,0.93,50.04,OK
1761724773.7616823,19.861,10.058,199.76,50.39,220.4,0.936,0.968,49.97,OK
1761724773.8643692,19.832,10.121,200.71,50.39,220.16,0.955,0.955,49.98,OK
1761724773.9663382,19.85,10.09,200.28,50.39,220.04,0.957,0.951,50.05,OK
1761724774.0677063,19.832,10.056,199.43,50.39,220.07,0.966,0.938,49.97,OK
1761724774.169385,19.844,10.216,202.72,50.39,220.14,0.974,0.945,49.96,OK
1761724774.2710729,19.814,10.201,202.11,50.39,220.36,0.985,0.931,50.02,OK
1761724774.3727524,19.881,10.214,203.06,50.39,219.74,0.967,0.956,50.01,OK
1761724774.4741254,19.857,10.176,202.07,50.39,220.05,0.993,0.925,50.02,OK
1761724774.5755525,19.805,10.224,202.49,50.39,219.75,0.951,0.968,50.04,OK
1761724774.6772401,19.889,10.178,202.44,50.39,219.74,0.946,0.974,49.99,OK
1761724774.7784364,19.79,10.198,201.83,50.39,220.04,0.979,0.937,49.96,OK
1761724774.880142,19.84,10.278,203.91,50.39,219.92,0.969,0.957,50.02,OK
1761724774.9814503,19.819,10.237,202.89,50.39,220.3,0.94,0.98,50.01,OK
1761724775.0826385,19.861,10.181,202.2,50.39,219.6,0.943,0.976,50.02,OK
1761724775.183829,19.833,10.228,202.85,50.39,219.73,0.962,0.96,49.97,OK
1761724775.2855172,19.865,10.24,203.42,50.39,219.6,0.961,0.964,49.98,OK
1761724775.386655,19.832,10.159,201.48,50.39,220.11,0.973,0.941,49.96,OK
1761724775.4882665,19.795,10.165,201.21,50.39,219.74,0.944,0.97,49.95,OK
1761724775.589216,19.822,10.233,202.84,50.39,219.71,0.992,0.931,49.96,OK
1761724775.6905248,19.808,10.188,201.8,50.39,220.29,0.958,0.957,49.98,OK
1761724775.7918155,19.888,10.144,201.74,50.39,219.97,0.951,0.965,49.96,OK
1761724775.8930418,19.873,10.307,204.84,50.39,219.68,1.013,0.921,49.98,OK
1761724775.9945045,19.795,10.357,205.01,50.39,220.35,1.0,0.93,50.0,OK
1761724776.0956304,19.852,10.164,201.77,50.39,219.95,0.973,0.943,49.97,OK
1761724776.1967604,19.845,10.289,204.19,50.39,219.76,0.988,0.94,50.01,OK
1761724776.2979097,19.852,10.184,202.18,50.39,219.65,0.94,0.98,50.04,OK
1761724776.399131,19.808,10.273,203.49,50.39,219.77,0.998,0.928,49.98,OK
1761724776.5006208,19.814,10.25,203.1,50.39,220.0,0.962,0.96,49.98,OK
1761724776.6024082,19.828,10.32,204.63,50.39,220.08,1.002,0.928,49.96,OK
1761724776.7036138,19.88,10.258,203.92,50.39,220.07,0.972,0.953,49.98,OK
1761724776.8051891,19.867,10.189,202.43,50.39,220.14,0.948,0.97,50.04,OK
1761724776.9065716,19.883,10.323,205.25,50.39,220.34,0.975,0.956,49.98,OK
1761724777.007761,19.868,10.23,203.25,50.39,220.15,0.987,0.935,49.99,OK
1761724777.1088948,19.807,10.242,202.86,50.39,220.14,0.961,0.958,50.01,OK
1761724777.2101805,19.828,10.376,205.74,50.39,220.16,0.954,0.98,49.99,OK
1761724777.311336,19.884,10.271,204.23,50.39,220.33,0.998,0.928,50.01,OK
1761724777.4122527,19.843,10.219,202.77,50.39,220.12,0.985,0.935,49.99,OK
1761724777.5136712,19.791,10.256,202.97,50.39,219.85,0.958,0.964,50.04,OK
1761724777.6152313,19.812,10.223,202.54,50.39,220.24,0.943,0.975,49.96,OK
1761724777.7166116,19.838,10.309,204.51,50.39,220.02,0.986,0.943,49.95,OK
1761724777.8178184,19.86,10.347,205.48,50.39,219.74,0.975,0.959,50.02,OK
1761724777.9190016,19.809,10.363,205.28,50.39,219.64,1.013,0.922,49.95,OK
1761724778.0204813,19.842,10.279,203.96,50.39,219.75,0.995,0.933,49.97,OK
1761724778.1217303,19.83,10.206,202.37,50.39,220.18,0.964,0.953,50.05,OK
1761724778.2228773,19.797,10.224,202.4,50.39,219.87,0.997,0.923,50.0,OK
1761724778.3243573,19.798,10.367,205.24,50.39,219.99,0.988,0.944,49.96,OK
1761724778.4263535,19.815,10.234,202.79,50.39,219.91,0.968,0.953,50.01,OK
1761724778.527937,19.857,10.222,202.97,50.39,219.92,0.995,0.928,50.01,OK
1761724778.6299238,19.872,10.309,204.85,50.39,220.04,0.996,0.935,50.02,OK
1761724778.7315476,19.831,10.208,202.43,50.39,219.68,0.958,0.962,50.03,OK
1761724778.8337817,19.867,10.293,204.48,50.39,219.69,0.952,0.978,49.98,OK
1761724778.9357016,19.795,10.217,202.23,50.39,219.67,0.993,0.927,49.97,OK
1761724779.0374897,19.854,10.256,203.62,50.39,220.28,0.998,0.926,50.04,OK
1761724779.1394265,19.824,10.352,205.21,50.39,220.22,0.951,0.98,49.98,OK
1761724779.2404938,19.816,10.211,202.34,50.39,219.96,0.998,0.921,49.99,OK
1761724779.342222,19.859,10.248,203.52,50.39,219.68,0.976,0.949,49.95,OK
1761724779.4439373,19.816,10.187,201.87,50.39,220.22,0.983,0.933,49.96,OK
1761724779.5462456,19.857,10.337,205.26,50.39,219.89,0.969,0.964,50.0,OK
1761724779.6477232,19.858,10.217,202.89,50.39,220.32,0.96,0.959,50.02,OK
1761724779.749714,19.84,10.327,204.88,50.39,219.8,1.008,0.925,50.04,OK
1761724779.851649,19.849,10.293,204.3,50.39,220.2,0.99,0.937,50.0,OK
1761724779.9542553,19.797,10.333,204.56,50.39,220.2,0.964,0.964,50.02,OK
1761724780.0557404,19.86,10.307,204.71,50.39,219.98,0.968,0.961,50.04,OK
1761724780.158239,19.799,10.164,201.23,50.39,219.74,0.98,0.934,50.02,OK
1761724780.2598493,19.843,10.206,202.52,50.39,219.98,0.989,0.931,50.04,OK
1761724780.3618145,19.799,10.162,201.2,50.39,220.13,0.98,0.933,50.04,OK
1761724780.4638605,19.844,10.305,204.49,50.39,219.73,1.008,0.924,50.03,OK
1761724780.5651042,19.826,10.307,204.35,50.39,219.97,1.007,0.923,49.96,OK
1761724780.6669178,19.879,10.221,203.19,50.39,220.12,0.975,0.947,49.96,OK
1761724780.7683275,19.825,10.28,203.81,50.39,220.38,0.992,0.932,50.01,OK
1761724780.8736737,19.881,10.165,202.09,50.39,220.31,0.941,0.974,49.97,OK
1761724780.9764905,19.815,10.22,202.5,50.39,220.38,0.999,0.92,50.02,OK
1761724781.0790195,19.855,10.253,203.57,50.39,220.26,0.98,0.943,50.03,OK
1761724781.1816494,19.833,10.217,202.63,50.39,220.16,0.989,0.931,49.99,OK
1761724781.283326,19.824,10.086,199.94,50.39,220.36,0.974,0.931,50.03,OK
1761724781.3851235,19.839,10.126,200.89,50.39,220.06,0.969,0.943,49.96,OK
1761724781.486847,19.864,10.044,199.51,50.39,220.05,0.951,0.954,50.03,OK
1761724781.5890145,19.859,10.134,201.26,50.39,219.64,0.993,0.923,49.99,OK
1761724781.691037,19.814,10.235,202.79,50.39,220.21,0.965,0.954,50.04,OK
1761724781.7931051,19.797,10.103,200.0,50.39,219.95,0.976,0.932,49.97,OK
1761724781.8961172,19.807,10.09,199.86,50.39,219.98,0.98,0.927,49.97,OK
1761724781.9986923,19.816,10.072,199.58,50.39,220.18,0.981,0.924,49.99,OK
1761724782.1005642,19.863,10.045,199.53,50.39,220.12,0.975,0.93,49.98,OK
1761724782.201921,19.85,10.062,199.72,50.39,220.31,0.975,0.93,49.96,OK
1761724782.3040195,19.797,10.125,200.44,50.39,220.1,0.954,0.955,49.99,OK
1761724782.4060233,19.81,10.026,198.62,50.39,219.87,0.945,0.955,50.01,OK
1761724782.5125327,19.889,9.967,198.24,50.39,219.74,0.965,0.935,50.0,OK
1761724782.613606,19.794,10.153,200.98,50.39,219.75,0.97,0.943,49.95,OK
1761724782.7155242,19.804,10.05,199.03,50.39,219.87,0.939,0.964,50.01,OK
1761724782.817274,19.791,10.024,198.38,50.39,219.68,0.977,0.925,49.98,OK
1761724782.9192567,19.826,10.062,199.49,50.39,219.88,0.946,0.959,50.0,OK
1761724783.0205767,19.868,9.973,198.14,50.39,220.15,0.92,0.978,49.97,OK
1761724783.122592,19.837,10.138,201.11,50.39,219.85,0.945,0.968,49.99,OK
1761724783.2250204,19.845,10.122,200.87,50.39,219.9,0.979,0.933,49.97,OK
1761724783.3269079,19.843,10.112,200.66,50.39,219.78,0.99,0.923,49.98,OK
1761724783.4283352,19.843,10.052,199.46,50.39,220.35,0.964,0.939,49.98,OK
1761724783.5311627,19.794,10.023,198.39,50.39,219.83,0.972,0.928,49.97,OK
1761724783.6330388,19.85,9.946,197.43,50.39,219.84,0.925,0.971,50.02,OK
1761724783.7344894,19.833,9.995,198.24,50.39,220.27,0.939,0.958,50.03,OK
1761724783.8366756,19.821,10.007,198.34,50.39,220.16,0.931,0.968,49.99,OK
1761724783.9386253,19.845,10.024,198.93,50.39,220.12,0.97,0.932,49.98,OK
1761724784.0398536,19.819,9.941,197.02,50.39,220.01,0.919,0.974,50.03,OK
1761724784.1415384,19.855,9.881,196.17,50.39,220.02,0.966,0.923,49.95,OK
1761724784.2429383,19.878,9.96,197.98,50.39,220.18,0.95,0.947,49.98,OK
1761724784.3444045,19.83,10.032,198.94,50.39,220.04,0.926,0.977,49.99,OK
1761724784.4468193,19.813,10.049,199.09,50.39,219.92,0.971,0.933,49.97,OK
1761724784.5484722,19.828,9.884,195.99,50.39,220.28,0.934,0.953,49.99,OK
1761724784.650032,19.826,9.925,196.78,50.39,219.86,0.956,0.936,50.05,OK
1761724784.7514808,19.799,10.031,198.59,50.39,220.03,0.957,0.944,49.96,OK
1761724784.85314,19.812,10.031,198.74,50.39,220.13,0.94,0.961,50.01,OK
1761724784.9546828,19.878,9.976,198.31,50.39,220.36,0.919,0.979,50.02,OK
1761724785.0561326,19.82,10.027,198.73,50.39,219.61,0.97,0.933,49.96,OK
1761724785.1574888,19.811,9.929,196.7,50.39,220.34,0.923,0.967,49.96,OK
1761724785.259454,19.853,9.986,198.25,50.39,220.07,0.975,0.924,50.03,OK
1761724785.360865,19.8,9.981,197.62,50.39,220.31,0.937,0.957,50.05,OK
1761724785.463075,19.821,10.006,198.32,50.39,220.03,0.96,0.939,49.97,OK
1761724785.5651042,19.867,9.992,198.52,50.39,220.27,0.936,0.963,50.03,OK
1761724785.6666033,19.883,9.855,195.94,50.39,220.3,0.965,0.921,50.01,OK
1761724785.768512,19.859,9.895,196.51,50.39,220.09,0.932,0.958,50.04,OK
1761724785.8702002,19.86,9.97,198.0,50.39,220.08,0.949,0.948,49.97,OK
1761724785.9724643,19.814,9.994,198.03,50.39,219.76,0.958,0.941,49.96,OK
1761724786.0745368,19.826,9.96,197.46,50.39,220.33,0.935,0.958,49.96,OK
1761724786.1763415,19.814,9.858,195.33,50.39,220.08,0.928,0.957,49.98,OK
1761724786.2779436,19.88,9.833,195.47,50.39,219.88,0.919,0.968,50.0,OK
1761724786.3797216,19.888,9.821,195.33,50.39,220.21,0.938,0.945,50.02,OK
1761724786.4819615,19.868,9.966,198.0,50.39,220.07,0.978,0.92,50.02,OK
1761724786.5879169,19.865,9.864,195.95,50.39,220.14,0.914,0.974,50.04,OK
1761724786.6892502,19.816,9.824,194.67,50.39,220.02,0.95,0.932,50.05,OK
1761724786.79093,19.887,9.853,195.95,50.39,220.28,0.937,0.95,50.04,OK
1761724786.8925018,19.851,9.859,195.71,50.39,219.89,0.959,0.928,49.99,OK
1761724786.9940083,19.796,9.909,196.17,50.39,219.89,0.933,0.956,49.98,OK
1761724787.096,19.831,9.81,194.54,50.39,220.4,0.92,0.959,49.95,OK
1761724787.1978106,19.861,9.94,197.41,50.39,219.83,0.923,0.973,50.02,OK
1761724787.2995527,19.792,9.83,194.55,50.39,220.01,0.918,0.964,49.96,OK
1761724787.4013562,19.857,9.836,195.31,50.39,220.23,0.937,0.947,50.05,OK
1761724787.502722,19.869,9.873,196.17,50.39,220.13,0.914,0.974,50.02,OK
1761724787.604944,19.863,9.954,197.71,50.39,219.74,0.933,0.965,49.98,OK
1761724787.7062325,19.85,9.929,197.1,50.39,219.88,0.947,0.946,49.97,OK
1761724787.807947,19.853,9.81,194.76,50.39,220.39,0.958,0.922,50.04,OK
1761724787.90941,19.804,9.807,194.22,50.39,219.84,0.924,0.957,50.0,OK
1761724788.0112417,19.876,9.848,195.75,50.39,219.71,0.923,0.965,50.0,OK
1761724788.112685,19.873,9.8,194.76,50.39,220.18,0.924,0.957,50.01,OK
1761724788.2142644,19.856,9.783,194.25,50.39,219.91,0.957,0.923,49.97,OK
1761724788.3158596,19.804,9.972,197.49,50.39,220.25,0.952,0.942,49.98,OK
1761724788.417216,19.843,9.959,197.61,50.39,219.93,0.92,0.977,50.02,OK
1761724788.5189457,19.87,9.817,195.06,50.39,220.02,0.956,0.927,50.02,OK
1761724788.6211586,19.834,9.861,195.58,50.39,219.78,0.948,0.939,50.02,OK
1761724788.7228942,19.853,9.95,197.53,50.39,219.64,0.954,0.943,50.02,OK
1761724788.8248022,19.855,9.864,195.85,50.39,219.66,0.963,0.926,50.02,OK
1761724788.9268975,19.887,9.988,198.63,50.39,220.23,0.964,0.936,49.99,OK
1761724789.0287147,19.857,9.837,195.34,50.39,219.68,0.923,0.964,50.01,OK
1761724789.1307032,19.794,9.932,196.59,50.39,220.35,0.948,0.941,50.0,OK
1761724789.2323914,19.804,9.917,196.41,50.39,220.11,0.933,0.957,49.96,OK
1761724789.3338397,19.89,9.95,197.91,50.39,219.86,0.938,0.96,50.02,OK
1761724789.4374228,19.887,9.851,195.92,50.39,219.69,0.924,0.965,50.05,OK
1761724789.5399587,19.884,9.978,198.41,50.39,219.7,0.925,0.976,49.98,OK
1761724789.6424527,19.877,9.929,197.35,50.39,219.85,0.918,0.978,50.05,OK
1761724789.7442648,19.825,9.942,197.11,50.39,219.84,0.954,0.94,49.95,OK
1761724789.845831,19.801,9.91,196.22,50.39,220.28,0.934,0.954,50.01,OK
1761724789.9475594,19.815,9.934,196.84,50.39,219.97,0.936,0.956,50.05,OK
1761724790.0496554,19.885,9.993,198.7,50.39,219.81,0.982,0.92,50.02,OK
1761724790.150944,19.791,10.052,198.94,50.39,219.82,0.983,0.92,49.99,OK
1761724790.2529187,19.84,9.971,197.81,50.39,219.76,0.961,0.936,49.96,OK
1761724790.354931,19.889,9.933,197.56,50.39,220.28,0.947,0.947,49.99,OK
1761724790.456622,19.814,10.004,198.22,50.39,219.71,0.927,0.973,49.98,OK
1761724790.5588427,19.885,9.986,198.58,50.39,220.14,0.95,0.949,50.01,OK
1761724790.6606565,19.831,10.025,198.81,50.39,220.26,0.923,0.978,49.96,OK
1761724790.7617428,19.84,10.089,200.17,50.39,219.78,0.965,0.944,49.97,OK
1761724790.862966,19.851,10.095,200.4,50.39,220.01,0.936,0.973,50.04,OK
1761724790.9645388,19.882,9.994,198.69,50.39,219.84,0.951,0.95,49.99,OK
1761724791.0661445,19.871,9.914,196.99,50.39,220.33,0.952,0.939,49.99,OK
1761724791.1676788,19.839,9.997,198.32,50.39,219.7,0.933,0.967,50.03,OK
1761724791.268975,19.856,10.047,199.48,50.39,219.64,0.953,0.953,49.96,OK
1761724791.3706057,19.798,10.107,200.09,50.39,220.1,0.95,0.957,49.95,OK
1761724791.4726202,19.876,9.954,197.85,50.39,220.24,0.937,0.959,50.03,OK
1761724791.5746307,19.804,10.064,199.31,50.39,219.67,0.933,0.972,50.01,OK
1761724791.6767986,19.801,10.112,200.23,50.39,219.94,0.962,0.946,50.02,OK
1761724791.7787993,19.843,9.982,198.07,50.39,220.34,0.956,0.94,50.01,OK
1761724791.8812397,19.808,10.068,199.43,50.39,220.36,0.978,0.925,50.04,OK
1761724791.9830227,19.851,10.142,201.34,50.39,219.83,0.945,0.97,49.96,OK
1761724792.0850928,19.814,10.044,199.01,50.39,219.98,0.938,0.964,49.96,OK
1761724792.187012,19.828,10.081,199.87,50.39,220.06,0.971,0.936,49.96,OK
1761724792.2885392,19.87,10.175,202.18,50.39,220.34,0.977,0.939,50.04,OK
1761724792.390155,19.85,10.054,199.56,50.39,220.27,0.956,0.948,50.05,OK
1761724792.4924812,19.791,10.191,201.7,50.39,220.11,0.985,0.93,50.04,OK
1761724792.594565,19.812,10.107,200.24,50.39,219.66,0.952,0.958,50.02,OK
1761724792.6959217,19.821,10.201,202.2,50.39,220.06,0.982,0.936,50.03,OK
1761724792.7976673,19.835,10.136,201.06,50.39,219.91,0.961,0.952,50.01,OK
1761724792.8987005,19.847,10.117,200.8,50.39,219.64,0.946,0.966,50.04,OK
1761724793.0002692,19.847,10.24,203.24,50.39,220.06,0.943,0.979,50.03,OK
1761724793.1025107,19.847,10.08,200.07,50.39,219.67,0.948,0.96,50.03,OK
1761724793.2045844,19.89,10.039,199.68,50.39,220.19,0.974,0.931,50.03,OK
1761724793.306455,19.797,10.256,203.03,50.39,219.98,0.994,0.928,49.96,OK
1761724793.408086,19.866,10.242,203.47,50.39,220.01,0.971,0.952,49.96,OK
1761724793.509758,19.827,10.089,200.04,50.39,220.21,0.971,0.936,50.01,OK
1761724793.611768,19.818,10.111,200.38,50.39,219.75,0.981,0.929,50.04,OK
1761724793.713825,19.837,10.108,200.52,50.39,220.08,0.974,0.935,50.04,OK
1761724793.815839,19.831,10.255,203.36,50.39,220.16,0.983,0.94,50.02,OK
1761724793.9174654,19.829,10.118,200.63,50.39,219.78,0.939,0.973,50.03,OK
1761724794.0193965,19.817,10.284,203.79,50.39,219.93,1.002,0.925,49.98,OK
1761724794.1212451,19.887,10.189,202.62,50.39,220.05,0.998,0.923,49.97,OK
1761724794.2233117,19.822,10.32,204.56,50.39,219.67,1.005,0.927,50.05,OK
1761724794.3246753,19.878,10.225,203.25,50.39,220.21,0.985,0.937,49.96,OK
1761724794.426678,19.82,10.196,202.08,50.39,220.13,0.964,0.952,49.98,OK
1761724794.5283568,19.823,10.21,202.38,50.39,219.89,0.97,0.949,50.03,OK
1761724794.630003,19.791,10.27,203.25,50.39,220.31,0.954,0.967,50.02,OK
1761724794.7313483,19.887,10.124,201.34,50.39,220.4,0.953,0.959,49.97,OK
1761724794.8326569,19.881,10.257,203.92,50.39,220.39,0.953,0.971,50.03,OK
1761724794.9338703,19.816,10.336,204.81,50.39,219.83,1.004,0.928,49.99,OK
1761724795.0356762,19.854,10.277,204.04,50.39,220.06,0.982,0.944,50.03,OK
1761724795.1376789,19.889,10.185,202.56,50.39,219.69,0.975,0.945,49.97,OK
1761724795.2401183,19.8,10.295,203.83,50.39,219.91,0.991,0.935,49.96,OK
1761724795.3423774,19.853,10.285,204.2,50.39,219.8,0.999,0.93,50.0,OK
1761724795.44386,19.877,10.17,202.15,50.39,219.94,0.962,0.955,49.97,OK
1761724795.5463781,19.88,10.207,202.91,50.39,220.3,0.977,0.943,50.01,OK
1761724795.6485598,19.838,10.187,202.09,50.39,219.99,0.939,0.978,49.96,OK
1761724795.7507253,19.862,10.273,204.03,50.39,219.99,1.008,0.92,49.95,OK
1761724795.852834,19.814,10.193,201.96,50.39,220.36,0.979,0.936,49.98,OK
1761724795.955628,19.833,10.256,203.4,50.39,220.26,0.983,0.94,50.0,OK
1761724796.0576339,19.845,10.353,205.45,50.39,219.75,0.98,0.954,50.0,OK
1761724796.1596446,19.8,10.352,204.97,50.39,220.07,0.976,0.954,50.04,OK
1761724796.2613778,19.863,10.337,205.34,50.39,220.3,1.011,0.922,50.04,OK
1761724796.3642716,19.853,10.34,205.28,50.39,219.76,1.002,0.933,50.0,OK
1761724796.466543,19.854,10.362,205.72,50.39,219.73,0.983,0.953,49.97,OK
1761724796.5690246,19.844,10.29,204.19,50.39,219.8,0.978,0.95,49.99,OK
1761724796.6713698,19.843,10.368,205.73,50.39,219.83,0.955,0.98,49.99,OK
1761724796.7727535,19.841,10.292,204.21,50.39,220.19,0.968,0.959,50.01,OK
1761724796.8743744,19.841,10.369,205.73,50.39,219.78,0.996,0.94,50.0,OK
1761724796.976016,19.882,10.264,204.07,50.39,220.32,0.976,0.949,50.02,OK
1761724797.0782921,19.82,10.207,202.3,50.39,220.36,0.962,0.954,50.04,OK
1761724797.1800988,19.804,10.239,202.77,50.39,219.96,0.988,0.933,49.97,OK
1761724797.2814105,19.812,10.325,204.57,50.39,220.1,0.986,0.942,50.03,OK
1761724797.3827171,19.855,10.23,203.12,50.39,220.21,0.947,0.974,49.95,OK
1761724797.484786,19.844,10.354,205.46,50.39,219.83,1.005,0.93,49.96,OK
1761724797.5875087,19.888,10.162,202.1,50.39,220.25,0.995,0.922,49.96,OK
1761724797.6893992,19.794,10.219,202.28,50.39,220.21,0.986,0.932,49.96,OK
1761724797.7913275,19.794,10.383,205.53,50.39,219.83,0.971,0.963,50.05,OK
1761724797.8929582,19.793,10.217,202.22,50.39,220.25,0.949,0.968,50.04,OK
1761724797.995313,19.869,10.322,205.09,50.39,219.68,0.987,0.946,50.02,OK
1761724798.0968635,19.865,10.265,203.91,50.39,219.66,0.953,0.974,50.01,OK
1761724798.1987724,19.878,10.258,203.91,50.39,219.91,0.994,0.933,50.03,OK
1761724798.3001497,19.847,10.217,202.78,50.39,219.64,0.999,0.924,50.03,OK
1761724798.402594,19.825,10.213,202.47,50.39,219.83,0.984,0.936,49.97,OK
1761724798.5043938,19.816,10.284,203.79,50.39,219.88,1.0,0.927,49.98,OK
1761724798.6063733,19.827,10.177,201.78,50.39,220.34,0.981,0.933,50.03,OK
1761724798.708456,19.852,10.205,202.59,50.39,219.99,0.995,0.925,50.03,OK
1761724798.8101318,19.862,10.194,202.49,50.39,220.15,0.958,0.96,50.01,OK
1761724798.9115212,19.86,10.127,201.13,50.39,219.92,0.961,0.952,50.0,OK
1761724799.0143514,19.812,10.234,202.75,50.39,220.36,0.964,0.954,50.05,OK
1761724799.1161509,19.849,10.168,201.83,50.39,219.65,0.965,0.952,49.96,OK
1761724799.2177806,19.817,10.303,204.18,50.39,219.93,0.973,0.954,49.97,OK
1761724799.3187194,19.887,10.189,202.64,50.39,220.2,0.943,0.976,49.97,OK
1761724799.420465,19.793,10.284,203.54,50.39,219.72,1.003,0.924,49.96,OK
1761724799.5227482,19.848,10.256,203.57,50.39,220.0,0.951,0.973,49.96,OK
1761724799.624496,19.888,10.084,200.55,50.39,219.92,0.982,0.929,50.03,OK
1761724799.7265162,19.83,10.2,202.26,50.39,220.22,0.938,0.979,49.96,OK
1761724799.8287158,19.889,10.173,202.34,50.39,220.39,0.989,0.928,49.99,OK
1761724799.9308448,19.813,10.171,201.52,50.39,219.8,0.979,0.937,50.02,OK
1761724800.032672,19.854,10.075,200.02,50.39,220.29,0.948,0.958,50.0,OK
1761724800.1362588,19.81,10.103,200.14,50.39,219.66,0.954,0.955,50.0,OK
1761724800.2392163,19.859,10.065,199.87,50.39,220.24,0.934,0.971,49.99,OK
1761724800.3416133,19.812,10.111,200.31,50.39,220.24,0.962,0.946,49.97,OK
1761724800.4429657,19.796,10.083,199.6,50.39,219.7,0.941,0.965,49.96,OK
1761724800.544447,19.822,10.09,200.01,50.39,220.39,0.973,0.933,50.04,OK
1761724800.6460142,19.822,10.134,200.87,50.39,219.86,0.967,0.945,49.98,OK
1761724800.7470891,19.808,10.165,201.35,50.39,219.78,0.974,0.94,50.03,OK
1761724800.84865,19.831,10.215,202.58,50.39,219.86,0.985,0.936,50.0,OK
1761724800.9499135,19.885,10.031,199.46,50.39,220.08,0.952,0.952,50.0,OK
1761724801.051527,19.801,10.141,200.81,50.39,219.66,0.944,0.968,49.99,OK
1761724801.1528852,19.796,10.029,198.53,50.39,219.78,0.939,0.962,49.98,OK
1761724801.2544832,19.858,10.094,200.45,50.39,219.93,0.972,0.937,50.04,OK
1761724801.3556736,19.883,10.007,198.96,50.39,220.31,0.977,0.924,49.96,OK
1761724801.457,19.855,10.088,200.3,50.39,219.68,0.985,0.925,49.99,OK
1761724801.5584455,19.809,10.181,201.68,50.39,220.23,0.956,0.958,49.97,OK
1761724801.6594589,19.793,10.043,198.77,50.39,219.84,0.941,0.961,50.05,OK
1761724801.7612927,19.832,9.987,198.06,50.39,219.94,0.928,0.971,49.99,OK
1761724801.8622222,19.883,9.957,197.97,50.39,219.91,0.937,0.961,50.03,OK
1761724801.9639475,19.811,10.119,200.47,50.39,220.24,0.93,0.978,50.05,OK
1761724802.0652218,19.867,10.118,201.02,50.39,220.32,0.933,0.978,49.96,OK
1761724802.1673074,19.853,10.084,200.2,50.39,220.3,0.939,0.968,50.04,OK
1761724802.2687595,19.823,9.995,198.14,50.39,220.07,0.951,0.946,50.03,OK
1761724802.3706331,19.805,10.075,199.54,50.39,220.0,0.964,0.941,49.99,OK
1761724802.4718153,19.799,9.991,197.82,50.39,219.69,0.954,0.944,50.04,OK
1761724802.5728865,19.801,10.071,199.42,50.39,220.19,0.94,0.964,49.96,OK
1761724802.6742942,19.845,10.059,199.62,50.39,219.74,0.982,0.925,50.02,OK
1761724802.775866,19.885,10.061,200.06,50.39,219.69,0.944,0.965,50.05,OK
1761724802.8771026,19.839,9.981,198.02,50.39,219.92,0.941,0.956,49.96,OK
1761724802.9792106,19.847,9.954,197.55,50.39,220.4,0.923,0.971,50.01,OK
1761724803.0831609,19.885,9.98,198.46,50.39,219.63,0.952,0.949,50.02,OK
1761724803.1845877,19.881,9.884,196.51,50.39,219.89,0.958,0.933,50.03,OK
1761724803.287142,19.867,9.97,198.07,50.39,219.63,0.958,0.941,50.03,OK
1761724803.3886871,19.873,10.002,198.77,50.39,220.16,0.93,0.971,49.98,OK
1761724803.490288,19.85,10.03,199.09,50.39,220.05,0.979,0.924,50.02,OK
1761724803.5920763,19.816,9.885,195.88,50.39,220.09,0.966,0.921,49.95,OK
1761724803.693109,19.792,10.002,197.95,50.39,220.19,0.946,0.95,49.98,OK
1761724803.7945707,19.841,9.85,195.44,50.39,219.73,0.962,0.924,50.03,OK
1761724803.8957293,19.862,9.947,197.56,50.39,220.16,0.953,0.942,50.01,OK
1761724803.9976115,19.836,9.864,195.66,50.39,219.88,0.962,0.925,49.99,OK
1761724804.0997663,19.807,9.851,195.13,50.39,219.69,0.92,0.966,49.97,OK
1761724804.2018175,19.814,9.852,195.19,50.39,220.09,0.936,0.948,50.01,OK
1761724804.3060024,19.883,9.939,197.62,50.39,219.91,0.934,0.962,50.01,OK
1761724804.4075294,19.793,9.954,197.02,50.39,219.78,0.922,0.972,50.0,OK
1761724804.5090377,19.884,9.924,197.33,50.39,220.37,0.935,0.958,49.96,OK
1761724804.6110115,19.793,9.838,194.72,50.39,220.28,0.905,0.977,50.0,OK
1761724804.7123055,19.805,10.015,198.34,50.39,219.71,0.971,0.93,49.96,OK
1761724804.8135304,19.831,9.824,194.82,50.39,219.77,0.951,0.932,49.99,OK
1761724804.9153874,19.816,9.853,195.25,50.39,220.31,0.934,0.949,50.04,OK
1761724805.0173364,19.883,9.841,195.67,50.39,220.4,0.92,0.965,50.0,OK
1761724805.1195173,19.796,9.921,196.39,50.39,220.03,0.917,0.973,49.99,OK
1761724805.2208784,19.889,9.934,197.57,50.39,220.33,0.949,0.944,49.96,OK
1761724805.322472,19.798,9.906,196.12,50.39,220.31,0.962,0.926,50.02,OK
1761724805.4238849,19.861,9.947,197.55,50.39,219.93,0.942,0.953,50.02,OK
1761724805.5256624,19.863,9.88,196.25,50.39,219.84,0.955,0.935,49.95,OK
1761724805.6271756,19.804,9.828,194.64,50.39,220.09,0.907,0.975,50.02,OK
1761724805.728775,19.794,9.833,194.63,50.39,219.97,0.953,0.929,49.99,OK
1761724805.830449,19.851,9.827,195.07,50.39,220.27,0.959,0.924,50.0,OK
1761724805.931694,19.799,9.975,197.49,50.39,219.85,0.953,0.943,50.01,OK
1761724806.0333197,19.848,9.86,195.7,50.39,219.98,0.936,0.951,50.02,OK
1761724806.1350768,19.791,9.957,197.06,50.39,220.08,0.965,0.928,49.98,OK
1761724806.237178,19.851,9.796,194.46,50.39,219.85,0.912,0.969,50.05,OK
1761724806.3390758,19.811,9.968,197.49,50.39,219.65,0.925,0.972,50.02,OK
1761724806.4412675,19.878,9.933,197.44,50.39,220.37,0.974,0.92,49.95,OK
1761724806.5432694,19.87,9.845,195.63,50.39,219.83,0.959,0.928,50.04,OK
1761724806.6451561,19.849,9.873,195.96,50.39,219.95,0.914,0.975,49.97,OK
1761724806.7468674,19.821,9.81,194.45,50.39,220.2,0.92,0.96,50.03,OK
1761724806.848735,19.824,9.954,197.32,50.39,220.24,0.963,0.93,50.01,OK
1761724806.9499516,19.801,9.932,196.66,50.39,219.65,0.945,0.947,49.98,OK
1761724807.0512276,19.866,9.893,196.53,50.39,219.73,0.953,0.939,49.96,OK
1761724807.1527798,19.8,9.989,197.78,50.39,220.3,0.922,0.974,49.97,OK
1761724807.2545607,19.803,9.958,197.19,50.39,219.6,0.956,0.939,50.03,OK
1761724807.3559597,19.797,9.851,195.01,50.39,220.31,0.931,0.95,50.01,OK
1761724807.457487,19.84,9.893,196.28,50.39,219.71,0.941,0.949,49.98,OK
1761724807.558958,19.806,9.903,196.14,50.39,219.83,0.927,0.962,50.01,OK
1761724807.6619077,19.825,9.925,196.77,50.39,220.02,0.915,0.977,50.03,OK
1761724807.7636645,19.869,9.978,198.25,50.39,219.88,0.941,0.958,49.96,OK
1761724807.8652883,19.795,9.852,195.03,50.39,219.82,0.958,0.926,50.0,OK
1761724807.9666588,19.807,9.844,194.99,50.39,219.99,0.906,0.979,49.99,OK
1761724808.0683246,19.797,10.023,198.42,50.39,219.94,0.931,0.969,50.04,OK
1761724808.1702278,19.84,9.853,195.49,50.39,219.98,0.909,0.977,49.97,OK
1761724808.2715008,19.818,10.024,198.66,50.39,220.19,0.973,0.927,49.96,OK
1761724808.3740408,19.852,10.007,198.67,50.39,220.34,0.953,0.946,50.05,OK
1761724808.4761508,19.823,9.976,197.75,50.39,219.95,0.945,0.952,50.02,OK
1761724808.578,19.861,10.009,198.79,50.39,219.92,0.979,0.923,50.02,OK
1761724808.6798215,19.806,9.894,195.97,50.39,219.87,0.963,0.926,49.98,OK
1761724808.781795,19.803,9.955,197.13,50.39,220.13,0.942,0.95,49.99,OK
1761724808.883834,19.821,9.908,196.39,50.39,220.37,0.911,0.978,50.03,OK
1761724808.9867625,19.836,9.935,197.07,50.39,219.63,0.92,0.976,50.0,OK
1761724809.0883079,19.861,10.01,198.82,50.39,219.72,0.941,0.961,49.96,OK
1761724809.1897788,19.83,9.97,197.7,50.39,219.97,0.962,0.935,49.99,OK
1761724809.2915847,19.839,9.938,197.15,50.39,219.97,0.959,0.934,50.0,OK
1761724809.393552,19.84,9.901,196.44,50.39,220.18,0.918,0.972,49.96,OK
1761724809.4952538,19.844,10.081,200.04,50.39,220.05,0.953,0.954,49.97,OK
1761724809.596811,19.876,9.938,197.52,50.39,220.11,0.957,0.938,50.03,OK
1761724809.6985118,19.862,10.076,200.12,50.39,219.85,0.95,0.958,50.02,OK
1761724809.8001041,19.817,10.014,198.45,50.39,220.15,0.954,0.945,50.03,OK
1761724809.901833,19.827,10.005,198.36,50.39,219.61,0.951,0.95,50.01,OK
1761724810.0035753,19.866,10.038,199.41,50.39,219.89,0.951,0.954,50.02,OK
1761724810.1050358,19.81,10.145,200.98,50.39,220.15,0.967,0.944,49.99,OK
1761724810.2066815,19.818,10.154,201.23,50.39,220.24,0.978,0.934,50.04,OK
1761724810.3083706,19.83,9.972,197.75,50.39,220.17,0.974,0.922,49.99,OK
1761724810.4101582,19.859,9.977,198.13,50.39,219.96,0.928,0.971,49.96,OK
1761724810.5123875,19.877,9.958,197.94,50.39,219.7,0.959,0.94,50.03,OK
1761724810.6143057,19.819,10.133,200.83,50.39,220.06,0.954,0.956,50.04,OK
1761724810.7156844,19.882,10.147,201.75,50.39,220.14,0.95,0.964,49.97,OK
1761724810.8174727,19.829,10.039,199.06,50.39,220.19,0.923,0.979,49.97,OK
1761724810.9192111,19.875,9.997,198.69,50.39,219.96,0.944,0.956,50.03,OK
1761724811.0207665,19.807,10.029,198.65,50.39,220.24,0.958,0.941,49.98,OK
1761724811.1224906,19.849,10.197,202.39,50.39,219.71,0.976,0.944,50.04,OK
1761724811.2238445,19.816,10.042,199.0,50.39,220.34,0.933,0.968,49.98,OK
1761724811.3254118,19.84,10.062,199.62,50.39,220.0,0.983,0.923,49.96,OK
1761724811.4270222,19.883,10.199,202.78,50.39,219.71,0.951,0.97,49.97,OK
1761724811.5286045,19.825,10.224,202.69,50.39,220.23,0.949,0.97,50.01,OK
1761724811.6307492,19.793,10.155,200.99,50.39,220.3,0.97,0.941,49.96,OK
1761724811.7322998,19.837,10.117,200.68,50.39,220.13,0.943,0.967,50.05,OK
1761724811.8338,19.842,10.122,200.84,50.39,220.39,0.949,0.96,49.96,OK
1761724811.9359612,19.807,10.263,203.27,50.39,219.84,0.946,0.978,49.96,OK
1761724812.0377192,19.831,10.256,203.39,50.39,219.94,0.95,0.974,50.02,OK
1761724812.1395931,19.877,10.231,203.36,50.39,219.93,0.974,0.949,49.96,OK
1761724812.2412126,19.876,10.254,203.81,50.39,219.94,0.969,0.957,49.97,OK
1761724812.3426135,19.844,10.106,200.53,50.39,219.98,0.937,0.973,49.96,OK
1761724812.444455,19.851,10.265,203.77,50.39,219.81,0.975,0.951,50.03,OK
1761724812.546323,19.847,10.201,202.46,50.39,219.9,0.958,0.961,50.02,OK
1761724812.6490002,19.813,10.154,201.17,50.39,219.81,0.953,0.961,49.98,OK
1761724812.7510931,19.808,10.179,201.63,50.39,219.85,0.947,0.969,49.97,OK
1761724812.8534765,19.886,10.123,201.3,50.39,220.29,0.978,0.934,50.03,OK
1761724812.9549687,19.851,10.22,202.89,50.39,220.35,0.959,0.96,49.98,OK
1761724813.0566387,19.824,10.3,204.18,50.39,220.16,0.953,0.973,49.96,OK
1761724813.1585965,19.845,10.306,204.53,50.39,219.98,0.991,0.938,50.04,OK
1761724813.2603958,19.87,10.284,204.34,50.39,219.73,0.998,0.932,49.95,OK
1761724813.3622098,19.865,10.268,203.97,50.39,220.24,1.002,0.924,50.0,OK
1761724813.464261,19.84,10.234,203.05,50.39,219.65,0.966,0.957,49.99,OK
1761724813.566456,19.803,10.216,202.3,50.39,219.8,0.989,0.931,50.04,OK
1761724813.6697369,19.878,10.135,201.45,50.39,219.69,0.942,0.973,50.02,OK
1761724813.7714982,19.84,10.237,203.1,50.39,219.8,1.001,0.923,49.98,OK
1761724813.8736477,19.824,10.269,203.57,50.39,219.75,1.0,0.926,50.02,OK
1761724813.9753993,19.842,10.314,204.65,50.39,220.04,0.973,0.955,50.03,OK
1761724814.0773444,19.816,10.293,203.97,50.39,219.82,0.988,0.939,50.02,OK
1761724814.1797485,19.863,10.312,204.82,50.39,220.12,0.971,0.958,49.96,OK
1761724814.2819846,19.833,10.327,204.82,50.39,220.37,0.971,0.957,50.04,OK
1761724814.3848617,19.797,10.231,202.55,50.39,219.77,0.943,0.977,49.95,OK
1761724814.4868798,19.845,10.302,204.44,50.39,220.25,0.956,0.971,49.95,OK
1761724814.5886393,19.856,10.167,201.88,50.39,220.2,0.966,0.949,50.05,OK
1761724814.6901546,19.821,10.239,202.95,50.39,220.14,0.996,0.926,50.03,OK
1761724814.7920945,19.875,10.296,204.64,50.39,219.61,0.956,0.975,50.03,OK
1761724814.8942356,19.826,10.265,203.51,50.39,220.08,0.977,0.947,49.99,OK
1761724814.996497,19.871,10.232,203.32,50.39,220.12,0.952,0.97,49.96,OK
1761724815.0982294,19.814,10.3,204.07,50.39,220.31,0.988,0.937,50.04,OK
1761724815.1995926,19.872,10.186,202.41,50.39,220.09,0.969,0.949,50.04,OK
1761724815.3019066,19.792,10.259,203.04,50.39,220.14,0.969,0.952,50.05,OK
1761724815.404654,19.837,10.214,202.6,50.39,220.08,0.946,0.973,49.97,OK
1761724815.5066025,19.805,10.297,203.93,50.39,219.72,0.982,0.945,50.02,OK
1761724815.6081116,19.818,10.238,202.9,50.39,219.87,0.966,0.955,49.99,OK
1761724815.7101712,19.866,10.203,202.68,50.39,219.88,0.977,0.943,50.0,OK
1761724815.8121707,19.852,10.303,204.54,50.39,219.69,0.965,0.965,50.02,OK
1761724815.9137127,19.809,10.199,202.03,50.39,220.2,0.941,0.975,49.97,OK
1761724816.01527,19.849,10.293,204.31,50.39,219.96,0.961,0.967,50.0,OK
1761724816.1169577,19.849,10.369,205.81,50.39,219.62,0.991,0.945,50.02,OK
1761724816.219313,19.877,10.301,204.76,50.39,219.98,0.971,0.959,50.0,OK
1761724816.3209038,19.817,10.191,201.95,50.39,219.73,0.955,0.962,50.01,OK
1761724816.4227562,19.806,10.347,204.94,50.39,219.73,0.999,0.933,50.04,OK
1761724816.5239604,19.818,10.3,204.12,50.39,219.71,0.998,0.931,49.95,OK
1761724816.625533,19.833,10.198,202.27,50.39,219.64,0.969,0.951,49.96,OK
1761724816.7268257,19.807,10.26,203.22,50.39,219.9,0.993,0.93,49.95,OK
1761724816.8285031,19.889,10.26,204.07,50.39,219.7,0.967,0.961,50.05,OK
1761724816.9302154,19.795,10.229,202.48,50.39,219.6,0.963,0.958,49.97,OK
1761724817.0324275,19.799,10.194,201.83,50.39,220.1,0.964,0.951,50.01,OK
1761724817.1342347,19.853,10.337,205.23,50.39,219.86,0.969,0.964,50.02,OK
1761724817.2367628,19.826,10.224,202.7,50.39,220.03,0.988,0.933,50.0,OK
1761724817.3390894,19.792,10.229,202.46,50.39,220.15,0.957,0.961,50.02,OK
1761724817.4413319,19.798,10.164,201.23,50.39,219.69,0.973,0.941,50.03,OK
1761724817.5434275,19.873,10.312,204.92,50.39,220.03,0.997,0.934,49.97,OK
1761724817.6449978,19.816,10.242,202.96,50.39,219.73,0.943,0.98,50.02,OK
1761724817.7477744,19.841,10.232,203.01,50.39,219.64,1.003,0.921,49.99,OK
1761724817.8499985,19.804,10.272,203.42,50.39,219.81,0.956,0.968,49.99,OK
1761724817.951735,19.888,10.215,203.16,50.39,219.95,0.991,0.932,50.0,OK
1761724818.0541043,19.813,10.313,204.34,50.39,219.98,0.982,0.946,49.99,OK
1761724818.1559632,19.865,10.255,203.72,50.39,220.25,0.966,0.958,50.03,OK
1761724818.258461,19.793,10.212,202.13,50.39,219.72,0.951,0.968,49.97,OK
1761724818.3607507,19.824,10.194,202.1,50.39,220.09,0.987,0.93,50.03,OK
1761724818.463222,19.883,10.241,203.62,50.39,220.33,0.985,0.939,50.04,OK
1761724818.5659134,19.864,10.128,201.19,50.39,219.69,0.95,0.964,50.01,OK
1761724818.6679604,19.832,10.142,201.14,50.39,219.88,0.962,0.951,50.04,OK
1761724818.7698216,19.883,10.115,201.11,50.39,219.83,0.948,0.965,50.03,OK
1761724818.871982,19.873,10.161,201.93,50.39,219.73,0.956,0.962,50.04,OK
1761724818.975014,19.858,10.162,201.8,50.39,219.97,0.986,0.93,49.99,OK
1761724819.0767586,19.886,10.109,201.02,50.39,220.06,0.954,0.958,50.02,OK
1761724819.1781695,19.841,10.216,202.7,50.39,220.09,0.943,0.977,49.99,OK
1761724819.2798297,19.844,10.207,202.56,50.39,219.8,0.983,0.938,50.03,OK
1761724819.381426,19.824,10.196,202.14,50.39,219.79,0.95,0.968,49.99,OK
1761724819.4831588,19.878,10.121,201.18,50.39,219.97,0.956,0.957,50.02,OK
1761724819.585223,19.874,10.027,199.28,50.39,220.25,0.946,0.957,49.95,OK
1761724819.686757,19.801,10.186,201.69,50.39,219.87,0.985,0.931,49.95,OK
1761724819.7891502,19.878,10.098,200.73,50.39,220.28,0.946,0.963,50.01,OK
1761724819.890515,19.831,10.025,198.8,50.39,219.96,0.964,0.938,50.01,OK
1761724819.9921112,19.801,10.079,199.57,50.39,220.23,0.975,0.93,50.0,OK
1761724820.09424,19.829,10.099,200.25,50.39,219.64,0.951,0.958,49.95,OK
1761724820.195753,19.791,10.117,200.22,50.39,220.22,0.951,0.956,50.01,OK
1761724820.2973065,19.888,9.972,198.32,50.39,220.05,0.949,0.95,49.95,OK
1761724820.3992658,19.807,10.003,198.12,50.39,220.01,0.955,0.943,50.01,OK
1761724820.5014575,19.888,10.122,201.3,50.39,220.37,0.968,0.944,49.96,OK
1761724820.603595,19.839,10.007,198.54,50.39,219.9,0.945,0.955,49.95,OK
1761724820.7055018,19.818,10.085,199.87,50.39,220.23,0.95,0.955,49.95,OK
1761724820.8076503,19.889,9.953,197.96,50.39,219.67,0.965,0.934,49.99,OK
1761724820.9090216,19.877,10.029,199.35,50.39,220.35,0.983,0.92,49.97,OK
1761724821.0111723,19.82,10.056,199.31,50.39,220.39,0.962,0.94,49.97,OK
1761724821.113353,19.792,9.972,197.36,50.39,220.23,0.936,0.957,50.05,OK
1761724821.214796,19.804,9.963,197.3,50.39,219.8,0.954,0.941,50.0,OK
1761724821.3164322,19.859,9.912,196.84,50.39,220.1,0.948,0.944,49.98,OK
1761724821.4176328,19.874,9.899,196.73,50.39,220.0,0.923,0.969,49.96,OK
1761724821.5190148,19.869,9.95,197.71,50.39,220.1,0.957,0.939,49.99,OK
1761724821.6209233,19.882,10.051,199.84,50.39,220.04,0.974,0.932,49.96,OK
1761724821.7225585,19.856,9.999,198.54,50.39,220.27,0.934,0.965,50.04,OK
1761724821.8245916,19.85,9.938,197.26,50.39,219.94,0.94,0.954,50.04,OK
1761724821.9264562,19.802,9.928,196.59,50.39,220.29,0.957,0.932,50.03,OK
1761724822.0287144,19.881,9.854,195.9,50.39,220.24,0.93,0.957,50.04,OK
1761724822.1306958,19.808,9.913,196.35,50.39,219.74,0.929,0.962,49.99,OK
1761724822.2325463,19.808,9.884,195.78,50.39,220.1,0.948,0.938,49.98,OK
1761724822.3343158,19.801,9.917,196.37,50.39,219.77,0.936,0.955,49.97,OK
1761724822.435783,19.885,9.824,195.34,50.39,220.33,0.937,0.947,50.01,OK
1761724822.5377476,19.821,9.926,196.74,50.39,219.76,0.952,0.94,50.04,OK
1761724822.6398244,19.85,9.89,196.31,50.39,219.64,0.938,0.953,49.95,OK
1761724822.7417426,19.887,9.868,196.24,50.39,219.92,0.957,0.932,49.99,OK
1761724822.8433237,19.854,9.884,196.23,50.39,219.66,0.954,0.937,50.05,OK
1761724822.945119,19.847,9.872,195.93,50.39,219.87,0.936,0.952,50.01,OK
1761724823.0464292,19.838,9.959,197.56,50.39,220.13,0.974,0.922,50.03,OK
1761724823.148239,19.868,9.986,198.41,50.39,220.12,0.928,0.971,50.0,OK
1761724823.249622,19.881,9.802,194.88,50.39,219.77,0.947,0.936,50.01,OK
1761724823.3511603,19.89,9.91,197.12,50.39,220.27,0.938,0.954,49.99,OK
1761724823.4526985,19.857,9.961,197.8,50.39,219.85,0.938,0.959,50.04,OK
1761724823.5547493,19.852,9.948,197.48,50.39,220.19,0.922,0.973,49.98,OK
1761724823.65665,19.809,9.952,197.13,50.39,220.32,0.93,0.962,49.99,OK
1761724823.7585156,19.796,9.928,196.52,50.39,219.65,0.929,0.963,49.97,OK
1761724823.8604298,19.862,9.784,194.34,50.39,220.03,0.932,0.948,49.98,OK
1761724823.9619823,19.813,9.845,195.06,50.39,220.21,0.915,0.968,49.99,OK
1761724824.064306,19.814,9.866,195.49,50.39,219.97,0.964,0.922,49.99,OK
1761724824.1663947,19.806,9.882,195.72,50.39,220.18,0.916,0.97,50.0,OK
1761724824.2687485,19.837,9.88,196.0,50.39,220.34,0.944,0.942,50.02,OK
1761724824.370926,19.86,9.784,194.31,50.39,219.87,0.955,0.925,50.04,OK
1761724824.472696,19.883,9.907,196.97,50.39,220.15,0.963,0.929,49.96,OK
1761724824.574801,19.8,9.887,195.77,50.39,219.65,0.915,0.974,50.03,OK
1761724824.6764927,19.845,9.861,195.69,50.39,220.11,0.909,0.979,49.97,OK
1761724824.7779264,19.816,9.899,196.16,50.39,220.02,0.915,0.974,50.05,OK
1761724824.879403,19.828,9.872,195.75,50.39,220.3,0.936,0.949,49.99,OK
1761724824.9808252,19.858,9.835,195.31,50.39,219.8,0.93,0.956,50.02,OK
1761724825.0822995,19.855,9.932,197.21,50.39,220.36,0.953,0.939,49.98,OK
1761724825.1837747,19.826,9.876,195.79,50.39,220.17,0.923,0.964,50.0,OK
1761724825.2856545,19.797,9.852,195.05,50.39,220.22,0.907,0.976,49.97,OK
1761724825.387464,19.796,9.933,196.63,50.39,220.07,0.927,0.964,49.99,OK
1761724825.4895902,19.887,9.792,194.73,50.39,220.02,0.911,0.971,50.01,OK
1761724825.591103,19.828,9.982,197.93,50.39,220.29,0.936,0.96,49.97,OK
1761724825.6931803,19.882,9.83,195.44,50.39,220.36,0.94,0.943,50.04,OK
1761724825.7951615,19.824,9.912,196.48,50.39,220.28,0.918,0.972,49.96,OK
1761724825.897661,19.805,9.922,196.51,50.39,220.18,0.924,0.966,50.04,OK
1761724825.999646,19.813,9.849,195.14,50.39,220.05,0.941,0.942,50.0,OK
1761724826.1011806,19.885,9.822,195.31,50.39,219.98,0.956,0.929,49.99,OK
1761724826.203569,19.793,9.85,194.96,50.39,219.73,0.912,0.973,50.05,OK
1761724826.3065321,19.851,9.957,197.65,50.39,220.14,0.925,0.97,50.01,OK
1761724826.4087782,19.868,9.966,197.99,50.39,219.92,0.978,0.921,49.99,OK
1761724826.5106657,19.798,9.833,194.68,50.39,220.33,0.912,0.969,49.95,OK
1761724826.6125872,19.792,9.999,197.9,50.39,220.18,0.95,0.947,49.98,OK
1761724826.7141774,19.799,9.944,196.9,50.39,220.22,0.931,0.96,49.98,OK
1761724826.8156853,19.828,9.963,197.54,50.39,219.79,0.935,0.962,50.0,OK
1761724826.9184256,19.84,9.859,195.6,50.39,219.8,0.915,0.973,49.96,OK
1761724827.0198262,19.867,9.901,196.71,50.39,219.73,0.951,0.941,50.04,OK
1761724827.1216507,19.825,9.861,195.51,50.39,220.25,0.95,0.935,50.02,OK
1761724827.224235,19.807,9.969,197.45,50.39,220.19,0.959,0.935,49.95,OK
1761724827.3263369,19.89,9.866,196.24,50.39,220.4,0.944,0.943,50.03,OK
1761724827.4280033,19.799,9.913,196.26,50.39,220.24,0.945,0.943,50.03,OK
1761724827.5301125,19.804,10.016,198.36,50.39,220.28,0.92,0.979,50.01,OK
1761724827.6325788,19.82,9.916,196.54,50.39,220.18,0.926,0.964,50.0,OK
1761724827.7341247,19.803,10.043,198.88,50.39,219.97,0.975,0.927,50.01,OK
1761724827.8355815,19.839,10.036,199.1,50.39,219.9,0.959,0.945,50.0,OK
1761724827.9373262,19.887,10.014,199.15,50.39,220.36,0.93,0.972,50.03,OK
1761724828.0393274,19.818,10.092,200.0,50.39,219.69,0.958,0.95,49.98,OK
1761724828.140917,19.839,10.07,199.78,50.39,219.88,0.985,0.922,50.01,OK
1761724828.2424858,19.843,9.943,197.3,50.39,220.1,0.954,0.94,49.99,OK
1761724828.3442395,19.792,10.099,199.88,50.39,220.0,0.949,0.958,50.0,OK
1761724828.4458785,19.881,10.026,199.33,50.39,219.94,0.957,0.947,50.02,OK
1761724828.5475805,19.888,9.974,198.36,50.39,220.12,0.977,0.922,50.01,OK
1761724828.6493301,19.88,10.063,200.05,50.39,220.15,0.974,0.933,49.96,OK
1761724828.7512,19.841,10.102,200.43,50.39,219.87,0.936,0.974,49.97,OK
1761724828.8530817,19.863,9.958,197.79,50.39,219.77,0.935,0.963,50.02,OK
1761724828.955375,19.823,10.024,198.71,50.39,219.8,0.969,0.933,49.96,OK
1761724829.0569746,19.818,10.018,198.54,50.39,219.83,0.951,0.95,49.96,OK
1761724829.1587064,19.868,10.094,200.56,50.39,219.65,0.959,0.952,50.02,OK
1761724829.260399,19.792,10.14,200.69,50.39,220.01,0.946,0.965,49.96,OK
1761724829.3619614,19.826,10.069,199.63,50.39,220.28,0.972,0.933,49.98,OK
1761724829.4636612,19.813,10.058,199.29,50.39,219.94,0.984,0.921,49.96,OK
1761724829.5653698,19.884,10.132,201.47,50.39,219.93,0.971,0.943,50.02,OK
1761724829.6666362,19.888,10.028,199.43,50.39,219.86,0.984,0.922,50.0,OK
1761724829.7689333,19.832,10.095,200.2,50.39,220.26,0.969,0.938,49.99,OK
1761724829.8705752,19.83,10.071,199.7,50.39,220.23,0.967,0.938,49.98,OK
1761724829.9721346,19.813,10.16,201.3,50.39,220.15,0.975,0.938,50.04,OK
1761724830.0737698,19.853,10.046,199.44,50.39,219.73,0.946,0.959,50.04,OK
1761724830.1751418,19.879,10.171,202.19,50.39,220.05,0.982,0.935,49.99,OK
1761724830.2766385,19.881,10.179,202.36,50.39,219.7,1.001,0.92,49.97,OK
1761724830.3778148,19.838,10.172,201.8,50.39,220.32,0.985,0.93,49.97,OK
1761724830.4790337,19.837,10.091,200.18,50.39,220.07,0.984,0.925,49.96,OK
1761724830.5805707,19.803,10.144,200.89,50.39,220.32,0.99,0.921,49.95,OK
1761724830.6820934,19.869,10.048,199.64,50.39,219.78,0.946,0.96,50.01,OK
1761724830.7836003,19.808,10.224,202.51,50.39,220.05,0.977,0.942,50.04,OK
1761724830.885279,19.867,10.079,200.24,50.39,219.93,0.958,0.951,49.97,OK
1761724830.9867218,19.89,10.117,201.22,50.39,219.86,0.935,0.978,49.99,OK
1761724831.0885603,19.791,10.242,202.7,50.39,219.8,1.001,0.921,50.03,OK
1761724831.1902363,19.794,10.149,200.89,50.39,219.84,0.942,0.97,49.95,OK
1761724831.292028,19.857,10.134,201.23,50.39,219.65,0.994,0.921,50.02,OK
1761724831.393754,19.86,10.09,200.39,50.39,220.13,0.977,0.932,49.99,OK
1761724831.4956958,19.855,10.263,203.77,50.39,219.87,0.966,0.959,50.01,OK
1761724831.5975623,19.871,10.181,202.3,50.39,219.6,0.997,0.924,50.02,OK
1761724831.6998825,19.793,10.225,202.37,50.39,220.35,0.983,0.934,49.97,OK
1761724831.802244,19.841,10.251,203.39,50.39,220.04,0.971,0.952,50.03,OK
1761724831.9042554,19.88,10.125,201.29,50.39,220.12,0.976,0.937,49.95,OK
1761724832.006397,19.883,10.278,204.35,50.39,220.27,0.983,0.944,49.99,OK
1761724832.1080384,19.863,10.309,204.76,50.39,220.03,0.967,0.963,50.04,OK
1761724832.2103937,19.864,10.289,204.37,50.39,220.31,0.96,0.967,50.05,OK
1761724832.312158,19.873,10.291,204.51,50.39,219.84,0.972,0.957,50.03,OK
1761724832.4138794,19.826,10.223,202.69,50.39,219.94,0.98,0.941,50.03,OK
1761724832.5157971,19.88,10.128,201.33,50.39,219.95,0.975,0.939,50.05,OK
1761724832.617535,19.831,10.347,205.2,50.39,220.03,0.952,0.98,50.02,OK
1761724832.7189517,19.843,10.254,203.48,50.39,219.64,0.984,0.942,49.99,OK
1761724832.8206906,19.801,10.325,204.44,50.39,220.13,1.004,0.925,50.01,OK
1761724832.9226904,19.792,10.318,204.21,50.39,219.93,0.968,0.959,49.98,OK
1761724833.0248241,19.844,10.244,203.28,50.39,220.28,0.951,0.971,50.03,OK
1761724833.126504,19.867,10.19,202.46,50.39,220.37,0.962,0.955,50.04,OK
1761724833.2281737,19.829,10.212,202.49,50.39,219.81,0.941,0.978,50.01,OK
1761724833.3302348,19.886,10.182,202.49,50.39,219.85,0.981,0.939,50.04,OK
1761724833.4334939,19.858,10.194,202.44,50.39,219.98,0.952,0.967,49.97,OK
1761724833.536036,19.887,10.251,203.86,50.39,220.01,0.992,0.934,50.0,OK
1761724833.6378703,19.831,10.345,205.16,50.39,220.16,0.953,0.977,50.04,OK
1761724833.739398,19.881,10.29,204.57,50.39,220.19,0.951,0.977,50.05,OK
1761724833.8408644,19.855,10.219,202.91,50.39,219.77,0.982,0.94,49.98,OK
1761724833.9424996,19.862,10.212,202.84,50.39,220.2,0.978,0.942,50.01,OK
1761724834.044374,19.887,10.32,205.23,50.39,220.13,1.013,0.921,50.02,OK
1761724834.1470232,19.838,10.323,204.78,50.39,220.11,0.999,0.932,50.01,OK
1761724834.2490742,19.806,10.238,202.78,50.39,220.19,1.0,0.921,50.04,OK
1761724834.3516755,19.814,10.27,203.48,50.39,220.01,0.993,0.931,49.98,OK
1761724834.453221,19.805,10.211,202.24,50.39,219.99,0.96,0.958,50.04,OK
1761724834.5551264,19.814,10.288,203.84,50.39,220.27,0.952,0.972,50.03,OK
1761724834.6573238,19.849,10.197,202.4,50.39,220.13,0.954,0.963,49.99,OK
1761724834.759441,19.879,10.343,205.6,50.39,219.77,0.989,0.946,49.97,OK
1761724834.8612285,19.822,10.295,204.08,50.39,220.36,0.996,0.93,49.97,OK
1761724834.9630988,19.853,10.174,201.99,50.39,219.9,0.951,0.966,49.99,OK
1761724835.0647879,19.87,10.345,205.55,50.39,220.03,0.977,0.957,50.04,OK
1761724835.1665828,19.875,10.207,202.86,50.39,219.6,0.978,0.944,49.95,OK
1761724835.2690635,19.806,10.278,203.56,50.39,220.13,0.989,0.935,49.97,OK
1761724835.3707747,19.811,10.208,202.23,50.39,219.94,0.994,0.925,50.05,OK
1761724835.4741206,19.874,10.264,203.98,50.39,220.14,1.003,0.924,50.05,OK
1761724835.5766034,19.858,10.209,202.73,50.39,220.33,0.979,0.94,49.97,OK
1761724835.6779714,19.827,10.288,203.98,50.39,219.99,0.948,0.979,49.97,OK
1761724835.7789047,19.851,10.326,204.97,50.39,219.98,1.01,0.923,49.99,OK
1761724835.8819363,19.85,10.311,204.67,50.39,220.23,0.954,0.975,49.95,OK
1761724835.9841197,19.886,10.162,202.08,50.39,219.94,0.979,0.939,50.0,OK
1761724836.0853248,19.873,10.181,202.34,50.39,220.07,0.966,0.952,49.96,OK
1761724836.187143,19.833,10.278,203.84,50.39,220.02,0.983,0.943,49.96,OK
1761724836.2885988,19.871,10.165,201.99,50.39,220.18,0.945,0.971,50.0,OK
1761724836.3900282,19.804,10.306,204.09,50.39,220.27,0.95,0.975,50.04,OK
1761724836.4917145,19.869,10.254,203.73,50.39,220.23,0.998,0.927,50.0,OK
1761724836.5937245,19.802,10.272,203.41,50.39,219.82,0.975,0.949,50.01,OK
1761724836.6951592,19.831,10.184,201.96,50.39,219.73,0.965,0.952,49.95,OK
1761724836.796262,19.813,10.136,200.83,50.39,220.31,0.938,0.972,49.97,OK
1761724836.8977563,19.805,10.226,202.53,50.39,220.21,0.987,0.932,49.99,OK
1761724836.9991941,19.797,10.256,203.05,50.39,219.92,0.947,0.975,50.01,OK
1761724837.1019325,19.837,10.156,201.47,50.39,219.63,0.947,0.968,50.0,OK
1761724837.2040648,19.814,10.262,203.33,50.39,219.73,0.992,0.933,49.99,OK
1761724837.3060746,19.851,10.281,204.08,50.39,219.71,0.978,0.95,50.03,OK
1761724837.4080772,19.846,10.082,200.09,50.39,220.14,0.939,0.968,49.98,OK
1761724837.5096161,19.809,10.15,201.05,50.39,219.82,0.994,0.921,50.01,OK
1761724837.6116424,19.883,10.206,202.93,50.39,220.3,0.954,0.965,50.01,OK
1761724837.7130752,19.833,10.091,200.14,50.39,219.73,0.975,0.934,49.96,OK
1761724837.8142772,19.861,10.155,201.69,50.39,219.77,0.945,0.971,50.03,OK
1761724837.9158556,19.836,10.211,202.55,50.39,220.08,0.94,0.979,49.95,OK
1761724838.0173965,19.83,10.254,203.33,50.39,219.98,0.977,0.946,49.98,OK
1761724838.1190453,19.821,10.219,202.56,50.39,219.78,0.994,0.927,49.98,OK
1761724838.2203333,19.827,10.09,200.06,50.39,219.87,0.941,0.967,49.97,OK
1761724838.3219075,19.837,10.152,201.38,50.39,220.38,0.965,0.947,50.04,OK
1761724838.423986,19.794,10.228,202.46,50.39,220.27,0.982,0.936,50.04,OK
1761724838.5256877,19.851,10.021,198.92,50.39,219.89,0.925,0.978,50.04,OK
1761724838.6272519,19.862,10.035,199.31,50.39,220.23,0.93,0.973,49.99,OK
1761724838.728641,19.884,10.041,199.65,50.39,220.05,0.976,0.929,49.98,OK
1761724838.8301609,19.818,10.112,200.41,50.39,220.23,0.952,0.955,50.03,OK
1761724838.931528,19.873,10.08,200.32,50.39,219.73,0.938,0.972,50.01,OK
1761724839.0331168,19.797,10.031,198.58,50.39,219.71,0.963,0.939,50.03,OK
1761724839.1351104,19.857,10.082,200.19,50.39,220.02,0.942,0.966,49.95,OK
1761724839.2372892,19.89,9.991,198.72,50.39,219.63,0.967,0.936,49.98,OK
1761724839.3391957,19.868,10.057,199.83,50.39,219.76,0.986,0.922,49.98,OK
1761724839.4411886,19.81,10.12,200.48,50.39,219.64,0.938,0.973,50.04,OK
1761724839.543485,19.849,10.075,199.98,50.39,220.2,0.943,0.964,50.0,OK
1761724839.6452131,19.812,10.021,198.54,50.39,220.04,0.974,0.927,49.99,OK
1761724839.7465096,19.875,10.097,200.67,50.39,220.2,0.97,0.94,50.0,OK
1761724839.8479524,19.889,10.064,200.15,50.39,220.12,0.943,0.964,50.02,OK
1761724839.9505033,19.857,9.931,197.2,50.39,220.06,0.937,0.957,49.98,OK
1761724840.0524914,19.88,10.04,199.59,50.39,219.65,0.98,0.928,49.98,OK
1761724840.154864,19.851,10.064,199.79,50.39,220.32,0.93,0.975,49.99,OK
1761724840.2567446,19.887,9.912,197.12,50.39,220.02,0.952,0.941,50.0,OK
1761724840.3586838,19.857,10.06,199.75,50.39,219.77,0.957,0.95,49.99,OK
1761724840.4606326,19.873,10.045,199.62,50.39,219.6,0.934,0.973,49.96,OK
1761724840.562269,19.883,9.93,197.44,50.39,219.75,0.934,0.962,50.01,OK
1761724840.66397,19.811,10.038,198.86,50.39,220.21,0.973,0.928,50.0,OK
1761724840.7657404,19.866,10.034,199.34,50.39,220.2,0.949,0.954,49.97,OK
1761724840.8677087,19.828,9.966,197.59,50.39,220.09,0.947,0.948,50.03,OK
1761724840.9695723,19.814,10.033,198.79,50.39,220.1,0.935,0.966,50.02,OK
1761724841.0723908,19.878,10.029,199.36,50.39,220.39,0.942,0.96,49.96,OK
1761724841.1735992,19.806,10.043,198.92,50.39,220.03,0.94,0.962,50.04,OK
1761724841.2755742,19.842,9.862,195.67,50.39,219.74,0.963,0.925,50.04,OK
1761724841.3781903,19.833,9.877,195.88,50.39,219.75,0.967,0.921,50.03,OK
1761724841.4796126,19.826,9.843,195.14,50.39,220.38,0.916,0.966,49.99,OK
1761724841.5814185,19.876,9.91,196.97,50.39,220.3,0.949,0.942,50.0,OK
1761724841.6838517,19.836,9.999,198.34,50.39,219.66,0.924,0.977,49.97,OK
1761724841.7855978,19.791,9.983,197.57,50.39,219.65,0.927,0.97,49.97,OK
1761724841.8878098,19.798,9.866,195.33,50.39,219.92,0.935,0.95,50.05,OK
1761724841.990454,19.862,9.816,194.96,50.39,220.37,0.911,0.971,50.01,OK
1761724842.0928721,19.842,9.98,198.02,50.39,219.72,0.965,0.934,49.98,OK
1761724842.1949031,19.877,9.903,196.83,50.39,219.71,0.945,0.948,50.01,OK
1761724842.2961888,19.861,9.852,195.68,50.39,220.25,0.965,0.92,49.99,OK
1761724842.3980253,19.79,9.936,196.64,50.39,220.07,0.922,0.969,50.05,OK
1761724842.5003164,19.802,9.867,195.37,50.39,219.64,0.953,0.933,50.0,OK
1761724842.602661,19.886,9.964,198.14,50.39,220.08,0.945,0.953,50.04,OK
1761724842.7046916,19.874,9.836,195.48,50.39,220.02,0.94,0.945,50.02,OK
1761724842.807044,19.879,9.932,197.44,50.39,219.72,0.919,0.977,50.03,OK
1761724842.9086225,19.836,9.879,195.96,50.39,219.69,0.937,0.952,50.01,OK
1761724843.0102086,19.809,9.983,197.75,50.39,220.37,0.92,0.975,50.0,OK
1761724843.1118965,19.84,9.872,195.85,50.39,220.1,0.925,0.962,49.98,OK
1761724843.213189,19.793,9.899,195.93,50.39,219.73,0.949,0.939,50.02,OK
1761724843.315356,19.852,9.945,197.44,50.39,219.65,0.951,0.945,49.96,OK
1761724843.4173443,19.809,9.89,195.92,50.39,219.81,0.956,0.932,50.05,OK
1761724843.5192568,19.817,9.944,197.07,50.39,220.17,0.918,0.976,49.99,OK
1761724843.6213844,19.842,9.843,195.3,50.39,220.37,0.914,0.97,50.03,OK
1761724843.722869,19.857,9.79,194.39,50.39,219.83,0.909,0.973,49.95,OK
1761724843.8243308,19.851,9.812,194.78,50.39,220.18,0.927,0.954,49.96,OK
1761724843.9258966,19.873,9.838,195.5,50.39,220.3,0.926,0.958,49.99,OK
1761724844.0275621,19.878,9.917,197.13,50.39,219.95,0.92,0.975,50.03,OK
1761724844.1291964,19.839,9.806,194.54,50.39,219.91,0.919,0.962,50.03,OK
1761724844.230926,19.82,9.933,196.88,50.39,220.03,0.946,0.946,50.05,OK
1761724844.3322635,19.846,9.814,194.77,50.39,220.25,0.909,0.973,49.98,OK
1761724844.4341931,19.803,9.967,197.37,50.39,220.1,0.931,0.963,50.03,OK
1761724844.536127,19.875,9.798,194.74,50.39,219.6,0.943,0.941,50.04,OK
1761724844.6379635,19.799,9.913,196.27,50.39,220.1,0.953,0.935,50.0,OK
1761724844.7398963,19.811,9.817,194.49,50.39,219.89,0.907,0.975,49.95,OK
1761724844.8421247,19.879,9.788,194.57,50.39,219.65,0.93,0.953,49.95,OK
1761724844.9443562,19.872,9.844,195.62,50.39,220.11,0.936,0.95,49.96,OK
1761724845.046602,19.815,9.878,195.74,50.39,219.64,0.953,0.936,49.99,OK
1761724845.1478868,19.855,9.795,194.48,50.39,219.66,0.918,0.965,50.02,OK
1761724845.2493238,19.85,9.839,195.31,50.39,219.76,0.924,0.962,49.96,OK
1761724845.3513558,19.798,9.834,194.7,50.39,220.38,0.909,0.972,50.01,OK
1761724845.4533434,19.828,9.925,196.8,50.39,219.98,0.924,0.968,49.95,OK
1761724845.555196,19.795,9.919,196.34,50.39,220.33,0.957,0.931,50.0,OK
1761724845.6582327,19.821,9.931,196.85,50.39,219.66,0.919,0.975,49.95,OK
1761724845.7609107,19.835,9.846,195.3,50.39,219.65,0.962,0.924,50.04,OK
1761724845.862733,19.888,9.826,195.42,50.39,220.24,0.92,0.965,50.04,OK
1761724845.9643438,19.885,9.841,195.68,50.39,220.31,0.932,0.953,49.99,OK
1761724846.0665047,19.889,9.836,195.63,50.39,219.77,0.935,0.952,50.04,OK
1761724846.1679657,19.851,9.904,196.61,50.39,219.95,0.924,0.968,50.01,OK
1761724846.2697861,19.815,10.001,198.18,50.39,220.0,0.974,0.925,50.03,OK
1761724846.3715544,19.813,9.927,196.68,50.39,219.9,0.923,0.969,49.97,OK
1761724846.47308,19.87,9.999,198.67,50.39,219.96,0.968,0.933,50.04,OK
1761724846.5747106,19.853,9.99,198.34,50.39,219.86,0.962,0.938,50.01,OK
1761724846.6762342,19.885,9.962,198.09,50.39,220.23,0.936,0.961,49.97,OK
1761724846.7779224,19.877,9.89,196.58,50.39,220.21,0.917,0.973,49.99,OK
1761724846.879216,19.826,9.959,197.45,50.39,220.27,0.968,0.926,49.97,OK
1761724846.9805796,19.864,9.963,197.91,50.39,220.03,0.966,0.931,49.96,OK
1761724847.0820782,19.839,9.982,198.03,50.39,219.69,0.925,0.974,50.02,OK
1761724847.183664,19.878,9.992,198.61,50.39,220.17,0.934,0.966,49.97,OK
1761724847.2852645,19.807,10.038,198.82,50.39,219.77,0.972,0.93,49.99,OK
1761724847.3868256,19.885,9.955,197.95,50.39,219.61,0.974,0.925,49.99,OK
1761724847.4884443,19.794,10.023,198.4,50.39,219.93,0.962,0.938,50.02,OK
1761724847.590356,19.868,9.962,197.93,50.39,220.07,0.933,0.964,49.98,OK
1761724847.6917646,19.828,10.089,200.04,50.39,220.21,0.947,0.959,50.04,OK
1761724847.7932115,19.845,10.02,198.85,50.39,220.03,0.944,0.957,50.02,OK
1761724847.8947985,19.818,9.995,198.08,50.39,219.79,0.962,0.937,49.99,OK
1761724847.9968786,19.857,10.128,201.1,50.39,219.74,0.985,0.929,50.01,OK
1761724848.098399,19.8,10.009,198.17,50.39,219.83,0.953,0.946,49.96,OK
1761724848.2001736,19.861,10.125,201.09,50.39,220.04,0.942,0.97,49.98,OK
1761724848.3018506,19.799,10.081,199.59,50.39,219.68,0.95,0.957,50.03,OK
1761724848.4035988,19.823,10.07,199.62,50.39,219.89,0.94,0.966,49.99,OK
1761724848.505108,19.83,10.181,201.89,50.39,220.0,0.961,0.955,49.98,OK
1761724848.6069407,19.858,10.079,200.14,50.39,220.0,0.941,0.967,50.02,OK
1761724848.7088532,19.854,10.102,200.57,50.39,220.23,0.976,0.933,49.95,OK
1761724848.811569,19.857,10.05,199.56,50.39,220.25,0.929,0.975,49.96,OK
1761724848.9129527,19.86,10.193,202.42,50.39,220.1,0.997,0.922,50.04,OK
1761724849.0145576,19.797,10.048,198.92,50.39,219.86,0.931,0.972,50.01,OK
1761724849.11663,19.844,10.221,202.82,50.39,219.64,0.945,0.977,49.99,OK
1761724849.218559,19.825,10.165,201.52,50.39,219.98,0.945,0.97,50.02,OK
1761724849.3198965,19.793,10.063,199.17,50.39,220.1,0.983,0.921,50.04,OK
1761724849.422371,19.887,10.037,199.61,50.39,219.93,0.963,0.942,49.97,OK
1761724849.5237544,19.868,10.122,201.09,50.39,220.29,0.94,0.972,49.96,OK
1761724849.6252418,19.84,10.129,200.96,50.39,220.07,0.958,0.953,50.04,OK
1761724849.7265048,19.882,10.046,199.74,50.39,220.34,0.931,0.974,49.96,OK
1761724849.8284562,19.873,10.235,203.41,50.39,219.72,0.997,0.928,50.03,OK
1761724849.9307013,19.812,10.212,202.32,50.39,220.19,0.955,0.962,49.96,OK
1761724850.032159,19.889,10.253,203.93,50.39,219.63,0.984,0.944,49.96,OK
1761724850.1337972,19.851,10.229,203.06,50.39,219.64,0.995,0.929,50.0,OK
1761724850.236591,19.852,10.241,203.3,50.39,220.4,0.969,0.952,49.99,OK
1761724850.3381083,19.89,10.261,204.08,50.39,220.13,0.947,0.978,50.03,OK
1761724850.4395049,19.861,10.124,201.08,50.39,219.94,0.939,0.973,49.97,OK
1761724850.5411184,19.85,10.218,202.83,50.39,220.03,0.963,0.957,50.04,OK
1761724850.643224,19.859,10.24,203.36,50.39,220.21,0.954,0.968,49.98,OK
1761724850.7451112,19.822,10.302,204.21,50.39,219.83,0.968,0.96,49.97,OK
1761724850.8468478,19.802,10.298,203.92,50.39,219.83,0.985,0.942,49.97,OK
1761724850.949582,19.866,10.184,202.32,50.39,219.87,0.967,0.952,50.01,OK
1761724851.0522213,19.844,10.238,203.17,50.39,219.94,0.973,0.95,49.96,OK
1761724851.1544106,19.867,10.288,204.39,50.39,220.14,0.97,0.957,50.02,OK
1761724851.2558153,19.802,10.217,202.32,50.39,219.92,0.961,0.957,49.96,OK
1761724851.3570364,19.879,10.166,202.09,50.39,220.37,0.997,0.92,50.01,OK
1761724851.4589412,19.864,10.281,204.21,50.39,220.06,0.951,0.975,50.0,OK
1761724851.560726,19.8,10.326,204.46,50.39,220.08,0.977,0.951,49.98,OK
1761724851.6619008,19.819,10.194,202.04,50.39,219.87,0.997,0.922,50.03,OK
1761724851.7635684,19.818,10.217,202.47,50.39,220.39,0.976,0.941,50.03,OK
1761724851.8650541,19.792,10.278,203.43,50.39,220.03,0.986,0.938,49.98,OK
1761724851.9665906,19.828,10.324,204.71,50.39,220.15,0.98,0.949,50.0,OK
1761724852.0679169,19.86,10.279,204.14,50.39,219.77,0.95,0.977,50.01,OK
1761724852.1694043,19.868,10.184,202.34,50.39,219.9,0.958,0.96,49.98,OK
1761724852.2707763,19.827,10.369,205.59,50.39,220.27,0.962,0.97,50.04,OK
1761724852.3722134,19.831,10.325,204.76,50.39,220.14,0.952,0.977,50.03,OK
1761724852.4740043,19.808,10.259,203.2,50.39,219.68,0.96,0.964,49.99,OK
1761724852.5759766,19.868,10.331,205.25,50.39,219.87,0.967,0.965,50.03,OK
1761724852.6774967,19.872,10.347,205.61,50.39,219.76,0.958,0.976,50.01,OK
1761724852.7793283,19.833,10.282,203.92,50.39,220.29,0.952,0.973,49.99,OK
1761724852.8811219,19.808,10.398,205.96,50.39,219.96,1.014,0.923,50.03,OK
1761724852.9827142,19.836,10.359,205.48,50.39,220.2,0.959,0.973,49.97,OK
1761724853.0842733,19.854,10.282,204.13,50.39,220.34,0.996,0.931,50.03,OK
1761724853.1861243,19.801,10.337,204.69,50.39,220.09,0.962,0.967,50.04,OK
1761724853.2878692,19.886,10.283,204.5,50.39,220.4,0.962,0.965,49.99,OK
1761724853.3899245,19.886,10.331,205.45,50.39,219.81,0.961,0.973,50.01,OK
1761724853.4918973,19.873,10.28,204.29,50.39,219.62,0.99,0.94,49.97,OK
1761724853.5938857,19.884,10.25,203.82,50.39,219.72,0.971,0.956,49.95,OK
1761724853.695393,19.837,10.326,204.84,50.39,219.93,0.972,0.958,49.97,OK
1761724853.7975307,19.861,10.288,204.33,50.39,219.87,0.95,0.978,50.02,OK
1761724853.8991504,19.866,10.263,203.89,50.39,220.34,0.979,0.945,49.95,OK
1761724854.0013063,19.825,10.286,203.92,50.39,219.81,0.99,0.937,50.03,OK
1761724854.1049426,19.866,10.171,202.06,50.39,220.22,0.959,0.957,50.04,OK
1761724854.2068093,19.812,10.331,204.68,50.39,220.07,0.961,0.968,49.97,OK
1761724854.3082254,19.84,10.293,204.21,50.39,220.23,1.006,0.922,49.97,OK
1761724854.4097676,19.838,10.182,201.99,50.39,220.21,0.961,0.955,49.98,OK
1761724854.5118654,19.817,10.281,203.75,50.39,220.05,0.996,0.929,50.04,OK
1761724854.6133265,19.823,10.251,203.21,50.39,219.65,0.981,0.943,50.01,OK
1761724854.7152128,19.85,10.335,205.14,50.39,220.1,0.975,0.956,50.0,OK
1761724854.8175473,19.826,10.292,204.04,50.39,219.92,0.997,0.931,50.01,OK
1761724854.9197545,19.849,10.245,203.35,50.39,219.64,0.954,0.971,49.95,OK
1761724855.0212874,19.852,10.159,201.69,50.39,220.37,0.939,0.975,49.97,OK
1761724855.1225832,19.801,10.281,203.57,50.39,219.62,0.985,0.941,50.0,OK
1761724855.224871,19.817,10.322,204.56,50.39,219.83,0.99,0.94,49.99,OK
1761724855.3271527,19.808,10.334,204.7,50.39,219.8,0.99,0.941,50.03,OK
1761724855.4292898,19.84,10.155,201.47,50.39,219.94,0.963,0.951,50.0,OK
1761724855.5311859,19.86,10.137,201.32,50.39,219.87,0.973,0.941,49.98,OK
1761724855.6337316,19.851,10.26,203.68,50.39,220.33,0.978,0.946,50.02,OK
1761724855.7350457,19.811,10.243,202.92,50.39,219.88,0.955,0.966,49.97,OK
1761724855.836961,19.869,10.285,204.35,50.39,220.18,0.977,0.95,49.97,OK
1761724855.9384818,19.833,10.146,201.23,50.39,220.4,0.956,0.955,49.96,OK
1761724856.041176,19.827,10.198,202.2,50.39,220.12,0.998,0.92,49.99,OK
1761724856.1431673,19.829,10.278,203.8,50.39,220.13,0.961,0.964,50.01,OK
1761724856.245209,19.809,10.226,202.57,50.39,219.75,0.949,0.972,50.02,OK
1761724856.348012,19.812,10.248,203.02,50.39,220.28,0.944,0.977,49.99,OK
1761724856.4496374,19.86,10.202,202.62,50.39,220.11,0.966,0.953,49.95,OK
1761724856.551233,19.813,10.133,200.77,50.39,219.91,0.932,0.98,50.03,OK
1761724856.6532278,19.821,10.12,200.59,50.39,219.88,0.986,0.926,49.99,OK
1761724856.7557604,19.841,10.185,202.08,50.39,220.12,0.964,0.952,50.04,OK
1761724856.8575525,19.82,10.177,201.71,50.39,220.23,0.964,0.95,50.0,OK
1761724856.9593453,19.848,10.194,202.32,50.39,220.09,0.956,0.961,50.0,OK
1761724857.0609162,19.885,10.195,202.73,50.39,220.34,0.994,0.925,50.01,OK
1761724857.1622388,19.827,10.162,201.47,50.39,219.66,0.942,0.974,50.05,OK
1761724857.2647872,19.804,10.112,200.27,50.39,219.96,0.98,0.929,50.02,OK
1761724857.3665524,19.871,10.071,200.12,50.39,220.12,0.962,0.945,49.99,OK
1761724857.4703429,19.839,10.195,202.26,50.39,219.84,0.975,0.944,50.04,OK
1761724857.5718548,19.877,10.163,202.02,50.39,219.94,0.976,0.941,49.99,OK
1761724857.6733162,19.866,10.062,199.89,50.39,220.14,0.93,0.977,49.96,OK
1761724857.774758,19.824,10.016,198.57,50.39,220.25,0.939,0.96,50.05,OK
1761724857.8762505,19.858,9.991,198.4,50.39,219.75,0.925,0.976,50.02,OK
1761724857.9781184,19.842,10.073,199.88,50.39,220.2,0.964,0.942,49.99,OK
1761724858.0800714,19.797,10.149,200.92,50.39,220.19,0.944,0.967,50.03,OK
1761724858.1822126,19.853,10.102,200.55,50.39,220.21,0.962,0.947,50.02,OK
1761724858.2846003,19.881,10.115,201.08,50.39,219.81,0.943,0.97,49.96,OK
1761724858.386415,19.885,10.012,199.09,50.39,219.75,0.959,0.944,50.03,OK
1761724858.488794,19.799,10.097,199.9,50.39,220.21,0.981,0.925,50.03,OK
1761724858.5907772,19.798,10.081,199.58,50.39,219.89,0.939,0.967,49.95,OK
1761724858.6927779,19.872,10.096,200.63,50.39,220.32,0.971,0.938,49.98,OK
1761724858.7946882,19.806,9.985,197.77,50.39,220.07,0.929,0.967,49.96,OK
1761724858.8972316,19.852,10.054,199.58,50.39,220.24,0.966,0.938,50.02,OK
1761724858.9989,19.868,9.944,197.57,50.39,219.81,0.966,0.93,49.98,OK
1761724859.1010861,19.816,10.074,199.63,50.39,220.1,0.966,0.939,50.05,OK
1761724859.2022133,19.822,9.928,196.79,50.39,219.75,0.94,0.952,50.05,OK
1761724859.3035786,19.861,9.94,197.42,50.39,220.01,0.936,0.958,50.0,OK
1761724859.4054272,19.844,9.914,196.74,50.39,220.07,0.924,0.968,50.01,OK
1761724859.5072255,19.806,9.978,197.63,50.39,219.77,0.954,0.943,49.97,OK
1761724859.6084905,19.837,9.894,196.26,50.39,219.67,0.941,0.949,50.01,OK
1761724859.7097514,19.885,9.905,196.97,50.39,219.75,0.948,0.946,50.0,OK
1761724859.8110015,19.871,10.039,199.48,50.39,219.71,0.948,0.958,49.99,OK
1761724859.9122798,19.821,10.027,198.74,50.39,219.89,0.94,0.962,50.02,OK
1761724860.0436058,19.798,9.936,196.71,50.39,220.18,0.965,0.926,50.0,OK
1761724860.1476266,19.855,9.841,195.4,50.39,219.87,0.937,0.949,50.05,OK
1761724860.2490993,19.822,9.88,195.85,50.39,220.23,0.949,0.937,50.02,OK
1761724860.3507202,19.883,9.84,195.65,50.39,220.0,0.908,0.979,50.04,OK
1761724860.4524503,19.816,9.965,197.46,50.39,219.96,0.916,0.98,49.99,OK
1761724860.5537884,19.835,9.923,196.82,50.39,220.35,0.919,0.972,50.05,OK
1761724860.6552186,19.812,10.032,198.76,50.39,220.21,0.933,0.967,50.02,OK
1761724860.756302,19.791,9.867,195.28,50.39,220.09,0.913,0.972,50.03,OK
1761724860.8579025,19.859,9.832,195.26,50.39,219.62,0.954,0.932,50.05,OK
1761724860.9601824,19.86,9.887,196.36,50.39,219.82,0.961,0.93,50.05,OK
1761724861.0617192,19.861,9.877,196.17,50.39,220.23,0.932,0.956,50.04,OK
1761724861.1633193,19.83,9.844,195.21,50.39,219.64,0.956,0.93,49.96,OK
1761724861.265108,19.842,9.975,197.92,50.39,220.24,0.949,0.947,50.02,OK
1761724861.366681,19.835,9.902,196.41,50.39,219.68,0.914,0.978,49.96,OK
1761724861.4721098,19.799,9.845,194.92,50.39,219.97,0.939,0.943,50.02,OK
1761724861.5736778,19.877,9.823,195.26,50.39,220.0,0.965,0.92,49.99,OK
1761724861.6748877,19.81,9.92,196.53,50.39,220.01,0.923,0.967,50.0,OK
1761724861.7763312,19.851,9.833,195.19,50.39,219.97,0.916,0.969,49.99,OK
1761724861.878259,19.799,9.818,194.38,50.39,219.65,0.953,0.928,49.96,OK
1761724861.9796603,19.818,9.813,194.48,50.39,220.37,0.902,0.978,50.0,OK
1761724862.0810583,19.857,9.879,196.16,50.39,220.22,0.968,0.92,49.98,OK
1761724862.1824303,19.859,9.819,195.0,50.39,219.99,0.925,0.958,49.97,OK
1761724862.284073,19.856,9.786,194.31,50.39,219.96,0.937,0.943,49.98,OK
1761724862.385861,19.858,9.932,197.23,50.39,219.76,0.925,0.97,50.01,OK
1761724862.4875247,19.804,9.89,195.85,50.39,219.76,0.937,0.951,49.96,OK
1761724862.5893068,19.828,9.852,195.33,50.39,220.37,0.922,0.961,50.04,OK
1761724862.6906552,19.834,9.886,196.07,50.39,219.89,0.951,0.938,49.95,OK
1761724862.7920988,19.85,9.803,194.59,50.39,219.78,0.924,0.958,50.04,OK
1761724862.8936124,19.844,9.951,197.47,50.39,220.26,0.921,0.974,49.98,OK
1761724862.994894,19.793,9.834,194.64,50.39,219.98,0.952,0.93,49.99,OK
1761724863.0962598,19.854,9.802,194.61,50.39,219.78,0.954,0.928,50.01,OK
1761724863.197691,19.821,9.968,197.58,50.39,219.92,0.933,0.963,49.97,OK
1761724863.2993062,19.826,9.929,196.86,50.39,220.13,0.943,0.949,49.99,OK
1761724863.4010952,19.851,9.798,194.5,50.39,220.07,0.954,0.926,49.99,OK
1761724863.503555,19.85,9.824,195.0,50.39,220.24,0.904,0.979,50.01,OK
1761724863.6060982,19.804,9.972,197.5,50.39,219.66,0.969,0.927,50.0,OK
1761724863.7080219,19.821,9.944,197.1,50.39,219.71,0.956,0.939,50.05,OK
1761724863.8099878,19.853,9.791,194.38,50.39,219.95,0.952,0.928,49.96,OK
1761724863.9116933,19.822,9.84,195.04,50.39,220.09,0.911,0.972,50.01,OK
1761724864.0132864,19.847,9.834,195.18,50.39,220.09,0.943,0.94,50.01,OK
1761724864.1148593,19.799,9.903,196.07,50.39,220.1,0.913,0.976,50.04,OK
1761724864.2168543,19.822,9.945,197.13,50.39,220.38,0.939,0.953,50.02,OK
1761724864.318443,19.888,9.879,196.47,50.39,219.67,0.956,0.936,50.02,OK
1761724864.420648,19.826,9.822,194.72,50.39,220.35,0.903,0.979,49.96,OK
1761724864.522379,19.801,9.921,196.44,50.39,219.71,0.921,0.971,50.01,OK
1761724864.6239047,19.814,9.936,196.86,50.39,220.24,0.966,0.926,50.01,OK
1761724864.725744,19.829,9.855,195.41,50.39,220.12,0.934,0.95,50.03,OK
1761724864.8270617,19.854,10.002,198.58,50.39,219.69,0.931,0.971,50.0,OK
1761724864.9287503,19.884,9.827,195.41,50.39,219.79,0.957,0.929,50.01,OK
1761724865.0304658,19.806,10.031,198.67,50.39,219.78,0.966,0.935,50.01,OK
1761724865.1322863,19.869,9.874,196.18,50.39,219.81,0.916,0.975,49.99,OK
1761724865.2346137,19.828,10.02,198.68,50.39,219.61,0.931,0.972,50.04,OK
1761724865.3364277,19.818,10.058,199.33,50.39,219.88,0.975,0.93,49.98,OK
1761724865.4377828,19.885,9.922,197.3,50.39,219.69,0.947,0.948,49.99,OK
1761724865.5394475,19.814,9.898,196.12,50.39,219.66,0.914,0.977,49.96,OK
1761724865.6411867,19.815,10.062,199.38,50.39,220.08,0.971,0.933,49.96,OK
1761724865.7433796,19.871,10.02,199.1,50.39,220.26,0.955,0.947,49.97,OK
1761724865.8452466,19.879,9.947,197.74,50.39,220.22,0.932,0.963,49.99,OK
1761724865.946795,19.797,9.935,196.69,50.39,219.68,0.952,0.94,50.01,OK
1761724866.048499,19.882,9.961,198.05,50.39,220.3,0.924,0.973,50.01,OK
1761724866.1503131,19.861,10.059,199.79,50.39,219.69,0.958,0.95,50.03,OK
1761724866.2523792,19.822,9.98,197.83,50.39,220.12,0.917,0.98,49.97,OK
1761724866.3537457,19.799,10.131,200.59,50.39,220.07,0.947,0.962,50.01,OK
1761724866.4555645,19.881,10.019,199.19,50.39,219.78,0.94,0.964,50.0,OK
1761724866.5585105,19.807,9.998,198.04,50.39,220.02,0.94,0.958,49.96,OK
1761724866.6605494,19.808,10.097,200.0,50.39,220.24,0.976,0.93,49.99,OK
1761724866.7623918,19.872,10.05,199.72,50.39,219.83,0.966,0.94,50.0,OK
1761724866.8643534,19.887,10.03,199.47,50.39,220.35,0.949,0.954,49.97,OK
1761724866.966507,19.836,10.156,201.46,50.39,220.14,0.945,0.969,50.02,OK
1761724867.068607,19.865,10.006,198.77,50.39,219.8,0.95,0.952,49.98,OK
1761724867.1702125,19.889,10.115,201.17,50.39,220.17,0.938,0.974,50.0,OK
1761724867.2722166,19.885,10.145,201.74,50.39,220.36,0.937,0.977,50.03,OK
1761724867.3742075,19.822,10.024,198.7,50.39,220.37,0.978,0.922,49.98,OK
1761724867.4763625,19.803,10.141,200.83,50.39,219.92,0.959,0.952,49.97,OK
1761724867.5779781,19.805,10.166,201.34,50.39,220.22,0.934,0.979,49.99,OK
1761724867.6794329,19.873,10.124,201.19,50.39,219.73,0.952,0.962,50.05,OK
1761724867.7810318,19.82,10.222,202.59,50.39,219.78,1.0,0.922,50.05,OK
1761724867.8834789,19.832,10.176,201.82,50.39,219.85,0.946,0.971,49.95,OK
1761724867.9854221,19.808,10.159,201.23,50.39,219.75,0.964,0.95,49.98,OK
1761724868.086892,19.883,10.113,201.07,50.39,219.84,0.989,0.925,50.02,OK
1761724868.1882493,19.817,10.081,199.77,50.39,219.99,0.98,0.926,50.0,OK
1761724868.2897222,19.878,10.22,203.15,50.39,219.75,0.977,0.946,49.95,OK
1761724868.3913436,19.874,10.072,200.18,50.39,220.01,0.951,0.957,50.05,OK
1761724868.493329,19.862,10.058,199.77,50.39,220.09,0.949,0.956,49.99,OK
1761724868.5947924,19.863,10.122,201.05,50.39,219.9,0.971,0.942,50.04,OK
1761724868.6963713,19.844,10.233,203.07,50.39,219.92,0.982,0.941,49.96,OK
1761724868.7979243,19.846,10.235,203.12,50.39,219.72,0.962,0.961,49.95,OK
1761724868.9025705,19.807,10.212,202.27,50.39,220.11,0.983,0.934,50.04,OK
1761724869.004488,19.845,10.108,200.59,50.39,220.36,0.962,0.946,49.97,OK
1761724869.1059024,19.838,10.111,200.58,50.39,219.95,0.971,0.939,50.04,OK
1761724869.2080207,19.859,10.2,202.56,50.39,219.67,0.944,0.976,49.99,OK
1761724869.310003,19.82,10.128,200.73,50.39,220.29,0.936,0.974,50.01,OK
1761724869.4118373,19.827,10.218,202.59,50.39,219.64,0.998,0.925,50.05,OK
1761724869.5134308,19.802,10.27,203.37,50.39,220.21,0.944,0.978,49.98,OK
1761724869.6152933,19.822,10.277,203.71,50.39,219.87,0.946,0.98,50.03,OK
1761724869.717789,19.84,10.259,203.54,50.39,219.65,0.97,0.956,49.99,OK
1761724869.8194942,19.799,10.328,204.49,50.39,219.77,0.955,0.974,50.0,OK
1761724869.9221568,19.879,10.186,202.49,50.39,220.2,0.965,0.953,50.0,OK
1761724870.0232534,19.886,10.209,203.02,50.39,220.22,0.943,0.978,49.98,OK
1761724870.1245742,19.797,10.188,201.69,50.39,220.01,0.96,0.955,49.99,OK
1761724870.2256925,19.837,10.311,204.54,50.39,219.67,1.003,0.928,49.98,OK
1761724870.3267715,19.804,10.172,201.44,50.39,219.65,0.963,0.952,50.02,OK
1761724870.428064,19.884,10.287,204.55,50.39,219.65,1.007,0.925,49.97,OK
1761724870.529742,19.869,10.207,202.8,50.39,219.97,0.947,0.974,50.01,OK
1761724870.6311114,19.858,10.258,203.71,50.39,220.24,0.983,0.941,49.96,OK
1761724870.7328386,19.821,10.267,203.49,50.39,220.04,0.949,0.974,50.04,OK
1761724870.8340542,19.849,10.236,203.17,50.39,219.69,0.975,0.949,50.04,OK
1761724870.9357848,19.808,10.201,202.06,50.39,219.81,0.994,0.925,49.99,OK
1761724871.0372167,19.838,10.341,205.15,50.39,220.11,0.978,0.953,49.97,OK
1761724871.1391332,19.874,10.295,204.6,50.39,220.35,0.989,0.939,50.02,OK
1761724871.240917,19.829,10.288,204.0,50.39,219.89,0.955,0.972,49.97,OK
1761724871.3424916,19.88,10.191,202.59,50.39,220.04,0.965,0.954,50.02,OK
1761724871.444051,19.827,10.331,204.84,50.39,219.76,0.977,0.954,49.97,OK
1761724871.545543,19.858,10.181,202.17,50.39,219.69,0.941,0.977,49.98,OK
1761724871.6475492,19.841,10.381,205.96,50.39,220.29,0.971,0.963,50.0,OK
1761724871.7491527,19.861,10.358,205.72,50.39,220.1,1.006,0.929,49.99,OK
1761724871.8507214,19.875,10.361,205.93,50.39,219.7,0.959,0.977,50.05,OK
1761724871.953847,19.802,10.27,203.36,50.39,220.39,0.994,0.928,50.05,OK
1761724872.055583,19.805,10.314,204.27,50.39,219.89,1.0,0.929,49.95,OK
1761724872.156954,19.871,10.198,202.65,50.39,220.03,0.96,0.959,50.0,OK
1761724872.258757,19.861,10.202,202.63,50.39,220.3,0.984,0.935,50.02,OK
1761724872.3602462,19.864,10.252,203.64,50.39,219.88,1.001,0.925,50.04,OK
1761724872.4621592,19.794,10.245,202.78,50.39,219.94,0.975,0.946,49.99,OK
1761724872.5640008,19.868,10.295,204.54,50.39,220.22,0.999,0.93,50.05,OK
1761724872.665663,19.871,10.212,202.93,50.39,219.64,0.962,0.96,49.97,OK
1761724872.7678614,19.887,10.273,204.3,50.39,220.01,0.973,0.954,49.96,OK
1761724872.869173,19.813,10.244,202.96,50.39,219.69,0.978,0.945,50.02,OK
1761724872.9711742,19.804,10.323,204.44,50.39,219.91,0.989,0.94,49.96,OK
1761724873.07358,19.851,10.258,203.64,50.39,219.78,0.982,0.944,50.01,OK
1761724873.1754835,19.872,10.334,205.35,50.39,219.79,0.992,0.942,50.02,OK
1761724873.2773001,19.89,10.269,204.25,50.39,219.63,1.002,0.928,49.99,OK
1761724873.379356,19.889,10.315,205.15,50.39,220.23,0.978,0.952,49.95,OK
1761724873.4814386,19.834,10.288,204.06,50.39,220.31,0.998,0.928,49.99,OK
1761724873.583158,19.828,10.256,203.36,50.39,220.0,1.001,0.923,50.04,OK
1761724873.6856756,19.868,10.279,204.22,50.39,220.15,0.975,0.951,50.04,OK
1761724873.787651,19.858,10.149,201.54,50.39,220.04,0.971,0.943,49.99,OK
1761724873.8894825,19.865,10.181,202.24,50.39,220.13,0.985,0.933,50.02,OK
1761724873.9913173,19.887,10.153,201.92,50.39,219.78,0.943,0.974,50.02,OK
1761724874.0937212,19.889,10.135,201.57,50.39,220.29,0.938,0.975,49.98,OK
1761724874.1952472,19.836,10.159,201.5,50.39,219.78,0.985,0.931,49.96,OK
1761724874.2972326,19.811,10.202,202.12,50.39,220.37,0.972,0.943,50.05,OK
1761724874.3993,19.805,10.214,202.29,50.39,219.78,0.94,0.98,50.03,OK
1761724874.5008233,19.824,10.316,204.5,50.39,220.36,1.004,0.924,50.04,OK
1761724874.603339,19.82,10.25,203.16,50.39,220.22,0.996,0.926,50.04,OK
1761724874.704853,19.861,10.116,200.92,50.39,219.72,0.945,0.968,49.96,OK
1761724874.8064587,19.855,10.266,203.83,50.39,219.9,0.966,0.959,50.03,OK
1761724874.9079015,19.883,10.187,202.55,50.39,219.94,0.95,0.969,50.04,OK
1761724875.00955,19.82,10.198,202.13,50.39,220.34,0.955,0.961,50.03,OK
1761724875.1113265,19.812,10.16,201.29,50.39,220.02,0.952,0.961,49.97,OK
1761724875.212877,19.866,10.173,202.09,50.39,220.03,0.963,0.954,49.96,OK
1761724875.3166206,19.826,10.261,203.43,50.39,219.97,0.959,0.964,50.04,OK
1761724875.4197443,19.84,10.12,200.79,50.39,220.13,0.945,0.965,49.98,OK
1761724875.521446,19.847,10.19,202.25,50.39,220.02,0.943,0.974,49.97,OK
1761724875.6226668,19.868,10.208,202.82,50.39,220.35,0.99,0.93,50.03,OK
1761724875.7249234,19.853,10.111,200.74,50.39,219.91,0.982,0.93,50.0,OK
1761724875.826559,19.88,10.084,200.47,50.39,220.15,0.948,0.961,49.96,OK
1761724875.9286268,19.827,10.076,199.77,50.39,220.1,0.94,0.965,49.98,OK
1761724876.0300746,19.804,10.154,201.08,50.39,219.97,0.94,0.973,50.01,OK
1761724876.1321907,19.81,10.06,199.3,50.39,219.66,0.951,0.954,50.05,OK
1761724876.2337666,19.85,10.081,200.11,50.39,220.38,0.953,0.953,49.99,OK
1761724876.335262,19.829,10.143,201.13,50.39,219.83,0.975,0.939,50.01,OK
1761724876.436617,19.878,10.098,200.72,50.39,220.01,0.974,0.937,50.02,OK
1761724876.5384784,19.841,10.087,200.13,50.39,219.86,0.97,0.939,49.98,OK
1761724876.6399064,19.829,10.129,200.85,50.39,220.15,0.947,0.964,50.0,OK
1761724876.741628,19.864,10.075,200.12,50.39,219.78,0.99,0.92,50.04,OK
1761724876.8439105,19.821,10.113,200.44,50.39,219.95,0.99,0.92,50.02,OK
1761724876.9463758,19.806,10.032,198.69,50.39,219.94,0.925,0.976,50.02,OK
1761724877.0487876,19.877,9.98,198.38,50.39,219.92,0.959,0.94,50.01,OK
1761724877.1502695,19.859,9.978,198.16,50.39,219.63,0.947,0.953,49.98,OK
1761724877.2531967,19.851,9.963,197.77,50.39,220.15,0.961,0.935,50.01,OK
1761724877.3549778,19.841,10.006,198.53,50.39,220.25,0.963,0.936,49.99,OK
1761724877.457792,19.829,10.133,200.93,50.39,220.21,0.946,0.965,49.97,OK
1761724877.5595567,19.873,10.0,198.74,50.39,219.86,0.95,0.952,50.0,OK
1761724877.6609328,19.846,10.115,200.75,50.39,219.77,0.976,0.936,50.01,OK
1761724877.7631102,19.809,9.988,197.86,50.39,220.02,0.966,0.931,49.96,OK
1761724877.9019618,19.874,9.983,198.4,50.39,220.29,0.975,0.924,49.98,OK
1761724878.1033797,19.822,10.101,200.22,50.39,219.78,0.931,0.979,50.0,OK
1761724878.2206213,19.87,9.966,198.02,50.39,219.9,0.971,0.927,50.01,OK
1761724878.3341053,19.838,10.073,199.84,50.39,220.32,0.95,0.955,50.0,OK
1761724878.4572406,19.847,9.935,197.18,50.39,220.3,0.966,0.926,50.0,OK
1761724878.5707116,19.885,10.035,199.54,50.39,219.87,0.967,0.938,50.04,OK
1761724878.715953,19.844,9.989,198.22,50.39,220.02,0.95,0.948,50.02,OK
1761724878.8407085,19.824,10.042,199.07,50.39,219.68,0.956,0.948,50.02,OK
1761724878.9706757,19.857,9.944,197.45,50.39,220.0,0.972,0.923,50.0,OK
1761724879.083173,19.867,9.891,196.49,50.39,220.04,0.912,0.979,49.98,OK
1761724879.1875932,19.819,9.93,196.8,50.39,220.32,0.952,0.938,49.96,OK
1761724879.3008778,19.815,9.869,195.56,50.39,220.08,0.955,0.931,49.95,OK
1761724879.4062772,19.837,9.91,196.59,50.39,220.15,0.938,0.952,50.03,OK
1761724879.5131924,19.89,9.984,198.58,50.39,219.89,0.948,0.953,49.98,OK
1761724879.6170733,19.838,9.934,197.08,50.39,219.98,0.925,0.968,49.96,OK
1761724879.7199285,19.854,9.848,195.53,50.39,219.69,0.934,0.953,50.04,OK
1761724879.821324,19.833,9.913,196.6,50.39,220.21,0.914,0.977,50.01,OK
1761724879.9226763,19.863,9.901,196.66,50.39,220.28,0.953,0.936,49.99,OK
1761724880.0245125,19.82,9.969,197.59,50.39,220.38,0.934,0.96,50.03,OK
1761724880.1261306,19.804,9.891,195.88,50.39,220.35,0.916,0.971,50.03,OK
1761724880.2280025,19.795,9.984,197.62,50.39,219.63,0.972,0.926,49.96,OK
1761724880.3297095,19.791,9.819,194.32,50.39,220.22,0.906,0.974,49.96,OK
1761724880.430899,19.873,9.836,195.48,50.39,219.82,0.911,0.977,50.03,OK
1761724880.5327122,19.799,9.911,196.23,50.39,220.31,0.948,0.94,49.97,OK
1761724880.6349628,19.834,9.924,196.83,50.39,220.01,0.936,0.955,50.04,OK
1761724880.7362068,19.825,9.823,194.74,50.39,220.31,0.916,0.965,49.97,OK
1761724880.8378334,19.796,9.962,197.22,50.39,219.82,0.953,0.942,50.0,OK
1761724880.9392657,19.83,9.919,196.68,50.39,219.99,0.917,0.975,50.0,OK
1761724881.0415893,19.855,9.879,196.16,50.39,219.6,0.912,0.979,50.03,OK
1761724881.1427765,19.796,9.997,197.9,50.39,219.94,0.95,0.947,49.99,OK
1761724881.2453418,19.826,9.958,197.43,50.39,219.68,0.925,0.972,50.04,OK
1761724881.3491917,19.822,9.884,195.92,50.39,219.61,0.95,0.939,50.05,OK
1761724881.4515576,19.827,9.971,197.69,50.39,220.18,0.931,0.965,50.03,OK
1761724881.5537596,19.802,9.961,197.25,50.39,219.97,0.927,0.967,49.97,OK
1761724881.654915,19.794,9.825,194.48,50.39,219.9,0.925,0.956,49.96,OK
1761724881.7562058,19.858,9.775,194.11,50.39,220.09,0.913,0.966,49.97,OK
1761724881.85781,19.822,9.899,196.21,50.39,219.98,0.923,0.966,50.0,OK
1761724881.9590445,19.804,9.949,197.02,50.39,219.88,0.971,0.922,49.97,OK
1761724882.0608225,19.851,9.81,194.74,50.39,220.03,0.909,0.974,50.03,OK
1761724882.1653702,19.88,9.808,194.99,50.39,219.93,0.908,0.976,50.02,OK
1761724882.3199823,19.815,9.815,194.49,50.39,220.06,0.922,0.958,49.98,OK
1761724882.4399233,19.821,9.882,195.88,50.39,220.03,0.932,0.955,50.03,OK
1761724882.542549,19.88,9.867,196.15,50.39,220.33,0.917,0.971,50.02,OK
1761724882.6448133,19.845,9.867,195.82,50.39,220.4,0.922,0.963,50.01,OK
1761724882.7502866,19.798,9.854,195.1,50.39,220.22,0.951,0.931,50.03,OK
1761724882.8518639,19.867,9.947,197.61,50.39,220.14,0.944,0.951,50.03,OK
1761724882.9531767,19.861,9.816,194.96,50.39,220.39,0.96,0.921,50.01,OK
1761724883.0555913,19.884,9.872,196.3,50.39,219.76,0.966,0.925,50.0,OK
1761724883.1568906,19.836,9.922,196.82,50.39,220.05,0.936,0.956,49.97,OK
1761724883.2588303,19.807,9.948,197.03,50.39,220.03,0.931,0.962,49.98,OK
1761724883.3603094,19.872,9.97,198.11,50.39,220.38,0.961,0.935,49.99,OK
1761724883.4620073,19.858,10.003,198.64,50.39,220.35,0.931,0.969,50.01,OK
1761724883.565195,19.833,9.832,194.99,50.39,219.82,0.923,0.961,50.02,OK
1761724883.6673229,19.884,10.001,198.86,50.39,220.24,0.94,0.96,49.96,OK
1761724883.7694788,19.811,9.889,195.91,50.39,219.6,0.919,0.97,49.99,OK
1761724883.871014,19.844,9.881,196.09,50.39,219.97,0.963,0.925,50.02,OK
1761724883.9723158,19.803,9.889,195.83,50.39,220.19,0.963,0.923,50.03,OK
1761724884.073912,19.86,10.012,198.85,50.39,219.92,0.942,0.96,49.98,OK
1761724884.1755133,19.796,10.019,198.33,50.39,220.15,0.932,0.967,50.05,OK
1761724884.277619,19.804,9.978,197.6,50.39,220.21,0.951,0.944,49.96,OK
1761724884.3790143,19.803,9.954,197.12,50.39,219.66,0.952,0.943,49.98,OK
1761724884.4804773,19.793,9.935,196.64,50.39,219.9,0.914,0.978,50.0,OK
1761724884.581927,19.856,10.015,198.86,50.39,219.74,0.959,0.943,50.01,OK
1761724884.6840549,19.822,9.998,198.18,50.39,219.65,0.939,0.961,50.03,OK
1761724884.7859905,19.824,9.994,198.12,50.39,219.96,0.934,0.964,50.0,OK
1761724884.88748,19.866,9.984,198.35,50.39,220.27,0.922,0.976,50.03,OK
1761724884.9950733,19.825,10.034,198.93,50.39,220.26,0.95,0.951,49.98,OK
1761724885.3380122,19.883,10.015,199.13,50.39,220.06,0.97,0.933,50.03,OK
1761724885.491455,19.801,9.995,197.9,50.39,220.07,0.946,0.951,49.98,OK
1761724885.6353893,19.854,10.115,200.83,50.39,219.83,0.955,0.956,50.02,OK
1761724887.1877642,19.884,10.088,200.6,50.39,219.69,0.933,0.979,50.04,OK
1761724887.2957234,19.823,10.236,202.91,50.39,220.17,0.997,0.924,49.96,OK
1761724887.3972049,19.88,10.222,203.22,50.39,220.37,0.977,0.944,49.97,OK
1761724887.4997683,19.809,10.17,201.46,50.39,220.29,0.971,0.941,50.02,OK
1761724887.6008363,19.872,10.203,202.75,50.39,219.73,0.963,0.958,50.01,OK
1761724887.7023969,19.831,10.215,202.57,50.39,220.38,0.984,0.934,50.04,OK
1761724887.8044589,19.884,10.263,204.08,50.39,219.95,0.985,0.942,50.04,OK
1761724887.906842,19.839,10.155,201.46,50.39,219.76,0.938,0.978,49.96,OK
1761724888.0115185,19.797,10.242,202.76,50.39,219.8,0.948,0.973,50.03,OK
1761724888.112783,19.889,10.241,203.69,50.39,220.19,0.961,0.963,50.04,OK
1761724888.2153704,19.855,10.301,204.52,50.39,219.67,0.96,0.97,50.01,OK
1761724888.3177333,19.89,10.253,203.94,50.39,220.19,0.995,0.93,50.04,OK
1761724888.4188366,19.798,10.262,203.16,50.39,219.63,0.957,0.967,50.03,OK
1761724888.5199893,19.842,10.158,201.55,50.39,220.35,0.953,0.96,50.01,OK
1761724888.6215165,19.844,10.239,203.19,50.39,220.15,0.952,0.97,50.01,OK
1761724888.7227597,19.857,10.151,201.58,50.39,220.09,0.936,0.978,50.0,OK
1761724888.8240817,19.851,10.143,201.35,50.39,220.0,0.987,0.927,50.01,OK
1761724888.9261446,19.855,10.256,203.63,50.39,219.84,0.948,0.977,50.02,OK
1761724889.0269823,19.791,10.289,203.64,50.39,220.03,1.005,0.921,49.97,OK
1761724889.1282556,19.832,10.283,203.93,50.39,219.9,0.971,0.955,49.97,OK
1761724889.2300854,19.823,10.196,202.1,50.39,220.35,0.968,0.947,49.97,OK
1761724889.3337657,19.89,10.173,202.33,50.39,219.69,1.001,0.92,49.96,OK
1761724889.4355922,19.795,10.352,204.92,50.39,220.33,0.977,0.952,50.01,OK
1761724889.5379162,19.889,10.294,204.74,50.39,220.21,1.005,0.925,49.97,OK
1761724889.6404161,19.81,10.181,201.69,50.39,219.75,0.969,0.947,49.98,OK
1761724889.742383,19.797,10.331,204.52,50.39,219.88,0.964,0.965,49.97,OK
1761724889.844516,19.812,10.279,203.64,50.39,219.75,0.951,0.974,50.01,OK
1761724889.946362,19.841,10.197,202.33,50.39,220.16,0.993,0.925,49.99,OK
1761724890.0482147,19.872,10.195,202.59,50.39,220.29,0.987,0.932,50.01,OK
1761724890.150815,19.832,10.243,203.13,50.39,219.9,0.948,0.975,50.01,OK
1761724890.253001,19.866,10.246,203.55,50.39,220.18,0.95,0.974,49.99,OK
1761724890.3545866,19.813,10.377,205.6,50.39,219.79,0.973,0.962,50.01,OK
1761724890.4560468,19.888,10.165,202.16,50.39,219.93,0.964,0.953,49.98,OK
1761724890.5579278,19.828,10.209,202.41,50.39,220.03,0.944,0.974,49.97,OK
1761724890.660657,19.803,10.315,204.28,50.39,220.13,0.951,0.976,50.0,OK
1761724890.7628722,19.873,10.199,202.7,50.39,220.17,0.955,0.964,50.04,OK
1761724890.864533,19.869,10.196,202.59,50.39,220.22,0.961,0.958,50.02,OK
1761724890.9662702,19.857,10.24,203.34,50.39,219.74,0.97,0.954,49.96,OK
1761724891.0677545,19.824,10.287,203.94,50.39,220.0,0.999,0.928,50.04,OK
1761724891.170019,19.87,10.353,205.71,50.39,220.35,0.965,0.968,50.03,OK
1761724891.271834,19.889,10.232,203.5,50.39,219.92,0.966,0.958,50.05,OK
1761724891.374112,19.823,10.209,202.38,50.39,220.1,0.945,0.973,49.97,OK
1761724891.475627,19.809,10.377,205.56,50.39,219.67,0.972,0.963,50.04,OK
1761724891.5777066,19.82,10.328,204.71,50.39,220.01,0.998,0.932,50.05,OK
1761724891.6803713,19.854,10.359,205.67,50.39,219.88,1.008,0.928,50.02,OK
1761724891.7827816,19.865,10.216,202.93,50.39,219.8,0.963,0.959,49.99,OK
1761724891.8849072,19.867,10.227,203.17,50.39,219.6,0.974,0.95,49.96,OK
1761724891.987115,19.838,10.288,204.09,50.39,219.63,0.973,0.955,50.03,OK
1761724892.088878,19.875,10.153,201.79,50.39,220.33,0.945,0.969,49.97,OK
1761724892.190506,19.831,10.222,202.71,50.39,220.08,0.945,0.975,50.01,OK
1761724892.2922032,19.815,10.184,201.79,50.39,219.99,0.986,0.93,49.98,OK
1761724892.3937418,19.843,10.326,204.91,50.39,219.69,0.961,0.971,49.97,OK
1761724892.4950774,19.841,10.198,202.33,50.39,220.1,0.969,0.948,50.01,OK
1761724892.5970998,19.869,10.231,203.29,50.39,219.61,0.95,0.974,50.0,OK
1761724892.6985772,19.825,10.318,204.56,50.39,220.2,0.957,0.971,50.03,OK
1761724892.8000383,19.815,10.343,204.94,50.39,219.8,0.981,0.951,50.02,OK
1761724892.902342,19.825,10.163,201.48,50.39,220.0,0.958,0.956,50.02,OK
1761724893.0037897,19.854,10.173,201.97,50.39,220.4,0.968,0.947,49.98,OK
1761724893.1054697,19.803,10.163,201.27,50.39,220.23,0.985,0.928,50.05,OK
1761724893.207308,19.82,10.15,201.18,50.39,219.75,0.953,0.96,50.03,OK
1761724893.3093314,19.816,10.234,202.8,50.39,219.7,0.996,0.927,49.99,OK
1761724893.4108632,19.846,10.163,201.71,50.39,220.06,0.959,0.956,50.05,OK
1761724893.5123403,19.872,10.11,200.91,50.39,219.96,0.974,0.938,50.04,OK
1761724893.6138494,19.888,10.194,202.74,50.39,220.37,0.977,0.941,49.98,OK
1761724893.715271,19.843,10.101,200.44,50.39,219.75,0.96,0.95,49.98,OK
1761724893.8175669,19.809,10.167,201.4,50.39,219.63,0.983,0.933,50.02,OK
1761724893.919252,19.79,10.17,201.26,50.39,220.0,0.974,0.939,49.96,OK
1761724894.0210207,19.834,10.277,203.84,50.39,219.63,0.998,0.93,50.02,OK
1761724894.1227305,19.861,10.111,200.83,50.39,220.35,0.982,0.929,49.97,OK
1761724894.2244308,19.821,10.093,200.06,50.39,220.0,0.938,0.97,49.99,OK
1761724894.325917,19.829,10.221,202.67,50.39,219.72,0.977,0.944,49.98,OK
1761724894.4276571,19.824,10.262,203.43,50.39,219.79,0.996,0.929,49.96,OK
1761724894.5299366,19.851,10.059,199.67,50.39,220.26,0.958,0.946,50.02,OK
1761724894.6313722,19.833,10.125,200.8,50.39,219.73,0.973,0.939,50.03,OK
1761724894.7336512,19.85,10.216,202.79,50.39,219.72,0.996,0.927,49.98,OK
1761724894.8357599,19.881,10.152,201.85,50.39,219.77,0.953,0.964,49.96,OK
1761724894.938059,19.845,10.115,200.74,50.39,219.66,0.972,0.94,50.01,OK
1761724895.0397215,19.846,10.076,199.97,50.39,219.86,0.946,0.962,49.98,OK
1761724895.1420448,19.862,10.198,202.56,50.39,219.75,0.945,0.976,50.04,OK
1761724895.2439325,19.796,10.069,199.32,50.39,219.81,0.932,0.973,50.04,OK
1761724895.3457775,19.796,10.168,201.28,50.39,219.84,0.951,0.963,50.03,OK
1761724895.4477322,19.851,10.107,200.64,50.39,220.38,0.932,0.977,49.97,OK
1761724895.5495617,19.884,10.143,201.68,50.39,219.88,0.962,0.953,49.97,OK
1761724895.6515124,19.876,10.009,198.94,50.39,219.68,0.969,0.935,49.99,OK
1761724895.7534232,19.81,10.07,199.48,50.39,220.07,0.932,0.973,49.98,OK
1761724895.8555338,19.818,10.07,199.56,50.39,220.02,0.985,0.921,49.98,OK
1761724895.9575531,19.84,10.03,198.99,50.39,219.63,0.927,0.978,49.95,OK
1761724896.0596788,19.87,10.129,201.27,50.39,219.99,0.954,0.959,50.02,OK
1761724896.1613402,19.845,9.971,197.87,50.39,220.11,0.937,0.959,50.02,OK
1761724896.2633216,19.881,10.109,200.98,50.39,220.38,0.934,0.977,50.03,OK
1761724896.3655336,19.839,10.13,200.96,50.39,219.88,0.96,0.952,49.99,OK
1761724896.4674335,19.852,10.012,198.76,50.39,219.89,0.935,0.966,50.04,OK
1761724896.5696356,19.804,9.991,197.87,50.39,220.32,0.937,0.959,50.01,OK
1761724896.671331,19.806,9.95,197.07,50.39,219.97,0.971,0.922,50.0,OK
1761724896.7967017,19.819,9.915,196.51,50.39,219.73,0.969,0.923,50.02,OK
1761724896.9090247,19.841,9.969,197.8,50.39,219.74,0.925,0.973,49.95,OK
1761724897.024171,19.805,9.937,196.8,50.39,219.69,0.972,0.922,49.99,OK
1761724897.1656208,19.813,9.906,196.27,50.39,219.61,0.956,0.935,49.98,OK
1761724897.279395,19.857,10.024,199.04,50.39,220.38,0.952,0.948,50.03,OK
1761724897.3818686,19.876,10.039,199.54,50.39,219.95,0.96,0.945,50.0,OK
1761724897.4855442,19.82,10.068,199.54,50.39,219.91,0.947,0.958,50.03,OK
1761724897.5874639,19.884,9.852,195.89,50.39,219.63,0.954,0.935,49.96,OK
1761724897.6960745,19.847,10.013,198.72,50.39,220.24,0.932,0.968,50.03,OK
1761724897.7979317,19.843,9.932,197.09,50.39,219.78,0.925,0.969,49.98,OK
1761724897.900613,19.794,9.914,196.24,50.39,219.65,0.955,0.936,50.02,OK
1761724898.0019748,19.822,10.044,199.1,50.39,219.66,0.949,0.955,50.01,OK
1761724898.103646,19.794,10.035,198.63,50.39,220.15,0.96,0.94,49.97,OK
1761724898.2191534,19.882,9.888,196.59,50.39,220.17,0.962,0.929,49.98,OK
1761724898.3229458,19.807,9.915,196.39,50.39,220.23,0.956,0.932,49.96,OK
1761724898.428465,19.835,9.865,195.67,50.39,219.84,0.962,0.925,50.03,OK
1761724898.56909,19.823,9.872,195.68,50.39,219.96,0.967,0.92,49.99,OK
1761724898.6819587,19.884,9.835,195.56,50.39,219.77,0.914,0.974,49.98,OK
1761724898.7898111,19.829,9.893,196.17,50.39,220.13,0.967,0.922,50.01,OK
1761724898.891884,19.856,9.882,196.22,50.39,220.09,0.952,0.936,50.04,OK
1761724899.0490904,19.817,9.899,196.17,50.39,219.68,0.952,0.938,49.98,OK
1761724899.1614106,19.833,9.828,194.92,50.39,220.38,0.915,0.967,50.04,OK
1761724899.2671487,19.85,9.793,194.4,50.39,220.12,0.938,0.941,50.01,OK
1761724899.3689072,19.857,9.911,196.81,50.39,219.92,0.943,0.949,50.0,OK
1761724899.4705741,19.873,9.771,194.18,50.39,219.77,0.957,0.923,50.01,OK
1761724899.572348,19.854,9.918,196.9,50.39,219.65,0.973,0.922,50.03,OK
1761724899.6741211,19.825,9.798,194.25,50.39,219.61,0.916,0.966,50.02,OK
1761724899.7755144,19.829,9.943,197.16,50.39,220.22,0.937,0.955,49.97,OK
1761724899.8767767,19.797,10.001,197.98,50.39,220.36,0.931,0.965,50.03,OK
1761724899.9779801,19.822,9.93,196.83,50.39,219.73,0.923,0.971,50.01,OK
1761724900.079137,19.868,9.825,195.2,50.39,219.63,0.936,0.95,50.03,OK
1761724900.1805885,19.8,9.816,194.37,50.39,220.35,0.949,0.929,50.0,OK
1761724900.2819247,19.827,9.806,194.42,50.39,219.68,0.925,0.957,49.95,OK
1761724900.3965724,19.851,9.786,194.26,50.39,219.67,0.935,0.946,50.04,OK
1761724900.5106747,19.821,9.978,197.76,50.39,219.84,0.972,0.926,50.0,OK
1761724900.6370213,19.864,9.945,197.54,50.39,219.96,0.933,0.962,50.01,OK
1761724900.7547374,19.807,9.977,197.61,50.39,220.01,0.92,0.976,49.98,OK
1761724900.8563354,19.864,9.869,196.05,50.39,220.3,0.921,0.967,49.95,OK
1761724900.9780293,19.889,9.805,195.01,50.39,220.4,0.952,0.929,50.02,OK
1761724901.0848827,19.835,9.981,197.97,50.39,220.3,0.94,0.956,49.99,OK
1761724901.1943605,19.836,9.977,197.9,50.39,220.05,0.953,0.944,49.96,OK
1761724901.3127656,19.825,9.812,194.51,50.39,219.77,0.934,0.948,50.04,OK
1761724901.4493282,19.821,9.847,195.18,50.39,219.75,0.964,0.922,49.99,OK
1761724901.55824,19.846,9.925,196.98,50.39,219.7,0.921,0.974,50.02,OK
1761724901.669303,19.852,9.961,197.75,50.39,219.7,0.975,0.924,50.03,OK
1761724901.7715678,19.856,9.847,195.52,50.39,219.92,0.966,0.92,50.02,OK
1761724901.8734462,19.803,9.954,197.12,50.39,219.99,0.973,0.921,50.04,OK
1761724901.975401,19.883,9.978,198.39,50.39,220.37,0.933,0.965,50.01,OK
1761724902.0774107,19.865,9.879,196.24,50.39,219.96,0.948,0.941,50.04,OK
1761724902.1792436,19.865,9.902,196.69,50.39,220.38,0.917,0.973,49.96,OK
1761724902.2824912,19.868,9.911,196.91,50.39,220.05,0.917,0.976,50.03,OK
1761724902.3851671,19.812,9.923,196.6,50.39,220.26,0.923,0.967,50.01,OK
1761724902.4871998,19.845,9.938,197.22,50.39,219.7,0.922,0.973,50.05,OK
1761724902.588302,19.831,9.879,195.91,50.39,220.23,0.924,0.963,49.97,OK
1761724902.6900473,19.815,9.937,196.9,50.39,220.14,0.947,0.945,49.97,OK
1761724902.7920399,19.877,9.995,198.67,50.39,219.89,0.974,0.927,49.96,OK
1761724902.8943233,19.8,9.876,195.55,50.39,220.26,0.92,0.965,50.04,OK
1761724902.996327,19.856,9.859,195.77,50.39,219.9,0.912,0.976,50.02,OK
1761724903.0984075,19.867,9.962,197.91,50.39,220.25,0.947,0.949,49.99,OK
1761724903.2005951,19.853,10.046,199.44,50.39,219.68,0.954,0.952,49.98,OK
1761724903.302372,19.869,10.04,199.49,50.39,219.62,0.981,0.926,50.0,OK
1761724903.4370546,19.887,9.935,197.57,50.39,220.07,0.92,0.976,50.04,OK
1761724903.5632591,19.853,9.988,198.29,50.39,220.0,0.938,0.961,50.01,OK
1761724903.682671,19.839,9.984,198.07,50.39,220.07,0.969,0.929,49.97,OK
1761724903.7857478,19.83,9.978,197.86,50.39,220.36,0.971,0.925,50.03,OK
1761724903.9076114,19.817,9.991,197.99,50.39,219.83,0.934,0.964,49.98,OK
1761724904.019654,19.805,10.046,198.96,50.39,220.25,0.963,0.938,50.02,OK
1761724904.1260068,19.818,10.128,200.72,50.39,220.02,0.96,0.951,49.99,OK
1761724904.24066,19.814,10.042,198.96,50.39,220.27,0.977,0.925,50.02,OK
1761724904.3685749,19.875,9.983,198.4,50.39,219.71,0.973,0.928,49.97,OK
1761724904.4792142,19.884,10.04,199.63,50.39,219.78,0.944,0.962,50.0,OK
1761724904.5825064,19.871,10.112,200.94,50.39,220.25,0.962,0.948,49.95,OK
1761724904.6837213,19.831,10.102,200.34,50.39,219.93,0.953,0.956,50.04,OK
1761724904.7856333,19.847,10.139,201.22,50.39,220.35,0.985,0.927,50.04,OK
1761724904.8869693,19.882,10.036,199.54,50.39,220.18,0.975,0.929,50.0,OK
1761724904.9881625,19.83,10.097,200.23,50.39,219.65,0.961,0.948,50.02,OK
1761724905.0896819,19.825,10.17,201.62,50.39,220.18,0.96,0.954,50.03,OK
1761724905.1920495,19.815,10.095,200.03,50.39,220.2,0.987,0.92,49.96,OK
1761724905.2938628,19.876,10.119,201.13,50.39,220.24,0.97,0.941,50.04,OK
1761724905.3967214,19.85,10.187,202.21,50.39,219.71,0.982,0.937,49.98,OK
1761724905.4986866,19.834,10.095,200.23,50.39,220.0,0.938,0.971,50.04,OK
1761724905.6001787,19.801,10.049,198.98,50.39,220.31,0.978,0.924,50.01,OK
1761724905.7015433,19.862,10.212,202.84,50.39,220.25,0.952,0.968,50.02,OK
1761724905.8030398,19.8,10.079,199.56,50.39,220.17,0.943,0.961,49.97,OK
1761724905.9049006,19.824,10.133,200.87,50.39,220.38,0.989,0.922,49.97,OK
1761724906.0069194,19.876,10.164,202.02,50.39,220.25,0.945,0.97,50.05,OK
1761724906.108392,19.888,10.163,202.12,50.39,220.15,0.99,0.928,49.95,OK
1761724906.2129529,19.805,10.196,201.93,50.39,220.04,0.942,0.974,50.03,OK
1761724906.3187978,19.8,10.217,202.29,50.39,220.12,0.953,0.964,49.99,OK
1761724906.426458,19.882,10.066,200.13,50.39,219.88,0.974,0.935,49.97,OK
1761724906.5403185,19.854,10.201,202.52,50.39,219.73,0.985,0.935,50.02,OK
1761724906.6988645,19.792,10.166,201.21,50.39,219.94,0.982,0.932,49.95,OK
1761724906.8080826,19.877,10.134,201.44,50.39,219.92,0.982,0.933,50.0,OK
1761724906.9092712,19.828,10.301,204.26,50.39,219.93,0.948,0.98,50.03,OK
1761724907.0105798,19.871,10.203,202.75,50.39,219.78,0.979,0.942,50.03,OK
1761724907.1393855,19.869,10.262,203.9,50.39,219.68,0.965,0.962,49.97,OK
1761724907.2436004,19.851,10.118,200.85,50.39,220.3,0.967,0.943,49.97,OK
1761724907.3720443,19.797,10.15,200.95,50.39,219.68,0.989,0.925,50.02,OK
1761724907.549392,19.869,10.16,201.87,50.39,219.94,0.978,0.938,50.05,OK
1761724907.7628708,19.799,10.295,203.83,50.39,220.32,0.972,0.952,50.03,OK
1761724907.8795469,19.832,10.337,205.0,50.39,219.62,0.997,0.936,49.95,OK
1761724907.993189,19.818,10.205,202.25,50.39,220.19,0.957,0.96,49.96,OK
1761724908.181585,19.863,10.238,203.36,50.39,220.17,0.971,0.952,50.01,OK
1761724908.2831717,19.816,10.207,202.26,50.39,220.07,0.983,0.935,50.02,OK
1761724908.3846443,19.878,10.235,203.44,50.39,219.73,1.001,0.925,49.97,OK
1761724908.4875417,19.808,10.268,203.39,50.39,220.0,0.976,0.948,50.04,OK
1761724908.6091993,19.87,10.25,203.67,50.39,220.18,0.987,0.937,49.97,OK
1761724908.811836,19.859,10.261,203.77,50.39,219.69,0.952,0.974,50.05,OK
1761724908.9415581,19.83,10.252,203.3,50.39,220.25,0.984,0.939,50.02,OK
1761724909.043374,19.834,10.2,202.31,50.39,219.97,0.964,0.954,49.98,OK
1761724909.146786,19.857,10.201,202.56,50.39,220.21,0.959,0.96,49.96,OK
1761724909.2535021,19.805,10.205,202.1,50.39,219.71,0.943,0.975,49.99,OK
1761724909.355232,19.83,10.302,204.28,50.39,219.73,0.975,0.954,50.01,OK
1761724909.456764,19.867,10.294,204.51,50.39,220.15,0.996,0.933,49.98,OK
1761724909.5578947,19.821,10.299,204.14,50.39,220.19,0.946,0.98,50.03,OK
1761724909.6591249,19.855,10.278,204.06,50.39,220.14,0.986,0.94,50.0,OK
1761724909.7609212,19.805,10.24,202.8,50.39,219.82,0.974,0.947,49.99,OK
1761724909.8627322,19.884,10.203,202.87,50.39,220.26,0.994,0.926,50.01,OK
1761724909.9643745,19.794,10.326,204.38,50.39,219.7,1.001,0.929,50.02,OK
1761724910.0656126,19.814,10.319,204.45,50.39,220.36,0.952,0.975,50.02,OK
1761724910.1679323,19.812,10.35,205.06,50.39,219.74,1.001,0.932,49.95,OK
1761724910.2694657,19.855,10.327,205.05,50.39,219.96,0.968,0.963,50.04,OK
1761724910.3707113,19.812,10.238,202.84,50.39,219.6,0.99,0.933,49.97,OK
1761724910.4737887,19.864,10.305,204.7,50.39,219.83,0.993,0.938,49.99,OK
1761724910.5757902,19.83,10.191,202.1,50.39,220.28,0.954,0.962,49.96,OK
1761724910.6777575,19.827,10.347,205.16,50.39,220.06,0.99,0.942,49.96,OK
1761724910.7808535,19.876,10.282,204.36,50.39,219.86,0.979,0.95,50.02,OK
1761724910.8819458,19.886,10.321,205.24,50.39,219.62,0.998,0.936,50.05,OK
1761724910.9829595,19.869,10.276,204.18,50.39,220.38,0.952,0.973,50.03,OK
1761724911.085646,19.884,10.22,203.21,50.39,220.36,0.978,0.943,49.99,OK
1761724911.1876292,19.811,10.268,203.41,50.39,220.1,0.959,0.963,50.05,OK
1761724911.28913,19.808,10.36,205.22,50.39,220.04,1.01,0.924,50.0,OK
1761724911.392004,19.804,10.36,205.17,50.39,220.19,0.993,0.938,50.0,OK
1761724911.494201,19.81,10.197,202.0,50.39,219.83,0.978,0.939,49.98,OK
1761724911.5983362,19.879,10.251,203.79,50.39,220.15,0.98,0.945,49.96,OK
1761724911.700548,19.878,10.136,201.48,50.39,220.13,0.943,0.97,49.99,OK
1761724911.8024147,19.794,10.304,203.95,50.39,219.66,0.978,0.949,49.98,OK
1761724911.9040658,19.853,10.169,201.89,50.39,219.83,0.965,0.952,49.95,OK
1761724912.0056868,19.828,10.287,203.97,50.39,219.77,0.996,0.932,50.02,OK
1761724912.1075954,19.801,10.22,202.36,50.39,220.1,0.991,0.928,49.95,OK
1761724912.2101486,19.849,10.205,202.56,50.39,220.36,0.955,0.962,49.99,OK
1761724912.3124726,19.89,10.154,201.95,50.39,219.65,0.968,0.949,49.98,OK
1761724912.416613,19.8,10.13,200.57,50.39,219.99,0.976,0.934,50.02,OK
1761724912.517995,19.887,10.263,204.09,50.39,220.38,0.977,0.948,49.97,OK
1761724912.6197438,19.806,10.296,203.91,50.39,219.65,0.989,0.939,49.99,OK
1761724912.7211375,19.872,10.21,202.9,50.39,220.32,0.983,0.937,49.97,OK
1761724912.822558,19.793,10.233,202.55,50.39,220.16,0.958,0.96,50.0,OK
1761724912.924657,19.868,10.124,201.14,50.39,219.62,0.979,0.936,49.96,OK
1761724913.026589,19.882,10.19,202.61,50.39,219.72,0.989,0.932,50.04,OK
1761724913.1282582,19.794,10.253,202.95,50.39,219.9,0.952,0.969,50.01,OK
1761724913.2306914,19.798,10.135,200.66,50.39,219.65,0.962,0.949,50.03,OK
1761724913.332515,19.842,10.231,203.0,50.39,219.76,0.964,0.958,50.01,OK
1761724913.4348545,19.846,10.107,200.59,50.39,219.72,0.979,0.933,50.02,OK
1761724913.5371659,19.847,10.054,199.55,50.39,220.12,0.973,0.932,50.03,OK
1761724913.6397572,19.855,10.153,201.59,50.39,219.62,0.986,0.931,50.05,OK
1761724913.741391,19.8,10.185,201.66,50.39,219.91,0.997,0.92,50.03,OK
1761724913.84264,19.887,10.187,202.6,50.39,220.2,0.998,0.922,49.99,OK
1761724913.9438934,19.813,10.123,200.56,50.39,219.95,0.958,0.952,49.96,OK
1761724914.0463278,19.796,10.206,202.04,50.39,219.77,0.989,0.929,50.02,OK
1761724914.1485283,19.882,10.086,200.53,50.39,220.29,0.986,0.923,49.95,OK
1761724914.2497315,19.823,10.146,201.12,50.39,220.15,0.946,0.966,50.01,OK
1761724914.3512192,19.811,10.169,201.46,50.39,219.99,0.95,0.964,50.05,OK
1761724914.4526453,19.886,10.048,199.82,50.39,220.01,0.983,0.924,49.98,OK
1761724914.5540323,19.857,10.12,200.96,50.39,219.61,0.966,0.948,50.04,OK
1761724914.6554577,19.821,9.997,198.16,50.39,219.71,0.94,0.96,49.99,OK
1761724914.7572646,19.846,10.065,199.74,50.39,219.62,0.939,0.969,50.02,OK
1761724914.8587556,19.869,10.128,201.22,50.39,220.19,0.94,0.972,50.03,OK
1761724914.960193,19.833,10.119,200.68,50.39,220.23,0.958,0.951,50.0,OK
1761724915.0616355,19.819,10.107,200.32,50.39,220.01,0.938,0.971,49.99,OK
1761724915.1660826,19.825,10.023,198.7,50.39,220.23,0.93,0.971,50.04,OK
1761724915.2674727,19.854,10.04,199.33,50.39,219.74,0.942,0.963,49.95,OK
1761724915.3691137,19.808,10.005,198.18,50.39,220.06,0.927,0.972,49.99,OK
1761724915.471021,19.854,9.988,198.3,50.39,220.05,0.924,0.976,49.97,OK
1761724915.572367,19.871,9.913,196.98,50.39,219.93,0.971,0.922,49.95,OK
1761724915.6740544,19.815,10.092,199.99,50.39,219.85,0.966,0.942,50.03,OK
1761724915.7758462,19.867,9.919,197.05,50.39,219.9,0.969,0.925,49.95,OK
1761724915.8775895,19.799,10.053,199.03,50.39,220.3,0.948,0.953,50.03,OK
1761724915.979066,19.871,9.871,196.14,50.39,219.9,0.951,0.938,50.01,OK
1761724916.0874007,19.817,10.084,199.82,50.39,220.24,0.94,0.965,50.04,OK
1761724916.1892223,19.872,9.872,196.18,50.39,219.7,0.949,0.941,50.01,OK
1761724916.2915466,19.879,9.988,198.55,50.39,220.37,0.928,0.97,49.97,OK
1761724916.393483,19.885,9.844,195.75,50.39,220.09,0.949,0.937,50.0,OK
1761724916.4963667,19.882,9.926,197.35,50.39,220.03,0.944,0.95,50.04,OK
1761724916.5984018,19.797,9.881,195.61,50.39,219.78,0.923,0.964,49.97,OK
1761724916.7002254,19.859,9.956,197.72,50.39,219.78,0.933,0.964,50.01,OK
1761724916.8021488,19.826,10.007,198.4,50.39,219.78,0.952,0.948,49.98,OK
1761724916.9036417,19.805,9.996,197.96,50.39,219.99,0.94,0.957,50.03,OK
1761724917.0055869,19.857,9.872,196.02,50.39,220.18,0.921,0.966,50.02,OK
1761724917.107552,19.874,9.953,197.8,50.39,219.77,0.933,0.964,50.0,OK
1761724917.2096498,19.801,10.028,198.57,50.39,219.83,0.937,0.964,49.99,OK
1761724917.3428512,19.839,9.835,195.12,50.39,220.39,0.919,0.964,50.02,OK
1761724917.584816,19.843,9.99,198.23,50.39,219.8,0.945,0.954,49.98,OK
1761724917.687108,19.842,9.843,195.31,50.39,220.28,0.907,0.978,49.98,OK
1761724917.788624,19.828,9.955,197.4,50.39,220.38,0.917,0.977,50.05,OK
1761724917.8900769,19.824,9.823,194.74,50.39,220.21,0.91,0.972,49.98,OK
1761724917.9930496,19.87,9.795,194.62,50.39,219.8,0.941,0.941,50.04,OK
1761724918.0945928,19.853,9.793,194.41,50.39,219.81,0.922,0.959,50.01,OK
1761724918.196091,19.846,9.89,196.28,50.39,219.97,0.966,0.924,49.98,OK
1761724918.2978475,19.866,9.902,196.72,50.39,220.05,0.937,0.954,50.04,OK
1761724918.3995857,19.863,9.936,197.36,50.39,220.09,0.927,0.968,50.03,OK
1761724918.5011325,19.805,9.992,197.89,50.39,220.13,0.972,0.925,50.04,OK
1761724918.6027472,19.83,9.867,195.66,50.39,220.04,0.951,0.935,50.04,OK
1761724918.7044861,19.818,9.804,194.29,50.39,219.71,0.902,0.98,49.99,OK
1761724918.8066661,19.883,9.895,196.74,50.39,220.06,0.93,0.962,49.97,OK
1761724918.9134529,19.858,9.963,197.85,50.39,220.0,0.964,0.933,49.99,OK
1761724919.0198512,19.873,9.854,195.83,50.39,220.22,0.92,0.967,50.0,OK
1761724919.1213384,19.822,9.897,196.17,50.39,220.0,0.945,0.943,49.97,OK
1761724919.2226353,19.876,9.812,195.03,50.39,220.02,0.914,0.97,49.96,OK
1761724919.3240569,19.831,9.939,197.09,50.39,219.77,0.931,0.964,49.97,OK
1761724919.4254308,19.846,9.868,195.84,50.39,220.06,0.946,0.941,49.99,OK
1761724919.5278835,19.837,9.963,197.63,50.39,219.86,0.964,0.933,49.96,OK
1761724919.6295722,19.846,9.946,197.4,50.39,220.36,0.931,0.963,50.04,OK
1761724919.73111,19.84,9.916,196.73,50.39,219.72,0.915,0.978,49.96,OK
1761724919.832843,19.867,9.814,194.97,50.39,220.19,0.934,0.948,50.0,OK
1761724919.9344726,19.861,9.829,195.2,50.39,220.34,0.95,0.932,49.98,OK
1761724920.03596,19.791,9.954,196.99,50.39,220.36,0.953,0.938,49.95,OK
1761724920.139833,19.832,9.836,195.06,50.39,219.83,0.932,0.952,50.01,OK
1761724920.241179,19.865,9.914,196.95,50.39,220.07,0.923,0.969,49.96,OK
1761724920.3425698,19.837,9.949,197.35,50.39,219.66,0.971,0.925,49.99,OK
1761724920.4438007,19.808,9.933,196.76,50.39,220.2,0.947,0.944,50.0,OK
1761724920.54579,19.87,9.795,194.62,50.39,219.89,0.933,0.948,49.98,OK
1761724920.6472673,19.814,9.848,195.12,50.39,219.76,0.928,0.957,49.99,OK
1761724920.7484841,19.794,9.857,195.1,50.39,219.93,0.961,0.923,50.0,OK
1761724920.849658,19.838,9.965,197.69,50.39,219.62,0.958,0.939,50.03,OK
1761724920.9507723,19.847,9.907,196.63,50.39,219.87,0.972,0.92,50.01,OK
1761724921.0523617,19.879,9.803,194.88,50.39,219.67,0.912,0.972,49.95,OK
1761724921.154694,19.85,10.011,198.72,50.39,220.28,0.93,0.97,49.99,OK
1761724921.256802,19.86,9.891,196.44,50.39,220.03,0.947,0.942,49.99,OK
1761724921.3581812,19.809,10.031,198.7,50.39,220.29,0.93,0.97,50.04,OK
1761724921.4595602,19.844,10.02,198.83,50.39,219.74,0.952,0.951,50.02,OK
1761724921.561154,19.814,9.88,195.75,50.39,219.78,0.935,0.953,50.02,OK
1761724921.6629837,19.824,9.933,196.91,50.39,219.91,0.926,0.967,49.98,OK
1761724921.7640996,19.863,10.011,198.85,50.39,220.06,0.975,0.926,50.0,OK
1761724921.8654926,19.842,10.021,198.84,50.39,219.68,0.951,0.952,49.98,OK
1761724921.9670422,19.872,9.982,198.35,50.39,220.09,0.957,0.942,49.96,OK
1761724922.0692196,19.858,10.056,199.7,50.39,219.71,0.935,0.972,50.01,OK
1761724922.1704838,19.84,9.993,198.27,50.39,220.27,0.924,0.974,49.97,OK
1761724922.2725885,19.889,9.98,198.48,50.39,220.34,0.946,0.952,50.02,OK
1761724922.3739932,19.809,9.988,197.87,50.39,220.05,0.938,0.959,50.02,OK
1761724922.475405,19.874,9.978,198.29,50.39,219.67,0.955,0.945,50.05,OK
1761724922.5770926,19.856,10.044,199.44,50.39,219.74,0.937,0.969,49.97,OK
1761724922.6801934,19.839,10.08,199.98,50.39,220.05,0.953,0.954,49.98,OK
1761724922.7817092,19.829,9.945,197.19,50.39,220.4,0.931,0.961,50.01,OK
1761724922.882886,19.802,9.937,196.76,50.39,219.61,0.921,0.972,50.03,OK
1761724922.9842145,19.889,9.945,197.79,50.39,219.92,0.974,0.924,49.96,OK
1761724923.085698,19.844,9.934,197.13,50.39,219.9,0.916,0.978,50.03,OK
1761724923.1871262,19.884,10.026,199.36,50.39,220.37,0.934,0.969,50.03,OK
1761724923.3054242,19.856,10.101,200.57,50.39,219.91,0.969,0.941,50.04,OK
1761724923.4080484,19.836,10.01,198.57,50.39,220.27,0.924,0.975,49.98,OK
1761724923.5092835,19.873,10.018,199.08,50.39,220.3,0.968,0.933,49.97,OK
1761724923.6118858,19.836,9.977,197.91,50.39,220.37,0.949,0.946,50.02,OK
1761724923.7132163,19.84,10.111,200.6,50.39,220.12,0.989,0.922,50.02,OK
1761724923.8144095,19.848,10.112,200.71,50.39,219.71,0.972,0.94,49.99,OK
1761724923.9172997,19.796,10.02,198.35,50.39,219.77,0.954,0.946,50.03,OK
1761724924.0234554,19.851,10.045,199.39,50.39,220.12,0.96,0.944,49.99,OK
1761724924.1255646,19.822,10.07,199.62,50.39,220.12,0.941,0.964,49.98,OK
1761724924.2286806,19.791,10.185,201.57,50.39,220.0,0.995,0.921,49.99,OK
1761724924.3300502,19.8,10.115,200.28,50.39,220.0,0.932,0.977,50.04,OK
1761724924.432045,19.871,10.159,201.88,50.39,220.03,0.974,0.942,49.98,OK
1761724924.5333238,19.833,10.206,202.42,50.39,220.27,0.968,0.95,50.04,OK
1761724924.6345947,19.84,10.06,199.59,50.39,219.87,0.952,0.953,50.03,OK
1761724924.736535,19.855,10.15,201.53,50.39,219.63,0.968,0.948,49.98,OK
1761724924.8379457,19.824,10.247,203.14,50.39,220.36,0.985,0.936,49.98,OK
1761724924.9396667,19.836,10.194,202.2,50.39,219.81,0.995,0.924,50.0,OK
1761724925.0415184,19.861,10.187,202.32,50.39,219.86,0.957,0.961,50.02,OK
1761724925.143153,19.822,10.166,201.51,50.39,220.04,0.985,0.93,50.0,OK
1761724925.2449725,19.818,10.19,201.94,50.39,219.84,0.981,0.936,49.98,OK
1761724925.3463619,19.887,10.072,200.3,50.39,219.86,0.964,0.945,50.05,OK
1761724925.448443,19.82,10.206,202.29,50.39,220.21,0.991,0.927,49.97,OK
1761724925.5500944,19.852,10.237,203.22,50.39,219.97,0.945,0.977,50.02,OK
1761724925.651601,19.875,10.079,200.31,50.39,219.74,0.931,0.979,49.98,OK
1761724925.754094,19.835,10.138,201.09,50.39,220.05,0.99,0.923,50.04,OK
1761724925.8566277,19.842,10.108,200.56,50.39,220.11,0.938,0.972,50.01,OK
1761724925.9582016,19.812,10.268,203.44,50.39,220.17,0.962,0.96,49.98,OK
1761724926.05994,19.877,10.223,203.19,50.39,219.63,0.959,0.965,49.96,OK
1761724926.162208,19.852,10.298,204.45,50.39,219.68,0.952,0.977,50.02,OK
1761724926.2648115,19.838,10.158,201.51,50.39,220.04,0.97,0.944,50.04,OK
1761724926.3668,19.826,10.337,204.94,50.39,220.06,0.974,0.956,50.04,OK
1761724926.4685879,19.858,10.311,204.76,50.39,219.74,0.961,0.969,49.98,OK
1761724926.570418,19.834,10.274,203.78,50.39,220.19,0.991,0.934,50.0,OK
1761724926.67285,19.88,10.23,203.38,50.39,219.85,0.955,0.968,49.95,OK
1761724926.7754717,19.864,10.203,202.66,50.39,220.04,0.999,0.922,50.02,OK
1761724926.8773131,19.834,10.234,202.98,50.39,219.7,0.957,0.966,50.04,OK
1761724926.979229,19.844,10.251,203.43,50.39,220.2,1.001,0.923,49.97,OK
1761724927.0809898,19.814,10.211,202.31,50.39,220.24,0.974,0.944,50.01,OK
1761724927.1824272,19.86,10.184,202.24,50.39,220.37,0.97,0.946,50.0,OK
1761724927.2838802,19.883,10.185,202.51,50.39,220.1,0.994,0.925,49.96,OK
1761724927.3861275,19.865,10.321,205.03,50.39,220.16,1.007,0.925,50.0,OK
1761724927.4889088,19.822,10.295,204.07,50.39,219.92,0.971,0.956,50.02,OK
1761724927.590909,19.803,10.316,204.29,50.39,219.81,0.952,0.976,50.05,OK
1761724927.6926453,19.817,10.325,204.61,50.39,220.08,0.953,0.976,49.97,OK
1761724927.7948706,19.791,10.335,204.55,50.39,220.33,0.959,0.968,50.01,OK
1761724927.8968468,19.886,10.312,205.06,50.39,219.61,0.976,0.957,50.04,OK
1761724927.9989278,19.867,10.166,201.96,50.39,219.68,0.975,0.942,49.98,OK
1761724928.1008482,19.796,10.288,203.66,50.39,220.21,0.948,0.976,49.98,OK
1761724928.2035546,19.796,10.336,204.61,50.39,219.73,0.96,0.97,50.04,OK
1761724928.3051891,19.846,10.293,204.28,50.39,220.26,0.99,0.937,50.0,OK
1761724928.4067473,19.807,10.245,202.91,50.39,219.91,0.977,0.944,49.95,OK
1761724928.5088084,19.867,10.245,203.53,50.39,219.78,0.983,0.942,50.0,OK
1761724928.6106791,19.849,10.213,202.72,50.39,220.16,0.942,0.977,49.97,OK
1761724928.7131622,19.802,10.261,203.19,50.39,220.13,0.976,0.946,49.97,OK
1761724928.8152041,19.874,10.205,202.82,50.39,219.91,0.941,0.98,50.03,OK
1761724928.9167585,19.874,10.295,204.6,50.39,220.1,0.96,0.969,50.05,OK
1761724929.018768,19.82,10.306,204.27,50.39,220.08,0.948,0.979,49.98,OK
1761724929.1212277,19.825,10.348,205.15,50.39,219.82,0.983,0.949,50.03,OK
1761724929.2230687,19.868,10.324,205.13,50.39,220.32,0.959,0.971,50.03,OK
1761724929.3247032,19.884,10.243,203.66,50.39,220.23,0.958,0.966,50.02,OK
1761724929.426172,19.847,10.192,202.27,50.39,220.23,0.97,0.947,50.03,OK
1761724929.5279295,19.793,10.349,204.83,50.39,219.97,0.982,0.949,50.03,OK
1761724929.6305566,19.8,10.377,205.47,50.39,220.36,0.96,0.971,50.04,OK
1761724929.7317061,19.796,10.259,203.08,50.39,220.19,0.986,0.935,50.02,OK
1761724929.8341618,19.872,10.262,203.92,50.39,220.24,0.977,0.948,49.97,OK
1761724929.9366264,19.793,10.273,203.33,50.39,219.92,0.959,0.964,49.96,OK
1761724930.0390515,19.883,10.156,201.93,50.39,219.72,0.953,0.965,50.03,OK
1761724930.1415625,19.889,10.216,203.17,50.39,220.37,0.96,0.961,50.03,OK
1761724930.243548,19.802,10.212,202.22,50.39,220.04,0.952,0.965,49.99,OK
1761724930.345853,19.844,10.147,201.35,50.39,219.9,0.972,0.942,49.99,OK
1761724930.4477713,19.804,10.326,204.51,50.39,219.9,0.959,0.97,50.04,OK
1761724930.5497913,19.831,10.163,201.54,50.39,219.7,0.936,0.98,50.03,OK
1761724930.6513648,19.85,10.236,203.18,50.39,220.09,0.961,0.961,50.01,OK
1761724930.7532735,19.801,10.207,202.1,50.39,220.38,0.939,0.977,49.96,OK
1761724930.8552606,19.852,10.173,201.95,50.39,219.6,0.94,0.978,50.04,OK
1761724930.9571714,19.863,10.285,204.29,50.39,220.35,0.987,0.939,50.04,OK
1761724931.0585225,19.837,10.133,201.01,50.39,220.09,0.936,0.976,50.01,OK
1761724931.1603713,19.881,10.165,202.1,50.39,219.95,0.991,0.927,50.0,OK
1761724931.2622135,19.89,10.127,201.43,50.39,220.0,0.945,0.969,50.0,OK
1761724931.3635647,19.889,10.166,202.2,50.39,219.85,0.945,0.973,49.99,OK
1761724931.4656801,19.855,10.219,202.9,50.39,220.02,0.945,0.976,50.01,OK
1761724931.5676868,19.886,10.15,201.85,50.39,219.73,0.953,0.964,49.96,OK
1761724931.6694975,19.882,10.19,202.61,50.39,219.73,0.973,0.948,50.02,OK
1761724931.7714083,19.862,10.11,200.8,50.39,220.17,0.958,0.952,49.96,OK
1761724931.8736453,19.823,10.152,201.24,50.39,219.75,0.979,0.935,50.0,OK
1761724931.975855,19.834,10.153,201.38,50.39,219.79,0.981,0.934,49.99,OK
1761724932.0783324,19.88,10.209,202.95,50.39,220.14,0.941,0.979,49.95,OK
1761724932.1805806,19.841,10.223,202.83,50.39,219.77,0.946,0.975,49.96,OK
1761724932.2825692,19.834,10.132,200.95,50.39,219.98,0.987,0.926,50.04,OK
1761724932.3841968,19.821,10.19,201.97,50.39,220.06,0.968,0.948,50.04,OK
1761724932.4862661,19.815,10.107,200.28,50.39,219.94,0.966,0.943,49.97,OK
1761724932.588256,19.813,10.2,202.1,50.39,220.0,0.952,0.965,49.99,OK
1761724932.6905084,19.889,10.176,202.4,50.39,220.25,0.96,0.958,49.98,OK
1761724932.7925377,19.853,10.186,202.22,50.39,220.39,0.947,0.969,49.96,OK
1761724932.8938363,19.878,10.102,200.81,50.39,219.73,0.977,0.935,50.0,OK
1761724932.9951744,19.792,10.168,201.24,50.39,219.65,0.978,0.937,50.02,OK
1761724933.0977983,19.792,10.212,202.12,50.39,219.9,0.956,0.961,50.0,OK
1761724933.1992662,19.851,10.176,202.0,50.39,219.75,0.946,0.972,49.97,OK
1761724933.301687,19.848,10.036,199.19,50.39,219.8,0.929,0.975,49.99,OK
1761724933.4035945,19.841,9.978,197.98,50.39,220.38,0.971,0.926,49.96,OK
1761724933.5050445,19.865,10.003,198.71,50.39,220.15,0.94,0.96,49.99,OK
1761724933.6067085,19.79,10.165,201.17,50.39,219.6,0.982,0.933,49.95,OK
1761724933.7081678,19.814,10.124,200.6,50.39,219.79,0.967,0.944,50.05,OK
1761724933.8106852,19.861,9.957,197.76,50.39,220.07,0.923,0.974,50.0,OK
1761724933.912736,19.799,10.029,198.57,50.39,219.68,0.946,0.955,49.99,OK
1761724934.01476,19.818,9.969,197.57,50.39,220.19,0.958,0.937,50.04,OK
1761724934.1173325,19.834,9.953,197.41,50.39,219.92,0.955,0.94,50.01,OK
1761724934.2197888,19.835,9.94,197.16,50.39,219.81,0.928,0.966,50.0,OK
1761724934.3222687,19.809,10.123,200.53,50.39,220.34,0.944,0.964,50.01,OK
1761724934.4240856,19.853,10.082,200.16,50.39,220.34,0.967,0.939,50.01,OK
1761724934.525481,19.809,10.109,200.24,50.39,220.21,0.967,0.941,49.98,OK
1761724934.627108,19.812,10.039,198.9,50.39,220.31,0.979,0.922,49.97,OK
1761724934.7340126,19.826,10.039,199.04,50.39,220.28,0.96,0.941,49.96,OK
1761724934.8354921,19.848,9.89,196.31,50.39,220.2,0.963,0.926,50.01,OK
1761724934.937297,19.817,9.953,197.23,50.39,220.16,0.972,0.922,49.95,OK
1761724935.0389,19.842,9.98,198.02,50.39,219.76,0.972,0.927,49.95,OK
1761724935.1402721,19.849,10.045,199.37,50.39,220.28,0.94,0.963,49.96,OK
1761724935.2416096,19.806,9.958,197.22,50.39,220.14,0.945,0.948,49.97,OK
1761724935.3431182,19.852,9.934,197.21,50.39,219.8,0.96,0.935,49.99,OK
1761724935.4445643,19.824,9.965,197.54,50.39,219.99,0.964,0.932,49.97,OK
1761724935.5488105,19.792,9.991,197.74,50.39,219.87,0.939,0.958,49.98,OK
1761724935.6502872,19.859,9.976,198.12,50.39,220.34,0.966,0.93,49.97,OK
1761724935.752033,19.808,9.88,195.7,50.39,219.99,0.915,0.973,50.04,OK
1761724935.8540356,19.83,9.855,195.41,50.39,220.02,0.937,0.948,50.01,OK
1761724935.9555209,19.796,9.876,195.5,50.39,219.96,0.941,0.944,50.01,OK
1761724936.057227,19.859,9.972,198.02,50.39,219.91,0.92,0.978,49.97,OK
1761724936.158933,19.881,9.984,198.49,50.39,220.38,0.948,0.95,49.96,OK
1761724936.2611082,19.858,9.936,197.3,50.39,220.02,0.928,0.967,50.02,OK
1761724936.3626585,19.844,9.935,197.14,50.39,219.89,0.971,0.923,50.01,OK
1761724936.4639814,19.882,9.96,198.03,50.39,220.34,0.966,0.931,49.95,OK
1761724936.5655563,19.84,9.932,197.05,50.39,219.67,0.939,0.955,49.99,OK
1761724936.669259,19.793,9.934,196.62,50.39,219.69,0.964,0.929,49.97,OK
1761724936.7711115,19.832,9.979,197.91,50.39,219.76,0.951,0.947,49.95,OK
1761724936.8728337,19.855,9.972,198.0,50.39,220.2,0.923,0.974,49.96,OK
1761724936.9746704,19.86,9.847,195.56,50.39,220.16,0.947,0.938,49.97,OK
1761724937.1521926,19.85,9.973,197.96,50.39,220.37,0.952,0.944,50.04,OK
1761724937.2915835,19.817,9.969,197.55,50.39,219.95,0.924,0.972,50.02,OK
1761724937.3971014,19.839,9.833,195.07,50.39,220.13,0.962,0.921,50.02,OK
1761724937.5395195,19.883,9.906,196.96,50.39,220.11,0.926,0.967,49.99,OK
1761724937.646385,19.796,9.916,196.3,50.39,219.75,0.929,0.962,50.01,OK
1761724937.8053513,19.883,9.911,197.07,50.39,219.8,0.941,0.953,50.0,OK
1761724937.9218638,19.823,9.968,197.6,50.39,220.37,0.961,0.933,50.03,OK
1761724938.0236204,19.877,9.888,196.55,50.39,219.83,0.925,0.967,50.01,OK
1761724938.1249528,19.807,9.894,195.97,50.39,220.11,0.913,0.975,50.03,OK
1761724938.226347,19.875,9.951,197.76,50.39,220.38,0.964,0.931,49.97,OK
1761724938.3283823,19.848,9.87,195.9,50.39,219.63,0.959,0.93,49.99,OK
1761724938.4298072,19.838,9.96,197.59,50.39,219.62,0.926,0.972,49.97,OK
1761724938.5315268,19.807,9.819,194.49,50.39,219.88,0.942,0.939,49.99,OK
1761724938.6338868,19.873,9.869,196.11,50.39,219.67,0.957,0.933,50.03,OK
1761724938.7351038,19.884,9.784,194.55,50.39,219.99,0.961,0.921,49.95,OK
1761724938.836156,19.812,9.842,195.0,50.39,219.94,0.942,0.941,50.03,OK
1761724938.9376473,19.851,9.89,196.34,50.39,219.94,0.918,0.972,50.03,OK
1761724939.0391524,19.875,9.848,195.72,50.39,219.97,0.961,0.926,49.99,OK
1761724939.1408777,19.799,9.996,197.91,50.39,220.33,0.947,0.949,50.0,OK
1761724939.242349,19.858,9.901,196.61,50.39,220.2,0.964,0.927,49.99,OK
1761724939.3435304,19.875,9.814,195.06,50.39,220.06,0.953,0.93,50.03,OK
1761724939.4453607,19.819,10.012,198.44,50.39,220.4,0.963,0.935,50.05,OK
1761724939.546731,19.801,9.888,195.79,50.39,219.79,0.944,0.944,50.04,OK
1761724939.6487448,19.856,10.0,198.55,50.39,220.19,0.957,0.942,50.01,OK
1761724939.7509031,19.867,9.915,196.97,50.39,220.22,0.928,0.963,49.96,OK
1761724939.852032,19.812,10.009,198.31,50.39,220.25,0.937,0.961,50.0,OK
1761724939.9558027,19.875,9.974,198.23,50.39,220.11,0.949,0.949,50.03,OK
1761724940.0573182,19.829,9.978,197.85,50.39,220.27,0.92,0.976,50.0,OK
1761724940.1591291,19.879,9.823,195.27,50.39,219.9,0.907,0.979,50.04,OK
1761724940.2608619,19.846,9.891,196.29,50.39,220.11,0.949,0.94,49.96,OK
1761724940.3641136,19.801,9.902,196.08,50.39,219.7,0.941,0.949,50.0,OK
1761724940.465918,19.849,9.993,198.35,50.39,219.63,0.954,0.947,49.97,OK
1761724940.5672493,19.88,9.977,198.33,50.39,219.64,0.978,0.923,50.04,OK
1761724940.6689622,19.827,9.901,196.31,50.39,220.11,0.936,0.952,50.03,OK
1761724940.77095,19.823,9.928,196.8,50.39,220.29,0.913,0.978,50.01,OK
1761724940.8724642,19.846,10.053,199.51,50.39,219.62,0.944,0.963,49.97,OK
1761724940.9739678,19.843,10.031,199.05,50.39,219.62,0.97,0.934,50.02,OK
1761724941.0754817,19.874,9.88,196.35,50.39,219.72,0.924,0.967,49.96,OK
1761724941.1771338,19.861,9.933,197.28,50.39,220.38,0.935,0.957,50.0,OK
1761724941.280314,19.835,10.006,198.47,50.39,219.96,0.931,0.97,49.99,OK
1761724941.3820493,19.873,10.049,199.71,50.39,219.94,0.928,0.978,50.05,OK
1761724941.4840164,19.848,10.05,199.47,50.39,219.97,0.966,0.938,50.05,OK
1761724941.586219,19.858,9.98,198.18,50.39,220.19,0.938,0.96,49.96,OK
1761724941.6888077,19.817,10.092,199.99,50.39,219.6,0.931,0.978,49.95,OK
1761724941.792866,19.879,10.067,200.13,50.39,220.25,0.93,0.977,50.0,OK
1761724941.895255,19.847,10.07,199.87,50.39,220.17,0.959,0.947,50.04,OK
1761724941.9973664,19.818,10.003,198.24,50.39,220.29,0.931,0.966,50.0,OK
1761724942.0990264,19.847,9.978,198.03,50.39,219.84,0.967,0.931,50.01,OK
1761724942.2006943,19.816,9.978,197.72,50.39,220.12,0.972,0.924,49.97,OK
1761724942.3030868,19.827,10.142,201.09,50.39,220.08,0.989,0.924,50.04,OK
1761724942.4046974,19.811,10.006,198.23,50.39,219.69,0.949,0.951,49.96,OK
1761724942.5064688,19.863,10.088,200.38,50.39,219.89,0.952,0.957,49.99,OK
1761724942.6084511,19.878,9.978,198.33,50.39,220.07,0.943,0.955,50.03,OK
1761724942.710184,19.85,10.145,201.38,50.39,220.31,0.934,0.978,49.96,OK
1761724942.814473,19.841,10.074,199.87,50.39,219.77,0.947,0.961,49.99,OK
1761724942.9159575,19.872,10.112,200.94,50.39,219.77,0.962,0.951,49.99,OK
1761724943.0175033,19.804,10.101,200.04,50.39,220.22,0.97,0.937,50.04,OK
1761724943.1189501,19.791,10.068,199.26,50.39,219.9,0.926,0.978,49.96,OK
1761724943.2209938,19.862,10.166,201.91,50.39,220.27,0.979,0.937,50.01,OK
1761724943.3230667,19.849,10.188,202.22,50.39,219.77,0.954,0.965,49.97,OK
1761724943.424472,19.852,10.198,202.45,50.39,220.36,0.957,0.96,49.97,OK
1761724943.5259507,19.868,10.167,202.0,50.39,220.28,0.963,0.952,50.02,OK
1761724943.6277606,19.843,10.121,200.83,50.39,220.16,0.935,0.976,49.99,OK
1761724943.7296653,19.793,10.26,203.08,50.39,220.12,1.0,0.923,49.95,OK
1761724943.8312302,19.861,10.184,202.26,50.39,220.2,0.986,0.931,49.95,OK
1761724943.932904,19.801,10.249,202.95,50.39,220.38,0.956,0.963,50.03,OK
1761724944.0347023,19.825,10.137,200.97,50.39,220.34,0.973,0.937,49.97,OK
1761724944.1365337,19.823,10.231,202.81,50.39,219.77,0.951,0.971,50.01,OK
1761724944.2379284,19.84,10.131,201.01,50.39,219.76,0.972,0.941,50.03,OK
1761724944.3404107,19.844,10.213,202.66,50.39,219.6,0.978,0.943,49.98,OK
1761724944.44268,19.824,10.134,200.9,50.39,220.14,0.962,0.948,49.98,OK
1761724944.5440485,19.862,10.151,201.63,50.39,220.16,0.974,0.94,49.97,OK
1761724944.6460927,19.834,10.282,203.92,50.39,220.2,0.999,0.927,50.03,OK
1761724944.7477098,19.796,10.154,201.01,50.39,219.83,0.961,0.951,49.96,OK
1761724944.848998,19.88,10.096,200.71,50.39,219.68,0.979,0.933,49.95,OK
1761724944.9509075,19.81,10.203,202.13,50.39,220.37,0.985,0.931,50.01,OK
1761724945.05246,19.862,10.114,200.89,50.39,219.89,0.963,0.948,50.04,OK
1761724945.1538901,19.864,10.163,201.89,50.39,220.26,0.936,0.979,49.98,OK
1761724945.25568,19.86,10.246,203.49,50.39,219.69,0.993,0.933,50.01,OK
1761724945.357428,19.888,10.189,202.64,50.39,220.0,0.959,0.96,49.97,OK
1761724945.4596283,19.885,10.162,202.07,50.39,219.72,0.965,0.953,50.01,OK
1761724945.5616646,19.816,10.244,202.99,50.39,219.87,0.946,0.976,50.02,OK
1761724945.663127,19.856,10.205,202.63,50.39,220.3,0.997,0.923,50.0,OK
1761724945.76517,19.823,10.238,202.94,50.39,219.69,0.957,0.966,49.98,OK
1761724945.8666577,19.889,10.164,202.15,50.39,220.4,0.938,0.978,50.03,OK
1761724945.9683738,19.814,10.203,202.17,50.39,219.76,0.947,0.971,50.04,OK
1761724946.070206,19.88,10.192,202.61,50.39,219.87,0.956,0.963,50.02,OK
1761724946.2629461,19.88,10.275,204.27,50.39,219.64,0.968,0.96,50.04,OK
1761724946.3662705,19.796,10.326,204.41,50.39,219.62,0.956,0.974,49.98,OK
1761724946.4971979,19.835,10.241,203.13,50.39,219.86,0.958,0.964,49.97,OK
1761724946.6130655,19.814,10.24,202.9,50.39,219.98,0.962,0.959,49.95,OK
1761724946.717688,19.884,10.188,202.57,50.39,220.06,0.981,0.939,49.98,OK
1761724946.8291306,19.827,10.33,204.82,50.39,219.67,0.994,0.938,49.97,OK
1761724946.9405847,19.845,10.333,205.07,50.39,219.76,0.98,0.952,50.02,OK
1761724947.04397,19.848,10.299,204.41,50.39,220.09,0.989,0.939,50.03,OK
1761724947.1464052,19.864,10.281,204.23,50.39,220.28,0.951,0.975,50.0,OK
1761724947.2485096,19.824,10.312,204.42,50.39,219.97,0.951,0.977,50.04,OK
1761724947.3501482,19.79,10.27,203.25,50.39,219.93,0.979,0.944,49.97,OK
1761724947.451936,19.813,10.375,205.57,50.39,220.2,0.982,0.951,50.03,OK
1761724947.5535734,19.854,10.31,204.7,50.39,219.8,0.988,0.942,50.05,OK
1761724947.6552932,19.858,10.227,203.08,50.39,219.67,0.995,0.93,50.02,OK
1761724947.7576213,19.886,10.214,203.12,50.39,219.7,0.965,0.958,50.02,OK
1761724947.8597162,19.868,10.337,205.37,50.39,219.78,0.973,0.961,50.02,OK
1761724947.961674,19.859,10.237,203.3,50.39,219.94,1.004,0.921,49.96,OK
1761724948.0639508,19.877,10.217,203.08,50.39,219.79,0.944,0.978,49.99,OK
1761724948.1659286,19.855,10.358,205.67,50.39,219.88,0.96,0.975,49.99,OK
1761724948.267664,19.822,10.379,205.74,50.39,220.34,0.967,0.965,49.98,OK
1761724948.3697996,19.808,10.314,204.3,50.39,219.69,0.963,0.966,50.03,OK
1761724948.4714673,19.874,10.274,204.19,50.39,220.24,0.995,0.931,49.96,OK
1761724948.5733235,19.874,10.176,202.25,50.39,220.36,0.961,0.955,50.05,OK
1761724948.675443,19.808,10.261,203.25,50.39,220.04,1.0,0.924,50.0,OK
1761724948.7777357,19.858,10.291,204.37,50.39,219.99,0.977,0.951,49.96,OK
1761724948.879469,19.87,10.24,203.48,50.39,219.99,0.972,0.952,50.03,OK
1761724948.9815521,19.868,10.31,204.83,50.39,220.21,0.955,0.974,50.03,OK
1761724949.0831225,19.879,10.237,203.51,50.39,219.96,0.988,0.937,49.96,OK
1761724949.1851306,19.844,10.186,202.13,50.39,219.98,0.967,0.95,50.02,OK
1761724949.2879312,19.876,10.208,202.89,50.39,219.74,0.947,0.975,49.96,OK
1761724949.3899167,19.861,10.146,201.51,50.39,220.02,0.967,0.947,50.04,OK
1761724949.4916914,19.851,10.266,203.79,50.39,220.25,0.999,0.927,50.05,OK
1761724949.5934281,19.805,10.265,203.31,50.39,220.19,0.965,0.957,50.02,OK
1761724949.6959422,19.85,10.282,204.09,50.39,220.33,0.967,0.958,49.97,OK
1761724949.7974575,19.805,10.284,203.67,50.39,219.96,0.96,0.965,49.98,OK
1761724949.8991551,19.832,10.124,200.78,50.39,219.93,0.964,0.947,49.99,OK
1761724950.000568,19.83,10.19,202.07,50.39,220.27,0.966,0.95,49.97,OK
1761724950.1024349,19.842,10.132,201.03,50.39,220.22,0.991,0.922,49.97,OK
1761724950.204028,19.844,10.219,202.78,50.39,220.13,0.958,0.961,49.95,OK
1761724950.3056521,19.849,10.251,203.47,50.39,219.84,0.984,0.941,49.96,OK
1761724950.4070091,19.832,10.139,201.09,50.39,219.68,0.951,0.963,50.04,OK
1761724950.50862,19.799,10.2,201.94,50.39,220.3,0.96,0.954,49.98,OK
1761724950.6103706,19.79,10.168,201.23,50.39,219.67,0.976,0.938,49.98,OK
1761724950.7121437,19.847,10.194,202.31,50.39,220.09,0.955,0.963,49.95,OK
1761724950.8140752,19.863,10.201,202.63,50.39,219.65,0.966,0.955,50.01,OK
1761724950.9152093,19.801,10.181,201.6,50.39,220.07,0.983,0.932,49.97,OK
1761724951.0171554,19.835,10.228,202.87,50.39,220.06,0.957,0.964,50.04,OK
1761724951.1196103,19.798,10.263,203.18,50.39,219.8,0.963,0.96,50.02,OK
1761724951.222041,19.814,10.134,200.79,50.39,220.2,0.931,0.98,49.99,OK
1761724951.3248277,19.857,10.16,201.75,50.39,220.03,0.942,0.974,50.04,OK
1761724951.427007,19.837,10.169,201.71,50.39,220.01,0.985,0.931,49.95,OK
1761724951.528577,19.848,10.12,200.86,50.39,219.89,0.962,0.95,49.99,OK
1761724951.6303372,19.805,10.078,199.59,50.39,219.94,0.959,0.946,50.03,OK
1761724951.732028,19.793,10.146,200.81,50.39,220.17,0.932,0.979,50.0,OK
1761724951.8340564,19.875,10.096,200.65,50.39,219.61,0.935,0.977,50.03,OK
1761724951.935574,19.82,10.056,199.31,50.39,219.73,0.941,0.964,49.99,OK
1761724952.0370739,19.854,10.028,199.1,50.39,219.61,0.973,0.931,49.99,OK
1761724952.1395721,19.887,10.08,200.46,50.39,220.36,0.987,0.922,50.04,OK
1761724952.2406697,19.809,10.097,200.02,50.39,220.3,0.967,0.939,50.01,OK
1761724952.3432014,19.823,10.152,201.25,50.39,220.27,0.936,0.976,49.97,OK
1761724952.445625,19.859,10.024,199.07,50.39,219.94,0.978,0.926,49.98,OK
1761724952.548471,19.84,9.984,198.07,50.39,219.76,0.967,0.932,49.98,OK
1761724952.6507678,19.828,10.086,199.99,50.39,220.17,0.954,0.952,49.99,OK
1761724952.7532034,19.852,10.033,199.17,50.39,220.4,0.968,0.933,49.99,OK
1761724952.855198,19.874,9.962,197.98,50.39,219.66,0.958,0.941,50.05,OK
1761724952.956623,19.863,10.033,199.29,50.39,220.05,0.955,0.949,50.04,OK
1761724953.0590403,19.821,10.083,199.86,50.39,220.01,0.967,0.939,50.03,OK
1761724953.1619468,19.867,9.941,197.49,50.39,220.2,0.951,0.943,50.0,OK
1761724953.263536,19.877,9.984,198.45,50.39,219.92,0.94,0.96,49.98,OK
1761724953.3659532,19.863,10.028,199.19,50.39,219.78,0.926,0.979,49.99,OK
1761724953.4681602,19.832,9.915,196.64,50.39,220.16,0.944,0.946,50.02,OK
1761724953.5700498,19.849,9.934,197.18,50.39,219.86,0.941,0.953,49.96,OK
1761724953.672168,19.842,10.076,199.92,50.39,220.14,0.935,0.972,50.05,OK
1761724953.7735426,19.822,10.025,198.73,50.39,220.04,0.968,0.933,50.04,OK
1761724953.8751967,19.862,9.895,196.54,50.39,220.04,0.948,0.943,50.01,OK
1761724953.9765966,19.831,10.036,199.03,50.39,219.99,0.936,0.967,50.04,OK
1761724954.07852,19.843,9.948,197.4,50.39,219.78,0.956,0.939,49.98,OK
1761724954.1801586,19.875,10.034,199.43,50.39,220.06,0.93,0.975,49.96,OK
1761724954.2822447,19.837,9.973,197.84,50.39,220.04,0.964,0.932,49.99,OK
1761724954.3840606,19.868,9.91,196.9,50.39,219.7,0.955,0.939,49.98,OK
1761724954.4865413,19.792,9.974,197.41,50.39,219.87,0.952,0.943,50.03,OK
1761724954.5886533,19.822,10.039,199.0,50.39,219.82,0.937,0.966,50.02,OK
1761724954.6910334,19.836,9.92,196.77,50.39,220.36,0.93,0.96,50.03,OK
1761724954.7933052,19.828,9.867,195.65,50.39,219.65,0.927,0.961,50.03,OK
1761724954.8953278,19.879,9.896,196.72,50.39,220.38,0.942,0.947,49.99,OK
1761724954.997813,19.844,9.879,196.04,50.39,219.94,0.944,0.944,50.03,OK
1761724955.09952,19.826,9.928,196.83,50.39,220.38,0.939,0.952,49.95,OK
1761724955.2015083,19.838,9.949,197.38,50.39,219.82,0.96,0.935,50.04,OK
1761724955.3033814,19.814,9.963,197.41,50.39,219.71,0.954,0.942,50.0,OK
1761724955.4052682,19.842,9.957,197.56,50.39,220.31,0.923,0.972,50.04,OK
1761724955.507275,19.87,9.798,194.69,50.39,220.32,0.926,0.954,50.02,OK
1761724955.6090882,19.887,9.85,195.89,50.39,220.05,0.957,0.93,50.01,OK
1761724955.7106519,19.797,9.891,195.81,50.39,219.65,0.968,0.921,50.04,OK
1761724955.812724,19.829,9.996,198.21,50.39,219.87,0.921,0.978,49.97,OK
1761724955.914989,19.803,9.952,197.07,50.39,219.63,0.965,0.93,50.01,OK
1761724956.016912,19.793,9.947,196.89,50.39,219.74,0.946,0.947,50.01,OK
1761724956.1185055,19.815,9.936,196.88,50.39,220.15,0.96,0.932,50.05,OK
1761724956.2198365,19.824,9.979,197.82,50.39,220.33,0.955,0.94,50.0,OK
1761724956.3213468,19.853,9.934,197.22,50.39,219.98,0.95,0.944,50.01,OK
1761724956.423141,19.885,9.783,194.54,50.39,219.97,0.96,0.921,50.01,OK
1761724956.5255134,19.883,9.841,195.67,50.39,219.77,0.909,0.98,50.0,OK
1761724956.6273472,19.857,9.872,196.03,50.39,219.93,0.952,0.937,50.0,OK
1761724956.7287872,19.794,9.819,194.37,50.39,219.84,0.922,0.959,50.0,OK
1761724956.830134,19.876,9.888,196.54,50.39,220.05,0.923,0.968,49.99,OK
1761724956.9320247,19.843,9.914,196.73,50.39,219.88,0.934,0.958,50.04,OK
1761724957.0340273,19.878,9.893,196.66,50.39,220.28,0.914,0.976,49.98,OK
1761724957.1359024,19.834,9.954,197.44,50.39,220.27,0.927,0.967,49.98,OK
1761724957.237841,19.82,9.869,195.6,50.39,219.98,0.932,0.954,50.0,OK
1761724957.339847,19.89,9.957,198.05,50.39,219.7,0.95,0.949,49.96,OK
1761724957.441602,19.807,9.87,195.49,50.39,219.93,0.933,0.953,50.04,OK
1761724957.5429852,19.869,9.968,198.05,50.39,220.36,0.928,0.969,50.04,OK
1761724957.6445785,19.801,9.966,197.34,50.39,219.91,0.958,0.937,49.98,OK
1761724957.7464693,19.82,9.93,196.8,50.39,219.8,0.936,0.957,49.98,OK
1761724957.8482957,19.88,9.794,194.7,50.39,219.93,0.924,0.958,49.96,OK
1761724957.9500716,19.841,9.962,197.66,50.39,220.17,0.945,0.95,50.01,OK
1761724958.0522258,19.856,9.797,194.52,50.39,220.3,0.936,0.943,50.01,OK
1761724958.1535187,19.819,9.995,198.1,50.39,220.11,0.927,0.97,50.03,OK
1761724958.2554328,19.814,9.897,196.1,50.39,219.75,0.92,0.97,49.98,OK
1761724958.3568635,19.883,9.955,197.94,50.39,220.27,0.943,0.953,50.03,OK
1761724958.458576,19.848,9.918,196.85,50.39,220.1,0.95,0.942,50.0,OK
1761724958.561159,19.836,9.857,195.53,50.39,220.0,0.956,0.93,49.96,OK
1761724958.662539,19.882,9.89,196.62,50.39,219.64,0.919,0.974,49.99,OK
1761724958.7639775,19.857,9.851,195.62,50.39,220.28,0.917,0.968,50.04,OK
1761724958.865191,19.81,9.978,197.65,50.39,220.05,0.94,0.955,49.96,OK
1761724958.9669101,19.826,10.035,198.94,50.39,220.16,0.955,0.946,50.01,OK
1761724959.0691144,19.798,9.907,196.13,50.39,220.01,0.938,0.95,50.01,OK
1761724959.1708024,19.811,9.979,197.69,50.39,220.21,0.963,0.933,50.02,OK
1761724959.273144,19.827,9.98,197.86,50.39,220.03,0.929,0.968,50.04,OK
1761724959.374972,19.832,9.859,195.53,50.39,220.06,0.925,0.961,49.97,OK
1761724959.4768178,19.799,9.985,197.71,50.39,220.27,0.954,0.94,50.03,OK
1761724959.5792484,19.858,10.03,199.18,50.39,219.82,0.946,0.958,49.98,OK
1761724959.6807783,19.888,10.033,199.54,50.39,219.83,0.95,0.955,50.01,OK
1761724959.7832613,19.8,9.937,196.76,50.39,219.99,0.961,0.93,49.96,OK
1761724959.8853743,19.824,10.041,199.06,50.39,220.18,0.956,0.946,49.97,OK
1761724959.9872737,19.859,10.059,199.77,50.39,220.13,0.965,0.94,50.03,OK
1761724960.0884862,19.874,9.875,196.26,50.39,220.08,0.924,0.966,49.98,OK
1761724960.1901922,19.877,9.878,196.35,50.39,219.6,0.958,0.934,50.02,OK
1761724960.2922149,19.818,10.081,199.79,50.39,219.72,0.986,0.922,50.02,OK
1761724960.3946724,19.852,10.082,200.14,50.39,220.34,0.965,0.941,49.97,OK
1761724960.4966326,19.883,9.93,197.44,50.39,220.27,0.933,0.961,49.96,OK
1761724960.5990508,19.828,10.016,198.59,50.39,220.08,0.923,0.978,49.99,OK
1761724960.7018566,19.808,10.041,198.89,50.39,219.69,0.93,0.973,49.99,OK
1761724960.804044,19.822,10.079,199.78,50.39,219.98,0.947,0.959,49.97,OK
1761724960.9064367,19.828,10.083,199.92,50.39,219.87,0.98,0.928,50.03,OK
1761724961.0081823,19.862,10.126,201.12,50.39,220.1,0.942,0.97,50.02,OK
1761724961.1132982,19.798,10.03,198.57,50.39,219.8,0.979,0.923,49.98,OK
1761724961.2150493,19.814,10.13,200.72,50.39,219.82,0.98,0.932,49.98,OK
1761724961.3169816,19.845,10.019,198.82,50.39,220.23,0.968,0.933,50.04,OK
1761724961.41882,19.852,10.102,200.54,50.39,219.94,0.933,0.977,49.97,OK
1761724961.520815,19.837,10.085,200.06,50.39,220.33,0.955,0.95,50.04,OK
1761724961.624067,19.878,10.053,199.83,50.39,220.11,0.927,0.98,50.03,OK
1761724961.7262836,19.862,10.158,201.76,50.39,220.33,0.953,0.961,50.03,OK
1761724961.8280747,19.833,10.107,200.46,50.39,219.97,0.955,0.954,50.03,OK
1761724961.929839,19.868,10.116,200.98,50.39,220.04,0.938,0.974,49.98,OK
1761724962.0314634,19.802,10.039,198.79,50.39,220.03,0.942,0.959,49.99,OK
1761724962.133087,19.843,10.05,199.41,50.39,219.76,0.982,0.924,50.0,OK
1761724962.2348971,19.872,10.104,200.78,50.39,220.24,0.956,0.953,50.02,OK
1761724962.3364556,19.801,10.154,201.06,50.39,219.85,0.958,0.954,50.03,OK
1761724962.4382348,19.855,10.076,200.05,50.39,219.63,0.954,0.955,49.95,OK
1761724962.5394614,19.814,10.091,199.94,50.39,220.39,0.954,0.951,50.03,OK
1761724962.6412785,19.832,10.252,203.31,50.39,219.62,0.987,0.938,50.01,OK
1761724962.7427824,19.884,10.152,201.87,50.39,220.05,0.986,0.93,49.96,OK
1761724962.8446195,19.825,10.261,203.42,50.39,220.02,0.963,0.96,49.97,OK
1761724962.9466445,19.816,10.106,200.26,50.39,219.8,0.941,0.968,50.0,OK
1761724963.047991,19.859,10.195,202.46,50.39,220.2,0.946,0.972,50.01,OK
1761724963.1496353,19.886,10.062,200.09,50.39,220.22,0.956,0.951,50.01,OK
1761724963.2513444,19.861,10.182,202.23,50.39,219.99,0.956,0.961,50.04,OK
1761724963.3531034,19.852,10.131,201.12,50.39,219.86,0.965,0.948,49.98,OK
1761724963.4543927,19.814,10.145,201.01,50.39,219.66,0.949,0.964,49.99,OK
1761724963.5557268,19.872,10.183,202.35,50.39,220.25,0.987,0.93,50.0,OK
1761724963.6570554,19.872,10.271,204.11,50.39,220.05,0.972,0.954,49.99,OK
1761724963.7589097,19.812,10.266,203.39,50.39,220.07,0.988,0.935,49.98,OK
1761724963.8610706,19.828,10.282,203.87,50.39,220.22,0.995,0.931,49.98,OK
1761724963.9626677,19.855,10.148,201.48,50.39,219.85,0.991,0.925,49.97,OK
1761724964.0648575,19.802,10.206,202.1,50.39,219.78,0.951,0.967,50.02,OK
1761724964.166955,19.86,10.306,204.67,50.39,219.98,0.956,0.973,49.96,OK
1761724964.2683768,19.805,10.198,201.96,50.39,219.65,0.969,0.949,50.0,OK
1761724964.3704476,19.866,10.223,203.1,50.39,219.97,0.994,0.929,49.97,OK
1761724964.4749143,19.799,10.178,201.51,50.39,219.82,0.99,0.926,50.03,OK
1761724964.5783558,19.819,10.21,202.35,50.39,219.63,0.969,0.95,49.96,OK
1761724964.6801333,19.845,10.158,201.58,50.39,219.87,0.955,0.96,49.97,OK
1761724964.7819118,19.867,10.214,202.93,50.39,219.73,0.998,0.926,50.05,OK
1761724964.8839328,19.791,10.344,204.7,50.39,219.86,0.989,0.942,50.04,OK
1761724964.986321,19.8,10.294,203.82,50.39,219.64,0.992,0.936,50.02,OK
1761724965.088078,19.861,10.254,203.65,50.39,220.1,0.964,0.96,49.99,OK
1761724965.189837,19.817,10.341,204.93,50.39,219.87,0.96,0.971,49.99,OK
1761724965.2917323,19.799,10.305,204.03,50.39,219.96,0.958,0.969,50.0,OK
1761724965.3932343,19.82,10.258,203.32,50.39,219.63,0.961,0.963,49.98,OK
1761724965.4956794,19.875,10.166,202.05,50.39,219.67,0.991,0.928,49.96,OK
1761724965.5977013,19.871,10.336,205.38,50.39,219.87,0.954,0.979,49.96,OK
1761724965.6991932,19.828,10.265,203.53,50.39,220.18,0.995,0.929,49.96,OK
1761724965.8011067,19.83,10.282,203.9,50.39,219.92,0.977,0.949,50.02,OK
1761724965.9036353,19.85,10.26,203.66,50.39,219.66,0.972,0.954,50.03,OK
1761724966.0054138,19.878,10.227,203.29,50.39,220.05,0.994,0.929,49.98,OK
1761724966.1073618,19.856,10.353,205.57,50.39,219.87,0.977,0.957,49.96,OK
1761724966.208687,19.826,10.207,202.37,50.39,220.32,0.984,0.933,49.96,OK
1761724966.3110144,19.881,10.272,204.2,50.39,219.97,0.981,0.946,50.03,OK
1761724966.4133823,19.817,10.375,205.6,50.39,219.6,1.01,0.927,49.98,OK
1761724966.5150576,19.848,10.371,205.84,50.39,219.74,0.996,0.94,50.02,OK
1761724966.6181946,19.797,10.387,205.62,50.39,220.31,0.984,0.949,50.04,OK
1761724966.7196536,19.826,10.24,203.01,50.39,219.81,0.978,0.944,49.96,OK
1761724966.8284945,19.801,10.366,205.26,50.39,219.67,0.998,0.936,50.05,OK
1761724966.9309258,19.812,10.285,203.76,50.39,220.17,0.964,0.96,50.0,OK
1761724967.0407307,19.816,10.236,202.84,50.39,219.78,0.964,0.957,50.03,OK
1761724967.1500537,19.827,10.366,205.53,50.39,219.69,0.97,0.965,50.0,OK
1761724967.2548661,19.808,10.248,202.99,50.39,220.02,0.971,0.95,49.98,OK
1761724967.3571296,19.88,10.157,201.92,50.39,219.95,0.971,0.945,50.05,OK
1761724967.4919274,19.851,10.205,202.57,50.39,220.15,0.945,0.974,50.02,OK
1761724967.601312,19.795,10.266,203.21,50.39,220.14,0.954,0.967,49.97,OK
1761727378.1129732,19.813,10.266,203.4,50.39,219.63,0.98,0.945,50.02,OK
1761727378.233807,19.812,10.282,203.71,50.39,220.13,0.969,0.955,49.96,OK
1761727378.5148473,19.874,10.284,204.38,50.39,220.03,0.99,0.938,50.0,OK
1761727378.7270346,19.819,10.302,204.18,50.39,220.25,0.962,0.964,49.99,OK
1761727378.8493278,19.841,10.296,204.28,50.39,220.01,0.951,0.977,49.99,OK
1761727378.9747717,19.847,10.284,204.12,50.39,220.38,0.988,0.938,49.99,OK
1761727379.0871594,19.849,10.363,205.69,50.39,219.85,0.986,0.949,50.01,OK
1761727379.209942,19.811,10.236,202.79,50.39,219.93,0.961,0.959,50.0,OK
1761727379.3353517,19.871,10.242,203.51,50.39,219.72,0.977,0.948,49.98,OK
1761727379.438897,19.806,10.376,205.5,50.39,220.02,0.959,0.974,50.04,OK
1761727379.543179,19.804,10.29,203.77,50.39,220.14,0.992,0.933,49.96,OK
1761727379.6528509,19.874,10.285,204.39,50.39,219.75,0.973,0.956,49.98,OK
1761727379.7561328,19.884,10.259,203.99,50.39,219.98,0.962,0.964,49.96,OK
1761727379.8604214,19.835,10.201,202.33,50.39,220.09,0.946,0.971,49.99,OK
1761727379.9630938,19.796,10.239,202.7,50.39,219.92,0.977,0.944,49.96,OK
1761727380.0643823,19.844,10.18,202.01,50.39,219.67,0.983,0.935,50.02,OK
1761727380.1655467,19.857,10.292,204.37,50.39,220.39,0.998,0.929,49.97,OK
1761727380.2668364,19.882,10.218,203.16,50.39,220.39,0.974,0.946,50.0,OK
1761727380.3679998,19.889,10.171,202.3,50.39,220.13,0.956,0.961,49.99,OK
1761727380.4692929,19.801,10.358,205.1,50.39,220.17,0.973,0.957,49.98,OK
1761727380.5709581,19.796,10.275,203.39,50.39,219.87,0.962,0.962,49.96,OK
1761727380.6721196,19.824,10.176,201.73,50.39,219.63,0.966,0.95,49.99,OK
1761727380.7733965,19.803,10.226,202.5,50.39,219.7,0.995,0.927,50.02,OK
1761727380.8746812,19.829,10.288,204.0,50.39,220.1,0.975,0.95,50.04,OK
1761727380.9759731,19.822,10.191,202.0,50.39,220.21,0.963,0.952,49.96,OK
1761727381.0776806,19.858,10.286,204.26,50.39,219.82,0.97,0.958,49.96,OK
1761727381.178463,19.86,10.157,201.72,50.39,220.04,0.961,0.954,50.03,OK
1761727381.2801244,19.805,10.271,203.42,50.39,219.71,0.989,0.936,49.98,OK
1761727381.3836265,19.853,10.224,202.98,50.39,219.73,0.982,0.94,49.96,OK
1761727381.4869204,19.868,10.135,201.36,50.39,219.82,0.944,0.97,49.99,OK
1761727381.588075,19.813,10.126,200.63,50.39,220.21,0.96,0.949,49.99,OK
1761727381.689367,19.812,10.304,204.15,50.39,220.0,0.99,0.938,50.04,OK
1761727381.7905421,19.795,10.28,203.5,50.39,220.32,0.992,0.932,50.0,OK
1761727381.892194,19.87,10.276,204.18,50.39,219.71,0.999,0.93,49.97,OK
1761727381.9934638,19.833,10.191,202.12,50.39,220.15,0.982,0.935,50.05,OK
1761727382.094664,19.82,10.147,201.12,50.39,219.92,0.972,0.941,50.04,OK
1761727382.195939,19.856,10.077,200.09,50.39,220.21,0.97,0.937,50.03,OK
1761727382.2971065,19.871,10.134,201.36,50.39,219.78,0.968,0.947,50.04,OK
1761727382.3983884,19.877,10.081,200.38,50.39,219.63,0.96,0.95,49.96,OK
1761727382.4995518,19.832,10.089,200.09,50.39,219.68,0.942,0.967,49.99,OK
1761727382.6013362,19.87,10.206,202.79,50.39,220.1,0.969,0.951,49.98,OK
1761727382.7024908,19.875,10.196,202.65,50.39,220.16,0.984,0.936,49.97,OK
1761727382.8037739,19.875,10.205,202.82,50.39,220.26,0.98,0.94,50.02,OK
1761727382.9049332,19.793,10.187,201.62,50.39,219.61,0.949,0.968,50.01,OK
1761727383.0062213,19.796,10.132,200.58,50.39,220.3,0.944,0.965,50.02,OK
1761727383.10779,19.824,10.134,200.9,50.39,220.07,0.939,0.972,50.02,OK
1761727383.209485,19.849,10.169,201.85,50.39,219.95,0.993,0.925,49.98,OK
1761727383.3107677,19.888,10.071,200.28,50.39,220.06,0.942,0.966,50.01,OK
1761727383.4114418,19.857,10.052,199.61,50.39,219.64,0.943,0.963,49.96,OK
1761727383.5194845,19.81,10.183,201.73,50.39,220.27,0.943,0.971,50.01,OK
1761727383.7123997,19.795,10.149,200.89,50.39,220.12,0.961,0.95,49.97,OK
1761727383.8183436,19.793,10.178,201.46,50.39,219.6,0.98,0.936,49.99,OK
1761727383.921057,19.823,10.145,201.11,50.39,219.73,0.939,0.975,50.05,OK
1761727384.0218308,19.832,10.093,200.16,50.39,220.34,0.927,0.98,50.04,OK
1761727384.1229975,19.822,10.151,201.21,50.39,220.38,0.973,0.938,50.05,OK
1761727384.2237744,19.885,10.0,198.85,50.39,220.01,0.937,0.965,49.99,OK
1761727384.3259346,19.851,10.005,198.6,50.39,219.67,0.969,0.933,49.98,OK
1761727384.4427288,19.801,10.079,199.59,50.39,220.37,0.954,0.949,50.05,OK
1761727384.5519946,19.869,10.081,200.3,50.39,219.62,0.958,0.952,49.98,OK
1761727384.653264,19.822,10.063,199.47,50.39,219.61,0.962,0.944,49.97,OK
1761727384.7549555,19.832,10.0,198.32,50.39,220.14,0.963,0.935,49.96,OK
1761727384.8557332,19.859,10.032,199.22,50.39,220.19,0.973,0.93,50.01,OK
1761727384.9755626,19.805,10.089,199.8,50.39,220.29,0.927,0.979,49.99,OK
1761727385.086063,19.873,10.032,199.37,50.39,220.28,0.982,0.922,49.98,OK
1761727385.1974833,19.886,9.945,197.76,50.39,219.73,0.974,0.924,49.96,OK
1761727385.2993107,19.884,9.921,197.28,50.39,219.7,0.955,0.94,50.01,OK
1761727385.400478,19.812,9.912,196.37,50.39,220.22,0.931,0.958,49.96,OK
1761727385.5017793,19.887,10.006,198.98,50.39,220.07,0.927,0.976,50.05,OK
1761727385.6029673,19.833,9.999,198.31,50.39,220.11,0.936,0.962,50.01,OK
1761727385.7041354,19.853,9.859,195.73,50.39,220.07,0.92,0.967,50.0,OK
1761727385.8054252,19.805,10.059,199.21,50.39,219.71,0.974,0.931,50.0,OK
1761727385.906592,19.796,10.052,198.99,50.39,220.34,0.968,0.933,49.98,OK
1761727386.0080087,19.88,9.991,198.62,50.39,220.13,0.973,0.927,50.03,OK
1761727386.1088433,19.848,9.924,196.97,50.39,219.84,0.939,0.954,49.99,OK
1761727386.2102637,19.847,9.962,197.72,50.39,219.75,0.941,0.956,49.98,OK
1761727663.5208502,19.796,10.181,201.55,50.39,220.23,0.993,0.921,49.95,OK
1761727664.8896456,19.831,10.27,203.66,50.39,219.82,0.962,0.963,50.04,OK
1761727665.042462,19.808,10.148,201.01,50.39,220.32,0.941,0.97,50.0,OK
1761727665.217272,19.848,10.212,202.68,50.39,219.76,0.943,0.978,49.97,OK
1761727665.318432,19.858,10.188,202.33,50.39,220.12,0.99,0.928,49.96,OK
1761727665.5111902,19.879,10.026,199.31,50.39,220.04,0.969,0.935,49.98,OK
1761727665.6346803,19.88,10.12,201.19,50.39,219.95,0.979,0.935,50.01,OK
1761727665.8089042,19.802,10.155,201.09,50.39,219.67,0.975,0.938,49.96,OK
1761727666.0456054,19.866,9.996,198.58,50.39,219.64,0.929,0.973,50.0,OK
1761727666.1498818,19.819,10.147,201.1,50.39,219.75,0.992,0.923,49.96,OK
1761727666.2512,19.793,10.146,200.82,50.39,220.3,0.962,0.948,50.03,OK
1761727666.3750155,19.823,10.112,200.45,50.39,219.75,0.951,0.959,50.04,OK
1761727666.5004354,19.826,10.02,198.65,50.39,220.1,0.952,0.948,50.02,OK
1761727666.6102245,19.872,10.143,201.56,50.39,219.96,0.935,0.98,50.0,OK
1761727666.7526445,19.873,10.018,199.08,50.39,219.91,0.93,0.973,50.0,OK
1761727666.8628602,19.862,9.991,198.45,50.39,219.71,0.928,0.973,49.98,OK
1761727667.0047462,19.885,10.058,200.01,50.39,220.22,0.96,0.946,49.98,OK
1761727667.1462142,19.81,9.962,197.35,50.39,219.85,0.932,0.963,50.02,OK
1761727667.2720585,19.832,9.978,197.89,50.39,219.79,0.964,0.934,50.01,OK
1761727667.3978968,19.83,9.962,197.53,50.39,219.76,0.955,0.941,50.04,OK
1761727667.5262551,19.862,9.969,198.01,50.39,220.25,0.948,0.949,49.98,OK
1761727667.6677208,19.846,9.923,196.94,50.39,220.24,0.945,0.946,50.0,OK
1761727667.7935221,19.885,10.011,199.07,50.39,219.6,0.98,0.925,50.02,OK
1761727667.9350097,19.844,10.043,199.3,50.39,219.7,0.983,0.923,50.04,OK
1761727668.0608299,19.836,9.91,196.59,50.39,220.22,0.928,0.962,49.98,OK
1761727668.171071,19.82,9.936,196.94,50.39,220.11,0.928,0.965,50.01,OK
1761727668.2737634,19.806,10.0,198.06,50.39,219.95,0.923,0.976,50.05,OK
1761727668.391518,19.807,9.967,197.42,50.39,219.84,0.949,0.946,49.97,OK
1761727668.5013494,19.828,9.934,196.96,50.39,219.76,0.935,0.959,50.04,OK
1761727668.6271973,19.797,9.97,197.38,50.39,220.33,0.944,0.949,50.04,OK
1761727668.737521,19.829,9.933,196.97,50.39,219.72,0.947,0.947,49.96,OK
1761727668.8557415,19.795,10.031,198.57,50.39,220.34,0.947,0.952,49.96,OK
1761727668.96097,19.818,9.935,196.89,50.39,219.67,0.967,0.927,50.05,OK
1761727669.0691764,19.803,9.936,196.77,50.39,219.61,0.932,0.961,50.04,OK
1761727669.178261,19.812,9.856,195.28,50.39,220.38,0.913,0.971,49.97,OK
1761727669.287506,19.818,9.872,195.63,50.39,220.24,0.922,0.963,50.04,OK
1761727669.413994,19.807,9.993,197.94,50.39,220.32,0.957,0.939,49.98,OK
1761727669.5182765,19.861,9.977,198.15,50.39,220.11,0.929,0.969,50.01,OK
1761727669.6597621,19.846,9.879,196.06,50.39,220.08,0.92,0.968,49.95,OK
1761727669.787947,19.854,9.98,198.15,50.39,219.99,0.939,0.959,50.04,OK
1761727669.8961558,19.865,9.827,195.21,50.39,220.37,0.942,0.94,50.05,OK
1761727669.9984825,19.791,9.895,195.82,50.39,220.15,0.909,0.978,49.98,OK
1761727670.1015685,19.841,9.968,197.78,50.39,220.31,0.953,0.942,50.04,OK
1761727670.2033064,19.807,9.995,197.96,50.39,220.34,0.92,0.977,49.99,OK
1761727670.3120248,19.816,9.824,194.66,50.39,219.65,0.939,0.944,50.04,OK
1761727670.4186354,19.815,9.911,196.39,50.39,220.27,0.919,0.97,50.05,OK
1761727670.5232604,19.85,9.926,197.03,50.39,220.26,0.958,0.934,49.99,OK
1761727670.6253536,19.84,9.836,195.14,50.39,219.79,0.913,0.972,50.03,OK
1761727670.7285638,19.814,9.935,196.85,50.39,219.71,0.933,0.96,50.04,OK
1761727670.830134,19.85,9.805,194.62,50.39,219.72,0.957,0.926,50.0,OK
1761727670.9333544,19.829,9.882,195.94,50.39,219.96,0.95,0.937,50.01,OK
1761727671.0349283,19.831,9.91,196.54,50.39,219.92,0.937,0.953,49.96,OK
1761727671.1361523,19.885,9.923,197.32,50.39,220.12,0.921,0.973,50.0,OK
1761727671.2397435,19.885,9.779,194.45,50.39,220.21,0.908,0.972,49.96,OK
1761727671.340959,19.798,9.998,197.94,50.39,219.68,0.936,0.962,49.95,OK
1761727671.4550958,19.879,9.855,195.91,50.39,220.28,0.936,0.95,50.0,OK
1761727671.56845,19.836,9.818,194.74,50.39,220.03,0.952,0.93,49.98,OK
1761727671.6705484,19.856,9.904,196.65,50.39,220.31,0.966,0.924,50.02,OK
1761727671.7717454,19.859,9.949,197.57,50.39,219.83,0.944,0.952,49.96,OK
1761727671.8733194,19.89,9.842,195.76,50.39,220.35,0.929,0.957,49.97,OK
1761727671.9748998,19.824,9.821,194.69,50.39,220.11,0.927,0.954,50.0,OK
1761727672.0892286,19.857,9.877,196.12,50.39,220.4,0.951,0.936,49.97,OK
1761727672.1944695,19.793,9.996,197.85,50.39,219.94,0.976,0.922,49.96,OK
1761727672.2966716,19.865,9.919,197.05,50.39,219.79,0.948,0.945,50.05,OK
1761727672.399375,19.831,9.912,196.55,50.39,219.85,0.933,0.958,50.04,OK
1761727672.500948,19.838,9.93,196.99,50.39,219.75,0.924,0.97,49.96,OK
1761727672.6036403,19.792,9.993,197.78,50.39,220.12,0.955,0.941,49.95,OK
1761727672.7058272,19.875,9.85,195.76,50.39,219.63,0.93,0.958,50.05,OK
1761727672.807414,19.809,9.848,195.09,50.39,219.72,0.91,0.976,49.99,OK
1761727672.9109828,19.827,9.914,196.57,50.39,220.01,0.937,0.954,50.02,OK
1761727673.016244,19.89,9.794,194.79,50.39,220.21,0.959,0.923,50.03,OK
1761727673.1213033,19.857,9.918,196.93,50.39,219.68,0.933,0.96,49.98,OK
1761727673.2224977,19.828,9.941,197.11,50.39,220.39,0.969,0.923,49.97,OK
1761727673.3240812,19.848,9.986,198.21,50.39,220.3,0.967,0.931,50.04,OK
1761727673.4253926,19.851,9.986,198.23,50.39,219.71,0.941,0.959,50.05,OK
1761727673.5280924,19.88,9.844,195.69,50.39,219.97,0.95,0.937,49.96,OK
1761727673.6301806,19.855,9.968,197.91,50.39,219.78,0.926,0.972,49.99,OK
1761727673.731381,19.806,9.968,197.44,50.39,219.99,0.972,0.924,49.97,OK
1761727673.834473,19.855,10.037,199.29,50.39,220.37,0.955,0.947,50.01,OK
1761727673.9638498,19.833,9.977,197.87,50.39,219.87,0.934,0.964,50.01,OK
1761727674.0793495,19.862,9.891,196.46,50.39,219.82,0.917,0.975,50.0,OK
1761727674.1845515,19.865,9.859,195.86,50.39,220.25,0.952,0.934,49.97,OK
1761727674.286758,19.804,9.903,196.11,50.39,219.84,0.941,0.948,49.99,OK
1761727674.390202,19.862,10.012,198.86,50.39,219.64,0.946,0.957,50.02,OK
1761727674.494555,19.808,9.998,198.04,50.39,219.66,0.972,0.928,49.98,OK
1761727674.5962439,19.801,9.932,196.67,50.39,220.11,0.969,0.922,50.01,OK
1761727674.6974614,19.85,10.018,198.86,50.39,220.2,0.928,0.973,49.98,OK
1761727674.7986596,19.849,10.071,199.89,50.39,219.84,0.973,0.934,49.98,OK
1761727674.900357,19.816,9.98,197.77,50.39,219.64,0.949,0.949,50.03,OK
1761727675.0021613,19.837,10.076,199.89,50.39,220.32,0.967,0.939,50.05,OK
1761727675.1038632,19.85,10.013,198.76,50.39,219.66,0.973,0.93,50.02,OK
1761727675.2055628,19.889,10.026,199.4,50.39,219.97,0.969,0.935,49.99,OK
1761727675.3067634,19.863,10.101,200.62,50.39,219.75,0.951,0.96,49.97,OK
1761727675.4082801,19.838,10.063,199.63,50.39,220.14,0.963,0.942,49.97,OK
1761727675.5104873,19.805,10.098,199.99,50.39,219.84,0.954,0.954,49.99,OK
1761727675.6117234,19.801,9.996,197.94,50.39,220.13,0.965,0.932,49.99,OK
1761727675.7134233,19.877,10.085,200.45,50.39,219.85,0.966,0.944,49.99,OK
1761727675.8145897,19.824,10.088,199.97,50.39,220.24,0.931,0.975,50.01,OK
1761727675.9157841,19.806,10.187,201.77,50.39,219.69,0.982,0.936,49.97,OK
1761727676.0168233,19.856,10.053,199.6,50.39,220.16,0.983,0.922,49.95,OK
1761727676.1183991,19.876,10.156,201.87,50.39,220.14,0.962,0.953,49.96,OK
1761727676.2196875,19.835,10.095,200.24,50.39,219.9,0.985,0.925,49.98,OK
1761727676.3208742,19.881,9.99,198.6,50.39,219.72,0.94,0.962,50.04,OK
1761727676.4221115,19.806,10.2,202.02,50.39,220.35,0.967,0.948,50.04,OK
1761727676.523527,19.81,10.13,200.67,50.39,219.73,0.943,0.969,49.96,OK
1761727676.6246102,19.841,10.211,202.6,50.39,219.81,0.959,0.961,50.0,OK
1761727676.7263126,19.807,10.182,201.67,50.39,220.0,0.937,0.978,50.03,OK
1761727676.8284364,19.881,10.132,201.44,50.39,219.68,0.96,0.955,49.97,OK
1761727676.9302323,19.822,10.133,200.86,50.39,219.68,0.934,0.979,49.99,OK
1761727677.0312438,19.886,10.161,202.06,50.39,220.07,0.95,0.966,49.97,OK
1761727677.132515,19.83,10.138,201.04,50.39,219.93,0.973,0.939,50.03,OK
1761727677.2337413,19.807,10.167,201.38,50.39,220.12,0.952,0.961,50.0,OK
1761727677.33596,19.8,10.238,202.71,50.39,219.95,0.987,0.933,49.97,OK
1761727677.4367883,19.806,10.204,202.09,50.39,220.02,0.993,0.925,49.97,OK
1761727677.5380764,19.865,10.255,203.72,50.39,220.25,0.971,0.952,50.02,OK
1761727677.6396828,19.859,10.18,202.16,50.39,220.29,0.989,0.928,50.0,OK
1761727677.7409835,19.81,10.243,202.91,50.39,220.18,0.973,0.947,50.02,OK
1761727677.8422701,19.8,10.168,201.33,50.39,219.61,0.984,0.931,50.03,OK
1761727677.9431725,19.808,10.301,204.04,50.39,219.75,0.956,0.972,49.96,OK
1761727678.0446625,19.802,10.252,203.02,50.39,219.94,0.978,0.944,49.99,OK
1761727678.1457,19.826,10.139,201.02,50.39,219.62,0.982,0.932,49.99,OK
1761727678.2471647,19.792,10.235,202.57,50.39,220.36,0.977,0.941,49.98,OK
1761727678.348205,19.811,10.226,202.59,50.39,219.8,0.984,0.936,49.98,OK
1761727678.449354,19.856,10.17,201.93,50.39,219.89,0.997,0.921,50.0,OK
1761727678.5507886,19.831,10.306,204.37,50.39,220.05,0.967,0.96,49.98,OK
1761727678.6519895,19.884,10.186,202.54,50.39,220.26,0.943,0.976,49.99,OK
1761727678.7532024,19.865,10.331,205.23,50.39,220.03,1.008,0.925,49.97,OK
1761727678.8545113,19.851,10.225,202.97,50.39,219.78,0.968,0.954,50.0,OK
1761727678.9558651,19.88,10.305,204.87,50.39,219.75,0.958,0.974,49.96,OK
1761727679.057039,19.874,10.314,204.98,50.39,220.01,0.996,0.935,50.0,OK
1761727679.1587453,19.814,10.305,204.19,50.39,220.01,0.95,0.977,50.04,OK
1761727679.2603881,19.799,10.203,202.01,50.39,219.85,0.947,0.97,49.99,OK
1761727679.3619952,19.841,10.21,202.58,50.39,219.78,0.947,0.973,49.97,OK
1761727679.4633436,19.835,10.237,203.05,50.39,219.96,0.969,0.953,50.0,OK
1761727679.5645177,19.825,10.302,204.24,50.39,219.76,0.986,0.943,49.98,OK
1761727679.6656125,19.856,10.234,203.21,50.39,220.16,0.964,0.957,49.98,OK
1761727679.7673538,19.878,10.256,203.86,50.39,219.91,0.985,0.941,50.04,OK
1761727679.868524,19.823,10.243,203.04,50.39,220.38,0.989,0.932,49.97,OK
1761727679.9697888,19.802,10.385,205.64,50.39,220.29,0.984,0.949,50.04,OK
1761727680.0710888,19.862,10.351,205.6,50.39,219.61,1.009,0.928,50.05,OK
1761727680.1721106,19.805,10.381,205.59,50.39,220.25,0.988,0.945,49.97,OK
1761727680.2732215,19.792,10.352,204.9,50.39,219.93,0.959,0.972,49.97,OK
1761727680.3743944,19.889,10.251,203.88,50.39,219.67,0.974,0.953,50.03,OK
1761727680.4756737,19.802,10.402,205.97,50.39,219.68,0.985,0.952,49.99,OK
1761727680.5772467,19.89,10.168,202.24,50.39,220.2,0.939,0.978,49.98,OK
1761727680.6785698,19.853,10.372,205.91,50.39,219.9,0.979,0.956,50.04,OK
1761727680.7796826,19.81,10.293,203.9,50.39,220.08,0.956,0.969,49.98,OK
1761727680.8807979,19.825,10.23,202.82,50.39,219.61,0.969,0.953,49.96,OK
1761727680.9825025,19.794,10.386,205.58,50.39,219.85,0.959,0.975,50.02,OK
1761727681.084092,19.811,10.384,205.72,50.39,219.77,0.956,0.979,49.97,OK
1761727681.1853027,19.879,10.213,203.03,50.39,219.67,0.948,0.975,50.04,OK
1761727681.286892,19.828,10.245,203.14,50.39,220.05,0.958,0.964,49.96,OK
1761727681.3881726,19.86,10.208,202.73,50.39,219.96,0.992,0.929,50.02,OK
1761727681.4898684,19.883,10.258,203.96,50.39,220.24,0.985,0.94,49.96,OK
1761727681.5914419,19.824,10.324,204.65,50.39,220.13,0.99,0.939,49.98,OK
1761727681.6931958,19.868,10.163,201.91,50.39,220.29,0.961,0.954,50.02,OK
1761727681.7944927,19.797,10.25,202.92,50.39,219.61,1.002,0.922,49.95,OK
1761727681.8959367,19.8,10.285,203.64,50.39,219.84,0.962,0.963,50.02,OK
1761727681.997131,19.793,10.376,205.38,50.39,220.14,0.964,0.968,50.04,OK
1761727682.0984151,19.827,10.167,201.58,50.39,220.11,0.984,0.931,49.98,OK
1761727682.199682,19.885,10.288,204.58,50.39,219.64,0.974,0.956,49.99,OK
1761727682.3008947,19.817,10.24,202.93,50.39,219.65,0.951,0.972,49.97,OK
1761727682.4018397,19.806,10.302,204.04,50.39,220.3,1.001,0.926,50.03,OK
1761727682.503518,19.88,10.305,204.86,50.39,220.28,0.954,0.975,50.02,OK
1761727682.6048658,19.879,10.265,204.06,50.39,220.37,0.972,0.953,49.98,OK
1761727682.7056837,19.834,10.279,203.87,50.39,219.91,0.974,0.952,50.0,OK
1761727682.806598,19.842,10.312,204.6,50.39,220.36,0.997,0.931,49.99,OK
1761727682.9074895,19.861,10.205,202.67,50.39,219.7,0.974,0.947,49.98,OK
1761727683.0087504,19.802,10.203,202.03,50.39,219.84,0.939,0.979,50.01,OK
1761727683.1100662,19.866,10.231,203.24,50.39,220.02,0.98,0.942,50.03,OK
1761727683.2113142,19.827,10.21,202.43,50.39,219.94,0.974,0.945,49.96,OK
1761727683.3121176,19.795,10.143,200.79,50.39,220.28,0.982,0.928,50.02,OK
1761727683.4136024,19.795,10.275,203.38,50.39,220.3,0.999,0.924,49.98,OK
1761727683.5147955,19.868,10.128,201.23,50.39,220.01,0.988,0.926,49.99,OK
1761727683.6160436,19.838,10.278,203.9,50.39,219.89,0.986,0.94,50.0,OK
1761727683.7174199,19.842,10.126,200.91,50.39,219.89,0.934,0.979,50.01,OK
1761727683.818536,19.794,10.295,203.77,50.39,220.22,0.954,0.97,49.96,OK
1761727683.919761,19.847,10.145,201.35,50.39,219.72,0.988,0.927,49.98,OK
1761727684.0209627,19.797,10.125,200.44,50.39,219.72,0.964,0.946,50.0,OK
1761727684.1222847,19.797,10.277,203.47,50.39,220.37,0.985,0.938,49.99,OK
1761727684.2235107,19.831,10.177,201.83,50.39,219.63,0.966,0.952,50.03,OK
1761727684.3248377,19.857,10.08,200.16,50.39,220.2,0.932,0.976,49.98,OK
1761727684.4263127,19.843,10.129,200.99,50.39,219.69,0.983,0.931,49.97,OK
1761727684.5278003,19.852,10.147,201.44,50.39,219.96,0.956,0.958,50.02,OK
1761727684.6290588,19.839,10.037,199.13,50.39,219.63,0.962,0.942,49.98,OK
1761727684.7303395,19.832,10.1,200.31,50.39,220.04,0.987,0.923,49.96,OK
1761727684.8317015,19.881,10.011,199.03,50.39,219.78,0.954,0.949,49.96,OK
1761727684.932914,19.849,10.127,201.01,50.39,220.04,0.966,0.945,49.98,OK
1761727685.0342166,19.858,10.07,199.97,50.39,219.81,0.978,0.93,49.98,OK
1761727685.1352255,19.864,10.0,198.64,50.39,220.03,0.934,0.966,49.99,OK
1761727685.2371297,19.812,10.024,198.6,50.39,220.23,0.928,0.972,49.99,OK
1761727685.3386166,19.831,10.164,201.57,50.39,220.13,0.983,0.932,50.03,OK
1761727685.4397721,19.836,10.083,200.0,50.39,219.81,0.979,0.929,49.96,OK
1761727685.540835,19.808,10.061,199.28,50.39,220.26,0.938,0.965,49.96,OK
1761727685.642307,19.817,10.118,200.5,50.39,220.26,0.946,0.962,49.98,OK
1761727685.743846,19.854,10.022,198.98,50.39,220.22,0.972,0.93,49.96,OK
1761727685.8450367,19.81,10.106,200.19,50.39,219.63,0.945,0.965,49.95,OK
1761727685.946367,19.802,10.128,200.55,50.39,219.76,0.96,0.95,49.99,OK
1761727686.0476236,19.875,10.09,200.55,50.39,219.72,0.982,0.929,50.04,OK
1761727686.148729,19.813,9.992,197.97,50.39,219.67,0.957,0.942,49.99,OK
1761727686.2499948,19.828,10.012,198.52,50.39,220.05,0.962,0.938,50.01,OK
1761727686.351196,19.806,10.071,199.47,50.39,220.37,0.952,0.951,50.03,OK
1761727686.452561,19.829,10.107,200.41,50.39,220.08,0.955,0.954,50.04,OK
1761727686.5536914,19.842,10.032,199.06,50.39,220.04,0.976,0.927,49.98,OK
1761727686.6548598,19.828,9.955,197.39,50.39,220.24,0.926,0.968,50.04,OK
1761727686.7560465,19.865,10.011,198.87,50.39,220.07,0.96,0.941,49.99,OK
1761727686.8572114,19.793,10.034,198.61,50.39,219.73,0.945,0.956,49.99,OK
1761727686.95849,19.792,10.066,199.23,50.39,220.39,0.941,0.961,49.96,OK
1761727687.0596547,19.792,10.069,199.29,50.39,219.68,0.985,0.921,49.99,OK
1761727687.1610484,19.868,10.05,199.67,50.39,220.06,0.959,0.946,49.99,OK
1761727687.2624156,19.816,9.978,197.72,50.39,219.82,0.941,0.956,49.99,OK
1761727687.3634763,19.79,10.074,199.37,50.39,219.94,0.957,0.947,49.98,OK
1761727687.4648106,19.823,10.014,198.5,50.39,219.88,0.94,0.961,50.03,OK
1761727687.566098,19.834,9.859,195.53,50.39,219.93,0.933,0.953,50.04,OK
1761727687.6679375,19.885,9.986,198.57,50.39,220.16,0.923,0.977,49.97,OK
1761727687.7691345,19.809,9.946,197.02,50.39,219.91,0.95,0.943,50.01,OK
1761727687.8706875,19.889,9.973,198.35,50.39,219.89,0.973,0.927,50.02,OK
1761727687.9719524,19.825,9.856,195.39,50.39,220.06,0.92,0.965,49.98,OK
1761727688.0733552,19.809,10.033,198.75,50.39,219.79,0.955,0.947,50.05,OK
1761727688.1745276,19.88,9.842,195.65,50.39,219.84,0.931,0.956,49.95,OK
1761727688.2762175,19.854,9.896,196.47,50.39,220.1,0.944,0.945,50.03,OK
1761727688.377524,19.834,9.849,195.35,50.39,220.29,0.955,0.929,49.96,OK
1761727688.4788442,19.827,10.012,198.5,50.39,220.2,0.944,0.955,50.04,OK
1761727688.5801425,19.869,9.832,195.36,50.39,220.1,0.907,0.978,50.03,OK
1761727688.6813166,19.796,9.863,195.24,50.39,220.29,0.911,0.973,50.01,OK
1761727688.7826176,19.798,9.865,195.31,50.39,220.05,0.912,0.973,50.05,OK
1761727688.8841715,19.794,10.007,198.08,50.39,219.88,0.947,0.952,50.03,OK
1761727688.9855049,19.886,9.856,195.99,50.39,219.84,0.924,0.965,50.01,OK
1761727689.0866966,19.874,9.928,197.31,50.39,219.63,0.937,0.959,50.05,OK
1761727689.1879094,19.833,9.846,195.26,50.39,220.02,0.93,0.954,50.03,OK
1761727689.289221,19.83,9.817,194.67,50.39,220.04,0.956,0.926,49.96,OK
1761727689.3906167,19.827,9.816,194.63,50.39,220.09,0.926,0.955,50.02,OK
1761727689.4917986,19.814,9.977,197.68,50.39,219.89,0.926,0.971,50.04,OK
1761727689.5929759,19.837,9.832,195.03,50.39,219.71,0.946,0.938,49.97,OK
1761727689.6946368,19.807,9.881,195.71,50.39,219.92,0.924,0.963,49.97,OK
1761727689.7960756,19.838,9.805,194.5,50.39,219.79,0.913,0.969,49.95,OK
1761727689.8973546,19.816,9.839,194.98,50.39,220.35,0.913,0.969,49.97,OK
1761727689.9986691,19.844,9.89,196.25,50.39,219.83,0.925,0.965,50.03,OK
1761727690.0998578,19.883,9.829,195.43,50.39,220.35,0.964,0.92,50.01,OK
1761727690.2011847,19.835,9.803,194.44,50.39,220.1,0.956,0.924,50.0,OK
1761727690.302398,19.817,9.972,197.63,50.39,219.92,0.955,0.941,50.01,OK
1761727690.4038794,19.821,9.986,197.93,50.39,220.07,0.973,0.925,50.05,OK
1761727690.5051804,19.804,9.866,195.38,50.39,219.76,0.939,0.947,49.96,OK
1761727690.6063917,19.797,9.878,195.55,50.39,220.31,0.963,0.922,50.01,OK
1761727690.707695,19.795,9.95,196.97,50.39,219.94,0.914,0.98,50.04,OK
1761727690.808887,19.806,9.925,196.57,50.39,219.9,0.947,0.944,50.04,OK
1761727690.909991,19.797,10.007,198.11,50.39,219.95,0.927,0.971,49.97,OK
1761727691.0114284,19.827,9.891,196.11,50.39,220.36,0.963,0.924,50.04,OK
1761727691.1124136,19.875,9.919,197.14,50.39,219.87,0.917,0.978,50.03,OK
1761727691.2133467,19.821,9.941,197.04,50.39,220.22,0.961,0.931,49.97,OK
1761727691.3145933,19.846,9.862,195.72,50.39,219.67,0.949,0.939,50.03,OK
1761727691.4159262,19.841,9.92,196.81,50.39,220.0,0.953,0.939,50.02,OK
1761727691.5171995,19.83,9.909,196.49,50.39,220.17,0.942,0.947,50.03,OK
1761727691.6182582,19.868,9.888,196.47,50.39,220.12,0.916,0.975,50.02,OK
1761727691.7195284,19.885,9.966,198.16,50.39,219.96,0.948,0.951,50.01,OK
1761727691.820817,19.847,9.818,194.86,50.39,220.22,0.93,0.952,50.03,OK
1761727691.921979,19.81,9.96,197.31,50.39,219.81,0.964,0.931,49.96,OK
1761727692.0231376,19.875,9.905,196.86,50.39,219.93,0.928,0.965,50.0,OK
1761727692.1240313,19.809,9.994,197.97,50.39,220.36,0.958,0.938,49.96,OK
1761727692.2253754,19.839,9.859,195.59,50.39,220.24,0.942,0.942,49.96,OK
1761727692.3266716,19.823,10.035,198.93,50.39,220.22,0.978,0.923,49.95,OK
1761727692.4284954,19.821,9.925,196.74,50.39,219.99,0.929,0.963,50.02,OK
1761727692.529981,19.846,9.968,197.83,50.39,219.68,0.926,0.973,49.95,OK
1761727692.6311414,19.824,9.991,198.07,50.39,220.11,0.953,0.944,49.99,OK
1761727692.7324626,19.793,9.944,196.83,50.39,220.33,0.927,0.964,50.0,OK
1761727692.8336687,19.847,9.93,197.08,50.39,220.36,0.93,0.961,49.97,OK
1761727692.9350574,19.831,9.947,197.26,50.39,219.67,0.96,0.935,49.98,OK
1761727693.0360932,19.85,10.003,198.56,50.39,219.84,0.925,0.976,50.0,OK
1761727693.137459,19.846,9.971,197.88,50.39,220.0,0.937,0.959,49.98,OK
1761727693.2389479,19.813,10.082,199.75,50.39,220.01,0.985,0.922,49.97,OK
1761727693.3401294,19.801,9.97,197.41,50.39,220.24,0.954,0.94,50.0,OK
1761727693.441616,19.822,10.045,199.12,50.39,219.62,0.966,0.939,49.98,OK
1761727693.5429,19.841,10.1,200.4,50.39,220.26,0.943,0.965,50.0,OK
1761727693.6444957,19.889,10.012,199.13,50.39,219.94,0.983,0.921,50.03,OK
1761727693.745793,19.829,9.994,198.17,50.39,220.03,0.959,0.939,50.0,OK
1761727693.8474736,19.863,10.008,198.8,50.39,220.0,0.923,0.979,50.04,OK
1761727693.9487705,19.829,10.133,200.92,50.39,219.67,0.956,0.957,49.99,OK
1761727694.0504656,19.809,9.955,197.21,50.39,219.7,0.95,0.945,49.95,OK
1761727694.1517727,19.86,10.005,198.7,50.39,220.24,0.934,0.966,49.99,OK
1761727694.2531426,19.843,10.008,198.58,50.39,219.62,0.982,0.921,49.99,OK
1761727694.354481,19.85,10.016,198.82,50.39,220.26,0.974,0.926,49.95,OK
1761727694.4558814,19.861,10.055,199.7,50.39,219.94,0.954,0.952,49.97,OK
1761727694.5571747,19.821,9.982,197.85,50.39,219.66,0.92,0.979,49.99,OK
1761727694.658696,19.821,10.056,199.31,50.39,219.83,0.974,0.931,50.05,OK
1761727694.7599716,19.806,10.181,201.65,50.39,220.28,0.99,0.925,50.0,OK
1761727694.8612583,19.833,10.023,198.79,50.39,219.83,0.964,0.938,50.02,OK
1761727694.962427,19.884,10.152,201.86,50.39,220.38,0.937,0.978,49.98,OK
1761727695.063766,19.816,10.109,200.32,50.39,219.91,0.963,0.946,50.04,OK
1761727695.164956,19.796,10.138,200.68,50.39,220.08,0.987,0.924,50.02,OK
1761727695.2662797,19.887,10.103,200.92,50.39,220.4,0.96,0.95,50.03,OK
1761727695.367462,19.847,10.089,200.24,50.39,219.91,0.933,0.976,49.97,OK
1761727695.4689968,19.889,10.172,202.32,50.39,219.92,0.958,0.961,49.99,OK
1761727695.5699928,19.826,10.207,202.35,50.39,219.98,0.961,0.957,49.97,OK
1761727695.6712792,19.85,10.086,200.21,50.39,219.78,0.944,0.965,49.98,OK
1761727695.7721558,19.853,10.131,201.14,50.39,220.25,0.99,0.922,49.96,OK
1761727695.8734016,19.8,10.152,201.0,50.39,220.38,0.939,0.971,50.02,OK
1761727695.9745703,19.806,10.227,202.55,50.39,220.29,0.945,0.973,50.04,OK
1761727696.075937,19.865,10.074,200.13,50.39,220.25,0.975,0.932,49.98,OK
1761727696.1772852,19.889,10.071,200.31,50.39,220.19,0.969,0.939,50.04,OK
1761727696.2783616,19.855,10.18,202.12,50.39,219.86,0.956,0.962,49.95,OK
1761727696.379613,19.8,10.174,201.44,50.39,220.18,0.945,0.969,49.99,OK
1761727696.480993,19.857,10.209,202.71,50.39,220.23,0.976,0.943,50.05,OK
1761727696.5822558,19.807,10.232,202.66,50.39,219.94,0.982,0.938,49.99,OK
1761727696.6836386,19.868,10.147,201.61,50.39,220.36,0.967,0.946,49.96,OK
1761727696.7849114,19.89,10.159,202.06,50.39,219.96,0.947,0.97,50.05,OK
1761727696.886483,19.834,10.147,201.26,50.39,219.76,0.943,0.971,50.0,OK
1761727696.987758,19.841,10.191,202.2,50.39,219.96,0.982,0.936,49.97,OK
1761727697.0890193,19.802,10.169,201.36,50.39,219.63,0.996,0.92,50.02,OK
1761727697.1904464,19.806,10.226,202.54,50.39,219.83,0.983,0.937,50.01,OK
1761727697.2919066,19.885,10.192,202.67,50.39,220.22,0.968,0.951,50.0,OK
1761727697.3931048,19.832,10.213,202.55,50.39,220.09,0.941,0.978,50.0,OK
1761727697.495416,19.852,10.252,203.53,50.39,219.87,0.993,0.932,49.95,OK
1761727697.5970786,19.872,10.274,204.17,50.39,220.01,0.98,0.947,50.0,OK
1761727697.6994026,19.849,10.276,203.96,50.39,219.64,0.99,0.938,49.96,OK
1761727697.8006077,19.816,10.285,203.81,50.39,220.17,0.966,0.958,50.01,OK
1761727697.9019177,19.868,10.291,204.46,50.39,220.26,1.001,0.928,50.04,OK
1761727698.0035505,19.871,10.22,203.08,50.39,220.14,0.972,0.95,50.0,OK
1761727698.1093366,19.796,10.332,204.54,50.39,219.64,1.009,0.923,49.98,OK
1761727698.2104945,19.822,10.301,204.2,50.39,220.18,0.989,0.938,49.96,OK
1761727698.3118172,19.875,10.323,205.17,50.39,219.91,0.991,0.941,49.98,OK
1761727698.4129198,19.8,10.242,202.78,50.39,219.78,0.962,0.959,50.03,OK
1761727698.514278,19.837,10.246,203.26,50.39,219.93,0.988,0.935,49.99,OK
1761727698.6154997,19.851,10.229,203.05,50.39,219.98,0.956,0.965,50.05,OK
1761727698.716922,19.823,10.3,204.18,50.39,220.39,0.957,0.968,50.02,OK
1761727698.8182187,19.89,10.195,202.77,50.39,220.11,0.986,0.934,49.99,OK
1761727698.9195192,19.805,10.224,202.48,50.39,220.25,0.956,0.962,50.03,OK
1761727699.020615,19.848,10.25,203.44,50.39,219.68,1.001,0.925,49.96,OK
1761727699.1222992,19.844,10.181,202.02,50.39,219.78,0.966,0.951,50.01,OK
1761727699.2241073,19.872,10.241,203.5,50.39,219.75,0.956,0.968,50.0,OK
1761727699.3257933,19.877,10.349,205.71,50.39,220.23,0.966,0.967,50.02,OK
1761727699.4272187,19.823,10.322,204.62,50.39,220.33,0.963,0.965,50.0,OK
1761727699.5288877,19.855,10.292,204.35,50.39,220.21,0.987,0.941,49.98,OK
1761727699.630577,19.831,10.303,204.32,50.39,219.77,0.993,0.936,49.95,OK
1761727699.7318573,19.856,10.23,203.13,50.39,220.16,0.967,0.954,50.05,OK
1761727699.83353,19.86,10.291,204.38,50.39,220.4,0.951,0.975,49.98,OK
1761727699.9348197,19.829,10.3,204.24,50.39,219.62,0.957,0.971,49.99,OK
1761727700.0364885,19.874,10.352,205.74,50.39,220.34,1.013,0.922,49.96,OK
1761727700.1377797,19.885,10.338,205.57,50.39,219.71,1.014,0.923,50.02,OK
1761727700.2394507,19.807,10.231,202.65,50.39,219.7,0.99,0.931,50.03,OK
1761727700.3407576,19.859,10.204,202.65,50.39,219.89,0.952,0.968,49.98,OK
1761727700.4419665,19.878,10.309,204.92,50.39,220.34,1.009,0.922,49.99,OK
1761727700.5432994,19.846,10.311,204.63,50.39,220.15,0.953,0.975,50.01,OK
1761727700.6446965,19.802,10.296,203.88,50.39,220.12,0.949,0.976,49.95,OK
1761727700.7458992,19.803,10.29,203.78,50.39,220.36,0.993,0.931,49.99,OK
1761727700.847198,19.813,10.231,202.7,50.39,220.18,0.995,0.925,50.03,OK
1761727700.9481657,19.796,10.328,204.45,50.39,220.01,0.956,0.972,50.04,OK
1761727701.0504458,19.791,10.288,203.6,50.39,220.23,0.952,0.971,49.96,OK
1761727701.1516104,19.85,10.254,203.55,50.39,219.93,0.98,0.944,50.0,OK
1761727701.2528937,19.84,10.184,202.05,50.39,220.12,0.996,0.922,50.0,OK
1761727701.3540442,19.871,10.235,203.38,50.39,220.17,0.998,0.926,50.03,OK
1761727701.4553635,19.807,10.353,205.07,50.39,219.75,1.009,0.925,50.02,OK
1761727701.5566304,19.826,10.297,204.14,50.39,220.38,0.983,0.942,49.97,OK
1761727701.6578405,19.843,10.204,202.48,50.39,220.03,0.987,0.933,49.97,OK
1761727701.758683,19.812,10.224,202.55,50.39,219.85,0.971,0.949,50.0,OK
1761727701.860063,19.81,10.335,204.72,50.39,219.96,1.004,0.927,50.03,OK
1761727701.9610415,19.881,10.11,200.99,50.39,220.38,0.98,0.931,49.97,OK
1761727702.0623949,19.869,10.205,202.75,50.39,220.04,0.984,0.936,50.05,OK
1761727702.1632938,19.804,10.281,203.62,50.39,220.1,0.98,0.944,50.03,OK
1761727702.2644434,19.867,10.159,201.83,50.39,219.89,0.967,0.949,50.05,OK
1761727702.3655977,19.817,10.278,203.69,50.39,219.6,0.99,0.937,50.02,OK
1761727702.4669738,19.85,10.245,203.35,50.39,219.72,1.002,0.924,49.97,OK
1761727702.568354,19.793,10.218,202.25,50.39,219.95,0.984,0.934,50.03,OK
1761727702.6706579,19.849,10.179,202.04,50.39,219.89,0.938,0.98,50.04,OK
1761727702.7723472,19.806,10.26,203.2,50.39,219.86,0.988,0.935,49.96,OK
1761727702.8736665,19.839,10.25,203.34,50.39,220.29,0.985,0.937,50.05,OK
1761727702.974839,19.849,10.105,200.57,50.39,220.23,0.973,0.936,50.05,OK
1761727703.0761564,19.827,10.112,200.49,50.39,219.75,0.949,0.961,50.0,OK
1761727703.1773942,19.824,10.203,202.26,50.39,220.4,0.974,0.942,49.97,OK
1761727703.2788525,19.877,10.132,201.4,50.39,219.74,0.954,0.961,49.98,OK
1761727703.3799202,19.871,10.208,202.84,50.39,219.89,0.978,0.943,49.96,OK
1761727703.4812014,19.815,10.055,199.25,50.39,220.0,0.967,0.936,50.03,OK
1761727703.5825875,19.813,10.12,200.5,50.39,220.07,0.955,0.954,49.96,OK
1761727703.6838548,19.824,10.028,198.8,50.39,219.96,0.95,0.951,49.98,OK
1761727703.785359,19.852,10.185,202.19,50.39,219.98,0.986,0.932,49.99,OK
1761727703.8867233,19.812,10.176,201.61,50.39,220.38,0.964,0.949,49.97,OK
1761727703.9878123,19.817,10.176,201.66,50.39,220.04,0.991,0.925,50.01,OK
1761727704.089085,19.807,10.115,200.34,50.39,220.22,0.977,0.931,50.02,OK
1761727704.1904876,19.859,10.152,201.62,50.39,219.91,0.974,0.941,49.95,OK
1761727704.2915947,19.798,10.099,199.94,50.39,220.0,0.977,0.93,49.99,OK
1761727704.3929925,19.827,10.164,201.51,50.39,219.62,0.973,0.943,50.04,OK
1761727704.494313,19.828,10.024,198.76,50.39,220.25,0.956,0.944,49.95,OK
1761727704.595708,19.855,10.111,200.75,50.39,220.2,0.937,0.973,50.0,OK
1761727704.697112,19.854,9.939,197.32,50.39,220.11,0.974,0.921,50.03,OK
1761727704.7982733,19.798,10.137,200.7,50.39,219.64,0.968,0.944,49.99,OK
1761727704.8995514,19.859,10.05,199.59,50.39,219.79,0.941,0.965,50.03,OK
1761727705.0007434,19.809,10.053,199.14,50.39,219.94,0.942,0.961,49.97,OK
1761727705.1020842,19.84,10.111,200.61,50.39,220.17,0.984,0.926,50.04,OK
1761727705.203253,19.812,10.022,198.55,50.39,219.76,0.979,0.922,50.02,OK
1761727705.3049212,19.796,10.008,198.12,50.39,220.26,0.929,0.968,50.04,OK
1761727705.406348,19.826,9.981,197.89,50.39,220.01,0.953,0.944,50.0,OK
1761727705.5079153,19.851,10.026,199.02,50.39,219.8,0.929,0.975,49.97,OK
1761727705.6097076,19.877,9.88,196.38,50.39,219.83,0.97,0.921,49.99,OK
1761727705.7113855,19.821,10.062,199.43,50.39,220.24,0.973,0.931,50.03,OK
1761727705.8130546,19.817,10.062,199.4,50.39,219.91,0.968,0.937,49.95,OK
1761727705.9148393,19.792,9.995,197.81,50.39,220.26,0.964,0.932,49.99,OK
1761727706.0165336,19.837,9.988,198.13,50.39,219.7,0.973,0.927,50.02,OK
1761727706.1178427,19.844,9.893,196.32,50.39,220.02,0.936,0.953,50.03,OK
1761727706.2190087,19.82,9.945,197.1,50.39,220.36,0.943,0.948,50.04,OK
1761727706.3202894,19.821,9.859,195.4,50.39,220.2,0.929,0.955,50.0,OK
1761727706.4213188,19.861,9.885,196.32,50.39,219.94,0.917,0.974,50.02,OK
1761727706.5226007,19.827,9.989,198.05,50.39,220.11,0.954,0.943,50.0,OK
1761727706.6237867,19.795,10.017,198.29,50.39,219.64,0.929,0.971,49.98,OK
1761727706.7247329,19.853,9.949,197.52,50.39,220.15,0.934,0.961,50.03,OK
1761727706.8258936,19.809,9.885,195.8,50.39,219.9,0.916,0.972,50.02,OK
1761727706.9271834,19.827,9.84,195.1,50.39,219.75,0.964,0.921,50.02,OK
1761727707.0280428,19.799,9.895,195.92,50.39,220.09,0.919,0.969,49.97,OK
1761727707.1292198,19.881,9.904,196.9,50.39,219.62,0.973,0.921,50.03,OK
1761727707.2305927,19.848,9.852,195.54,50.39,219.89,0.934,0.952,50.01,OK
1761727707.3318565,19.84,9.947,197.35,50.39,220.32,0.917,0.977,50.04,OK
1761727707.4329257,19.851,9.864,195.8,50.39,219.62,0.967,0.922,50.04,OK
1761727707.5338907,19.812,9.859,195.32,50.39,220.21,0.919,0.965,50.04,OK
1761727707.6351655,19.828,9.844,195.19,50.39,219.93,0.962,0.923,50.02,OK
1761727707.736529,19.838,9.819,194.79,50.39,219.89,0.909,0.975,49.98,OK
1761727707.8377342,19.821,9.802,194.29,50.39,219.89,0.935,0.945,50.03,OK
1761727707.9392884,19.822,9.93,196.84,50.39,219.72,0.972,0.922,50.03,OK
1761727708.0406268,19.831,9.924,196.81,50.39,219.72,0.935,0.958,50.02,OK
1761727708.141795,19.805,9.979,197.63,50.39,219.86,0.958,0.939,49.97,OK
1761727708.243696,19.813,9.831,194.77,50.39,220.34,0.916,0.966,49.98,OK
1761727708.3449116,19.799,9.804,194.12,50.39,219.63,0.927,0.953,49.95,OK
1761727708.4460611,19.846,9.884,196.16,50.39,220.05,0.919,0.97,49.98,OK
1761727708.5473254,19.887,9.819,195.26,50.39,219.78,0.935,0.95,50.03,OK
1761727708.6486661,19.813,9.861,195.37,50.39,220.15,0.935,0.949,49.97,OK
1761727708.7501612,19.87,9.77,194.12,50.39,220.12,0.955,0.923,50.03,OK
1761727708.8511674,19.8,9.916,196.34,50.39,219.84,0.935,0.955,50.01,OK
1761727708.9524658,19.887,9.872,196.34,50.39,219.67,0.913,0.979,50.0,OK
1761727709.053893,19.817,9.811,194.42,50.39,219.79,0.916,0.966,49.98,OK
1761727709.155201,19.878,9.872,196.24,50.39,219.85,0.923,0.967,50.04,OK
1761727709.2564733,19.795,9.998,197.91,50.39,220.14,0.95,0.947,49.95,OK
1761727709.3577716,19.884,9.786,194.58,50.39,219.8,0.93,0.951,49.98,OK
1761727709.458961,19.871,9.834,195.42,50.39,220.32,0.928,0.955,50.04,OK
1761727709.5602472,19.872,9.812,194.98,50.39,220.15,0.922,0.961,50.04,OK
1761727709.661655,19.85,9.848,195.49,50.39,220.18,0.951,0.933,50.0,OK
1761727709.7628114,19.881,9.934,197.5,50.39,220.37,0.965,0.929,50.02,OK
1761727709.8641362,19.812,9.863,195.41,50.39,220.38,0.908,0.976,49.99,OK
1761727709.965417,19.795,9.964,197.23,50.39,220.2,0.916,0.978,49.98,OK
1761727710.0667558,19.885,9.873,196.32,50.39,219.85,0.934,0.956,49.96,OK
1761727710.168,19.847,9.967,197.82,50.39,219.71,0.967,0.931,50.02,OK
1761727710.2694657,19.827,10.003,198.33,50.39,220.09,0.944,0.955,49.98,OK
1761727710.3706183,19.869,9.831,195.34,50.39,220.03,0.937,0.948,49.99,OK
1761727710.471902,19.871,9.902,196.77,50.39,220.06,0.917,0.975,49.97,OK
1761727710.573088,19.795,10.003,198.01,50.39,220.14,0.918,0.98,50.04,OK
1761727710.6742764,19.86,9.924,197.08,50.39,220.09,0.972,0.921,50.04,OK
1761727710.7756116,19.868,9.813,194.96,50.39,220.35,0.924,0.958,50.01,OK
1761727710.8769152,19.824,9.936,196.97,50.39,219.7,0.962,0.932,49.97,OK
1761727710.978222,19.849,9.903,196.56,50.39,219.7,0.928,0.965,49.97,OK
1761727711.0794675,19.828,9.866,195.62,50.39,219.87,0.929,0.957,50.03,OK
1761727711.1807446,19.856,9.968,197.92,50.39,220.26,0.949,0.947,50.03,OK
1761727711.281913,19.876,9.88,196.38,50.39,220.03,0.924,0.965,50.03,OK
1761727711.383072,19.807,9.877,195.63,50.39,219.82,0.91,0.978,49.96,OK
1761727711.4843895,19.83,9.894,196.2,50.39,219.73,0.963,0.927,49.98,OK
1761727711.5855784,19.824,9.938,197.0,50.39,219.89,0.936,0.957,50.02,OK
1761727711.6868856,19.852,9.95,197.52,50.39,220.28,0.92,0.975,50.0,OK
1761727711.789057,19.802,9.903,196.1,50.39,220.02,0.962,0.927,49.98,OK
1761727711.8913953,19.834,9.92,196.75,50.39,219.7,0.92,0.973,49.98,OK
1761727711.9926538,19.825,9.896,196.18,50.39,220.29,0.928,0.96,49.95,OK
1761727712.0939677,19.871,9.94,197.51,50.39,219.76,0.94,0.956,49.95,OK
1761727712.195646,19.824,10.02,198.64,50.39,220.39,0.937,0.961,50.04,OK
1761727712.2969482,19.873,10.075,200.22,50.39,220.13,0.977,0.931,50.0,OK
1761727712.3982675,19.813,9.936,196.86,50.39,219.63,0.968,0.926,49.98,OK
1761727712.4999547,19.807,10.081,199.68,50.39,220.03,0.951,0.955,50.02,OK
1761727712.6017563,19.848,9.999,198.45,50.39,220.34,0.948,0.95,50.05,OK
1761727712.703427,19.82,9.976,197.74,50.39,220.22,0.939,0.956,49.97,OK
1761727712.804721,19.807,10.128,200.61,50.39,220.31,0.937,0.972,49.97,OK
1761727712.9064243,19.853,10.042,199.36,50.39,219.93,0.936,0.968,50.0,OK
1761727713.0082188,19.86,9.974,198.09,50.39,220.38,0.921,0.975,50.04,OK
1761727713.109874,19.839,10.083,200.05,50.39,219.75,0.983,0.926,49.98,OK
1761727713.2111588,19.813,10.079,199.69,50.39,219.95,0.957,0.948,49.96,OK
1761727713.312822,19.883,9.977,198.38,50.39,220.39,0.931,0.967,50.02,OK
1761727713.4145646,19.859,9.962,197.85,50.39,219.87,0.935,0.963,50.04,OK
1761727713.5193775,19.875,10.032,199.39,50.39,220.14,0.929,0.975,50.01,OK
1761727713.620703,19.876,10.16,201.94,50.39,220.06,0.975,0.941,50.01,OK
1761727713.7219944,19.882,9.984,198.5,50.39,219.94,0.96,0.94,49.96,OK
1761727713.823376,19.873,10.177,202.25,50.39,220.09,0.988,0.93,50.04,OK
1761727713.9246566,19.883,10.141,201.62,50.39,219.8,0.992,0.925,49.98,OK
1761727714.0259454,19.838,10.079,199.96,50.39,220.12,0.97,0.936,50.04,OK
1761727714.127351,19.876,10.018,199.12,50.39,219.85,0.977,0.927,49.99,OK
1761727714.2286503,19.834,10.174,201.78,50.39,219.88,0.939,0.977,49.98,OK
1761727714.32964,19.862,10.121,201.02,50.39,220.32,0.974,0.937,49.95,OK
1761727714.4308314,19.815,10.23,202.7,50.39,220.32,0.974,0.945,49.97,OK
1761727714.5322134,19.82,10.137,200.91,50.39,219.76,0.947,0.965,49.98,OK
1761727714.633595,19.847,10.084,200.15,50.39,219.74,0.95,0.959,50.04,OK
1761727714.734592,19.841,10.133,201.04,50.39,219.76,0.983,0.931,49.95,OK
1761727714.835626,19.813,10.268,203.43,50.39,219.62,0.98,0.945,49.96,OK
1761727714.936913,19.86,10.088,200.35,50.39,220.21,0.958,0.95,50.04,OK
1761727715.0382257,19.842,10.191,202.22,50.39,220.37,0.988,0.929,50.04,OK
1761727715.139384,19.847,10.203,202.49,50.39,219.76,0.981,0.939,50.04,OK
1761727715.2407038,19.861,10.121,201.01,50.39,220.24,0.984,0.928,50.03,OK
1761727715.3418884,19.798,10.234,202.61,50.39,219.98,0.999,0.922,49.96,OK
1761727715.4431272,19.804,10.193,201.87,50.39,220.22,0.97,0.945,50.04,OK
1761727715.5444107,19.842,10.126,200.92,50.39,220.16,0.969,0.942,49.98,OK
1761727715.6456883,19.847,10.139,201.23,50.39,220.14,0.979,0.933,50.04,OK
1761727715.7469652,19.873,10.281,204.32,50.39,219.71,0.983,0.946,49.97,OK
1761727715.848129,19.822,10.291,203.99,50.39,219.75,0.961,0.966,49.96,OK
1761727715.9495862,19.87,10.234,203.36,50.39,220.15,0.979,0.943,50.04,OK
1761727716.050971,19.818,10.19,201.94,50.39,219.8,0.971,0.947,50.0,OK
1761727716.1518338,19.841,10.33,204.96,50.39,219.92,0.957,0.974,50.0,OK
1761727716.2530892,19.792,10.165,201.18,50.39,219.71,0.943,0.971,50.03,OK
1761727716.3539886,19.832,10.284,203.95,50.39,219.61,0.994,0.934,49.99,OK
1761727716.4552574,19.802,10.256,203.1,50.39,220.07,0.966,0.955,49.95,OK
1761727716.5564375,19.88,10.306,204.88,50.39,219.73,1.001,0.931,49.95,OK
1761727716.6577501,19.845,10.154,201.51,50.39,219.69,0.963,0.952,50.03,OK
1761727716.7590148,19.873,10.272,204.14,50.39,219.61,0.987,0.941,49.98,OK
1761727716.8604305,19.844,10.191,202.24,50.39,220.33,0.965,0.951,50.04,OK
1761727716.9617887,19.873,10.19,202.5,50.39,219.87,0.98,0.939,50.03,OK
1761727717.063089,19.823,10.195,202.09,50.39,220.0,0.991,0.927,50.03,OK
1761727717.1648517,19.859,10.238,203.32,50.39,220.02,0.945,0.978,49.97,OK
1761727717.266238,19.836,10.362,205.54,50.39,220.0,0.964,0.969,50.02,OK
1761727717.3676083,19.8,10.32,204.33,50.39,219.61,0.983,0.947,50.0,OK
1761727717.468675,19.869,10.354,205.72,50.39,219.71,1.008,0.929,49.96,OK
1761727717.5699682,19.821,10.341,204.98,50.39,220.27,0.97,0.96,49.99,OK
1761727717.6711485,19.864,10.292,204.45,50.39,219.65,0.959,0.971,50.02,OK
1761727717.7724562,19.792,10.21,202.07,50.39,219.76,0.976,0.942,50.05,OK
1761727717.874124,19.866,10.339,205.39,50.39,220.15,0.97,0.962,49.99,OK
1761727717.9758487,19.838,10.296,204.25,50.39,220.12,0.956,0.971,49.96,OK
1761727718.077543,19.807,10.332,204.65,50.39,220.39,0.974,0.953,49.97,OK
1761727718.1787176,19.858,10.254,203.62,50.39,219.83,1.005,0.922,50.0,OK
1761727718.2800064,19.809,10.282,203.68,50.39,219.8,0.995,0.931,50.0,OK
1761727718.3816736,19.84,10.184,202.06,50.39,219.78,0.969,0.949,50.0,OK
1761727718.4829674,19.89,10.312,205.11,50.39,219.71,1.011,0.923,50.01,OK
1761727718.584671,19.81,10.335,204.73,50.39,219.87,0.978,0.952,50.05,OK
1761727718.6860044,19.82,10.301,204.17,50.39,220.38,0.952,0.973,49.99,OK
1761727718.7873814,19.855,10.207,202.66,50.39,219.87,0.967,0.953,50.05,OK
1761727718.8888636,19.838,10.252,203.37,50.39,219.64,0.972,0.953,49.97,OK
1761727718.9901338,19.87,10.184,202.35,50.39,219.81,0.943,0.977,50.02,OK
1761727719.093125,19.813,10.233,202.75,50.39,219.81,0.966,0.955,50.04,OK
1761727719.1944942,19.799,10.325,204.41,50.39,220.39,0.99,0.937,49.98,OK
1761727719.2956953,19.826,10.181,201.84,50.39,219.85,0.937,0.98,50.04,OK
1761727719.396826,19.833,10.312,204.51,50.39,219.69,0.974,0.955,49.98,OK
1761727719.4980881,19.872,10.195,202.6,50.39,219.64,0.975,0.946,49.96,OK
1761727719.599473,19.822,10.28,203.78,50.39,220.14,0.981,0.943,49.96,OK
1761727719.7004201,19.833,10.204,202.38,50.39,220.36,0.975,0.942,50.02,OK
1761727719.8016841,19.846,10.264,203.69,50.39,219.71,0.995,0.932,50.01,OK
1761727719.9030623,19.798,10.372,205.35,50.39,219.82,1.006,0.929,50.04,OK
1761727720.004424,19.877,10.199,202.72,50.39,219.8,0.984,0.937,49.97,OK
1761727720.1057096,19.804,10.322,204.41,50.39,219.79,0.956,0.973,50.04,OK
1761727720.2070622,19.837,10.244,203.2,50.39,220.04,1.0,0.923,49.97,OK
1761727720.3083415,19.798,10.344,204.78,50.39,220.37,0.986,0.942,49.99,OK
1761727720.4095373,19.877,10.309,204.92,50.39,219.6,0.966,0.966,50.04,OK
1761727720.510493,19.794,10.311,204.1,50.39,219.95,1.007,0.922,49.97,OK
1761727720.6117587,19.88,10.14,201.59,50.39,220.03,0.992,0.924,50.04,OK
1761727720.7127342,19.841,10.219,202.75,50.39,220.11,0.972,0.947,50.02,OK
1761727720.8139243,19.819,10.221,202.57,50.39,220.25,0.987,0.932,50.04,OK
1761727720.9150746,19.807,10.227,202.56,50.39,219.69,0.995,0.926,49.99,OK
1761727721.0164056,19.859,10.199,202.53,50.39,219.92,0.996,0.925,50.03,OK
1761727721.1176932,19.854,10.207,202.64,50.39,219.92,0.988,0.932,50.03,OK
1761727721.2189956,19.798,10.186,201.65,50.39,219.97,0.979,0.936,50.05,OK
1761727721.3201993,19.819,10.112,200.42,50.39,220.02,0.949,0.96,50.01,OK
1761727721.4215326,19.847,10.206,202.55,50.39,220.04,0.967,0.952,49.96,OK
1761727721.5229366,19.88,10.171,202.19,50.39,220.24,0.99,0.928,50.04,OK
1761727721.6242952,19.82,10.246,203.07,50.39,220.1,0.973,0.948,49.99,OK
1761727721.7251983,19.889,10.132,201.51,50.39,220.19,0.941,0.973,49.97,OK
1761727721.8265805,19.849,10.054,199.56,50.39,219.63,0.971,0.936,49.98,OK
1761727721.927662,19.861,10.22,202.98,50.39,220.3,0.949,0.971,49.99,OK
1761727722.0290663,19.841,10.163,201.63,50.39,219.63,0.991,0.926,49.96,OK
1761727722.1300483,19.822,10.144,201.08,50.39,219.95,0.986,0.927,49.97,OK
1761727722.2313192,19.818,10.151,201.17,50.39,220.31,0.933,0.978,50.05,OK
1761727722.332584,19.882,10.126,201.32,50.39,220.24,0.964,0.948,50.0,OK
1761727722.4339044,19.869,10.082,200.32,50.39,220.39,0.942,0.965,49.98,OK
1761727722.535262,19.824,10.065,199.53,50.39,220.03,0.963,0.942,50.03,OK
1761727722.6366448,19.847,10.017,198.8,50.39,219.74,0.945,0.957,50.04,OK
1761727722.7377937,19.889,10.124,201.34,50.39,219.75,0.979,0.936,50.02,OK
1761727722.8387296,19.865,10.001,198.66,50.39,220.05,0.931,0.969,50.01,OK
1761727722.9399056,19.812,10.194,201.97,50.39,219.9,0.958,0.958,50.0,OK
1761727723.0411975,19.838,10.134,201.04,50.39,219.66,0.951,0.963,49.98,OK
1761727723.1423786,19.887,10.043,199.73,50.39,219.74,0.983,0.924,49.99,OK
1761727723.244072,19.828,10.151,201.27,50.39,220.17,0.966,0.946,49.96,OK
1761727723.3457851,19.883,9.967,198.17,50.39,220.13,0.95,0.947,50.02,OK
1761727723.447148,19.824,9.962,197.49,50.39,219.62,0.939,0.957,49.96,OK
1761727723.5488174,19.826,10.112,200.48,50.39,220.01,0.97,0.939,50.03,OK
1761727723.6501167,19.845,10.022,198.87,50.39,219.78,0.961,0.942,49.96,OK
1761727723.7527962,19.814,10.033,198.8,50.39,220.04,0.93,0.971,50.01,OK
1761727723.854082,19.812,10.089,199.88,50.39,220.05,0.956,0.95,50.03,OK
1761727723.9557402,19.887,10.046,199.8,50.39,220.39,0.972,0.932,49.97,OK
1761727724.0570242,19.832,9.938,197.08,50.39,219.97,0.957,0.936,50.01,OK
1761727724.1582065,19.823,10.09,200.01,50.39,220.27,0.968,0.938,49.99,OK
1761727724.2594986,19.84,9.958,197.56,50.39,220.14,0.93,0.965,49.98,OK
1761727724.3606882,19.832,9.906,196.45,50.39,220.2,0.924,0.965,50.02,OK
1761727724.4620426,19.81,10.03,198.69,50.39,220.39,0.974,0.926,50.04,OK
1761727724.5631046,19.877,9.954,197.84,50.39,220.16,0.976,0.921,50.05,OK
1761727724.6647558,19.848,9.897,196.43,50.39,220.2,0.967,0.923,49.97,OK
1761727724.766031,19.804,9.891,195.89,50.39,219.87,0.944,0.944,49.96,OK
1761727724.8671892,19.822,10.02,198.61,50.39,219.64,0.969,0.933,49.99,OK
1761727724.968469,19.806,9.989,197.83,50.39,220.03,0.949,0.947,50.04,OK
1761727725.0696301,19.798,9.951,197.02,50.39,219.97,0.926,0.967,49.99,OK
1761727725.1709278,19.868,10.022,199.11,50.39,220.11,0.934,0.968,50.02,OK
1761727725.2720962,19.801,10.049,198.99,50.39,220.15,0.938,0.963,50.0,OK
1761727725.3735023,19.823,9.98,197.83,50.39,220.2,0.923,0.973,50.01,OK
1761727725.474815,19.808,9.852,195.13,50.39,219.9,0.914,0.971,49.99,OK
1761727725.5759704,19.831,9.921,196.75,50.39,220.28,0.936,0.954,49.97,OK
1761727725.6772592,19.872,9.872,196.19,50.39,219.63,0.956,0.934,50.05,OK
1761727725.778417,19.817,9.876,195.72,50.39,219.66,0.922,0.967,50.03,OK
1761727725.8792028,19.859,9.994,198.47,50.39,220.05,0.948,0.952,50.05,OK
1761727725.9838886,19.88,9.979,198.38,50.39,220.12,0.952,0.947,49.95,OK
1761727726.0851786,19.844,9.864,195.74,50.39,219.7,0.951,0.937,50.0,OK
1761727726.1863406,19.889,9.811,195.12,50.39,220.03,0.961,0.923,50.0,OK
1761727726.2876222,19.82,9.924,196.7,50.39,219.89,0.921,0.971,50.0,OK
1761727726.3887815,19.835,9.851,195.39,50.39,219.8,0.928,0.958,50.02,OK
1761727726.490098,19.85,9.844,195.39,50.39,220.3,0.946,0.937,49.99,OK
1761727726.5912735,19.881,9.95,197.82,50.39,220.37,0.921,0.975,50.04,OK
1761727726.6929328,19.801,9.969,197.39,50.39,220.25,0.944,0.95,49.99,OK
1761727726.7952163,19.882,9.797,194.79,50.39,219.97,0.958,0.924,50.05,OK
1761727726.8968737,19.797,10.001,197.99,50.39,220.13,0.968,0.93,50.01,OK
1761727726.9981594,19.834,9.798,194.33,50.39,220.01,0.947,0.933,49.98,OK
1761727727.0993536,19.861,9.864,195.91,50.39,219.61,0.956,0.933,49.98,OK
1761727727.2011364,19.875,9.815,195.08,50.39,220.34,0.938,0.944,50.03,OK
1761727727.3043444,19.803,9.976,197.56,50.39,219.65,0.967,0.93,50.05,OK
1761727727.4053707,19.811,9.844,195.02,50.39,220.28,0.929,0.953,49.99,OK
1761727727.5065627,19.804,9.875,195.56,50.39,220.17,0.944,0.941,49.97,OK
1761727727.607785,19.809,9.992,197.93,50.39,220.21,0.946,0.951,49.96,OK
1761727727.709119,19.846,9.91,196.68,50.39,219.93,0.942,0.949,50.02,OK
1761727727.8103998,19.861,9.961,197.83,50.39,219.98,0.948,0.949,49.96,OK
1761727727.9117947,19.818,9.923,196.65,50.39,220.32,0.93,0.96,49.98,OK
1761727728.0130877,19.81,9.968,197.47,50.39,219.9,0.951,0.944,49.96,OK
1761727728.11448,19.815,9.942,197.01,50.39,219.62,0.935,0.959,50.02,OK
1761727728.2157862,19.822,9.987,197.97,50.39,220.01,0.939,0.958,50.02,OK
1761727728.3170698,19.839,9.803,194.49,50.39,219.99,0.923,0.958,50.02,OK
1761727728.4181938,19.888,9.867,196.25,50.39,220.37,0.962,0.926,50.04,OK
1761727728.5198982,19.855,9.958,197.71,50.39,220.09,0.962,0.934,50.02,OK
1761727728.622182,19.791,9.984,197.6,50.39,219.63,0.93,0.968,50.01,OK
1761727728.7233512,19.809,9.87,195.52,50.39,219.88,0.939,0.947,50.01,OK
1761727728.8251255,19.887,9.946,197.8,50.39,220.22,0.927,0.969,50.04,OK
1761727728.9268193,19.885,9.838,195.62,50.39,219.72,0.953,0.934,49.98,OK
1761727729.028167,19.8,9.859,195.21,50.39,220.32,0.933,0.949,49.97,OK
1761727729.129354,19.805,10.018,198.4,50.39,219.8,0.941,0.959,49.96,OK
1761727729.2306652,19.82,9.917,196.56,50.39,219.94,0.964,0.927,50.01,OK
1761727729.3320224,19.855,9.977,198.1,50.39,220.37,0.917,0.98,50.01,OK
1761727729.43312,19.853,9.886,196.27,50.39,219.77,0.969,0.922,50.02,OK
1761727729.534301,19.873,9.865,196.04,50.39,220.24,0.924,0.963,50.01,OK
1761727729.6356027,19.841,9.987,198.16,50.39,219.72,0.955,0.944,50.02,OK
1761727729.7369902,19.886,9.978,198.42,50.39,219.78,0.95,0.95,49.97,OK
1761727729.8383558,19.881,9.851,195.84,50.39,220.33,0.964,0.922,50.01,OK
1761727729.9397285,19.816,9.867,195.52,50.39,220.36,0.953,0.931,50.04,OK
1761727730.040994,19.802,9.887,195.78,50.39,219.86,0.918,0.97,50.05,OK
1761727730.1423836,19.798,10.0,197.99,50.39,220.1,0.927,0.971,49.98,OK
1761727730.243639,19.811,10.038,198.86,50.39,219.84,0.94,0.962,50.0,OK
1761727730.3450565,19.845,10.009,198.62,50.39,220.07,0.978,0.923,49.99,OK
1761727730.4463422,19.883,9.993,198.7,50.39,219.9,0.964,0.937,49.98,OK
1761727730.5472114,19.883,9.952,197.87,50.39,220.34,0.918,0.979,49.99,OK
1761727730.648496,19.863,9.883,196.3,50.39,220.15,0.962,0.926,50.02,OK
1761727730.7496479,19.856,10.014,198.83,50.39,219.79,0.924,0.979,50.05,OK
1761727730.8509302,19.841,10.028,198.96,50.39,219.62,0.948,0.956,49.98,OK
1761727730.9521194,19.798,9.957,197.13,50.39,220.23,0.934,0.958,49.98,OK
1761727731.053407,19.83,9.983,197.96,50.39,220.3,0.952,0.943,50.05,OK
1761727731.1545768,19.838,10.063,199.63,50.39,219.6,0.934,0.973,50.01,OK
1761727731.2562544,19.812,10.029,198.69,50.39,219.89,0.966,0.936,49.99,OK
1761727731.3575418,19.884,9.93,197.45,50.39,219.64,0.956,0.941,49.98,OK
1761727731.4593422,19.853,10.05,199.53,50.39,219.85,0.986,0.921,50.02,OK
1761727731.560639,19.81,9.997,198.04,50.39,220.1,0.925,0.973,50.03,OK
1761727731.6623166,19.812,9.962,197.36,50.39,219.62,0.942,0.954,50.04,OK
1761727731.7636065,19.885,10.015,199.14,50.39,219.88,0.955,0.948,50.04,OK
1761727731.864796,19.845,9.994,198.33,50.39,219.69,0.952,0.948,50.02,OK
1761727731.9660225,19.823,10.126,200.72,50.39,219.61,0.972,0.94,49.98,OK
1761727732.0673475,19.82,10.01,198.41,50.39,220.16,0.948,0.951,50.03,OK
1761727732.168716,19.888,10.081,200.49,50.39,220.09,0.932,0.977,49.98,OK
1761727732.2697961,19.849,10.126,200.99,50.39,219.87,0.966,0.946,49.95,OK
1761727732.3706715,19.846,10.172,201.87,50.39,220.25,0.945,0.97,50.02,OK
1761727732.4719603,19.834,10.097,200.27,50.39,219.74,0.976,0.934,50.03,OK
1761727732.5731466,19.825,10.099,200.21,50.39,219.6,0.94,0.97,49.97,OK
1761727732.67464,19.822,10.164,201.48,50.39,219.82,0.968,0.947,49.97,OK
1761727732.7758384,19.841,10.025,198.91,50.39,219.95,0.946,0.956,50.0,OK
1761727732.877192,19.811,10.071,199.52,50.39,220.06,0.93,0.974,49.98,OK
1761727732.9782135,19.876,10.09,200.55,50.39,220.37,0.966,0.942,49.96,OK
1761727733.0796814,19.837,10.036,199.07,50.39,219.93,0.982,0.922,50.0,OK
1761727733.1810024,19.791,10.252,202.9,50.39,220.11,0.975,0.946,50.02,OK
1761727733.2823596,19.814,10.201,202.12,50.39,219.93,0.984,0.934,50.0,OK
1761727733.3833983,19.884,10.052,199.87,50.39,219.77,0.951,0.956,50.04,OK
1761727733.4847634,19.887,10.168,202.2,50.39,219.95,0.962,0.956,50.05,OK
1761727733.5874732,19.853,10.049,199.51,50.39,220.28,0.928,0.977,49.97,OK
1761727733.6888366,19.83,10.099,200.26,50.39,220.12,0.981,0.927,50.03,OK
1761727733.791051,19.851,10.167,201.82,50.39,219.68,0.962,0.955,50.02,OK
1761727733.892462,19.84,10.268,203.71,50.39,219.72,0.977,0.949,50.03,OK
1761727733.994178,19.822,10.239,202.96,50.39,219.92,0.97,0.951,49.95,OK
1761727734.0965521,19.883,10.188,202.56,50.39,220.23,0.983,0.935,49.97,OK
1761727734.1977441,19.866,10.113,200.9,50.39,219.65,0.947,0.966,49.98,OK
1761727734.298879,19.884,10.22,203.22,50.39,219.91,0.965,0.958,50.0,OK
1761727734.4001482,19.814,10.225,202.6,50.39,220.32,0.969,0.948,49.96,OK
1761727734.5014033,19.858,10.26,203.74,50.39,219.71,0.996,0.931,49.96,OK
1761727734.6027796,19.812,10.216,202.4,50.39,219.65,0.964,0.956,50.02,OK
1761727734.7040331,19.843,10.185,202.09,50.39,219.67,0.963,0.955,49.95,OK
1761727734.8053179,19.851,10.186,202.19,50.39,219.81,0.994,0.925,49.97,OK
1761727734.9067228,19.848,10.302,204.48,50.39,220.21,0.971,0.956,49.98,OK
1761727735.0079978,19.797,10.206,202.06,50.39,219.95,0.951,0.966,50.04,OK
1761727735.1091692,19.865,10.312,204.84,50.39,220.07,1.005,0.926,49.98,OK
1761727735.2105427,19.815,10.207,202.26,50.39,220.31,0.992,0.926,50.01,OK
1761727735.3118858,19.837,10.253,203.38,50.39,220.22,0.984,0.938,49.99,OK
1761727735.4129653,19.837,10.278,203.89,50.39,219.74,0.963,0.963,50.01,OK
1761727735.5143352,19.875,10.289,204.48,50.39,219.8,0.985,0.945,49.96,OK
1761727735.6157167,19.845,10.184,202.1,50.39,219.96,0.945,0.972,50.0,OK
1761727735.716676,19.859,10.207,202.7,50.39,220.28,0.976,0.942,50.0,OK
1761727735.818464,19.842,10.272,203.82,50.39,220.35,0.991,0.933,50.02,OK
1761727735.9197521,19.868,10.154,201.74,50.39,220.13,0.982,0.934,49.96,OK
1761727736.021144,19.876,10.309,204.89,50.39,219.71,1.009,0.924,50.03,OK
1761727736.1225102,19.884,10.288,204.56,50.39,220.12,0.958,0.97,50.0,OK
1761727736.223899,19.884,10.241,203.64,50.39,220.33,0.995,0.929,49.97,OK
1761727736.3252695,19.806,10.196,201.94,50.39,220.18,0.987,0.929,49.98,OK
1761727736.4265907,19.861,10.288,204.34,50.39,219.77,1.003,0.927,49.97,OK
1761727736.527854,19.843,10.324,204.86,50.39,220.09,1.001,0.93,49.96,OK
1761727736.6291451,19.81,10.198,202.03,50.39,219.83,0.961,0.956,50.03,OK
1761727736.7304268,19.843,10.264,203.67,50.39,219.81,0.977,0.949,50.03,OK
1761727736.8316042,19.806,10.368,205.34,50.39,219.77,1.002,0.933,50.02,OK
1761727736.932905,19.844,10.238,203.16,50.39,219.88,0.976,0.947,50.03,OK
1761727737.0345817,19.814,10.266,203.4,50.39,219.82,0.967,0.957,49.99,OK
1761727737.136381,19.883,10.36,206.0,50.39,220.18,0.98,0.954,49.96,OK
1761727737.2380462,19.883,10.228,203.37,50.39,220.32,0.975,0.947,49.98,OK
1761727737.33984,19.87,10.299,204.64,50.39,220.16,0.997,0.933,50.04,OK
1761727737.4412432,19.87,10.365,205.96,50.39,219.81,0.959,0.977,49.98,OK
1761727737.5424635,19.792,10.257,202.99,50.39,219.98,0.997,0.925,49.99,OK
1761727737.643959,19.822,10.263,203.44,50.39,219.73,0.958,0.966,49.96,OK
1761727737.745233,19.869,10.19,202.46,50.39,219.65,0.974,0.946,49.98,OK
1761727737.84663,19.88,10.161,201.99,50.39,220.13,0.969,0.947,50.04,OK
1761727737.9478004,19.884,10.353,205.85,50.39,220.4,0.966,0.967,50.01,OK
1761727738.0491397,19.81,10.318,204.4,50.39,220.1,0.955,0.972,50.04,OK
1761727738.1502452,19.889,10.294,204.73,50.39,220.26,1.008,0.922,49.96,OK
1761727738.2515428,19.837,10.337,205.06,50.39,219.67,0.974,0.959,49.97,OK
1761727738.352725,19.825,10.175,201.71,50.39,220.23,0.985,0.93,49.98,OK
1761727738.4542837,19.808,10.229,202.61,50.39,219.71,0.989,0.933,49.96,OK
1761727738.555614,19.84,10.233,203.03,50.39,220.17,0.95,0.97,49.98,OK
1761727738.6572893,19.865,10.204,202.71,50.39,220.39,0.999,0.92,49.95,OK
1761727738.7585135,19.875,10.151,201.76,50.39,220.23,0.941,0.974,50.0,OK
1761727738.8596888,19.85,10.217,202.82,50.39,220.07,0.989,0.932,50.03,OK
1761727738.9609997,19.802,10.337,204.69,50.39,220.14,1.004,0.926,49.97,OK
1761727739.062182,19.883,10.158,201.98,50.39,220.12,0.996,0.921,50.02,OK
1761727739.1635041,19.839,10.262,203.59,50.39,219.83,0.972,0.953,50.04,OK
1761727739.264676,19.844,10.255,203.49,50.39,219.95,0.956,0.968,49.98,OK
1761727739.3658357,19.877,10.282,204.37,50.39,220.29,0.99,0.937,50.01,OK
1761727739.4672558,19.831,10.237,203.01,50.39,219.89,1.001,0.922,49.95,OK
1761727739.5685215,19.796,10.162,201.17,50.39,219.62,0.955,0.96,50.04,OK
1761727739.6697655,19.872,10.283,204.35,50.39,219.91,0.961,0.967,49.96,OK
1761727739.7707582,19.792,10.33,204.46,50.39,220.21,0.962,0.965,50.03,OK
1761727739.8719423,19.815,10.212,202.34,50.39,220.08,0.964,0.954,49.97,OK
1761727739.9731212,19.823,10.117,200.56,50.39,220.09,0.982,0.928,49.99,OK
1761727740.074315,19.807,10.18,201.64,50.39,219.69,0.94,0.976,49.97,OK
1761727740.1757221,19.795,10.149,200.9,50.39,219.63,0.982,0.932,50.04,OK
1761727740.2769763,19.802,10.286,203.67,50.39,219.84,0.976,0.949,49.95,OK
1761727740.378255,19.849,10.104,200.56,50.39,219.68,0.965,0.946,50.01,OK
1761727740.479419,19.796,10.122,200.37,50.39,219.98,0.977,0.932,50.03,OK
1761727740.5805004,19.879,10.146,201.69,50.39,220.14,0.973,0.942,49.95,OK
1761727740.6820188,19.885,10.227,203.38,50.39,220.23,0.944,0.978,50.04,OK
1761727740.7832942,19.83,10.079,199.87,50.39,220.0,0.975,0.932,49.96,OK
1761727740.8847716,19.8,10.179,201.53,50.39,219.7,0.994,0.923,50.04,OK
1761727740.9860642,19.819,10.166,201.48,50.39,220.12,0.994,0.92,49.95,OK
1761727741.0874605,19.861,10.157,201.73,50.39,220.23,0.984,0.931,50.03,OK
1761727741.1887343,19.879,10.163,202.04,50.39,220.1,0.96,0.956,49.98,OK
1761727741.2900596,19.873,10.022,199.17,50.39,220.29,0.97,0.932,50.01,OK
1761727741.3914683,19.803,10.098,199.98,50.39,219.78,0.938,0.97,50.0,OK
1761727741.4927995,19.813,10.037,198.87,50.39,220.23,0.927,0.975,49.98,OK
1761727741.5942378,19.888,10.073,200.33,50.39,219.97,0.932,0.977,50.05,OK
1761727741.6955736,19.839,10.161,201.59,50.39,219.97,0.964,0.95,49.97,OK
1761727741.7968845,19.802,10.164,201.27,50.39,220.36,0.975,0.937,50.0,OK
1761727741.8981934,19.849,10.018,198.85,50.39,220.27,0.942,0.958,50.02,OK
1761727741.9994738,19.88,9.957,197.94,50.39,220.17,0.964,0.932,49.96,OK
1761727742.100359,19.842,10.094,200.29,50.39,219.98,0.944,0.965,49.97,OK
1761727742.2015433,19.86,10.126,201.09,50.39,220.35,0.988,0.923,50.02,OK
1761727742.303244,19.799,10.108,200.12,50.39,220.28,0.961,0.945,50.02,OK
1761727742.404916,19.791,10.032,198.54,50.39,220.27,0.955,0.944,49.98,OK
1761727742.5067196,19.871,9.981,198.34,50.39,220.09,0.937,0.962,49.99,OK
1761727742.6083944,19.862,9.93,197.23,50.39,220.04,0.928,0.966,49.97,OK
1761727742.7101903,19.812,10.084,199.78,50.39,219.67,0.986,0.922,50.01,OK
1761727742.811863,19.863,9.997,198.57,50.39,220.08,0.954,0.946,50.01,OK
1761727742.913181,19.8,9.937,196.74,50.39,220.07,0.935,0.956,50.01,OK
1761727743.014488,19.811,10.102,200.13,50.39,220.1,0.958,0.95,50.01,OK
1761727743.115918,19.805,10.009,198.24,50.39,219.71,0.979,0.922,50.01,OK
1761727743.2172956,19.798,10.039,198.75,50.39,219.7,0.969,0.933,50.0,OK
1761727743.3184633,19.889,9.925,197.39,50.39,219.94,0.959,0.936,49.97,OK
1761727743.4200163,19.879,10.026,199.31,50.39,220.37,0.951,0.951,50.03,OK
1761727743.521311,19.88,9.92,197.21,50.39,219.66,0.975,0.92,50.01,OK
1761727743.6223028,19.85,9.964,197.79,50.39,219.96,0.935,0.961,50.02,OK
1761727743.7234585,19.795,10.062,199.19,50.39,220.06,0.969,0.934,50.0,OK
1761727743.8248076,19.885,10.021,199.27,50.39,219.89,0.943,0.961,49.98,OK
1761727743.926121,19.824,10.034,198.91,50.39,220.34,0.967,0.934,49.96,OK
1761727744.0283475,19.847,9.969,197.86,50.39,219.87,0.955,0.942,50.04,OK
1761727744.1296558,19.79,9.974,197.38,50.39,219.85,0.961,0.935,49.99,OK
1761727744.2308366,19.805,10.017,198.38,50.39,219.62,0.954,0.947,49.99,OK
1761727744.3326848,19.881,9.835,195.54,50.39,220.14,0.92,0.966,49.95,OK
1761727744.4338872,19.807,9.925,196.59,50.39,220.38,0.946,0.943,50.04,OK
1761727744.5351982,19.797,10.022,198.41,50.39,219.91,0.932,0.968,49.96,OK
1761727744.6364815,19.834,9.852,195.41,50.39,219.61,0.956,0.93,49.99,OK
1761727744.7377257,19.8,9.912,196.25,50.39,220.39,0.909,0.979,50.0,OK
1761727744.8389964,19.869,9.937,197.44,50.39,219.78,0.968,0.928,50.04,OK
1761727744.9402385,19.832,9.832,194.99,50.39,219.85,0.925,0.959,50.04,OK
1761727745.041571,19.871,9.838,195.5,50.39,220.33,0.94,0.943,50.01,OK
1761727745.1427486,19.808,9.962,197.32,50.39,219.96,0.918,0.977,49.96,OK
1761727745.2441576,19.832,9.847,195.29,50.39,220.17,0.959,0.924,50.04,OK
1761727745.3453524,19.817,9.931,196.8,50.39,220.0,0.967,0.926,49.99,OK
1761727745.4467773,19.81,9.957,197.24,50.39,220.31,0.923,0.97,50.03,OK
1761727745.5481603,19.841,9.898,196.39,50.39,220.16,0.922,0.967,49.99,OK
1761727745.6493793,19.811,9.823,194.6,50.39,219.97,0.919,0.962,49.97,OK
1761727745.7507076,19.816,9.839,194.97,50.39,219.96,0.958,0.926,50.03,OK
1761727745.8519182,19.829,9.876,195.84,50.39,220.18,0.919,0.968,49.95,OK
1761727745.953234,19.849,9.969,197.88,50.39,220.13,0.937,0.96,49.96,OK
1761727746.0544336,19.82,9.853,195.27,50.39,219.67,0.958,0.928,50.04,OK
1761727746.1558454,19.851,9.867,195.87,50.39,220.2,0.962,0.924,49.97,OK
1761727746.2567053,19.881,9.863,196.08,50.39,219.69,0.967,0.923,50.04,OK
1761727746.3580766,19.887,9.803,194.95,50.39,220.02,0.909,0.975,50.02,OK
1761727746.4595573,19.841,9.912,196.66,50.39,220.02,0.958,0.933,50.0,OK
1761727746.5609262,19.86,9.931,197.22,50.39,220.12,0.948,0.945,49.98,OK
1761727746.6623156,19.845,9.922,196.9,50.39,219.83,0.96,0.933,50.03,OK
1761727746.7636178,19.863,9.959,197.82,50.39,219.62,0.945,0.953,49.99,OK
1761727746.8649192,19.79,9.974,197.39,50.39,219.67,0.975,0.922,49.98,OK
1761727746.9661167,19.873,9.924,197.23,50.39,220.11,0.936,0.957,50.0,OK
1761727747.0674171,19.842,9.782,194.11,50.39,220.0,0.909,0.971,49.98,OK
1761727747.1686475,19.83,9.938,197.07,50.39,220.24,0.923,0.97,49.99,OK
1761727747.2699938,19.834,9.798,194.34,50.39,220.07,0.903,0.978,50.0,OK
1761727747.3710306,19.874,9.775,194.27,50.39,219.89,0.926,0.954,49.98,OK
1761727747.4723082,19.884,9.867,196.19,50.39,219.9,0.953,0.936,49.97,OK
1761727747.573592,19.814,9.952,197.19,50.39,219.74,0.925,0.97,50.03,OK
1761727747.6751869,19.835,9.867,195.71,50.39,220.03,0.947,0.939,49.99,OK
1761727747.776865,19.857,9.813,194.85,50.39,220.38,0.928,0.953,49.99,OK
1761727747.8786523,19.793,9.888,195.72,50.39,220.37,0.933,0.952,50.01,OK
1761727747.980354,19.792,9.887,195.69,50.39,220.24,0.938,0.947,50.01,OK
1761727748.0816367,19.868,9.857,195.83,50.39,220.12,0.918,0.969,49.98,OK
1761727748.1833646,19.803,9.848,195.02,50.39,219.65,0.938,0.946,49.95,OK
1761727748.2847733,19.87,9.937,197.44,50.39,220.17,0.96,0.935,50.02,OK
1761727748.3861327,19.858,9.902,196.64,50.39,219.63,0.953,0.94,49.96,OK
1761727748.4874945,19.889,9.91,197.1,50.39,219.63,0.972,0.923,49.98,OK
1761727748.5887434,19.818,9.946,197.12,50.39,220.35,0.957,0.935,50.03,OK
1761727748.6901069,19.881,9.861,196.06,50.39,220.06,0.967,0.921,49.96,OK
1761727748.791281,19.824,9.871,195.68,50.39,219.93,0.922,0.965,49.99,OK
1761727748.8931043,19.863,9.889,196.43,50.39,219.79,0.941,0.95,50.04,OK
1761727748.994264,19.867,9.995,198.57,50.39,220.4,0.969,0.929,49.95,OK
1761727749.0956454,19.843,9.985,198.12,50.39,220.01,0.919,0.98,50.02,OK
1761727749.1968403,19.864,10.01,198.85,50.39,220.01,0.93,0.972,50.04,OK
1761727749.2980182,19.828,9.981,197.91,50.39,219.61,0.966,0.933,49.98,OK
1761727749.3996124,19.88,9.956,197.92,50.39,219.73,0.955,0.944,49.99,OK
1761727749.5009758,19.792,9.912,196.17,50.39,220.12,0.953,0.935,49.98,OK
1761727749.602222,19.838,10.069,199.75,50.39,219.97,0.941,0.965,50.05,OK
1761727749.703505,19.832,10.019,198.71,50.39,220.24,0.947,0.953,50.02,OK
1761727749.8046582,19.809,10.04,198.89,50.39,220.0,0.96,0.942,50.04,OK
1761727749.9060051,19.836,10.012,198.6,50.39,219.87,0.977,0.925,49.99,OK
1761727750.007228,19.866,9.978,198.22,50.39,220.0,0.949,0.949,50.03,OK
1761727750.1085296,19.876,10.059,199.94,50.39,219.63,0.945,0.963,50.02,OK
1761727750.2098222,19.849,10.034,199.16,50.39,220.2,0.965,0.937,49.99,OK
1761727750.3107255,19.884,9.979,198.43,50.39,219.61,0.923,0.979,50.04,OK
1761727750.4118578,19.873,9.962,197.98,50.39,219.73,0.95,0.948,49.96,OK
1761727750.515702,19.82,10.06,199.39,50.39,219.67,0.934,0.972,50.0,OK
1761727750.616891,19.804,10.127,200.55,50.39,219.93,0.971,0.939,49.96,OK
1761727750.7180958,19.835,9.978,197.91,50.39,219.79,0.938,0.96,50.02,OK
1761727750.8194993,19.841,10.083,200.05,50.39,220.14,0.976,0.931,49.96,OK
1761727750.920802,19.797,10.033,198.63,50.39,220.28,0.979,0.921,49.96,OK
1761727751.0218923,19.816,10.157,201.27,50.39,220.29,0.933,0.98,49.99,OK
1761727751.1232815,19.826,10.033,198.92,50.39,219.62,0.975,0.929,49.96,OK
1761727751.2243507,19.854,10.148,201.47,50.39,220.08,0.981,0.933,50.04,OK
1761727751.3256137,19.883,10.1,200.83,50.39,220.38,0.985,0.925,50.01,OK
1761727751.4267013,19.803,10.054,199.09,50.39,219.92,0.945,0.958,49.99,OK
1761727751.5280313,19.87,10.05,199.7,50.39,219.68,0.95,0.957,50.01,OK
1761727751.6292584,19.885,10.128,201.4,50.39,220.27,0.989,0.925,50.04,OK
1761727751.730565,19.876,10.103,200.82,50.39,219.71,0.96,0.952,50.03,OK
1761727751.831745,19.824,10.14,201.01,50.39,220.16,0.936,0.976,49.97,OK
1761727751.9329054,19.794,10.148,200.88,50.39,219.79,0.942,0.97,50.02,OK
1761727752.0342047,19.866,10.06,199.84,50.39,219.71,0.951,0.956,50.02,OK
1761727752.135362,19.819,10.152,201.21,50.39,219.72,0.965,0.949,50.0,OK
1761727752.236644,19.843,10.129,200.99,50.39,220.27,0.989,0.923,50.0,OK
1761727752.3378193,19.87,10.095,200.59,50.39,219.96,0.946,0.964,49.98,OK
1761727752.4391053,19.792,10.095,199.79,50.39,220.19,0.978,0.928,50.02,OK
1761727752.540253,19.791,10.218,202.23,50.39,220.08,0.964,0.953,49.98,OK
1761727752.6415422,19.79,10.159,201.05,50.39,220.14,0.986,0.926,49.98,OK
1761727752.742694,19.861,10.228,203.14,50.39,220.04,0.992,0.93,50.01,OK
1761727752.8438554,19.791,10.226,202.38,50.39,219.8,0.987,0.933,49.99,OK
1761727752.9456236,19.822,10.186,201.91,50.39,219.9,0.946,0.97,49.97,OK
1761727753.0467765,19.798,10.234,202.6,50.39,219.66,0.943,0.978,50.0,OK
1761727753.1480742,19.875,10.252,203.75,50.39,219.93,0.972,0.953,49.98,OK
1761727753.249226,19.85,10.296,204.37,50.39,220.38,0.953,0.973,49.99,OK
1761727753.3505034,19.808,10.202,202.08,50.39,219.86,0.973,0.945,50.04,OK
1761727753.4518428,19.809,10.278,203.59,50.39,219.69,0.981,0.945,49.97,OK
1761727753.5533206,19.801,10.151,201.0,50.39,220.06,0.964,0.947,50.03,OK
1761727753.654595,19.832,10.141,201.12,50.39,219.82,0.94,0.973,50.0,OK
1761727753.756249,19.793,10.216,202.2,50.39,220.07,0.971,0.946,50.01,OK
1761727753.8575273,19.868,10.302,204.67,50.39,219.71,0.951,0.98,50.04,OK
1761727753.9592059,19.89,10.214,203.15,50.39,219.72,0.966,0.957,50.03,OK
1761727754.0609891,19.811,10.163,201.33,50.39,219.66,0.943,0.972,50.03,OK
1761727754.1621566,19.882,10.144,201.68,50.39,219.98,0.988,0.928,49.99,OK
1761727754.2634418,19.808,10.32,204.42,50.39,219.8,0.967,0.962,50.02,OK
1761727754.364605,19.825,10.237,202.95,50.39,220.04,0.956,0.965,50.0,OK
1761727754.466036,19.882,10.3,204.78,50.39,220.18,1.011,0.92,50.04,OK
1761727754.5672052,19.837,10.274,203.8,50.39,219.75,0.961,0.966,49.96,OK
1761727754.6684852,19.88,10.209,202.96,50.39,220.25,0.999,0.923,50.02,OK
1761727754.7701411,19.863,10.173,202.06,50.39,219.76,0.951,0.967,50.05,OK
1761727754.871796,19.839,10.191,202.18,50.39,220.37,0.982,0.934,50.04,OK
1761727754.9730625,19.884,10.21,203.01,50.39,219.82,1.004,0.92,49.95,OK
1761727755.0747142,19.878,10.174,202.24,50.39,219.71,0.949,0.97,50.03,OK
1761727755.1770244,19.825,10.336,204.92,50.39,219.78,0.957,0.974,49.96,OK
1761727755.278221,19.881,10.232,203.42,50.39,220.11,0.956,0.967,49.96,OK
1761727755.379796,19.821,10.253,203.23,50.39,220.04,0.958,0.964,49.95,OK
1761727755.4811347,19.791,10.329,204.42,50.39,220.29,0.993,0.935,50.01,OK
1761727755.5828166,19.801,10.304,204.02,50.39,219.78,0.953,0.974,50.01,OK
1761727755.684629,19.795,10.34,204.69,50.39,219.62,0.989,0.943,49.96,OK
1761727755.7863066,19.886,10.326,205.35,50.39,220.12,0.995,0.938,49.99,OK
1761727755.8876364,19.793,10.4,205.84,50.39,220.06,1.008,0.928,49.97,OK
1761727755.9893157,19.861,10.298,204.53,50.39,220.23,0.962,0.966,49.98,OK
1761727756.0907621,19.82,10.203,202.22,50.39,220.02,0.993,0.926,49.99,OK
1761727756.1924357,19.832,10.312,204.5,50.39,219.67,0.978,0.952,50.0,OK
1761727756.2939734,19.888,10.31,205.05,50.39,220.03,0.968,0.963,50.04,OK
1761727756.3957307,19.857,10.363,205.78,50.39,220.1,0.975,0.959,50.04,OK
1761727756.4978502,19.835,10.248,203.27,50.39,220.15,0.995,0.928,49.98,OK
1761727756.5998616,19.828,10.254,203.32,50.39,219.81,0.964,0.96,50.0,OK
1761727756.7019248,19.857,10.2,202.54,50.39,220.33,0.974,0.944,49.95,OK
1761727756.8035548,19.845,10.312,204.65,50.39,220.32,0.962,0.966,49.98,OK
1761727756.9059844,19.852,10.34,205.28,50.39,220.18,0.965,0.966,49.96,OK
1761727757.0076528,19.889,10.148,201.84,50.39,220.37,0.961,0.953,50.02,OK
1761727757.1095583,19.836,10.231,202.95,50.39,219.81,0.967,0.954,50.01,OK
1761727757.211893,19.853,10.208,202.65,50.39,220.19,0.979,0.94,49.95,OK
1761727757.3133938,19.847,10.302,204.46,50.39,219.73,0.961,0.968,49.99,OK
1761727757.4157076,19.838,10.261,203.56,50.39,219.78,0.963,0.962,49.96,OK
1761727757.5171363,19.863,10.213,202.86,50.39,220.09,0.958,0.962,49.95,OK
1761727757.6190794,19.854,10.233,203.16,50.39,219.72,0.944,0.979,49.97,OK
1761727757.7215033,19.825,10.286,203.93,50.39,219.95,0.968,0.958,50.0,OK
1761727757.8230097,19.832,10.339,205.05,50.39,219.95,0.958,0.973,49.98,OK
1761727757.9250178,19.871,10.289,204.45,50.39,219.84,0.99,0.939,50.04,OK
1761727758.0270944,19.802,10.316,204.28,50.39,220.34,0.963,0.962,50.03,OK
1761727758.1291087,19.798,10.346,204.84,50.39,220.15,0.999,0.931,49.98,OK
1761727758.2311451,19.886,10.238,203.6,50.39,219.95,0.946,0.978,49.97,OK
1761727758.3328168,19.854,10.165,201.81,50.39,219.71,0.966,0.951,50.02,OK
1761727758.434508,19.817,10.291,203.94,50.39,219.74,0.998,0.93,50.0,OK
1761727758.5364277,19.844,10.116,200.75,50.39,219.95,0.966,0.945,50.03,OK
1761727758.6381166,19.792,10.15,200.89,50.39,219.87,0.95,0.962,50.02,OK
1761727758.7400427,19.847,10.224,202.92,50.39,219.67,0.984,0.938,49.96,OK
1761727758.8420098,19.876,10.164,202.02,50.39,220.38,0.98,0.936,50.02,OK
1761727758.944751,19.871,10.238,203.43,50.39,220.14,0.959,0.963,49.98,OK
1761727759.0464714,19.798,10.274,203.39,50.39,219.73,0.978,0.946,50.03,OK
1761727759.1495457,19.88,10.188,202.54,50.39,219.64,0.966,0.954,49.98,OK
1761727759.2507572,19.814,10.128,200.67,50.39,220.38,0.946,0.963,49.98,OK
1761727759.3538733,19.853,10.165,201.81,50.39,220.07,0.996,0.921,50.04,OK
1761727759.4558153,19.791,10.184,201.54,50.39,219.88,0.99,0.926,49.98,OK
1761727759.5578122,19.832,10.238,203.03,50.39,220.16,0.975,0.946,50.01,OK
1761727759.6599944,19.856,10.215,202.83,50.39,220.24,0.953,0.966,49.95,OK
1761727759.7627778,19.792,10.227,202.41,50.39,220.26,0.975,0.942,50.0,OK
1761727759.8656123,19.849,10.132,201.11,50.39,219.66,0.965,0.949,50.01,OK
1761727759.9678936,19.806,10.054,199.12,50.39,220.09,0.945,0.958,49.99,OK
1761727760.0697784,19.848,10.162,201.69,50.39,220.17,0.94,0.975,50.01,OK
1761727760.1786427,19.883,10.138,201.58,50.39,220.32,0.958,0.955,50.04,OK
1761727760.2805927,19.813,10.067,199.47,50.39,219.67,0.941,0.965,49.96,OK
1761727760.382561,19.828,10.049,199.26,50.39,220.37,0.948,0.953,49.96,OK
1761727760.4850001,19.804,10.186,201.72,50.39,220.04,0.941,0.975,50.0,OK
1761727760.5872927,19.883,10.106,200.93,50.39,219.95,0.959,0.953,49.99,OK
1761727760.6894195,19.806,10.136,200.75,50.39,220.09,0.981,0.93,49.96,OK
1761727760.7914066,19.859,10.124,201.05,50.39,220.33,0.947,0.964,50.02,OK
1761727760.8933158,19.803,10.028,198.58,50.39,220.35,0.956,0.942,49.98,OK
1761727760.9955003,19.871,9.992,198.56,50.39,219.77,0.977,0.925,50.01,OK
1761727761.0977168,19.823,10.046,199.13,50.39,219.85,0.961,0.942,50.03,OK
1761727761.199896,19.828,10.146,201.18,50.39,220.33,0.987,0.925,50.04,OK
1761727761.3021622,19.863,9.995,198.54,50.39,220.3,0.966,0.933,50.02,OK
1761727761.4039204,19.797,9.958,197.15,50.39,219.96,0.923,0.971,49.99,OK
1761727761.5060534,19.885,10.025,199.35,50.39,219.74,0.949,0.956,50.01,OK
1761727761.607829,19.818,10.068,199.52,50.39,219.65,0.935,0.972,49.97,OK
1761727761.709336,19.868,10.025,199.17,50.39,219.68,0.935,0.97,50.03,OK
1761727761.8111613,19.806,9.966,197.38,50.39,219.69,0.921,0.975,50.02,OK
1761727761.9133656,19.866,10.008,198.81,50.39,220.2,0.964,0.937,50.01,OK
1761727762.0156305,19.812,10.087,199.84,50.39,219.69,0.938,0.97,50.0,OK
1761727762.1176968,19.879,10.056,199.91,50.39,219.94,0.955,0.952,49.97,OK
1761727762.2191148,19.839,10.051,199.39,50.39,220.34,0.977,0.927,49.97,OK
1761727762.3208973,19.879,9.895,196.71,50.39,219.75,0.948,0.945,50.02,OK
1761727762.4228795,19.846,9.952,197.5,50.39,219.68,0.972,0.925,50.02,OK
1761727762.5250072,19.794,10.081,199.56,50.39,220.15,0.967,0.937,49.97,OK
1761727762.6265454,19.849,9.95,197.49,50.39,219.67,0.933,0.964,50.01,OK
1761727762.7281265,19.804,9.93,196.64,50.39,219.71,0.949,0.943,49.96,OK
1761727762.8300965,19.863,9.864,195.93,50.39,220.17,0.915,0.973,49.99,OK
1761727762.9316206,19.884,9.93,197.45,50.39,220.36,0.928,0.965,50.03,OK
1761727763.033188,19.858,9.956,197.7,50.39,219.74,0.975,0.923,50.04,OK
1761727763.134628,19.792,10.058,199.06,50.39,220.25,0.953,0.949,49.98,OK
1761727763.2362065,19.867,10.006,198.78,50.39,220.09,0.951,0.95,50.04,OK
1761727763.3377192,19.842,10.025,198.92,50.39,219.75,0.939,0.964,49.95,OK
1761727763.4395566,19.813,10.006,198.25,50.39,220.31,0.975,0.923,50.03,OK
1761727763.5412834,19.866,9.991,198.48,50.39,219.89,0.968,0.932,50.01,OK
1761727763.6432693,19.859,9.966,197.93,50.39,220.17,0.952,0.944,50.03,OK
1761727763.745219,19.791,9.992,197.76,50.39,219.6,0.946,0.952,50.03,OK
1761727763.8471167,19.858,9.798,194.57,50.39,219.94,0.943,0.939,50.02,OK
1761727763.949108,19.827,9.948,197.24,50.39,219.67,0.921,0.975,49.96,OK
1761727764.051066,19.867,9.848,195.64,50.39,219.63,0.937,0.95,49.95,OK
1761727764.1525798,19.87,9.965,198.01,50.39,220.09,0.944,0.953,50.0,OK
1761727764.2545593,19.813,9.972,197.57,50.39,219.9,0.936,0.96,50.02,OK
1761727764.3558638,19.833,9.936,197.06,50.39,220.24,0.948,0.944,50.01,OK
1761727764.4588413,19.871,9.801,194.76,50.39,220.1,0.911,0.972,49.96,OK
1761727764.560581,19.817,9.856,195.32,50.39,219.99,0.913,0.972,50.03,OK
1761727764.6630023,19.858,9.81,194.81,50.39,219.72,0.937,0.946,50.03,OK
1761727764.764575,19.83,9.868,195.69,50.39,219.98,0.911,0.976,49.99,OK
1761727764.8669012,19.87,9.832,195.36,50.39,220.32,0.926,0.958,49.96,OK
1761727764.9691665,19.839,9.91,196.6,50.39,220.23,0.919,0.971,50.04,OK
1761727765.0708601,19.848,9.9,196.49,50.39,220.16,0.921,0.969,50.02,OK
1761727765.1731067,19.826,9.865,195.58,50.39,219.98,0.946,0.94,50.02,OK
1761727765.2749412,19.88,9.803,194.88,50.39,220.26,0.941,0.94,50.01,OK
1761727765.3772013,19.836,9.928,196.94,50.39,219.67,0.949,0.945,50.0,OK
1761727765.4788544,19.828,9.931,196.91,50.39,220.2,0.958,0.933,50.04,OK
1761727765.5806715,19.798,9.935,196.7,50.39,220.14,0.952,0.938,50.05,OK
1761727765.68314,19.799,9.996,197.91,50.39,220.25,0.957,0.938,49.95,OK
1761727765.7851136,19.874,9.764,194.06,50.39,219.73,0.959,0.92,50.01,OK
1761727765.8869357,19.856,9.956,197.67,50.39,220.33,0.917,0.979,49.99,OK
1761727765.9887493,19.822,9.94,197.02,50.39,219.62,0.971,0.924,50.0,OK
1761727766.0914025,19.864,9.923,197.11,50.39,219.79,0.938,0.956,49.98,OK
1761727766.1931746,19.793,9.83,194.57,50.39,220.09,0.905,0.976,49.97,OK
1761727766.294933,19.813,9.948,197.1,50.39,220.12,0.939,0.954,50.01,OK
1761727766.3964384,19.84,9.839,195.19,50.39,219.85,0.948,0.937,50.04,OK
1761727766.4982884,19.882,9.808,195.0,50.39,220.01,0.939,0.944,49.95,OK
1761727766.5999765,19.802,9.918,196.4,50.39,220.39,0.957,0.932,49.96,OK
1761727766.7015119,19.807,9.999,198.04,50.39,219.79,0.923,0.976,50.0,OK
1761727766.8029304,19.832,9.869,195.71,50.39,220.21,0.931,0.955,50.01,OK
1761727766.9050257,19.863,9.984,198.31,50.39,219.95,0.968,0.931,49.99,OK
1761727767.006924,19.859,9.954,197.66,50.39,219.83,0.973,0.924,50.02,OK
1761727767.1086073,19.824,10.016,198.56,50.39,219.64,0.945,0.957,50.01,OK
1761727767.2105775,19.881,9.86,196.03,50.39,219.9,0.923,0.966,50.01,OK
1761727767.3123684,19.831,9.861,195.55,50.39,220.22,0.933,0.951,49.98,OK
1761727767.4140658,19.85,9.937,197.25,50.39,220.01,0.943,0.951,49.96,OK
1761727767.5160456,19.851,9.982,198.16,50.39,219.87,0.934,0.964,50.0,OK
1761727767.6175182,19.801,9.983,197.67,50.39,219.94,0.937,0.959,50.02,OK
1761727767.7188766,19.864,9.857,195.79,50.39,220.08,0.937,0.95,50.02,OK
1761727767.820746,19.819,10.021,198.6,50.39,219.61,0.94,0.962,50.01,OK
1761727767.9227495,19.82,9.884,195.91,50.39,220.29,0.929,0.957,49.98,OK
1761727768.024277,19.801,9.93,196.64,50.39,219.87,0.917,0.975,50.02,OK
1761727768.1267185,19.82,9.912,196.45,50.39,219.95,0.968,0.923,49.99,OK
1761727768.2288113,19.803,9.882,195.7,50.39,219.95,0.932,0.955,49.95,OK
1761727768.3307252,19.817,10.032,198.8,50.39,220.18,0.939,0.961,49.99,OK
1761727768.4326024,19.866,9.878,196.24,50.39,220.36,0.942,0.945,50.01,OK
1761727768.5344725,19.814,9.944,197.02,50.39,219.74,0.944,0.949,50.0,OK
1761727768.6367884,19.83,9.889,196.09,50.39,220.4,0.931,0.956,50.01,OK
1761727768.7384086,19.832,9.919,196.71,50.39,220.02,0.961,0.93,49.98,OK
1761727768.8404207,19.794,9.98,197.54,50.39,220.04,0.959,0.936,49.98,OK
1761727768.9423237,19.879,9.908,196.95,50.39,220.35,0.971,0.92,50.01,OK
1761727769.0441053,19.864,10.0,198.64,50.39,219.85,0.972,0.93,50.02,OK
1761727769.1461864,19.871,9.916,197.05,50.39,219.64,0.93,0.965,49.98,OK
1761727769.2480845,19.825,10.114,200.51,50.39,219.66,0.947,0.964,50.01,OK
1761727769.3502355,19.836,10.022,198.79,50.39,219.65,0.957,0.946,50.01,OK
1761727769.4522426,19.823,10.024,198.71,50.39,220.15,0.941,0.959,49.95,OK
1761727769.5546262,19.813,10.051,199.13,50.39,220.15,0.952,0.95,49.97,OK
1761727769.6572492,19.867,10.019,199.05,50.39,219.94,0.967,0.936,49.98,OK
1761727769.7591093,19.845,10.076,199.95,50.39,219.65,0.958,0.951,49.95,OK
1761727769.861135,19.856,10.038,199.32,50.39,219.83,0.948,0.956,50.01,OK
1761727769.9638445,19.796,10.079,199.52,50.39,219.75,0.958,0.948,49.96,OK
1761727770.065853,19.791,10.159,201.06,50.39,219.73,0.971,0.943,49.97,OK
1761727770.1679456,19.883,10.004,198.9,50.39,220.07,0.961,0.941,50.01,OK
1761727770.270484,19.851,10.182,202.12,50.39,220.13,0.96,0.957,49.97,OK
1761727770.3726835,19.82,10.029,198.76,50.39,219.79,0.969,0.933,49.98,OK
1761727770.4747603,19.882,10.15,201.81,50.39,220.08,0.979,0.937,49.99,OK
1761727770.576681,19.831,10.143,201.15,50.39,219.79,0.993,0.921,50.02,OK
1761727770.6784873,19.81,10.211,202.28,50.39,219.7,0.98,0.94,50.03,OK
1761727770.7809396,19.799,10.087,199.71,50.39,220.27,0.978,0.927,49.98,OK
1761727770.8830316,19.837,10.164,201.62,50.39,220.07,0.96,0.954,50.04,OK
1761727770.9851158,19.861,10.144,201.47,50.39,219.62,0.986,0.931,50.03,OK
1761727771.0870645,19.87,10.097,200.63,50.39,220.36,0.973,0.936,50.05,OK
1761727771.1890829,19.867,10.1,200.66,50.39,219.74,0.944,0.967,50.0,OK
1761727771.2909224,19.824,10.126,200.74,50.39,220.24,0.94,0.97,50.0,OK
1761727771.3924472,19.797,10.158,201.1,50.39,219.9,0.953,0.96,50.0,OK
1761727771.4949827,19.795,10.19,201.71,50.39,219.68,0.948,0.969,50.0,OK
1761727771.5975099,19.867,10.107,200.8,50.39,219.8,0.993,0.92,50.01,OK
1761727771.6994605,19.88,10.207,202.92,50.39,220.33,0.977,0.942,50.0,OK
1761727771.8018384,19.814,10.295,203.97,50.39,220.06,0.999,0.928,49.99,OK
1761727771.9041772,19.83,10.289,204.04,50.39,220.13,0.959,0.966,50.05,OK
1761727772.0061865,19.879,10.14,201.57,50.39,220.24,0.944,0.969,50.0,OK
1761727772.108055,19.803,10.155,201.11,50.39,220.23,0.991,0.922,49.96,OK
1761727772.2102258,19.811,10.224,202.55,50.39,220.11,0.986,0.934,49.99,OK
1761727772.3120732,19.842,10.12,200.81,50.39,219.79,0.933,0.98,50.04,OK
1761727772.4138868,19.792,10.167,201.22,50.39,219.65,0.995,0.921,50.0,OK
1761727772.5152435,19.795,10.324,204.36,50.39,219.66,0.967,0.962,50.02,OK
1761727772.6165254,19.851,10.201,202.5,50.39,220.31,0.97,0.947,50.01,OK
1761727772.7177963,19.848,10.174,201.92,50.39,219.74,0.969,0.948,49.96,OK
1761727772.8191593,19.805,10.162,201.26,50.39,220.27,0.949,0.962,50.01,OK
1761727772.9208474,19.883,10.131,201.42,50.39,220.04,0.963,0.951,50.04,OK
1761727773.0227342,19.859,10.288,204.31,50.39,220.29,0.976,0.95,50.02,OK
1761727773.1281545,19.853,10.276,204.01,50.39,220.12,0.978,0.948,49.99,OK
1761727773.2325597,19.858,10.307,204.68,50.39,220.22,0.95,0.978,49.95,OK
1761727773.333886,19.838,10.165,201.65,50.39,220.16,0.962,0.952,50.01,OK
1761727773.435422,19.855,10.155,201.64,50.39,220.26,0.981,0.933,49.96,OK
1761727773.5367444,19.815,10.359,205.26,50.39,220.26,0.978,0.953,49.99,OK
1761727773.6383944,19.798,10.347,204.85,50.39,219.95,0.96,0.97,50.03,OK
1761727773.7396252,19.88,10.155,201.88,50.39,220.34,0.984,0.931,50.03,OK
1761727773.8408759,19.852,10.247,203.42,50.39,220.12,0.972,0.951,50.04,OK
1761727773.9423862,19.861,10.284,204.25,50.39,219.62,0.981,0.948,49.95,OK
1761727774.0443683,19.884,10.335,205.5,50.39,219.8,0.997,0.938,50.04,OK
1761727774.1459568,19.792,10.379,205.42,50.39,220.02,0.999,0.935,50.01,OK
1761727774.247515,19.831,10.202,202.31,50.39,220.26,0.977,0.94,50.02,OK
1761727774.349008,19.846,10.227,202.96,50.39,219.91,0.997,0.926,49.99,OK
1761727774.4508216,19.865,10.362,205.83,50.39,219.94,0.997,0.938,50.0,OK
1761727774.5521083,19.87,10.353,205.7,50.39,219.81,0.956,0.979,49.98,OK
1761727774.6536095,19.85,10.334,205.14,50.39,220.1,1.003,0.929,49.96,OK
1761727774.7551417,19.812,10.289,203.85,50.39,220.06,0.96,0.965,50.02,OK
1761727774.8567274,19.81,10.281,203.65,50.39,220.28,0.971,0.952,50.02,OK
1761727774.9581268,19.846,10.339,205.18,50.39,220.07,1.003,0.93,50.03,OK
1761727775.0597446,19.848,10.272,203.87,50.39,219.85,0.951,0.975,50.02,OK
1761727775.1616213,19.794,10.401,205.88,50.39,220.1,0.961,0.974,50.03,OK
1761727775.2636592,19.889,10.31,205.05,50.39,220.33,0.976,0.954,49.97,OK
1761727775.3662097,19.848,10.348,205.4,50.39,219.93,0.995,0.938,49.98,OK
1761727775.4677408,19.871,10.167,202.02,50.39,220.26,0.952,0.964,49.96,OK
1761727775.5699856,19.821,10.236,202.88,50.39,220.2,0.96,0.959,49.97,OK
1761727775.6717217,19.86,10.318,204.91,50.39,219.86,0.961,0.97,49.99,OK
1761727775.7738314,19.877,10.338,205.5,50.39,220.31,0.997,0.936,49.99,OK
1761727775.875111,19.798,10.337,204.65,50.39,219.74,0.996,0.935,49.98,OK
1761727775.976975,19.812,10.248,203.04,50.39,220.04,1.002,0.921,50.02,OK
1761727776.0787287,19.871,10.337,205.41,50.39,219.8,1.008,0.927,50.03,OK
1761727776.1799126,19.803,10.28,203.57,50.39,220.06,0.969,0.955,49.95,OK
1761727776.2820456,19.889,10.303,204.91,50.39,219.89,0.997,0.935,49.98,OK
1761727776.3838134,19.824,10.272,203.63,50.39,219.86,0.987,0.939,49.99,OK
1761727776.4855385,19.797,10.334,204.6,50.39,219.96,0.974,0.955,50.02,OK
1761727776.5878036,19.813,10.27,203.48,50.39,220.19,1.0,0.924,50.03,OK
1761727776.6898117,19.854,10.244,203.38,50.39,220.04,1.004,0.92,50.02,OK
1761727776.7916284,19.835,10.323,204.76,50.39,220.16,0.984,0.945,50.01,OK
1761727776.8938954,19.819,10.247,203.08,50.39,219.94,0.949,0.973,50.01,OK
1761727776.9962964,19.793,10.273,203.34,50.39,219.64,0.985,0.94,49.96,OK
1761727777.0983481,19.823,10.3,204.18,50.39,219.75,1.004,0.926,50.02,OK
1761727777.20027,19.824,10.208,202.37,50.39,219.77,0.945,0.975,50.04,OK
1761727777.3028896,19.831,10.146,201.2,50.39,219.85,0.949,0.964,49.97,OK
1761727777.4045498,19.812,10.133,200.77,50.39,220.14,0.939,0.972,49.98,OK
1761727777.5064611,19.872,10.272,204.12,50.39,219.86,0.969,0.959,50.0,OK
1761727777.6088018,19.819,10.31,204.33,50.39,219.73,0.965,0.963,50.03,OK
1761727777.710767,19.886,10.253,203.9,50.39,219.96,0.97,0.955,49.99,OK
1761727777.8128862,19.844,10.138,201.18,50.39,219.78,0.95,0.964,49.99,OK
1761727777.9148262,19.821,10.241,203.0,50.39,220.2,0.982,0.939,50.03,OK
1761727778.0176203,19.838,10.177,201.89,50.39,220.07,0.947,0.969,49.97,OK
1761727778.1195643,19.849,10.173,201.92,50.39,219.96,0.99,0.927,49.99,OK
1761727778.2220545,19.863,10.124,201.1,50.39,219.61,0.95,0.964,50.01,OK
1761727778.3239183,19.812,10.256,203.19,50.39,220.34,0.966,0.955,50.03,OK
1761727778.4260063,19.85,10.095,200.39,50.39,219.63,0.988,0.923,49.97,OK
1761727778.5275111,19.833,10.125,200.8,50.39,220.31,0.947,0.962,50.04,OK
1761727778.6295466,19.878,10.186,202.48,50.39,219.76,0.984,0.936,50.01,OK
1761727778.7314036,19.799,10.172,201.39,50.39,219.73,0.945,0.97,50.0,OK
1761727778.8331995,19.863,10.1,200.61,50.39,219.84,0.95,0.961,50.01,OK
1761727778.9349442,19.881,10.047,199.74,50.39,219.97,0.949,0.957,50.04,OK
1761727779.0371253,19.849,10.09,200.27,50.39,220.31,0.964,0.943,49.95,OK
1761727779.1386588,19.876,10.022,199.21,50.39,220.25,0.942,0.96,50.03,OK
1761727779.2406085,19.864,10.127,201.16,50.39,219.98,0.94,0.973,50.05,OK
1761727779.342511,19.858,10.072,200.01,50.39,220.37,0.947,0.958,50.02,OK
1761727779.456527,19.836,10.189,202.11,50.39,220.31,0.947,0.968,49.98,OK
1761727779.5594451,19.822,10.147,201.13,50.39,219.98,0.981,0.932,49.97,OK
1761727779.660885,19.823,10.049,199.2,50.39,220.11,0.961,0.942,49.96,OK
1761727779.76235,19.793,10.046,198.84,50.39,220.05,0.968,0.934,50.04,OK
1761727779.8645017,19.882,9.975,198.32,50.39,219.86,0.922,0.979,50.03,OK
1761727779.9660819,19.842,9.965,197.72,50.39,219.78,0.971,0.927,50.01,OK
1761727780.0682101,19.828,10.08,199.87,50.39,219.76,0.934,0.973,49.96,OK
1761727780.170179,19.861,10.102,200.63,50.39,220.15,0.975,0.934,49.98,OK
1761727780.271609,19.826,10.019,198.64,50.39,219.65,0.97,0.932,49.98,OK
1761727780.3732939,19.828,9.937,197.02,50.39,220.39,0.952,0.939,49.98,OK
1761727780.4754772,19.866,9.962,197.91,50.39,220.2,0.923,0.974,50.02,OK
1761727780.5776718,19.832,9.927,196.88,50.39,220.32,0.928,0.963,50.02,OK
1761727780.679748,19.886,9.974,198.36,50.39,220.26,0.923,0.975,49.98,OK
1761727780.7818983,19.81,9.938,196.87,50.39,220.17,0.917,0.976,49.96,OK
1761727780.8844483,19.887,10.054,199.94,50.39,220.05,0.929,0.978,50.0,OK
1761727780.9865446,19.827,9.988,198.02,50.39,219.89,0.941,0.958,49.96,OK
1761727781.0884552,19.86,9.962,197.85,50.39,219.76,0.975,0.924,49.99,OK
1761727781.190965,19.851,10.016,198.83,50.39,219.81,0.978,0.925,50.05,OK
1761727781.2924228,19.883,9.931,197.45,50.39,220.31,0.964,0.929,49.96,OK
1761727781.394373,19.82,9.975,197.7,50.39,219.95,0.958,0.938,49.97,OK
1761727781.4964635,19.872,9.927,197.26,50.39,220.18,0.958,0.935,50.04,OK
1761727781.5981886,19.803,10.05,199.01,50.39,219.76,0.963,0.94,50.0,OK
1761727781.6997137,19.889,9.862,196.16,50.39,220.15,0.935,0.953,49.95,OK
1761727781.8016145,19.868,9.85,195.7,50.39,220.08,0.941,0.945,50.02,OK
1761727781.9034328,19.806,9.928,196.64,50.39,220.03,0.947,0.944,49.98,OK
1761727782.0049028,19.798,9.86,195.22,50.39,220.06,0.955,0.929,49.98,OK
1761727782.106623,19.815,9.901,196.19,50.39,220.34,0.947,0.94,49.96,OK
1761727782.2084599,19.793,9.879,195.53,50.39,220.28,0.934,0.95,50.03,OK
1761727782.3101487,19.882,9.902,196.88,50.39,220.19,0.932,0.959,50.02,OK
1761727782.4120698,19.855,9.826,195.1,50.39,220.06,0.931,0.953,49.98,OK
1761727782.5139148,19.8,9.908,196.18,50.39,220.25,0.946,0.941,50.04,OK
1761727782.6155388,19.863,9.943,197.5,50.39,219.67,0.968,0.929,49.99,OK
1761727782.717438,19.87,9.849,195.7,50.39,220.03,0.936,0.95,50.03,OK
1761727782.8193953,19.819,10.014,198.46,50.39,220.34,0.968,0.931,50.01,OK
1761727782.9207935,19.836,9.92,196.78,50.39,220.19,0.959,0.932,50.04,OK
1761727783.0225558,19.852,9.882,196.19,50.39,219.92,0.963,0.926,50.05,OK
1761727783.1238089,19.808,9.873,195.56,50.39,220.28,0.933,0.951,49.98,OK
1761727783.2254565,19.794,9.98,197.54,50.39,219.92,0.931,0.965,50.01,OK
1761727783.3270621,19.852,9.87,195.94,50.39,219.82,0.944,0.944,49.95,OK
1761727783.4293609,19.874,9.821,195.19,50.39,220.23,0.944,0.939,49.99,OK
1761727783.5312378,19.872,9.969,198.1,50.39,220.15,0.972,0.925,49.99,OK
1761727783.6328444,19.804,9.84,194.87,50.39,220.06,0.937,0.945,50.03,OK
1761727783.734625,19.816,9.872,195.62,50.39,220.35,0.952,0.933,50.0,OK
1761727783.8364935,19.841,9.943,197.28,50.39,219.82,0.932,0.963,49.95,OK
1761727783.93812,19.853,9.848,195.5,50.39,219.62,0.93,0.958,50.02,OK
1761727784.0403485,19.872,9.789,194.53,50.39,220.38,0.954,0.925,50.04,OK
1761727784.141694,19.881,9.83,195.43,50.39,219.98,0.964,0.921,49.97,OK
1761727784.2434852,19.863,9.917,196.97,50.39,220.31,0.925,0.967,49.99,OK
1761727784.3454337,19.828,9.917,196.63,50.39,220.04,0.95,0.941,49.99,OK
1761727784.4467328,19.886,9.846,195.8,50.39,219.61,0.959,0.93,50.02,OK
1761727784.5490472,19.858,9.856,195.73,50.39,220.04,0.927,0.959,49.99,OK
1761727784.6513422,19.819,9.966,197.51,50.39,220.21,0.936,0.958,50.03,OK
1761727784.7534492,19.791,9.898,195.89,50.39,219.69,0.914,0.975,50.0,OK
1761727784.855079,19.866,9.855,195.78,50.39,219.7,0.932,0.956,50.0,OK
1761727784.9565275,19.798,9.934,196.68,50.39,220.04,0.961,0.93,49.96,OK
1761727785.0583994,19.861,9.857,195.77,50.39,219.67,0.934,0.954,50.02,OK
1761727785.1601129,19.825,9.887,196.01,50.39,220.05,0.937,0.95,50.01,OK
1761727785.263646,19.795,10.007,198.1,50.39,220.02,0.979,0.92,50.03,OK
1761727785.3653133,19.89,9.896,196.83,50.39,219.73,0.927,0.966,49.95,OK
1761727785.467328,19.805,9.971,197.48,50.39,219.74,0.953,0.943,50.0,OK
1761727785.568942,19.885,9.959,198.03,50.39,219.65,0.958,0.941,49.96,OK
1761727785.6706357,19.821,9.871,195.65,50.39,219.85,0.909,0.979,50.0,OK
1761727785.7722592,19.802,9.951,197.05,50.39,220.1,0.952,0.94,49.96,OK
1761727785.8751538,19.834,9.98,197.94,50.39,220.24,0.968,0.928,49.97,OK
1761727785.9766161,19.809,9.979,197.67,50.39,219.91,0.949,0.947,50.0,OK
1761727786.0789678,19.826,9.854,195.38,50.39,219.6,0.961,0.926,49.99,OK
1761727786.1810706,19.864,9.85,195.66,50.39,219.79,0.927,0.96,50.03,OK
1761727786.2828922,19.842,9.848,195.41,50.39,219.96,0.965,0.921,50.01,OK
1761727786.3846905,19.827,9.874,195.77,50.39,220.37,0.921,0.964,50.02,OK
1761727786.4865727,19.849,10.021,198.91,50.39,220.27,0.923,0.979,49.99,OK
1761727786.588235,19.823,9.997,198.17,50.39,220.34,0.923,0.974,50.02,OK
1761727786.689252,19.853,9.955,197.64,50.39,220.07,0.922,0.974,50.02,OK
1761727786.790367,19.884,9.897,196.79,50.39,220.28,0.963,0.927,50.02,OK
1761727786.8920612,19.796,10.032,198.6,50.39,219.71,0.937,0.965,50.01,OK
1761727786.9935734,19.84,9.916,196.72,50.39,220.19,0.935,0.956,49.98,OK
1761727787.0952494,19.807,9.992,197.91,50.39,220.16,0.923,0.974,49.97,OK
1761727787.1966264,19.809,9.9,196.11,50.39,220.06,0.929,0.96,50.04,OK
1761727787.2983122,19.868,9.917,197.04,50.39,220.17,0.953,0.939,50.02,OK
1761727787.3998716,19.832,9.946,197.24,50.39,220.09,0.969,0.925,49.97,OK
1761727787.501306,19.826,9.897,196.22,50.39,220.16,0.964,0.925,50.04,OK
1761727787.6033204,19.844,10.049,199.41,50.39,219.93,0.974,0.931,50.05,OK
1761727787.7050116,19.848,9.964,197.76,50.39,219.96,0.938,0.958,50.04,OK
1761727787.8066497,19.881,10.0,198.82,50.39,219.97,0.936,0.966,49.95,OK
1761727787.907648,19.797,10.067,199.3,50.39,219.95,0.93,0.974,49.97,OK
1761727788.0091867,19.886,10.09,200.65,50.39,220.25,0.968,0.941,50.01,OK
1761727788.1105466,19.822,10.124,200.67,50.39,219.99,0.937,0.973,49.99,OK
1761727788.2119777,19.846,10.121,200.87,50.39,220.2,0.945,0.966,49.95,OK
1761727788.313802,19.889,10.107,201.03,50.39,219.86,0.969,0.944,49.97,OK
1761727788.4150467,19.888,10.109,201.05,50.39,219.9,0.971,0.941,49.97,OK
1761727788.5165462,19.856,10.138,201.31,50.39,219.93,0.976,0.937,49.97,OK
1761727788.6186256,19.828,9.965,197.58,50.39,220.06,0.926,0.969,50.01,OK
1761727788.7206771,19.864,10.093,200.5,50.39,220.19,0.988,0.922,50.02,OK
1761727788.8228633,19.798,10.056,199.09,50.39,219.65,0.928,0.977,50.03,OK
1761727788.9247055,19.851,10.026,199.04,50.39,220.11,0.957,0.945,50.02,OK
1761727789.026144,19.8,10.141,200.79,50.39,220.34,0.933,0.976,50.03,OK
1761727789.1281693,19.867,9.992,198.5,50.39,219.86,0.973,0.928,50.03,OK
1761727789.2301927,19.806,10.153,201.09,50.39,219.69,0.976,0.938,49.99,OK
1761727789.3317156,19.85,10.01,198.69,50.39,220.12,0.957,0.943,50.03,OK
1761727789.4334521,19.818,10.181,201.76,50.39,220.18,0.989,0.927,50.01,OK
1761727789.535329,19.841,10.075,199.89,50.39,220.22,0.977,0.929,50.01,OK
1761727789.6372647,19.804,10.089,199.79,50.39,220.02,0.964,0.942,50.03,OK
1761727789.7391016,19.837,10.223,202.79,50.39,219.73,0.966,0.956,50.0,OK
1761727789.8415804,19.822,10.066,199.54,50.39,219.9,0.964,0.941,50.02,OK
1761727789.9434063,19.884,10.055,199.93,50.39,219.98,0.943,0.963,50.0,OK
1761727790.0457735,19.868,10.225,203.15,50.39,219.97,0.959,0.963,49.97,OK
1761727790.1482816,19.872,10.154,201.77,50.39,220.01,0.97,0.945,50.01,OK
1761727790.2501593,19.857,10.215,202.85,50.39,220.13,0.994,0.927,50.01,OK
1761727790.3519135,19.873,10.208,202.87,50.39,220.12,0.987,0.933,49.95,OK
1761727790.453516,19.798,10.229,202.51,50.39,220.1,0.989,0.93,49.99,OK
1761727790.5549893,19.832,10.228,202.84,50.39,220.38,0.973,0.946,49.97,OK
1761727790.6567225,19.835,10.196,202.25,50.39,220.03,0.942,0.976,49.97,OK
1761727790.7583504,19.877,10.181,202.36,50.39,220.37,0.967,0.949,50.02,OK
1761727790.8595917,19.808,10.308,204.17,50.39,220.26,0.95,0.975,50.05,OK
1761727790.961247,19.815,10.245,203.01,50.39,220.15,0.999,0.923,50.05,OK
1761727791.0627363,19.89,10.22,203.27,50.39,220.21,0.951,0.97,50.04,OK
1761727791.1644468,19.821,10.304,204.24,50.39,220.16,0.985,0.941,50.02,OK
1761727791.26652,19.804,10.219,202.38,50.39,219.84,0.956,0.963,50.02,OK
1761727791.3680449,19.809,10.182,201.68,50.39,220.16,0.986,0.929,50.0,OK
1761727791.4696503,19.854,10.199,202.49,50.39,219.95,0.986,0.934,50.01,OK
1761727791.5713,19.862,10.167,201.94,50.39,219.84,0.977,0.941,49.97,OK
1761727791.672321,19.832,10.185,201.99,50.39,219.71,0.993,0.926,50.01,OK
1761727791.7739062,19.886,10.215,203.14,50.39,220.22,0.973,0.948,49.98,OK
1761727791.8752193,19.866,10.316,204.94,50.39,220.04,0.961,0.969,49.96,OK
1761727791.9767237,19.873,10.313,204.95,50.39,219.89,0.999,0.933,50.01,OK
1761727792.0782444,19.838,10.315,204.63,50.39,219.77,0.966,0.964,49.99,OK
1761727792.1804674,19.869,10.201,202.68,50.39,220.31,0.993,0.926,50.01,OK
1761727792.2821012,19.876,10.147,201.69,50.39,220.2,0.964,0.95,50.03,OK
1761727792.3843112,19.88,10.175,202.27,50.39,220.32,0.948,0.968,49.98,OK
1761727792.4856558,19.807,10.367,205.35,50.39,219.78,0.977,0.957,50.02,OK
1761727792.5871484,19.852,10.261,203.69,50.39,219.73,0.991,0.935,50.04,OK
1761727792.689712,19.844,10.338,205.14,50.39,220.11,0.999,0.932,49.97,OK
1761727792.79168,19.887,10.197,202.79,50.39,220.33,0.977,0.942,50.0,OK
1761727792.8933587,19.799,10.239,202.71,50.39,220.05,0.995,0.926,50.01,OK
1761727792.995188,19.839,10.25,203.34,50.39,220.31,0.959,0.962,49.97,OK
1761727793.097087,19.818,10.385,205.81,50.39,220.27,0.957,0.977,50.03,OK
1761727793.1988633,19.854,10.218,202.86,50.39,220.12,1.0,0.922,50.04,OK
1761727793.3008797,19.855,10.225,203.01,50.39,219.63,0.957,0.966,49.96,OK
1761727793.4026387,19.846,10.179,202.02,50.39,219.74,0.967,0.951,49.96,OK
1761727793.5046895,19.828,10.244,203.12,50.39,220.35,0.956,0.965,50.0,OK
1761727793.6067715,19.816,10.232,202.74,50.39,219.96,0.968,0.953,49.97,OK
1761727793.7084527,19.851,10.249,203.46,50.39,219.71,0.998,0.928,50.03,OK
1761727793.8104813,19.872,10.312,204.92,50.39,219.71,0.987,0.945,50.01,OK
1761727793.9120617,19.866,10.289,204.41,50.39,219.64,1.008,0.923,50.03,OK
1761727794.0142415,19.812,10.242,202.9,50.39,220.23,0.977,0.943,49.98,OK
1761727794.115667,19.884,10.356,205.93,50.39,219.69,0.972,0.965,50.01,OK
1761727794.2177587,19.807,10.389,205.78,50.39,220.04,0.992,0.943,50.01,OK
1761727794.319321,19.807,10.27,203.42,50.39,219.8,0.972,0.952,50.0,OK
1761727794.4208965,19.805,10.283,203.65,50.39,220.06,0.976,0.949,49.98,OK
1761727794.5224144,19.814,10.379,205.64,50.39,220.01,1.002,0.932,50.01,OK
1761727794.6239047,19.855,10.191,202.34,50.39,220.2,0.999,0.92,50.0,OK
1761727794.7258277,19.829,10.352,205.26,50.39,220.4,0.97,0.96,50.01,OK
1761727794.8277311,19.849,10.359,205.62,50.39,220.09,0.993,0.941,50.04,OK
1761727794.9297397,19.869,10.211,202.89,50.39,219.87,0.958,0.963,50.0,OK
1761727795.0311577,19.807,10.373,205.45,50.39,219.87,1.001,0.934,50.05,OK
1761727795.1334147,19.809,10.235,202.75,50.39,220.36,0.999,0.921,50.03,OK
1761727795.2353823,19.875,10.184,202.4,50.39,219.61,0.952,0.968,49.98,OK
1761727795.3370783,19.817,10.219,202.52,50.39,219.94,0.959,0.96,50.03,OK
1761727795.4389765,19.87,10.23,203.27,50.39,219.73,0.951,0.973,50.05,OK
1761727795.5407836,19.84,10.238,203.13,50.39,219.85,0.961,0.962,50.02,OK
1761727795.642688,19.887,10.179,202.43,50.39,220.08,0.977,0.941,50.04,OK
1761727795.7448766,19.827,10.242,203.07,50.39,220.01,0.971,0.951,49.97,OK
1761727795.8463662,19.889,10.168,202.23,50.39,219.99,0.957,0.961,49.95,OK
1761727795.947829,19.873,10.249,203.68,50.39,219.79,0.954,0.972,49.96,OK
1761727796.049248,19.858,10.239,203.33,50.39,219.83,0.953,0.971,50.04,OK
1761727796.1508706,19.862,10.253,203.63,50.39,220.08,1.005,0.921,49.97,OK
1761727796.2527964,19.838,10.209,202.52,50.39,220.23,0.952,0.966,50.04,OK
1761727796.3552763,19.846,10.242,203.26,50.39,219.65,0.988,0.937,49.97,OK
1761727796.4573655,19.795,10.259,203.07,50.39,219.81,0.994,0.929,50.0,OK
1761727796.5598478,19.827,10.275,203.72,50.39,220.01,0.998,0.928,49.99,OK
1761727796.6616437,19.853,10.192,202.34,50.39,220.32,0.944,0.973,49.97,OK
1761727796.7637677,19.801,10.206,202.08,50.39,220.22,0.996,0.921,49.96,OK
1761727796.8665109,19.802,10.21,202.17,50.39,219.61,0.997,0.923,50.03,OK
1761727796.9688764,19.868,10.09,200.46,50.39,220.11,0.964,0.945,49.98,OK
1761727797.0705967,19.81,10.258,203.22,50.39,219.8,0.972,0.951,49.99,OK
1761727797.1722221,19.876,10.076,200.27,50.39,220.36,0.929,0.979,50.03,OK
1761727797.274278,19.819,10.103,200.24,50.39,220.05,0.97,0.938,50.03,OK
1761727797.3760574,19.828,10.249,203.21,50.39,220.09,0.962,0.959,50.01,OK
1761727797.4776418,19.877,10.081,200.38,50.39,219.76,0.935,0.975,50.04,OK
1761727797.5791693,19.809,10.128,200.63,50.39,219.94,0.938,0.973,50.05,OK
1761727797.6813645,19.794,10.231,202.52,50.39,220.29,0.999,0.92,50.03,OK
1761727797.782879,19.803,10.156,201.12,50.39,219.88,0.963,0.95,49.98,OK
1761727797.8848577,19.845,10.141,201.25,50.39,219.84,0.954,0.96,49.95,OK
1761727797.98645,19.823,10.049,199.21,50.39,219.72,0.932,0.972,50.03,OK
1761727798.0878386,19.889,10.127,201.42,50.39,220.34,0.956,0.956,49.96,OK
1761727798.1894574,19.879,10.023,199.25,50.39,219.89,0.927,0.978,50.04,OK
1761727798.2912285,19.822,10.144,201.06,50.39,220.16,0.942,0.969,50.04,OK
1761727798.3933432,19.883,10.142,201.65,50.39,219.96,0.955,0.96,49.95,OK
1761727798.4950173,19.835,10.03,198.95,50.39,220.09,0.963,0.938,50.01,OK
1761727798.5964048,19.874,10.092,200.56,50.39,220.18,0.952,0.957,50.04,OK
1761727798.698013,19.838,9.999,198.36,50.39,219.79,0.974,0.927,50.03,OK
1761727798.7999935,19.859,10.043,199.45,50.39,220.1,0.984,0.921,50.03,OK
1761727798.90158,19.889,10.004,198.97,50.39,220.3,0.937,0.964,50.02,OK
1761727799.0032356,19.791,9.965,197.22,50.39,220.16,0.971,0.922,49.96,OK
1761727799.104865,19.856,10.076,200.06,50.39,219.98,0.988,0.921,49.96,OK
1761727799.2067492,19.794,10.126,200.43,50.39,220.3,0.928,0.98,50.02,OK
1761727799.308576,19.823,10.003,198.29,50.39,220.13,0.948,0.95,49.98,OK
1761727799.410302,19.809,10.032,198.71,50.39,219.61,0.966,0.937,50.02,OK
1761727799.512181,19.802,9.948,197.0,50.39,220.14,0.914,0.979,50.0,OK
1761727799.6144092,19.837,9.956,197.49,50.39,220.18,0.937,0.958,50.01,OK
1761727799.7163944,19.85,10.031,199.12,50.39,219.71,0.931,0.974,50.0,OK
1761727799.818593,19.886,9.924,197.34,50.39,220.08,0.919,0.976,50.05,OK
1761727799.9212315,19.805,9.919,196.44,50.39,219.85,0.948,0.943,50.03,OK
1761727800.023251,19.795,10.085,199.63,50.39,220.17,0.968,0.937,49.95,OK
1761727800.1288798,19.814,9.897,196.1,50.39,220.23,0.941,0.946,49.97,OK
1761727800.230904,19.861,9.972,198.05,50.39,219.91,0.95,0.948,50.0,OK
1761727800.3328378,19.815,9.94,196.96,50.39,219.64,0.934,0.96,50.01,OK
1761727800.4345796,19.825,9.898,196.23,50.39,219.97,0.921,0.968,49.98,OK
1761727800.5369492,19.841,9.949,197.4,50.39,219.8,0.944,0.951,49.99,OK
1761727800.6401834,19.886,9.845,195.78,50.39,220.06,0.958,0.929,50.05,OK
1761727800.7421622,19.834,9.942,197.2,50.39,219.77,0.974,0.922,49.96,OK
1761727800.8447971,19.884,9.891,196.67,50.39,219.69,0.959,0.933,50.02,OK
1761727800.9472017,19.861,10.005,198.71,50.39,220.12,0.95,0.95,50.02,OK
1761727801.048977,19.865,9.88,196.26,50.39,219.74,0.934,0.956,50.0,OK
1761727801.1513908,19.817,9.963,197.45,50.39,220.01,0.924,0.971,49.97,OK
1761727801.2534754,19.84,9.967,197.75,50.39,219.89,0.962,0.935,50.0,OK
1761727801.355614,19.836,9.947,197.3,50.39,219.87,0.937,0.957,50.0,OK
1761727801.457532,19.831,10.002,198.36,50.39,220.11,0.934,0.964,50.03,OK
1761727801.5590339,19.82,9.846,195.14,50.39,220.35,0.91,0.973,50.05,OK
1761727801.661546,19.793,9.872,195.39,50.39,219.76,0.924,0.962,50.01,OK
1761727801.7645595,19.879,9.873,196.26,50.39,219.66,0.944,0.946,49.98,OK
1761727801.8663056,19.845,9.799,194.46,50.39,220.23,0.915,0.965,50.0,OK
1761727801.9684007,19.869,9.88,196.31,50.39,219.88,0.952,0.938,50.01,OK
1761727802.074088,19.827,9.933,196.94,50.39,219.69,0.95,0.944,49.99,OK
1761727802.1759174,19.867,9.944,197.57,50.39,220.37,0.919,0.976,50.02,OK
1761727802.2781653,19.855,9.902,196.6,50.39,220.15,0.946,0.944,49.99,OK
1761727802.3799934,19.878,9.939,197.56,50.39,219.67,0.943,0.954,49.95,OK
1761727802.482432,19.862,9.96,197.82,50.39,220.16,0.967,0.929,50.0,OK
1761727802.58406,19.84,9.822,194.86,50.39,220.39,0.937,0.943,49.95,OK
1761727802.686206,19.84,9.97,197.79,50.39,219.99,0.957,0.94,50.04,OK
1761727802.7880092,19.842,9.877,195.97,50.39,220.16,0.952,0.935,50.03,OK
1761727802.8906105,19.859,9.866,195.94,50.39,220.01,0.967,0.921,50.0,OK
1761727802.9923792,19.838,9.801,194.43,50.39,220.28,0.931,0.948,49.98,OK
1761727803.095318,19.848,9.895,196.4,50.39,220.1,0.92,0.97,50.02,OK
1761727803.19691,19.874,9.891,196.59,50.39,220.3,0.931,0.959,50.01,OK
1761727803.29871,19.853,9.825,195.06,50.39,219.66,0.943,0.941,49.95,OK
1761727803.4003813,19.827,9.96,197.48,50.39,220.1,0.934,0.96,49.97,OK
1761727803.5019124,19.827,9.984,197.95,50.39,219.82,0.923,0.976,50.02,OK
1761727803.6036747,19.791,9.919,196.32,50.39,220.32,0.968,0.92,50.01,OK
1761727803.7057676,19.831,9.827,194.88,50.39,220.14,0.948,0.934,50.04,OK
1761727803.8081186,19.795,9.873,195.44,50.39,219.66,0.941,0.946,49.98,OK
1761727803.9102943,19.882,9.93,197.43,50.39,219.99,0.952,0.942,50.03,OK
1761727804.0122974,19.863,9.832,195.28,50.39,220.28,0.944,0.939,49.98,OK
1761727804.1143684,19.82,9.807,194.38,50.39,219.97,0.958,0.923,50.05,OK
1761727804.216761,19.806,9.964,197.35,50.39,219.63,0.953,0.943,50.04,OK
1761727804.3184855,19.861,9.86,195.83,50.39,220.36,0.958,0.928,49.97,OK
1761727804.420254,19.869,9.979,198.28,50.39,219.93,0.93,0.97,50.05,OK
1761727804.5216968,19.888,9.846,195.82,50.39,219.65,0.943,0.946,49.96,OK
1761727804.6230683,19.815,9.904,196.24,50.39,219.66,0.942,0.949,49.97,OK
1761727804.7255993,19.823,9.84,195.06,50.39,220.22,0.911,0.972,50.04,OK
1761727804.8274045,19.833,9.839,195.13,50.39,219.97,0.918,0.967,49.97,OK
1761727804.929568,19.859,10.004,198.67,50.39,219.67,0.931,0.971,50.02,OK
1761727805.0339978,19.867,9.913,196.94,50.39,219.71,0.935,0.958,50.0,OK
1761727805.1364665,19.883,9.928,197.4,50.39,220.09,0.974,0.921,50.03,OK
1761727805.2378545,19.861,9.876,196.16,50.39,220.08,0.92,0.969,50.04,OK
1761727805.339617,19.874,9.97,198.15,50.39,220.14,0.959,0.939,49.97,OK
1761727805.4408557,19.803,9.869,195.44,50.39,220.31,0.942,0.941,49.98,OK
1761727805.543286,19.804,9.994,197.91,50.39,219.67,0.936,0.962,50.01,OK
1761727805.6450634,19.848,9.86,195.7,50.39,219.99,0.935,0.952,49.96,OK
1761727805.7464397,19.846,9.885,196.18,50.39,220.05,0.952,0.936,50.05,OK
1761727805.848557,19.875,9.988,198.51,50.39,220.37,0.936,0.962,50.04,OK
1761727805.9504256,19.796,9.946,196.9,50.39,219.85,0.973,0.92,49.95,OK
1761727806.0517476,19.887,9.858,196.04,50.39,220.2,0.943,0.944,50.05,OK
1761727806.1541748,19.835,10.019,198.73,50.39,219.87,0.934,0.968,49.99,OK
1761727806.2564354,19.855,9.965,197.85,50.39,220.39,0.92,0.976,50.0,OK
1761727806.3583732,19.801,9.932,196.66,50.39,219.98,0.94,0.952,49.99,OK
1761727806.4604712,19.82,10.022,198.63,50.39,220.0,0.953,0.947,50.05,OK
1761727806.561956,19.797,10.037,198.7,50.39,219.95,0.942,0.959,49.96,OK
1761727806.6637414,19.833,10.035,199.03,50.39,220.19,0.944,0.957,49.97,OK
1761727806.765384,19.84,9.914,196.69,50.39,220.07,0.959,0.932,50.05,OK
1761727806.867507,19.79,10.046,198.82,50.39,219.97,0.945,0.956,49.97,OK
1761727806.9697032,19.811,10.006,198.23,50.39,219.61,0.964,0.936,50.03,OK
1761727807.072584,19.79,10.05,198.88,50.39,219.86,0.977,0.926,50.02,OK
1761727807.174633,19.813,10.089,199.9,50.39,219.84,0.956,0.951,50.04,OK
1761727807.276471,19.819,10.039,198.96,50.39,220.31,0.937,0.963,50.05,OK
1761727807.3780973,19.871,10.04,199.51,50.39,220.2,0.946,0.958,50.05,OK
1761727807.480735,19.887,10.006,198.99,50.39,220.22,0.934,0.968,49.98,OK
1761727807.5836246,19.847,10.044,199.33,50.39,220.05,0.931,0.973,50.04,OK
1761727807.685169,19.836,10.15,201.33,50.39,219.89,0.947,0.967,50.05,OK
1761727807.7866247,19.847,10.147,201.4,50.39,220.1,0.968,0.945,50.03,OK
1761727807.8880606,19.846,9.995,198.37,50.39,219.6,0.944,0.957,49.97,OK
1761727807.9898772,19.824,10.177,201.75,50.39,219.81,0.945,0.971,50.03,OK
1761727808.0917222,19.813,10.108,200.27,50.39,219.7,0.937,0.973,49.98,OK
1761727808.1934,19.82,10.212,202.41,50.39,219.7,0.947,0.973,50.01,OK
1761727808.2950733,19.854,10.155,201.61,50.39,219.9,0.966,0.949,49.96,OK
1761727808.3963244,19.844,10.214,202.68,50.39,219.75,0.95,0.971,49.97,OK
1761727808.4980285,19.818,10.23,202.74,50.39,219.78,0.986,0.936,49.99,OK
1761727808.5998487,19.846,10.149,201.42,50.39,219.8,0.977,0.938,50.04,OK
1761727808.701658,19.861,10.044,199.48,50.39,220.21,0.936,0.968,50.0,OK
1761727808.8031716,19.813,10.174,201.58,50.39,220.24,0.947,0.966,50.0,OK
1761727808.9052916,19.888,10.166,202.17,50.39,219.87,0.975,0.943,50.01,OK
1761727809.0067487,19.876,10.192,202.57,50.39,219.72,0.995,0.927,49.95,OK
1761727809.1081545,19.868,10.211,202.87,50.39,220.11,0.978,0.942,50.01,OK
1761727809.209354,19.876,10.051,199.78,50.39,219.72,0.937,0.97,50.0,OK
1761727809.3113587,19.826,10.188,201.98,50.39,219.72,0.942,0.976,50.01,OK
1761727809.4127698,19.8,10.144,200.85,50.39,219.96,0.939,0.972,49.95,OK
1761727809.514871,19.811,10.191,201.89,50.39,220.19,0.992,0.925,50.01,OK
1761727809.6169949,19.8,10.136,200.68,50.39,219.71,0.947,0.964,50.01,OK
1761727809.7183526,19.811,10.253,203.12,50.39,219.7,0.986,0.938,49.97,OK
1761727809.8199332,19.857,10.273,203.99,50.39,219.84,0.996,0.932,49.95,OK
1761727809.9214506,19.837,10.239,203.11,50.39,220.36,0.983,0.938,50.01,OK
1761727810.023437,19.808,10.218,202.39,50.39,220.31,0.992,0.926,49.97,OK
1761727810.1250358,19.816,10.226,202.65,50.39,219.71,0.967,0.954,50.02,OK
1761727810.226947,19.84,10.204,202.45,50.39,220.13,0.992,0.927,50.0,OK
1761727810.3287518,19.804,10.196,201.92,50.39,220.03,0.944,0.972,50.04,OK
1761727810.4307423,19.82,10.227,202.7,50.39,219.7,0.97,0.951,50.02,OK
1761727810.5324137,19.815,10.18,201.71,50.39,219.81,0.95,0.966,50.03,OK
1761727810.6340787,19.819,10.265,203.45,50.39,220.4,0.985,0.937,50.04,OK
1761727810.7356164,19.819,10.263,203.41,50.39,219.93,0.97,0.953,49.99,OK
1761727810.837228,19.88,10.233,203.43,50.39,219.97,0.962,0.961,49.97,OK
1761727810.938841,19.808,10.183,201.71,50.39,219.6,0.956,0.961,49.99,OK
1761727811.0401125,19.888,10.21,203.07,50.39,219.95,0.987,0.935,49.96,OK
1761727811.142081,19.812,10.279,203.65,50.39,220.08,0.987,0.937,49.98,OK
1761727811.2432764,19.791,10.189,201.64,50.39,220.27,0.983,0.932,49.96,OK
1761727811.3448114,19.832,10.338,205.02,50.39,220.05,1.0,0.932,50.0,OK
1761727811.4465206,19.879,10.251,203.78,50.39,220.04,0.981,0.944,49.97,OK
1761727811.5478952,19.797,10.266,203.23,50.39,220.02,0.95,0.972,49.96,OK
1761727811.649351,19.874,10.308,204.86,50.39,219.99,0.97,0.96,50.01,OK
1761727811.750423,19.848,10.218,202.81,50.39,219.85,1.003,0.92,49.95,OK
1761727811.8521297,19.882,10.186,202.52,50.39,219.99,0.966,0.953,50.02,OK
1761727811.9538002,19.88,10.241,203.59,50.39,219.67,1.002,0.925,50.02,OK
1761727812.0552409,19.815,10.354,205.16,50.39,219.68,0.954,0.979,50.02,OK
1761727812.157099,19.859,10.264,203.84,50.39,220.26,0.992,0.933,50.04,OK
1761727812.2586813,19.865,10.193,202.48,50.39,219.7,0.985,0.935,50.0,OK
1761727812.3608425,19.857,10.326,205.04,50.39,220.06,0.952,0.979,49.96,OK
1761727812.4632614,19.845,10.246,203.33,50.39,219.78,0.988,0.937,50.02,OK
1761727812.5662315,19.804,10.303,204.03,50.39,220.38,0.964,0.961,50.0,OK
1761727812.6683772,19.812,10.269,203.44,50.39,220.09,0.964,0.959,49.98,OK
1761727812.7704036,19.89,10.253,203.94,50.39,220.06,0.949,0.976,50.02,OK
1761727812.8729477,19.793,10.396,205.77,50.39,220.39,0.986,0.947,49.95,OK
1761727812.9745538,19.799,10.212,202.2,50.39,220.19,0.954,0.962,49.96,OK
1761727813.077148,19.87,10.353,205.72,50.39,219.66,0.962,0.974,50.05,OK
1761727813.1791604,19.804,10.271,203.42,50.39,220.15,0.966,0.956,49.99,OK
1761727813.2809794,19.791,10.21,202.06,50.39,219.96,0.977,0.94,49.97,OK
1761727813.3824553,19.87,10.35,205.65,50.39,219.82,0.982,0.953,50.01,OK
1761727813.48405,19.861,10.347,205.51,50.39,219.78,0.958,0.976,50.01,OK
1761727813.585717,19.802,10.344,204.84,50.39,219.68,0.989,0.943,50.02,OK
1761727813.6875474,19.82,10.375,205.64,50.39,219.76,0.979,0.956,49.98,OK
1761727813.7891607,19.811,10.197,202.01,50.39,220.03,0.984,0.933,49.99,OK
1761727813.8908987,19.882,10.183,202.45,50.39,220.37,0.939,0.978,49.98,OK
1761727813.9924698,19.835,10.244,203.18,50.39,219.93,0.958,0.964,49.96,OK
1761727814.09401,19.807,10.348,204.97,50.39,220.3,1.009,0.922,50.0,OK
1761727814.195571,19.877,10.138,201.52,50.39,220.0,0.991,0.924,49.98,OK
1761727814.2972856,19.799,10.242,202.78,50.39,219.84,0.959,0.962,49.96,OK
1761727814.398658,19.885,10.147,201.77,50.39,220.33,0.977,0.938,50.04,OK
1761727814.5011072,19.813,10.2,202.1,50.39,220.28,0.98,0.936,49.98,OK
1761727814.602941,19.888,10.172,202.3,50.39,220.34,0.993,0.925,50.03,OK
1761727814.704314,19.872,10.284,204.37,50.39,219.6,0.983,0.946,50.02,OK
1761727814.805888,19.843,10.13,201.0,50.39,219.82,0.984,0.93,50.01,OK
1761727814.908069,19.813,10.311,204.3,50.39,219.77,0.972,0.956,50.0,OK
1761727815.0097482,19.813,10.201,202.12,50.39,220.36,0.952,0.963,50.04,OK
1761727815.1112113,19.791,10.254,202.94,50.39,219.83,0.993,0.929,50.04,OK
1761727815.212688,19.822,10.307,204.32,50.39,220.28,0.976,0.95,49.97,OK
1761727815.3140013,19.824,10.303,204.25,50.39,219.71,0.998,0.932,49.98,OK
1761727815.4156723,19.882,10.181,202.42,50.39,220.06,0.972,0.946,50.04,OK
1761727815.51736,19.802,10.112,200.25,50.39,220.16,0.972,0.936,49.96,OK
1761727815.619502,19.827,10.118,200.61,50.39,219.91,0.953,0.958,50.04,OK
1761727815.7210205,19.808,10.159,201.24,50.39,219.77,0.947,0.967,50.03,OK
1761727815.8225932,19.81,10.233,202.73,50.39,220.1,0.965,0.955,50.04,OK
1761727815.9243662,19.839,10.085,200.08,50.39,219.84,0.948,0.961,50.05,OK
1761727816.0263417,19.795,10.106,200.04,50.39,219.61,0.937,0.972,49.98,OK
1761727816.128705,19.88,10.058,199.95,50.39,219.66,0.989,0.921,50.01,OK
1761727816.2306223,19.887,10.027,199.41,50.39,220.12,0.94,0.964,50.04,OK
1761727816.3326018,19.819,10.222,202.58,50.39,220.26,0.97,0.948,50.02,OK
1761727816.4343762,19.872,10.156,201.82,50.39,220.37,0.95,0.964,50.01,OK
1761727816.536224,19.869,10.159,201.86,50.39,219.78,0.968,0.949,49.96,OK
1761727816.6380672,19.797,10.167,201.28,50.39,219.93,0.973,0.941,50.02,OK
1761727816.7406197,19.857,10.157,201.68,50.39,220.27,0.952,0.962,50.02,OK
1761727816.8422887,19.849,10.01,198.69,50.39,219.74,0.978,0.924,50.02,OK
1761727816.943911,19.865,10.077,200.18,50.39,220.1,0.951,0.956,50.03,OK
1761727817.0455017,19.85,10.117,200.83,50.39,220.23,0.96,0.95,50.03,OK
1761727817.1471162,19.805,10.19,201.82,50.39,220.06,0.981,0.935,49.99,OK
1761727817.249067,19.887,9.994,198.76,50.39,220.15,0.923,0.978,49.96,OK
1761727817.350555,19.831,10.087,200.03,50.39,219.7,0.986,0.923,50.0,OK
1761727817.4520283,19.819,10.13,200.77,50.39,219.71,0.991,0.923,50.02,OK
1761727817.554017,19.794,10.176,201.43,50.39,219.83,0.987,0.928,49.95,OK
1761727817.6558082,19.837,10.011,198.58,50.39,219.65,0.96,0.942,49.97,OK
1761727817.7581904,19.804,10.021,198.46,50.39,219.75,0.956,0.944,49.95,OK
1761727817.860803,19.887,10.014,199.16,50.39,220.0,0.936,0.967,49.97,OK
1761727817.9632568,19.845,10.115,200.73,50.39,220.39,0.96,0.948,49.97,OK
1761727818.0646186,19.801,10.074,199.47,50.39,219.88,0.931,0.974,50.02,OK
1761727818.166454,19.796,10.001,197.97,50.39,219.84,0.974,0.924,50.03,OK
1761727818.2683759,19.825,10.019,198.63,50.39,220.34,0.933,0.966,50.01,OK
1761727818.3700511,19.882,10.008,198.97,50.39,220.26,0.949,0.952,49.97,OK
1761727818.4721322,19.879,9.976,198.31,50.39,220.36,0.973,0.925,50.01,OK
1761727818.57376,19.814,10.085,199.83,50.39,220.07,0.985,0.922,49.97,OK
1761727818.6759253,19.809,9.905,196.2,50.39,219.99,0.941,0.948,49.95,OK
1761727818.7773092,19.806,9.945,196.96,50.39,220.34,0.917,0.975,50.03,OK
1761727818.8791525,19.865,10.032,199.29,50.39,220.02,0.982,0.922,50.0,OK
1761727818.981256,19.844,10.068,199.78,50.39,219.98,0.933,0.974,49.99,OK
1761727819.088484,19.831,9.921,196.74,50.39,219.6,0.958,0.935,49.97,OK
1761727819.1913402,19.832,10.015,198.62,50.39,220.21,0.974,0.926,49.96,OK
1761727819.2931018,19.874,9.839,195.55,50.39,219.95,0.957,0.929,49.97,OK
1761727819.3952775,19.858,9.885,196.29,50.39,219.68,0.934,0.957,50.01,OK
1761727819.4978087,19.792,9.903,195.99,50.39,220.03,0.953,0.935,49.99,OK
1761727819.5998466,19.852,9.966,197.84,50.39,219.87,0.953,0.945,49.96,OK
1761727819.7020838,19.844,10.028,199.0,50.39,219.71,0.944,0.959,49.95,OK
1761727819.8035762,19.89,9.92,197.31,50.39,219.89,0.937,0.958,49.97,OK
1761727819.9059958,19.791,10.013,198.17,50.39,220.32,0.97,0.927,50.04,OK
1761727820.0078654,19.842,9.883,196.11,50.39,219.73,0.939,0.951,50.04,OK
1761727820.109694,19.85,10.007,198.64,50.39,219.77,0.929,0.973,50.01,OK
1761727820.2114096,19.825,9.931,196.89,50.39,219.79,0.951,0.942,49.97,OK
1761727820.3127825,19.83,9.948,197.28,50.39,220.02,0.97,0.924,49.99,OK
1761727820.414425,19.846,9.94,197.27,50.39,219.73,0.951,0.944,50.04,OK
1761727820.5163658,19.828,9.851,195.32,50.39,219.92,0.943,0.942,50.03,OK
1761727820.618409,19.844,9.99,198.25,50.39,220.37,0.963,0.935,50.03,OK
1761727820.7208953,19.807,10.012,198.31,50.39,220.33,0.93,0.968,50.03,OK
1761727820.8233466,19.827,9.908,196.46,50.39,219.91,0.964,0.927,50.01,OK
1761727820.9255052,19.849,9.873,195.98,50.39,219.96,0.937,0.95,49.95,OK
1761727821.0274785,19.882,9.946,197.75,50.39,219.91,0.925,0.972,49.95,OK
1761727821.12923,19.832,9.915,196.64,50.39,220.02,0.964,0.928,49.97,OK
1761727821.2307465,19.834,9.833,195.02,50.39,220.08,0.914,0.969,50.04,OK
1761727821.3330214,19.805,9.965,197.36,50.39,220.35,0.929,0.964,50.04,OK
1761727821.435058,19.807,9.891,195.91,50.39,219.88,0.958,0.93,49.98,OK
1761727821.5368843,19.84,9.97,197.81,50.39,219.74,0.926,0.972,49.98,OK
1761727821.6388361,19.85,9.963,197.76,50.39,219.74,0.966,0.932,50.05,OK
1761727821.7410514,19.838,9.955,197.48,50.39,220.38,0.958,0.935,49.97,OK
1761727821.8424659,19.88,9.794,194.72,50.39,219.93,0.958,0.924,50.0,OK
1761727821.9444482,19.882,9.871,196.26,50.39,220.12,0.953,0.936,49.97,OK
1761727822.0465379,19.803,9.826,194.6,50.39,220.19,0.943,0.937,50.01,OK
1761727822.1482387,19.817,9.972,197.62,50.39,219.79,0.96,0.937,49.98,OK
1761727822.2505844,19.853,9.821,194.97,50.39,219.75,0.925,0.959,50.03,OK
1761727822.3526332,19.826,9.809,194.47,50.39,220.21,0.916,0.964,49.95,OK
1761727822.454445,19.831,9.863,195.6,50.39,219.97,0.911,0.977,50.01,OK
1761727822.556444,19.848,9.838,195.26,50.39,220.16,0.955,0.928,50.04,OK
1761727822.6587934,19.853,9.848,195.51,50.39,220.05,0.935,0.95,50.03,OK
1761727822.760889,19.848,9.875,196.01,50.39,220.11,0.941,0.946,49.96,OK
1761727822.863559,19.869,9.92,197.1,50.39,219.62,0.95,0.945,49.99,OK
1761727822.9654446,19.811,9.975,197.61,50.39,219.81,0.926,0.97,50.04,OK
1761727823.0677748,19.861,9.939,197.39,50.39,220.01,0.916,0.979,50.03,OK
1761727823.169685,19.795,9.839,194.77,50.39,220.32,0.913,0.968,50.03,OK
1761727823.272038,19.867,9.983,198.33,50.39,220.37,0.971,0.927,50.02,OK
1761727823.3742774,19.853,9.808,194.71,50.39,219.75,0.948,0.935,49.96,OK
1761727823.476232,19.831,9.865,195.63,50.39,220.11,0.931,0.955,50.04,OK
1761727823.5778973,19.825,9.839,195.07,50.39,220.19,0.908,0.976,50.0,OK
1761727823.6791863,19.86,9.973,198.06,50.39,219.69,0.938,0.961,49.95,OK
1761727823.7807622,19.857,9.974,198.05,50.39,220.1,0.955,0.942,50.03,OK
1761727823.881755,19.838,9.855,195.51,50.39,220.19,0.952,0.933,49.98,OK
1761727823.9836464,19.818,10.011,198.4,50.39,219.84,0.947,0.953,50.03,OK
1761727824.0851283,19.847,10.006,198.58,50.39,219.93,0.976,0.925,49.98,OK
1761727824.186976,19.868,9.854,195.78,50.39,220.35,0.95,0.935,50.0,OK
1761727824.2884252,19.872,9.939,197.51,50.39,219.76,0.964,0.933,50.04,OK
1761727824.3899467,19.826,9.871,195.71,50.39,219.88,0.942,0.945,50.04,OK
1761727824.491253,19.858,9.92,196.99,50.39,220.02,0.938,0.954,50.01,OK
1761727824.5927446,19.881,9.831,195.45,50.39,220.02,0.963,0.922,49.99,OK
1761727824.6939676,19.828,9.909,196.47,50.39,219.61,0.967,0.926,50.04,OK
1761727824.79553,19.802,9.926,196.56,50.39,219.92,0.967,0.925,49.97,OK
1761727824.8968801,19.814,9.919,196.54,50.39,220.25,0.948,0.941,50.04,OK
1761727824.9985151,19.827,9.91,196.48,50.39,219.9,0.929,0.962,49.98,OK
1761727825.0997736,19.857,9.903,196.65,50.39,219.72,0.931,0.961,50.01,OK
1761727825.2010932,19.81,10.051,199.11,50.39,220.1,0.958,0.944,49.99,OK
1761727825.3025634,19.879,9.938,197.56,50.39,220.32,0.94,0.954,50.0,OK
1761727825.4040782,19.803,10.1,200.01,50.39,220.03,0.984,0.924,50.05,OK
1761727825.5058925,19.803,10.047,198.95,50.39,219.68,0.953,0.95,50.04,OK
1761727825.6074204,19.806,10.118,200.4,50.39,219.97,0.969,0.94,50.04,OK
1761727825.709287,19.868,9.966,198.0,50.39,220.28,0.956,0.94,49.98,OK
1761727825.8105416,19.849,9.936,197.21,50.39,220.33,0.917,0.976,50.03,OK
1761727825.9126492,19.85,10.048,199.45,50.39,220.2,0.961,0.942,49.99,OK
1761727826.0151558,19.849,9.998,198.45,50.39,219.78,0.963,0.937,49.95,OK
1761727826.1168377,19.888,9.974,198.36,50.39,219.71,0.934,0.967,49.99,OK
1761727826.2187772,19.89,9.967,198.24,50.39,219.98,0.946,0.952,49.97,OK
1761727826.320245,19.889,10.111,201.1,50.39,220.36,0.96,0.951,50.05,OK
1761727826.4213874,19.826,10.003,198.33,50.39,220.27,0.958,0.939,50.02,OK
1761727826.522931,19.808,10.116,200.37,50.39,219.86,0.979,0.931,49.99,OK
1761727826.62439,19.805,10.022,198.49,50.39,220.15,0.932,0.967,49.99,OK
1761727826.7259915,19.793,10.007,198.07,50.39,219.99,0.966,0.932,49.97,OK
1761727826.8273416,19.852,10.068,199.87,50.39,219.94,0.929,0.978,50.01,OK
1761727826.9287553,19.886,10.128,201.41,50.39,220.14,0.964,0.949,50.03,OK
1761727827.0304391,19.825,10.065,199.54,50.39,219.99,0.931,0.974,49.96,OK
1761727827.1316419,19.852,10.032,199.16,50.39,220.39,0.947,0.955,49.96,OK
1761727827.2336721,19.797,10.218,202.29,50.39,220.03,0.996,0.923,50.05,OK
1761727827.3357878,19.808,10.146,200.97,50.39,220.21,0.945,0.966,50.05,OK
1761727827.4375055,19.86,10.102,200.64,50.39,220.38,0.936,0.972,49.96,OK
1761727827.5392036,19.827,10.182,201.89,50.39,219.75,0.947,0.97,50.05,OK
1761727827.64136,19.844,10.18,202.01,50.39,219.73,0.939,0.979,49.99,OK
1761727827.743325,19.856,10.231,203.14,50.39,220.32,0.975,0.946,50.0,OK
1761727827.8447576,19.874,10.155,201.83,50.39,219.81,0.946,0.971,49.96,OK
1761727827.9466176,19.792,10.19,201.68,50.39,219.82,0.952,0.963,50.03,OK
1761727828.0485468,19.812,10.157,201.23,50.39,219.77,0.939,0.975,49.95,OK
1761727828.151776,19.877,10.19,202.55,50.39,219.9,0.993,0.928,49.99,OK
1761727828.2541687,19.82,10.2,202.16,50.39,220.16,0.96,0.956,50.05,OK
1761727828.3565037,19.885,10.086,200.56,50.39,219.9,0.97,0.94,50.0,OK
1761727828.458327,19.888,10.102,200.9,50.39,220.35,0.976,0.934,50.04,OK
1761727828.5600445,19.812,10.159,201.28,50.39,220.29,0.964,0.948,49.96,OK
1761727828.6644416,19.846,10.177,201.98,50.39,219.9,0.938,0.979,50.01,OK
1761727828.7674253,19.821,10.202,202.22,50.39,220.05,0.942,0.975,49.98,OK
1761727828.8687701,19.855,10.179,202.1,50.39,219.92,0.939,0.979,49.99,OK
1761727828.9708235,19.813,10.217,202.43,50.39,220.23,0.975,0.943,49.97,OK
1761727829.0723689,19.832,10.286,203.99,50.39,220.27,0.991,0.934,50.05,OK
1761727829.174586,19.889,10.229,203.45,50.39,219.63,0.989,0.936,49.99,OK
1761727829.2761064,19.87,10.272,204.11,50.39,219.78,0.977,0.95,49.95,OK
1761727829.3775504,19.832,10.304,204.34,50.39,220.16,0.958,0.969,50.0,OK
1761727829.47915,19.818,10.312,204.36,50.39,220.21,0.973,0.954,49.96,OK
1761727829.580731,19.878,10.253,203.82,50.39,219.8,0.964,0.962,50.01,OK
1761727829.6821005,19.888,10.213,203.11,50.39,219.82,0.962,0.961,50.01,OK
1761727829.7835536,19.88,10.3,204.77,50.39,219.74,0.982,0.949,49.98,OK
1761727829.887158,19.793,10.272,203.31,50.39,219.64,0.992,0.933,50.02,OK
1761727829.9888976,19.791,10.369,205.21,50.39,219.6,0.956,0.978,49.98,OK
1761727830.0904932,19.832,10.33,204.85,50.39,219.69,0.999,0.934,49.98,OK
1761727830.192501,19.836,10.287,204.05,50.39,220.11,0.95,0.976,50.02,OK
1761727830.2940454,19.865,10.205,202.72,50.39,220.01,0.958,0.961,49.99,OK
1761727830.395885,19.805,10.358,205.14,50.39,220.11,0.995,0.937,49.96,OK
1761727830.4978123,19.795,10.297,203.82,50.39,220.2,0.977,0.947,50.05,OK
1761727830.5998566,19.838,10.311,204.55,50.39,220.11,0.975,0.953,49.99,OK
1761727830.7018688,19.821,10.211,202.38,50.39,219.89,0.972,0.947,50.04,OK
1761727830.8035934,19.865,10.289,204.4,50.39,220.29,0.966,0.961,49.98,OK
1761727830.9054368,19.795,10.279,203.47,50.39,220.01,0.972,0.952,50.03,OK
1761727831.007265,19.879,10.184,202.45,50.39,219.97,0.976,0.943,50.0,OK
1761727831.1098907,19.875,10.301,204.73,50.39,220.3,0.995,0.934,50.02,OK
1761727831.2114904,19.849,10.25,203.46,50.39,219.99,0.979,0.945,49.97,OK
1761727831.3127856,19.862,10.318,204.94,50.39,219.66,0.969,0.962,49.99,OK
1761727831.4139783,19.867,10.222,203.08,50.39,220.28,0.964,0.957,50.05,OK
1761727831.5156667,19.847,10.333,205.08,50.39,219.94,1.007,0.926,50.04,OK
1761727831.6171446,19.843,10.191,202.23,50.39,219.89,0.979,0.939,49.97,OK
1761727831.7191513,19.837,10.319,204.7,50.39,219.66,0.956,0.975,50.01,OK
1761727831.8207862,19.869,10.217,203.0,50.39,220.4,0.973,0.947,50.02,OK
1761727831.922198,19.81,10.278,203.6,50.39,220.18,0.986,0.938,50.04,OK
1761727832.023731,19.813,10.235,202.79,50.39,219.68,0.962,0.96,50.0,OK
1761727832.1256804,19.81,10.289,203.82,50.39,220.25,0.986,0.939,49.96,OK
1761727832.2274165,19.875,10.347,205.65,50.39,220.04,0.959,0.974,49.96,OK
1761727832.3290298,19.882,10.347,205.72,50.39,219.8,0.972,0.963,49.95,OK
1761727832.4304535,19.886,10.166,202.16,50.39,220.15,0.977,0.939,50.01,OK
1761727832.5321977,19.849,10.336,205.16,50.39,219.71,0.959,0.974,49.99,OK
1761727832.6340709,19.836,10.274,203.79,50.39,219.61,0.999,0.929,50.01,OK
1761727832.7354496,19.802,10.215,202.28,50.39,220.36,0.996,0.922,50.03,OK
1761727832.8367689,19.799,10.243,202.81,50.39,219.84,0.978,0.943,49.97,OK
1761727832.9381256,19.82,10.351,205.16,50.39,220.22,0.972,0.959,49.97,OK
1761727833.0395598,19.884,10.254,203.89,50.39,220.19,0.968,0.957,50.0,OK
1761727833.1414866,19.827,10.217,202.57,50.39,220.36,0.975,0.943,49.96,OK
1761727833.243366,19.825,10.224,202.69,50.39,219.61,0.989,0.934,50.02,OK
1761727833.3459113,19.85,10.327,204.99,50.39,219.98,0.969,0.961,50.01,OK
1761727833.4476376,19.882,10.178,202.36,50.39,220.23,0.963,0.954,50.01,OK
1761727833.5495534,19.877,10.276,204.24,50.39,220.29,0.972,0.953,50.04,OK
1761727833.6513383,19.85,10.227,203.02,50.39,220.02,0.99,0.932,49.97,OK
1761727833.7536657,19.83,10.183,201.94,50.39,220.06,0.951,0.965,50.02,OK
1761727833.8555,19.807,10.27,203.41,50.39,219.66,0.997,0.929,49.99,OK
1761727833.957276,19.817,10.263,203.39,50.39,219.61,0.999,0.927,50.03,OK
1761727834.0592687,19.872,10.145,201.6,50.39,219.87,0.94,0.976,50.03,OK
1761727834.1609325,19.87,10.125,201.17,50.39,219.96,0.963,0.95,50.04,OK
1761727834.2627716,19.821,10.304,204.23,50.39,219.96,0.971,0.957,50.04,OK
1761727834.364415,19.868,10.26,203.85,50.39,220.08,0.947,0.978,50.02,OK
1761727834.465907,19.828,10.205,202.35,50.39,219.72,0.961,0.958,49.98,OK
1761727834.567798,19.866,10.105,200.75,50.39,220.27,0.977,0.933,49.99,OK
1761727834.669471,19.841,10.18,201.97,50.39,219.95,0.945,0.972,50.04,OK
1761727834.7711957,19.836,10.135,201.03,50.39,219.87,0.946,0.967,49.97,OK
1761727834.8729424,19.859,10.207,202.7,50.39,220.11,0.949,0.971,50.05,OK
1761727834.9742694,19.887,10.107,200.99,50.39,220.11,0.951,0.96,50.04,OK
1761727835.0761294,19.881,10.195,202.69,50.39,220.12,0.952,0.967,50.01,OK
1761727835.1776812,19.875,10.122,201.19,50.39,220.27,0.961,0.95,50.05,OK
1761727835.279338,19.8,10.232,202.59,50.39,219.88,0.961,0.959,50.03,OK
1761727835.3814056,19.791,10.19,201.67,50.39,219.87,0.969,0.947,49.99,OK
1761727835.4836345,19.799,10.078,199.53,50.39,219.87,0.981,0.925,50.01,OK
1761727835.584835,19.797,10.061,199.17,50.39,219.81,0.968,0.936,49.98,OK
1761727835.6867504,19.851,10.078,200.07,50.39,220.18,0.966,0.941,50.02,OK
1761727835.7889006,19.874,10.134,201.4,50.39,219.73,0.952,0.963,49.97,OK
1761727835.8907006,19.876,9.989,198.55,50.39,220.05,0.952,0.948,49.98,OK
1761727835.9918501,19.797,10.176,201.45,50.39,220.19,0.953,0.96,49.95,OK
1761727836.0943227,19.797,10.091,199.78,50.39,219.94,0.957,0.949,50.03,OK
1761727836.1961825,19.864,10.146,201.55,50.39,220.16,0.943,0.971,49.98,OK
1761727836.2985795,19.851,10.01,198.7,50.39,220.15,0.956,0.945,50.04,OK
1761727836.4002762,19.806,10.043,198.91,50.39,219.99,0.944,0.958,49.98,OK
1761727836.502609,19.823,10.074,199.69,50.39,219.97,0.928,0.979,50.01,OK
1761727836.604907,19.817,10.086,199.87,50.39,219.83,0.975,0.932,49.96,OK
1761727836.7072113,19.834,10.067,199.68,50.39,220.2,0.943,0.961,50.01,OK
1761727836.8092058,19.802,10.012,198.25,50.39,219.99,0.926,0.973,50.04,OK
1761727836.9116106,19.881,10.047,199.74,50.39,219.65,0.958,0.949,50.02,OK
1761727837.0139585,19.814,10.076,199.66,50.39,220.12,0.976,0.929,49.95,OK
1761727837.1158593,19.799,9.966,197.32,50.39,220.33,0.971,0.923,49.98,OK
1761727837.2172887,19.79,10.035,198.6,50.39,219.8,0.966,0.936,50.03,OK
1761727837.3189557,19.889,9.892,196.75,50.39,220.24,0.93,0.961,49.99,OK
1761727837.4209926,19.795,10.013,198.2,50.39,220.39,0.924,0.973,49.95,OK
1761727837.5229168,19.805,10.105,200.13,50.39,219.89,0.933,0.976,50.05,OK
1761727837.6246166,19.883,10.0,198.83,50.39,220.19,0.949,0.951,49.95,OK
1761727837.7265568,19.849,9.948,197.46,50.39,219.67,0.929,0.968,49.95,OK
1761727837.828663,19.838,9.948,197.35,50.39,219.95,0.958,0.937,50.05,OK
1761727837.9304812,19.798,9.976,197.5,50.39,220.35,0.943,0.95,50.0,OK
1761727838.0320823,19.793,10.068,199.26,50.39,220.17,0.937,0.966,50.04,OK
1761727838.1335382,19.82,9.879,195.79,50.39,220.17,0.943,0.943,49.99,OK
1761727838.2353432,19.855,9.955,197.66,50.39,219.88,0.956,0.941,50.01,OK
1761727838.3375757,19.883,9.92,197.24,50.39,219.88,0.934,0.961,49.97,OK
1761727838.439629,19.809,9.916,196.42,50.39,219.78,0.927,0.964,49.98,OK
1761727838.5413427,19.829,10.017,198.63,50.39,219.78,0.927,0.975,49.98,OK
1761727838.643731,19.843,9.932,197.08,50.39,220.28,0.915,0.977,50.04,OK
1761727838.745792,19.827,9.92,196.67,50.39,220.36,0.958,0.932,50.01,OK
1761727838.8480985,19.814,9.949,197.13,50.39,220.22,0.951,0.942,50.02,OK
1761727838.9500725,19.818,9.923,196.66,50.39,219.82,0.942,0.95,50.0,OK
1761727839.0522864,19.841,9.843,195.3,50.39,219.67,0.939,0.946,50.0,OK
1761727839.1542265,19.825,9.832,194.91,50.39,219.9,0.917,0.967,50.03,OK
1761727839.2554786,19.846,9.925,196.96,50.39,220.0,0.929,0.963,50.04,OK
1761727839.3578856,19.843,9.968,197.8,50.39,219.82,0.938,0.959,49.99,OK
1761727839.4597187,19.858,9.799,194.58,50.39,219.99,0.921,0.961,50.02,OK
1761727839.5610495,19.829,9.837,195.05,50.39,220.04,0.942,0.941,50.0,OK
1761727839.6625485,19.848,9.985,198.18,50.39,219.78,0.938,0.962,49.97,OK
1761727839.764155,19.807,9.904,196.17,50.39,219.82,0.939,0.95,49.96,OK
1761727839.86625,19.79,9.817,194.28,50.39,219.74,0.928,0.953,49.97,OK
1761727839.9679248,19.889,9.815,195.22,50.39,219.62,0.909,0.978,50.03,OK
1761727840.0697033,19.858,9.941,197.42,50.39,220.35,0.963,0.931,49.98,OK
1761727840.1716082,19.841,9.954,197.51,50.39,220.2,0.94,0.954,50.04,OK
1761727840.2736144,19.862,9.862,195.88,50.39,220.34,0.931,0.955,50.04,OK
1761727840.3757348,19.836,9.821,194.81,50.39,220.26,0.941,0.94,50.01,OK
1761727840.4775925,19.826,9.978,197.83,50.39,220.29,0.946,0.949,49.99,OK
1761727840.579175,19.872,9.851,195.76,50.39,220.11,0.964,0.922,49.96,OK
1761727840.6805935,19.839,9.894,196.28,50.39,219.95,0.939,0.951,49.99,OK
1761727840.7824876,19.876,9.903,196.84,50.39,219.72,0.968,0.925,50.01,OK
1761727840.8844497,19.831,9.788,194.1,50.39,219.73,0.921,0.96,50.01,OK
1761727840.9865065,19.834,9.805,194.47,50.39,220.22,0.933,0.947,50.04,OK
1761727841.088298,19.792,9.856,195.08,50.39,219.75,0.952,0.932,50.0,OK
1761727841.1909688,19.809,9.978,197.66,50.39,220.33,0.943,0.951,50.0,OK
1761727841.293173,19.883,9.766,194.19,50.39,219.68,0.946,0.935,50.04,OK
1761727841.395585,19.866,9.832,195.32,50.39,219.96,0.941,0.943,49.99,OK
1761727841.4971507,19.863,9.957,197.77,50.39,220.06,0.969,0.928,50.05,OK
1761727841.59862,19.807,10.002,198.12,50.39,219.76,0.929,0.97,49.96,OK
1761727841.700306,19.884,9.817,195.2,50.39,220.32,0.962,0.921,50.01,OK
1761727841.8021429,19.861,9.903,196.69,50.39,219.88,0.936,0.956,50.01,OK
1761727841.9035664,19.803,10.006,198.16,50.39,219.67,0.952,0.948,49.96,OK
1761727842.0053775,19.847,9.941,197.3,50.39,220.24,0.924,0.969,49.99,OK
1761727842.1070423,19.802,9.844,194.92,50.39,220.0,0.928,0.955,50.01,OK
1761727842.2091439,19.809,9.909,196.28,50.39,219.73,0.942,0.949,50.05,OK
1761727842.310807,19.839,9.93,197.01,50.39,220.35,0.931,0.96,49.98,OK
1761727842.4124873,19.879,9.93,197.39,50.39,220.04,0.922,0.973,49.96,OK
1761727842.514506,19.829,9.91,196.5,50.39,219.78,0.919,0.973,49.99,OK
1761727842.6163769,19.88,9.988,198.57,50.39,220.1,0.935,0.965,50.04,OK
1761727842.7183137,19.851,9.861,195.74,50.39,219.62,0.945,0.943,49.96,OK
1761727842.8198986,19.831,9.892,196.16,50.39,219.78,0.965,0.924,49.98,OK
1761727842.9217205,19.824,10.026,198.76,50.39,220.01,0.965,0.936,49.98,OK
1761727843.0232697,19.824,9.876,195.78,50.39,220.39,0.913,0.973,49.97,OK
1761727843.1255918,19.885,9.967,198.2,50.39,220.16,0.959,0.939,50.03,OK
1761727843.2280376,19.85,9.927,197.06,50.39,220.15,0.945,0.947,50.03,OK
1761727843.330114,19.832,9.996,198.25,50.39,220.37,0.931,0.966,49.96,OK
1761727843.4320314,19.843,9.923,196.91,50.39,219.62,0.925,0.969,50.01,OK
1761727843.5340815,19.868,10.019,199.05,50.39,219.69,0.926,0.979,50.02,OK
1761727843.6363907,19.841,9.914,196.71,50.39,220.12,0.932,0.959,49.97,OK
1761727843.7377555,19.815,10.024,198.61,50.39,219.96,0.965,0.936,50.05,OK
1761727843.8393085,19.82,10.019,198.58,50.39,220.21,0.923,0.977,50.0,OK
1761727843.94058,19.847,10.035,199.16,50.39,219.69,0.984,0.922,49.97,OK
1761727844.0422018,19.853,9.955,197.64,50.39,219.64,0.967,0.93,50.04,OK
1761727844.1440413,19.833,10.033,198.99,50.39,219.95,0.948,0.954,50.04,OK
1761727844.2452974,19.859,9.895,196.51,50.39,219.71,0.93,0.962,50.05,OK
1761727844.3476255,19.812,9.925,196.64,50.39,220.36,0.946,0.944,49.97,OK
1761727844.4489152,19.813,10.063,199.37,50.39,219.63,0.959,0.947,50.02,OK
1761727844.5510378,19.812,10.093,199.96,50.39,220.09,0.958,0.949,50.02,OK
1761727844.652237,19.875,10.002,198.78,50.39,219.81,0.972,0.93,49.97,OK
1761727844.7543666,19.793,10.042,198.76,50.39,220.18,0.928,0.973,50.01,OK
1761727844.8559387,19.842,9.962,197.67,50.39,220.06,0.963,0.933,49.96,OK
1761727844.9575577,19.802,10.049,199.0,50.39,219.77,0.969,0.934,49.98,OK
1761727845.0594068,19.801,10.113,200.24,50.39,219.64,0.988,0.923,50.0,OK
1761727845.1608012,19.88,9.955,197.89,50.39,219.71,0.96,0.938,49.97,OK
1761727845.2621408,19.851,10.023,198.96,50.39,219.88,0.962,0.94,49.97,OK
1761727845.3632922,19.867,10.086,200.38,50.39,220.34,0.951,0.956,49.96,OK
1761727845.4647996,19.886,10.096,200.76,50.39,219.62,0.954,0.958,50.04,OK
1761727845.566581,19.849,10.003,198.56,50.39,219.92,0.944,0.957,50.0,OK
1761727845.6680806,19.836,10.147,201.28,50.39,220.01,0.947,0.967,49.98,OK
1761727845.769814,19.834,10.036,199.05,50.39,219.73,0.952,0.952,50.04,OK
1761727845.8709884,19.887,10.179,202.44,50.39,220.34,0.939,0.978,50.0,OK
1761727845.97272,19.869,10.084,200.36,50.39,220.3,0.956,0.951,49.98,OK
1761727846.073899,19.801,10.063,199.27,50.39,219.89,0.983,0.922,49.97,OK
1761727846.1758325,19.821,10.067,199.53,50.39,219.97,0.94,0.965,50.04,OK
1761727846.27721,19.793,10.171,201.31,50.39,219.84,0.965,0.949,50.02,OK
1761727846.3788486,19.814,10.239,202.88,50.39,220.16,0.957,0.963,50.02,OK
1761727846.4803221,19.79,10.125,200.36,50.39,219.79,0.943,0.966,50.0,OK
1761727846.5819051,19.796,10.259,203.09,50.39,219.91,0.943,0.979,50.0,OK
1761727846.6834996,19.813,10.262,203.33,50.39,220.08,0.945,0.978,49.96,OK
1761727846.7847197,19.886,10.184,202.5,50.39,219.87,0.967,0.952,49.96,OK
1761727846.886388,19.871,10.178,202.26,50.39,220.04,0.941,0.977,50.04,OK
1761727846.9881973,19.796,10.25,202.92,50.39,219.77,1.002,0.922,49.95,OK
1761727847.0901027,19.838,10.136,201.08,50.39,220.33,0.97,0.941,49.97,OK
1761727847.191726,19.862,10.166,201.93,50.39,220.35,0.944,0.971,50.04,OK
1761727847.2932684,19.815,10.196,202.03,50.39,220.02,0.984,0.933,50.0,OK
1761727847.394429,19.846,10.192,202.28,50.39,220.25,0.959,0.958,49.97,OK
1761727847.4959755,19.857,10.11,200.76,50.39,220.08,0.95,0.961,49.95,OK
1761727847.5973935,19.882,10.101,200.82,50.39,219.93,0.941,0.97,50.03,OK
1761727847.6987443,19.803,10.298,203.93,50.39,220.11,0.983,0.943,50.04,OK
1761727847.8003724,19.845,10.213,202.69,50.39,220.17,0.989,0.931,49.95,OK
1761727847.9016075,19.831,10.274,203.75,50.39,220.17,0.988,0.937,49.97,OK
1761727848.0036032,19.822,10.252,203.22,50.39,220.03,0.982,0.941,49.96,OK
1761727848.105133,19.863,10.286,204.3,50.39,220.06,0.969,0.958,50.04,OK
1761727848.2069821,19.849,10.301,204.46,50.39,219.84,1.011,0.92,49.98,OK
1761727848.3090518,19.803,10.182,201.63,50.39,219.75,0.941,0.975,49.96,OK
1761727848.410816,19.841,10.146,201.31,50.39,220.26,0.971,0.942,49.96,OK
1761727848.5120947,19.857,10.272,203.97,50.39,220.27,0.986,0.939,50.04,OK
1761727848.6138508,19.836,10.305,204.42,50.39,220.18,1.003,0.925,49.98,OK
1761727848.7152953,19.86,10.3,204.55,50.39,219.87,0.997,0.933,49.96,OK
1761727848.8166573,19.889,10.221,203.29,50.39,219.98,0.965,0.958,50.04,OK
1761727848.9181018,19.869,10.266,203.96,50.39,219.64,0.963,0.965,50.04,OK
1761727849.019688,19.876,10.269,204.11,50.39,219.84,0.958,0.969,49.98,OK
1761727849.121583,19.805,10.298,203.96,50.39,220.03,0.955,0.97,49.99,OK
1761727849.222929,19.799,10.229,202.53,50.39,219.67,0.98,0.941,49.97,OK
1761727849.3256145,19.795,10.319,204.25,50.39,219.63,0.957,0.971,50.03,OK
1761727849.4269257,19.876,10.19,202.54,50.39,220.17,0.97,0.948,49.99,OK
1761727849.5288467,19.85,10.19,202.26,50.39,220.33,0.977,0.94,49.99,OK
1761727849.6307108,19.834,10.27,203.7,50.39,220.37,0.947,0.976,49.96,OK
1761727849.7321277,19.878,10.315,205.04,50.39,219.63,0.966,0.967,50.01,OK
1761727849.8337548,19.872,10.322,205.11,50.39,219.79,1.002,0.931,50.05,OK
1761727849.935401,19.808,10.26,203.24,50.39,219.92,0.965,0.957,50.0,OK
1761727850.0375683,19.803,10.304,204.05,50.39,220.34,0.98,0.945,49.96,OK
1761727850.139303,19.835,10.351,205.31,50.39,219.97,0.956,0.976,50.03,OK
1761727850.2408051,19.878,10.281,204.37,50.39,219.82,0.995,0.935,49.95,OK
1761727850.3425438,19.804,10.344,204.85,50.39,219.8,0.963,0.968,50.03,OK
1761727850.44431,19.875,10.21,202.92,50.39,220.18,0.998,0.924,49.95,OK
1761727850.545985,19.869,10.313,204.91,50.39,219.89,0.956,0.975,50.01,OK
1761727850.6479208,19.816,10.267,203.45,50.39,220.27,0.946,0.977,50.03,OK
1761727850.7501633,19.848,10.195,202.36,50.39,219.99,0.975,0.944,49.97,OK
1761727850.852304,19.825,10.383,205.84,50.39,220.16,1.005,0.93,50.0,OK
1761727850.953708,19.859,10.249,203.53,50.39,219.96,1.004,0.922,50.01,OK
1761727851.055398,19.852,10.328,205.03,50.39,220.35,0.965,0.964,49.96,OK
1761727851.1581817,19.793,10.334,204.54,50.39,219.61,0.964,0.966,49.98,OK
1761727851.2600932,19.836,10.239,203.1,50.39,220.06,0.977,0.945,50.04,OK
1761727851.3625777,19.859,10.352,205.59,50.39,219.69,1.008,0.929,50.01,OK
1761727851.4651468,19.803,10.224,202.46,50.39,219.72,0.993,0.928,50.01,OK
1761727851.5680022,19.82,10.284,203.82,50.39,220.35,0.96,0.964,50.0,OK
1761727851.6703563,19.825,10.204,202.28,50.39,219.84,0.943,0.976,50.0,OK
1761727851.7727914,19.841,10.311,204.59,50.39,219.77,1.0,0.931,50.05,OK
1761727851.8753624,19.796,10.238,202.68,50.39,219.99,0.996,0.925,49.99,OK
1761727851.9772546,19.833,10.252,203.33,50.39,220.37,0.999,0.923,49.95,OK
1761727852.0787442,19.818,10.352,205.17,50.39,220.2,0.968,0.962,49.97,OK
1761727852.1809947,19.794,10.231,202.52,50.39,219.88,0.986,0.935,50.03,OK
1761727852.2824721,19.85,10.168,201.83,50.39,220.26,0.971,0.943,49.96,OK
1761727852.3850908,19.792,10.181,201.51,50.39,219.83,0.958,0.957,50.01,OK
1761727852.486499,19.798,10.291,203.75,50.39,220.17,0.969,0.955,49.96,OK
1761727852.5886652,19.88,10.228,203.33,50.39,219.73,0.991,0.934,50.04,OK
1761727852.6901484,19.884,10.271,204.22,50.39,219.73,0.974,0.954,50.01,OK
1761727852.7918305,19.879,10.124,201.27,50.39,219.98,0.975,0.938,49.99,OK
1761727852.8932164,19.798,10.131,200.57,50.39,219.63,0.941,0.971,50.03,OK
1761727852.9952128,19.869,10.231,203.29,50.39,220.14,0.954,0.968,49.98,OK
1761727853.097034,19.886,10.102,200.89,50.39,220.28,0.939,0.972,50.03,OK
1761727853.1984198,19.823,10.295,204.09,50.39,220.21,0.953,0.973,49.98,OK
1761727853.3001804,19.824,10.294,204.07,50.39,219.68,0.961,0.966,50.0,OK
1761727853.4020786,19.829,10.158,201.42,50.39,220.24,0.962,0.95,50.03,OK
1761727853.5043786,19.837,10.081,199.97,50.39,219.74,0.978,0.931,50.02,OK
1761727853.6064966,19.848,10.168,201.82,50.39,219.76,0.943,0.974,50.0,OK
1761727853.7083716,19.883,10.149,201.8,50.39,220.29,0.983,0.932,49.95,OK
1761727853.8104577,19.873,10.191,202.51,50.39,220.02,0.964,0.955,49.99,OK
1761727853.911936,19.823,10.06,199.43,50.39,219.67,0.941,0.965,49.97,OK
1761727854.0132809,19.812,10.241,202.89,50.39,219.65,0.948,0.974,50.03,OK
1761727854.1147993,19.801,10.201,201.99,50.39,220.37,0.975,0.94,50.01,OK
1761727854.21627,19.852,10.116,200.83,50.39,219.73,0.99,0.923,50.01,OK
1761727854.3181925,19.883,10.153,201.88,50.39,219.77,0.995,0.923,50.04,OK
1761727854.4202867,19.809,10.118,200.44,50.39,219.89,0.946,0.964,49.95,OK
1761727854.521763,19.816,10.201,202.14,50.39,220.26,0.941,0.975,50.04,OK
1761727854.6237082,19.808,10.049,199.05,50.39,219.65,0.932,0.972,50.02,OK
1761727854.7253985,19.863,10.12,201.01,50.39,220.3,0.938,0.973,49.96,OK
1761727854.827344,19.813,10.144,200.99,50.39,220.15,0.944,0.967,49.99,OK
1761727854.929288,19.834,9.986,198.07,50.39,219.65,0.934,0.965,50.0,OK
1761727855.033155,19.817,10.077,199.71,50.39,220.11,0.955,0.95,50.01,OK
1761727855.1363785,19.791,10.169,201.25,50.39,219.82,0.988,0.926,50.01,OK
1761727855.2379565,19.883,10.018,199.2,50.39,220.01,0.925,0.979,50.04,OK
1761727855.339657,19.875,10.104,200.82,50.39,219.8,0.958,0.954,49.99,OK
1761727855.4419246,19.875,10.068,200.1,50.39,220.05,0.964,0.943,50.02,OK
1761727855.5438533,19.841,10.026,198.94,50.39,220.02,0.927,0.976,50.02,OK
1761727855.646208,19.85,10.037,199.24,50.39,219.65,0.969,0.936,50.01,OK
1761727855.7482142,19.831,10.037,199.03,50.39,220.04,0.97,0.933,50.01,OK
1761727855.8501923,19.847,9.97,197.87,50.39,220.21,0.937,0.959,49.99,OK
1761727855.9514573,19.851,9.975,198.02,50.39,219.82,0.968,0.931,50.04,OK
1761727856.0532768,19.846,9.999,198.43,50.39,220.31,0.975,0.924,50.04,OK
1761727856.1552546,19.794,10.035,198.62,50.39,220.01,0.924,0.977,50.01,OK
1761727856.2571828,19.863,9.896,196.56,50.39,220.07,0.918,0.973,50.03,OK
1761727856.3594005,19.858,9.937,197.33,50.39,220.31,0.949,0.943,49.96,OK
1761727856.4612014,19.808,10.068,199.43,50.39,220.37,0.97,0.933,49.96,OK
1761727856.563657,19.835,9.98,197.95,50.39,219.61,0.956,0.943,50.0,OK
1761727856.665368,19.804,9.975,197.55,50.39,220.19,0.955,0.939,50.05,OK
1761727856.7670841,19.815,10.031,198.76,50.39,220.16,0.922,0.979,49.97,OK
1761727856.8689961,19.803,9.965,197.34,50.39,220.35,0.922,0.972,49.95,OK
1761727856.9707003,19.845,10.016,198.77,50.39,220.29,0.958,0.942,50.03,OK
1761727857.0733037,19.802,9.915,196.34,50.39,219.82,0.959,0.931,49.96,OK
1761727857.1753101,19.815,9.985,197.85,50.39,219.9,0.935,0.962,49.99,OK
1761727857.2772202,19.85,9.929,197.09,50.39,220.37,0.965,0.926,49.97,OK
1761727857.3794844,19.89,9.885,196.6,50.39,220.27,0.956,0.934,50.03,OK
1761727857.4814248,19.801,10.004,198.1,50.39,219.94,0.963,0.935,49.97,OK
1761727857.5829332,19.865,9.887,196.42,50.39,219.61,0.968,0.924,49.97,OK
1761727857.6844451,19.834,9.999,198.32,50.39,219.63,0.953,0.948,49.99,OK
1761727857.7858737,19.791,9.845,194.84,50.39,219.91,0.906,0.978,50.0,OK
1761727857.8881109,19.867,9.981,198.29,50.39,220.35,0.933,0.964,49.97,OK
1761727857.9901185,19.842,9.857,195.59,50.39,220.01,0.928,0.958,49.97,OK
1761727858.0920007,19.795,9.935,196.66,50.39,220.17,0.92,0.971,50.01,OK
1761727858.1943295,19.81,9.832,194.77,50.39,220.31,0.957,0.924,49.99,OK
1761727858.2962728,19.865,9.968,198.02,50.39,219.62,0.968,0.932,49.99,OK
1761727858.3991134,19.816,9.951,197.18,50.39,219.9,0.96,0.934,49.99,OK
1761727858.5013843,19.801,9.99,197.8,50.39,220.0,0.946,0.95,50.0,OK
1761727858.60369,19.872,9.83,195.35,50.39,220.2,0.942,0.941,50.02,OK
1761727858.7057142,19.844,9.946,197.38,50.39,219.93,0.964,0.931,50.02,OK
1761727858.8072476,19.833,9.804,194.44,50.39,219.71,0.92,0.962,49.99,OK
1761727858.9088387,19.823,9.95,197.25,50.39,219.75,0.973,0.923,50.01,OK
1761727859.0108852,19.868,9.911,196.91,50.39,219.81,0.927,0.966,49.96,OK
1761727859.1126215,19.818,9.872,195.64,50.39,219.74,0.964,0.924,50.0,OK
1761727859.2145126,19.821,9.923,196.7,50.39,220.05,0.921,0.97,49.96,OK
1761727859.316271,19.847,9.919,196.85,50.39,219.78,0.924,0.969,49.96,OK
1761727859.4181361,19.858,9.919,196.96,50.39,219.77,0.956,0.937,50.01,OK
1761727859.5195184,19.837,9.864,195.68,50.39,219.95,0.926,0.961,49.96,OK
1761727859.6212409,19.812,9.991,197.95,50.39,219.67,0.932,0.967,49.98,OK
1761727859.7231658,19.817,9.859,195.38,50.39,220.17,0.926,0.958,50.02,OK
1761727859.826521,19.854,9.825,195.08,50.39,219.82,0.924,0.96,50.0,OK
1761727859.9285462,19.821,9.836,194.96,50.39,219.64,0.942,0.942,50.03,OK
1761727860.0303674,19.857,9.826,195.11,50.39,220.36,0.918,0.964,50.0,OK
1761727860.140739,19.796,9.956,197.08,50.39,220.23,0.957,0.935,49.97,OK
1761727860.243687,19.793,9.902,195.98,50.39,220.2,0.948,0.939,50.01,OK
1761727860.345332,19.793,9.936,196.65,50.39,219.88,0.925,0.967,50.01,OK
1761727860.4471538,19.854,9.88,196.16,50.39,220.11,0.928,0.96,50.01,OK
1761727860.548777,19.825,9.879,195.86,50.39,220.06,0.956,0.931,50.03,OK
1761727860.6518092,19.824,9.997,198.19,50.39,219.86,0.927,0.973,50.0,OK
1761727860.7544136,19.828,9.88,195.9,50.39,220.11,0.949,0.938,49.97,OK
1761727860.856519,19.841,9.982,198.05,50.39,219.73,0.943,0.955,49.99,OK
1761727860.9589412,19.817,9.935,196.88,50.39,219.76,0.967,0.926,50.03,OK
1761727861.0610774,19.869,9.908,196.86,50.39,219.64,0.919,0.976,50.0,OK
1761727861.163263,19.795,9.885,195.67,50.39,219.81,0.956,0.931,49.97,OK
1761727861.2659822,19.831,9.912,196.57,50.39,220.28,0.914,0.976,50.02,OK
1761727861.3677566,19.888,9.915,197.19,50.39,219.77,0.967,0.928,50.0,OK
1761727861.4700582,19.879,9.936,197.52,50.39,220.21,0.936,0.959,50.0,OK
1761727861.5720513,19.81,9.961,197.33,50.39,220.3,0.925,0.968,50.02,OK
1761727861.6741147,19.827,9.976,197.8,50.39,220.08,0.966,0.93,50.03,OK
1761727861.775848,19.83,9.873,195.78,50.39,220.3,0.926,0.96,50.02,OK
1761727861.8778682,19.807,10.016,198.39,50.39,220.21,0.932,0.967,50.04,OK
1761727861.979402,19.808,9.863,195.37,50.39,219.84,0.956,0.929,49.95,OK
1761727862.0810797,19.871,9.872,196.17,50.39,219.76,0.967,0.923,49.95,OK
1761727862.183002,19.85,9.841,195.34,50.39,220.0,0.949,0.935,50.0,OK
1761727862.2854457,19.794,9.95,196.95,50.39,220.38,0.948,0.942,49.98,OK
1761727862.3874242,19.88,10.034,199.48,50.39,219.84,0.968,0.937,49.96,OK
1761727862.489852,19.88,9.989,198.59,50.39,220.28,0.957,0.942,50.01,OK
1761727862.5920033,19.858,9.958,197.75,50.39,219.62,0.95,0.948,50.02,OK
1761727862.6940415,19.792,9.922,196.37,50.39,219.63,0.97,0.922,49.99,OK
1761727862.795612,19.819,10.015,198.49,50.39,220.25,0.978,0.922,50.02,OK
1761727862.8970594,19.817,9.943,197.04,50.39,220.1,0.957,0.936,50.02,OK
1761727862.9991739,19.883,9.896,196.77,50.39,220.26,0.941,0.949,49.98,OK
1761727863.1006677,19.793,10.071,199.33,50.39,220.08,0.958,0.946,50.01,OK
1761727863.2022216,19.889,10.058,200.03,50.39,220.15,0.985,0.922,49.99,OK
1761727863.3036747,19.811,10.073,199.56,50.39,220.18,0.952,0.952,49.95,OK
1761727863.4052854,19.833,10.058,199.47,50.39,219.72,0.965,0.941,49.97,OK
1761727863.5066195,19.871,10.063,199.97,50.39,220.36,0.944,0.961,49.98,OK
1761727863.6086876,19.841,10.023,198.87,50.39,219.62,0.956,0.947,50.01,OK
1761727863.710446,19.808,9.977,197.63,50.39,220.35,0.969,0.925,49.99,OK
1761727863.8124585,19.88,10.008,198.96,50.39,220.04,0.927,0.975,50.03,OK
1761727863.9141142,19.83,10.025,198.8,50.39,219.68,0.943,0.96,50.04,OK
1761727864.0160832,19.797,10.012,198.21,50.39,220.24,0.95,0.947,50.0,OK
1761727864.1185434,19.807,10.157,201.19,50.39,220.07,0.959,0.954,50.02,OK
1761727864.2207606,19.796,10.121,200.35,50.39,219.71,0.943,0.967,50.02,OK
1761727864.322361,19.876,10.036,199.48,50.39,220.09,0.949,0.955,49.96,OK
1761727864.4244142,19.841,10.096,200.32,50.39,219.92,0.943,0.966,50.04,OK
1761727864.5258932,19.816,10.07,199.54,50.39,220.01,0.931,0.974,50.01,OK
1761727864.627798,19.855,10.041,199.37,50.39,220.03,0.966,0.938,50.0,OK
1761727864.7289433,19.838,10.055,199.47,50.39,219.88,0.931,0.974,50.0,OK
1761727864.8308554,19.826,10.089,200.03,50.39,220.15,0.948,0.958,49.97,OK
1761727864.9327512,19.844,10.068,199.79,50.39,219.73,0.933,0.975,50.03,OK
1761727865.034194,19.804,10.077,199.56,50.39,220.17,0.939,0.965,49.99,OK
1761727865.1360316,19.885,10.068,200.2,50.39,220.22,0.945,0.962,49.97,OK
1761727865.2380407,19.824,10.065,199.53,50.39,220.37,0.982,0.922,50.0,OK
1761727865.3409138,19.866,10.035,199.34,50.39,220.21,0.951,0.952,50.01,OK
1761727865.442439,19.822,10.082,199.86,50.39,220.31,0.949,0.956,50.0,OK
1761727865.544157,19.857,10.168,201.91,50.39,219.67,0.966,0.951,49.99,OK
1761727865.645417,19.818,10.12,200.57,50.39,220.23,0.983,0.927,49.96,OK
1761727865.7470808,19.859,10.19,202.35,50.39,219.62,0.985,0.936,50.03,OK
1761727865.8483188,19.843,10.081,200.03,50.39,219.95,0.959,0.949,50.01,OK
1761727865.9501994,19.849,10.099,200.45,50.39,219.77,0.965,0.946,49.97,OK
1761727866.0521507,19.839,10.257,203.48,50.39,220.04,0.983,0.941,50.03,OK
1761727866.1534476,19.877,10.178,202.31,50.39,220.14,0.966,0.951,49.99,OK
1761727866.2553997,19.875,10.2,202.72,50.39,219.64,0.982,0.94,49.95,OK
1761727866.3575907,19.85,10.244,203.33,50.39,220.36,0.965,0.956,50.01,OK
1761727866.4595609,19.805,10.296,203.91,50.39,220.15,0.994,0.932,49.96,OK
1761727866.56133,19.839,10.163,201.62,50.39,220.28,0.98,0.934,50.03,OK
1761727866.663101,19.845,10.27,203.8,50.39,219.8,0.964,0.962,49.99,OK
1761727866.7649117,19.829,10.149,201.23,50.39,220.16,0.965,0.947,49.97,OK
1761727866.8669708,19.793,10.163,201.17,50.39,220.15,0.971,0.941,50.01,OK
1761727866.9684875,19.88,10.242,203.6,50.39,220.0,0.956,0.968,50.03,OK
1761727867.0701091,19.859,10.2,202.56,50.39,219.83,0.979,0.941,50.04,OK
1761727867.1722155,19.828,10.309,204.41,50.39,219.93,0.985,0.943,49.98,OK
1761727867.274446,19.82,10.223,202.61,50.39,220.33,0.959,0.958,49.97,OK
1761727867.3759782,19.825,10.159,201.4,50.39,219.95,0.955,0.959,50.03,OK
1761727867.4772158,19.879,10.239,203.54,50.39,220.22,0.987,0.936,49.95,OK
1761727867.5788305,19.796,10.265,203.22,50.39,219.91,0.943,0.98,49.95,OK
1761727867.680455,19.799,10.261,203.15,50.39,219.75,0.979,0.944,50.05,OK
1761727867.781923,19.795,10.304,203.96,50.39,220.09,0.955,0.97,49.97,OK
1761727867.883592,19.832,10.361,205.47,50.39,220.28,0.978,0.954,50.02,OK
1761727867.9848151,19.85,10.231,203.09,50.39,220.09,0.975,0.947,50.05,OK
1761727868.086432,19.801,10.235,202.65,50.39,220.06,0.967,0.952,49.98,OK
1761727868.187873,19.859,10.204,202.65,50.39,219.85,0.992,0.929,49.99,OK
1761727868.2890215,19.798,10.358,205.06,50.39,219.67,1.014,0.92,50.04,OK
1761727868.3905566,19.819,10.272,203.59,50.39,220.12,1.0,0.925,49.98,OK
1761727868.491674,19.83,10.304,204.34,50.39,220.02,0.972,0.956,50.01,OK
1761727868.592966,19.867,10.17,202.06,50.39,220.36,0.978,0.937,50.0,OK
1761727868.6946251,19.84,10.322,204.79,50.39,220.26,0.98,0.949,50.0,OK
1761727868.795707,19.882,10.344,205.65,50.39,219.94,0.988,0.946,50.05,OK
1761727868.897105,19.838,10.355,205.43,50.39,220.04,1.004,0.93,50.04,OK
1761727868.998671,19.816,10.21,202.32,50.39,219.78,0.957,0.962,50.04,OK
1761727869.10008,19.795,10.313,204.15,50.39,220.13,1.005,0.923,49.97,OK
1761727869.2015147,19.829,10.325,204.73,50.39,220.17,0.962,0.967,50.02,OK
1761727869.3031645,19.853,10.252,203.55,50.39,220.4,0.987,0.935,49.96,OK
1761727869.4044533,19.881,10.353,205.83,50.39,219.9,0.962,0.973,50.03,OK
1761727869.5062559,19.805,10.226,202.53,50.39,219.96,0.983,0.937,49.95,OK
1761727869.608031,19.83,10.369,205.62,50.39,220.27,0.968,0.964,49.99,OK
1761727869.709361,19.815,10.366,205.39,50.39,220.26,0.976,0.955,50.03,OK
1761727869.8116207,19.875,10.293,204.58,50.39,220.33,0.962,0.965,49.96,OK
1761727869.9130518,19.868,10.287,204.39,50.39,220.27,0.961,0.965,50.02,OK
1761727870.015006,19.806,10.199,202.01,50.39,220.4,0.944,0.971,49.96,OK
1761727870.1169786,19.859,10.304,204.63,50.39,219.69,1.012,0.92,50.04,OK
1761727870.2186139,19.834,10.326,204.8,50.39,219.74,0.963,0.968,50.05,OK
1761727870.3205857,19.881,10.257,203.93,50.39,220.31,1.001,0.925,49.99,OK
1761727870.422273,19.884,10.329,205.38,50.39,220.09,1.009,0.925,50.0,OK
1761727870.5235403,19.792,10.233,202.53,50.39,220.39,0.975,0.942,50.0,OK
1761727870.6260204,19.803,10.31,204.17,50.39,219.94,0.956,0.971,49.99,OK
1761727870.7280087,19.793,10.33,204.46,50.39,219.88,0.959,0.97,49.96,OK
1761727870.8292592,19.828,10.165,201.54,50.39,219.81,0.945,0.97,49.97,OK
1761727870.9307427,19.866,10.232,203.27,50.39,220.02,0.969,0.953,50.03,OK
1761727871.0319643,19.816,10.354,205.16,50.39,219.75,0.956,0.976,49.98,OK
1761727871.1332293,19.806,10.194,201.91,50.39,219.8,0.974,0.944,49.98,OK
1761735706.2962198,19.883,10.07,200.22,50.39,219.76,0.964,0.945,50.04,OK
1761735706.9029632,19.853,10.214,202.78,50.39,219.76,0.993,0.929,50.02,OK
1761735707.0600328,19.828,10.269,203.61,50.39,220.27,0.996,0.928,50.03,OK
1761735707.2010782,19.797,10.185,201.64,50.39,219.67,0.956,0.96,50.01,OK
1761735707.3264875,19.805,10.175,201.52,50.39,219.61,0.985,0.932,50.02,OK
1761735707.4497952,19.802,10.244,202.85,50.39,219.9,0.971,0.95,50.02,OK
1761735707.57775,19.815,10.269,203.49,50.39,219.64,0.946,0.98,50.0,OK
1761735707.6964562,19.849,10.258,203.61,50.39,220.06,0.95,0.973,50.02,OK
1761735707.8062465,19.801,10.138,200.74,50.39,220.34,0.96,0.949,50.02,OK
1761735707.9176576,19.867,10.298,204.58,50.39,220.3,0.953,0.974,50.04,OK
1761735708.0258265,19.887,10.211,203.06,50.39,220.38,0.975,0.945,50.02,OK
1761735708.1668673,19.852,10.26,203.67,50.39,219.61,0.947,0.979,50.01,OK
1761735708.2721431,19.871,10.166,202.0,50.39,219.78,0.958,0.959,49.99,OK
1761735708.3754292,19.887,10.293,204.7,50.39,220.11,0.955,0.974,49.98,OK
1761735708.4800963,19.796,10.187,201.66,50.39,219.87,0.951,0.964,49.96,OK
1761735708.5899105,19.873,10.144,201.58,50.39,219.93,0.969,0.945,50.02,OK
1761735708.6961875,19.829,10.269,203.61,50.39,219.8,0.999,0.927,50.0,OK
1761735708.7974718,19.854,10.183,202.18,50.39,219.96,0.995,0.924,49.97,OK
1761735708.8985388,19.823,10.347,205.11,50.39,219.93,0.972,0.96,49.98,OK
1761735709.001833,19.856,10.223,202.98,50.39,220.12,0.995,0.927,50.04,OK
1761735709.104501,19.802,10.381,205.56,50.39,219.95,0.995,0.939,50.05,OK
1761735709.2062898,19.868,10.15,201.67,50.39,220.2,0.953,0.961,50.03,OK
1761735709.3079545,19.873,10.327,205.24,50.39,219.63,0.979,0.955,49.99,OK
1761735709.4092476,19.817,10.364,205.37,50.39,220.11,0.994,0.938,49.99,OK
1761735709.510326,19.824,10.182,201.84,50.39,220.03,0.944,0.971,49.95,OK
1761735709.6120682,19.824,10.369,205.56,50.39,220.32,1.0,0.933,50.02,OK
1761735709.7133439,19.856,10.194,202.4,50.39,219.81,0.96,0.959,50.04,OK
1761735709.8145196,19.827,10.254,203.3,50.39,219.85,0.962,0.961,50.05,OK
1761735709.9158084,19.88,10.189,202.56,50.39,220.36,0.964,0.953,50.0,OK
1761735710.0184667,19.872,10.227,203.24,50.39,220.0,0.996,0.928,50.05,OK
1761735710.1292465,19.88,10.341,205.59,50.39,220.37,1.002,0.931,50.05,OK
1761735710.231038,19.885,10.225,203.33,50.39,220.07,0.977,0.946,50.03,OK
1761735710.332694,19.847,10.371,205.84,50.39,220.06,0.958,0.976,50.01,OK
1761735710.4602263,19.822,10.241,203.0,50.39,220.04,0.97,0.951,49.99,OK
1761735710.59142,19.873,10.26,203.9,50.39,219.77,0.972,0.954,49.97,OK
1761735710.703944,19.857,10.176,202.06,50.39,219.96,0.953,0.964,49.97,OK
1761735710.8061116,19.81,10.243,202.91,50.39,220.32,0.969,0.951,50.02,OK
1761735710.9074018,19.815,10.329,204.66,50.39,220.16,0.962,0.966,50.02,OK
1761735711.0085688,19.798,10.339,204.69,50.39,220.15,0.953,0.976,50.04,OK
1761735711.1098642,19.887,10.237,203.58,50.39,219.78,0.998,0.928,49.99,OK
1761735711.2110307,19.832,10.346,205.19,50.39,219.89,1.009,0.925,50.02,OK
1761735711.312338,19.799,10.284,203.61,50.39,220.37,0.972,0.95,50.01,OK
1761735711.413663,19.79,10.3,203.83,50.39,220.01,0.963,0.962,50.05,OK
1761735711.5148396,19.814,10.253,203.15,50.39,220.06,0.959,0.962,50.05,OK
1761735711.616161,19.822,10.356,205.27,50.39,219.99,0.967,0.965,49.95,OK
1761735711.7173398,19.801,10.353,204.99,50.39,219.73,0.996,0.937,50.03,OK
1761792382.5276754,19.873,9.795,194.66,50.39,220.4,0.916,0.965,50.0,OK
1761792382.6308308,19.887,9.913,197.13,50.39,220.4,0.963,0.929,49.98,OK
1761792382.7519991,19.866,9.891,196.5,50.39,219.83,0.945,0.946,49.98,OK
1761792382.8544383,19.826,9.878,195.84,50.39,220.2,0.924,0.962,49.98,OK
1761792382.956594,19.791,9.929,196.5,50.39,219.7,0.952,0.94,50.03,OK
1761792383.2667959,19.804,9.976,197.56,50.39,219.7,0.958,0.938,49.96,OK
1761792383.387051,19.866,9.989,198.45,50.39,219.68,0.937,0.965,49.96,OK
1761792383.5119832,19.881,9.955,197.91,50.39,219.75,0.944,0.954,50.03,OK
1761792383.6851773,19.865,9.907,196.8,50.39,219.93,0.957,0.935,50.03,OK
1761792384.0761602,19.842,9.889,196.21,50.39,220.26,0.954,0.934,49.97,OK
1761792384.25071,19.802,10.048,198.97,50.39,220.35,0.937,0.964,49.97,OK
1761792384.367752,19.885,9.993,198.7,50.39,219.87,0.968,0.933,49.95,OK
1761792384.476648,19.831,9.876,195.84,50.39,219.8,0.913,0.976,49.96,OK
1761792384.649394,19.872,9.885,196.44,50.39,219.94,0.948,0.942,49.95,OK
1761792384.8689554,19.81,10.096,200.0,50.39,219.61,0.969,0.94,49.98,OK
1761792384.9774551,19.87,10.025,199.19,50.39,220.26,0.983,0.92,50.04,OK
1761792385.0857291,19.821,9.98,197.81,50.39,219.78,0.956,0.942,50.03,OK
1761792385.1954415,19.811,10.101,200.12,50.39,220.17,0.941,0.966,50.0,OK
1761792385.6068704,19.847,9.959,197.66,50.39,220.07,0.955,0.94,49.99,OK
1761792385.8380768,19.862,10.063,199.87,50.39,220.28,0.945,0.96,50.03,OK
1761792386.151528,19.89,9.968,198.25,50.39,219.85,0.975,0.925,50.01,OK
1761792386.3071349,19.886,10.137,201.6,50.39,220.14,0.957,0.957,50.04,OK
1761792386.5108466,19.81,10.06,199.28,50.39,220.0,0.925,0.98,49.98,OK
1761792386.6310477,19.859,10.053,199.65,50.39,219.74,0.965,0.941,49.99,OK
1761792386.7885432,19.847,10.148,201.41,50.39,220.21,0.976,0.938,49.97,OK
1761792386.990834,19.805,10.045,198.93,50.39,219.82,0.931,0.972,50.0,OK
1761792387.154547,19.806,10.127,200.57,50.39,219.82,0.945,0.965,50.03,OK
1761792387.2963095,19.803,10.186,201.73,50.39,220.36,0.992,0.923,49.97,OK
1761792387.4226673,19.886,10.16,202.04,50.39,220.03,0.98,0.937,49.98,OK
1761792387.5339088,19.855,10.059,199.72,50.39,220.18,0.949,0.956,50.04,OK
1761792387.6586385,19.888,10.198,202.82,50.39,220.21,0.988,0.932,50.04,OK
1761792387.8317943,19.85,10.156,201.6,50.39,220.0,0.995,0.921,50.05,OK
1761792388.0201797,19.866,10.175,202.14,50.39,220.31,0.953,0.963,49.97,OK
1761792388.1460319,19.883,10.217,203.14,50.39,219.98,0.953,0.969,50.0,OK
1761792388.3045473,19.872,10.259,203.87,50.39,220.4,0.99,0.934,50.02,OK
1761792388.4141278,19.878,10.171,202.19,50.39,219.95,0.943,0.975,50.0,OK
1761792388.5304594,19.888,10.161,202.08,50.39,219.66,0.974,0.944,50.02,OK
1761792388.697509,19.812,10.281,203.68,50.39,220.07,0.973,0.952,50.0,OK
1761792388.8394341,19.807,10.292,203.85,50.39,219.92,0.978,0.948,50.0,OK
1761792388.9617627,19.848,10.176,201.96,50.39,219.61,0.987,0.932,50.01,OK
1761792389.0814629,19.839,10.242,203.19,50.39,219.68,0.981,0.943,50.0,OK
1761792389.1917038,19.796,10.293,203.76,50.39,219.72,0.994,0.933,50.01,OK
1761792389.3175275,19.797,10.26,203.12,50.39,220.03,0.988,0.935,50.03,OK
1761792389.4437802,19.868,10.243,203.52,50.39,220.04,0.969,0.954,50.05,OK
1761792389.585257,19.816,10.359,205.27,50.39,220.11,0.952,0.979,50.03,OK
1761792389.691487,19.838,10.354,205.4,50.39,220.09,1.002,0.932,50.01,OK
1761792389.7948298,19.799,10.286,203.65,50.39,220.39,0.991,0.932,50.05,OK
1761792389.900559,19.856,10.298,204.49,50.39,219.66,0.99,0.94,50.0,OK
1761792390.0261354,19.794,10.266,203.21,50.39,220.31,0.972,0.949,49.96,OK
1761792390.151489,19.792,10.28,203.47,50.39,219.72,0.956,0.969,49.99,OK
1761792390.277312,19.882,10.191,202.62,50.39,220.16,0.995,0.925,49.96,OK
1761792390.4035666,19.833,10.376,205.79,50.39,219.99,0.996,0.939,49.97,OK
1761792390.5132608,19.847,10.225,202.93,50.39,219.84,0.955,0.966,50.01,OK
1761792390.6234622,19.871,10.362,205.91,50.39,219.82,1.009,0.929,50.02,OK
1761792390.7296634,19.853,10.236,203.21,50.39,219.75,0.998,0.927,50.03,OK
1761792390.8595955,19.812,10.253,203.13,50.39,220.1,1.001,0.922,50.0,OK
1761792390.9671323,19.852,10.237,203.21,50.39,220.29,0.972,0.949,49.95,OK
1761792391.0829568,19.843,10.314,204.66,50.39,219.85,0.966,0.963,50.02,OK
1761792391.1876533,19.882,10.31,204.99,50.39,220.11,0.979,0.952,49.98,OK
1761792391.3035161,19.865,10.29,204.4,50.39,219.7,0.97,0.959,49.95,OK
1761792391.4137127,19.821,10.294,204.05,50.39,219.62,0.993,0.936,50.01,OK
1761792391.5168946,19.878,10.305,204.84,50.39,220.25,0.956,0.972,49.99,OK
1761792391.6226025,19.878,10.172,202.2,50.39,220.37,0.938,0.978,50.0,OK
1761792391.905041,19.819,10.374,205.6,50.39,220.01,0.992,0.942,49.96,OK
1761792392.0071511,19.879,10.299,204.73,50.39,220.01,0.971,0.959,49.97,OK
1761792392.1133752,19.842,10.255,203.49,50.39,219.99,0.989,0.935,50.03,OK
1761792392.2195957,19.82,10.322,204.58,50.39,219.77,0.987,0.943,49.98,OK
1761792392.3216789,19.869,10.309,204.83,50.39,220.29,1.004,0.926,49.96,OK
1761792392.426409,19.808,10.294,203.9,50.39,219.64,0.988,0.94,49.99,OK
1761792392.5471501,19.828,10.177,201.79,50.39,219.94,0.969,0.947,49.95,OK
1761792392.7202706,19.851,10.198,202.44,50.39,220.23,0.995,0.923,50.0,OK
1761792392.846115,19.878,10.181,202.37,50.39,219.63,0.969,0.951,50.04,OK
1761792392.9601407,19.8,10.246,202.87,50.39,220.26,0.99,0.93,49.98,OK
1761792393.0626354,19.875,10.285,204.41,50.39,219.63,1.007,0.924,50.03,OK
1761792393.173266,19.837,10.156,201.46,50.39,219.76,0.941,0.974,50.03,OK
1761792393.2991319,19.886,10.244,203.71,50.39,220.12,0.971,0.953,49.99,OK
1761792393.4064436,19.87,10.229,203.24,50.39,220.16,0.957,0.964,50.0,OK
1761792393.5348184,19.828,10.153,201.31,50.39,220.27,0.947,0.965,49.97,OK
1761792393.645117,19.861,10.133,201.25,50.39,219.61,0.94,0.975,50.04,OK
1761792393.7547176,19.801,10.219,202.33,50.39,220.23,0.942,0.976,50.01,OK
1761792393.864938,19.851,10.133,201.15,50.39,220.04,0.936,0.977,50.01,OK
1761792394.0068564,19.807,10.297,203.96,50.39,220.3,0.992,0.933,50.01,OK
1761792394.1328337,19.874,10.249,203.68,50.39,219.76,0.997,0.929,50.02,OK
1761792394.2429564,19.803,10.165,201.3,50.39,219.67,0.939,0.976,49.98,OK
1761792394.3542821,19.804,10.149,200.99,50.39,219.83,0.936,0.977,50.0,OK
1761792394.478993,19.848,10.2,202.46,50.39,219.76,0.994,0.927,50.03,OK
1761792394.598847,19.865,10.246,203.54,50.39,220.01,1.005,0.921,49.99,OK
1761792394.7056684,19.809,10.259,203.22,50.39,219.96,0.952,0.97,49.95,OK
1761792394.8249037,19.889,10.079,200.46,50.39,219.97,0.94,0.969,49.95,OK
1761792394.9318244,19.799,10.081,199.59,50.39,219.73,0.935,0.971,50.02,OK
1761792395.0405605,19.827,10.111,200.47,50.39,219.94,0.96,0.949,50.02,OK
1761792395.144173,19.872,10.123,201.16,50.39,219.86,0.97,0.943,50.02,OK
1761792395.2523873,19.813,10.169,201.48,50.39,220.27,0.964,0.949,49.97,OK
1761792395.3646157,19.89,10.149,201.86,50.39,219.64,0.942,0.976,50.04,OK
1761792395.4774456,19.878,10.02,199.19,50.39,219.84,0.927,0.978,49.96,OK
1761792395.5861642,19.85,10.042,199.32,50.39,219.81,0.928,0.977,50.05,OK
1761792395.6954906,19.859,10.11,200.77,50.39,220.14,0.944,0.966,49.95,OK
1761792395.8011818,19.886,9.989,198.64,50.39,220.0,0.956,0.945,50.01,OK
1761792395.9092882,19.847,10.051,199.48,50.39,219.68,0.948,0.958,50.01,OK
1761792396.011003,19.88,10.054,199.88,50.39,220.09,0.974,0.932,50.05,OK
1761792396.1367168,19.883,10.038,199.59,50.39,220.04,0.949,0.956,49.99,OK
1761792396.2535365,19.833,10.105,200.42,50.39,220.33,0.96,0.948,50.04,OK
1761792396.357142,19.882,10.057,199.96,50.39,219.84,0.97,0.937,49.97,OK
1761792396.4829874,19.835,10.079,199.91,50.39,219.92,0.982,0.926,49.98,OK
1761792396.6557689,19.8,9.99,197.81,50.39,219.76,0.968,0.93,49.96,OK
1761792396.7654607,19.859,10.012,198.83,50.39,220.18,0.947,0.954,49.97,OK
1761792396.8897333,19.831,9.925,196.81,50.39,220.25,0.912,0.98,49.96,OK
1761792396.9914625,19.836,9.957,197.5,50.39,220.16,0.959,0.936,50.03,OK
1761792397.1070774,19.793,9.923,196.41,50.39,219.96,0.965,0.926,49.98,OK
1761792397.2485564,19.811,9.929,196.7,50.39,220.18,0.94,0.951,49.98,OK
1761792397.3608513,19.855,10.06,199.74,50.39,219.64,0.937,0.97,49.98,OK
1761792397.5210288,19.874,10.031,199.35,50.39,219.92,0.947,0.957,50.03,OK
1761792397.663032,19.808,9.899,196.07,50.39,220.35,0.942,0.944,50.03,OK
1761792397.7726433,19.886,9.961,198.08,50.39,220.21,0.965,0.932,49.97,OK
1761792397.881423,19.815,10.027,198.69,50.39,220.27,0.977,0.923,49.97,OK
1761792397.991199,19.796,9.932,196.61,50.39,219.95,0.952,0.939,50.03,OK
1761792398.0998752,19.886,9.897,196.82,50.39,220.25,0.949,0.942,50.03,OK
1761792398.2739615,19.799,9.857,195.16,50.39,220.36,0.923,0.96,49.99,OK
1761792398.380646,19.869,9.83,195.32,50.39,220.01,0.94,0.944,49.96,OK
1761792398.4868922,19.887,9.944,197.76,50.39,219.88,0.966,0.931,49.99,OK
1761792398.5889788,19.824,10.029,198.82,50.39,220.29,0.975,0.926,50.03,OK
1761792398.6993062,19.842,9.904,196.52,50.39,219.74,0.946,0.945,49.98,OK
1761792398.8105483,19.817,9.994,198.05,50.39,219.93,0.952,0.946,49.96,OK
1761792398.9267156,19.802,9.986,197.75,50.39,220.39,0.919,0.977,50.01,OK
1761792399.035314,19.872,9.835,195.44,50.39,220.2,0.922,0.963,49.96,OK
1761792399.1471426,19.801,9.982,197.66,50.39,219.82,0.963,0.933,50.04,OK
1761792399.2512274,19.881,9.914,197.1,50.39,220.21,0.954,0.938,50.04,OK
1761792399.4166453,19.856,9.928,197.12,50.39,220.0,0.946,0.947,50.04,OK
1761792399.5347219,19.799,9.886,195.74,50.39,220.01,0.913,0.974,50.05,OK
1761792399.6928334,19.79,9.853,194.98,50.39,219.86,0.951,0.933,49.96,OK
1761792399.8337991,19.847,9.836,195.2,50.39,219.84,0.92,0.965,50.04,OK
1761792399.9756684,19.798,9.953,197.04,50.39,219.93,0.918,0.976,49.99,OK
1761792400.107522,19.827,9.879,195.87,50.39,219.74,0.918,0.971,49.98,OK
1761792400.2272499,19.841,9.971,197.84,50.39,219.82,0.953,0.944,49.97,OK
1761792400.337447,19.826,9.875,195.78,50.39,219.61,0.961,0.928,49.98,OK
1761792400.4472375,19.889,9.791,194.74,50.39,220.06,0.957,0.924,50.01,OK
1761792400.5943134,19.827,9.796,194.23,50.39,220.2,0.907,0.973,50.01,OK
1761792400.766431,19.809,9.919,196.48,50.39,220.01,0.945,0.945,50.01,OK
1761792400.89801,19.797,9.818,194.37,50.39,220.03,0.923,0.957,49.99,OK
1761792401.0160766,19.867,9.881,196.31,50.39,219.96,0.962,0.927,49.97,OK
1761792401.1243002,19.834,9.864,195.65,50.39,220.1,0.932,0.954,50.0,OK
1761792401.2591226,19.859,9.838,195.38,50.39,220.08,0.927,0.957,50.0,OK
1761792401.3925655,19.838,9.813,194.67,50.39,219.62,0.933,0.95,50.0,OK
1761792401.5071592,19.85,9.974,197.98,50.39,220.0,0.968,0.929,49.96,OK
1761792401.6187115,19.882,9.868,196.19,50.39,219.71,0.933,0.957,49.97,OK
1761792401.737753,19.801,9.873,195.51,50.39,220.07,0.957,0.929,49.97,OK
1761792401.8517919,19.799,9.954,197.08,50.39,220.18,0.916,0.977,50.05,OK
1761792401.9537551,19.861,9.904,196.7,50.39,220.4,0.927,0.963,50.03,OK
1761792402.116395,19.87,9.954,197.78,50.39,220.03,0.943,0.953,50.01,OK
1761792402.2307878,19.832,9.924,196.82,50.39,220.07,0.954,0.937,49.99,OK
1761792402.3657784,19.835,9.895,196.27,50.39,220.32,0.955,0.933,50.05,OK
1761792402.4834828,19.851,9.877,196.07,50.39,220.3,0.922,0.965,49.99,OK
1761792402.6445944,19.872,9.944,197.61,50.39,219.66,0.957,0.94,50.01,OK
1761792402.8481288,19.836,9.918,196.74,50.39,220.25,0.963,0.928,50.03,OK
1761792402.9794376,19.838,9.878,195.96,50.39,219.97,0.947,0.94,49.99,OK
1761792403.097078,19.888,9.837,195.63,50.39,220.12,0.946,0.94,50.03,OK
1761792403.2241147,19.88,10.03,199.41,50.39,220.22,0.943,0.96,50.01,OK
1761792403.3443794,19.834,10.009,198.51,50.39,219.93,0.929,0.972,50.04,OK
1761792403.486736,19.809,9.976,197.62,50.39,220.2,0.974,0.922,49.98,OK
1761792403.6246052,19.794,10.071,199.34,50.39,219.78,0.935,0.97,49.95,OK
1761792403.7544053,19.879,9.951,197.82,50.39,220.18,0.972,0.924,50.01,OK
1761792403.8641827,19.835,10.004,198.42,50.39,220.13,0.96,0.939,49.99,OK
1761792403.9998784,19.81,10.031,198.7,50.39,220.07,0.95,0.95,49.98,OK
1761792404.13294,19.879,10.0,198.79,50.39,219.95,0.926,0.976,50.04,OK
1761792404.2495475,19.803,9.968,197.4,50.39,219.81,0.965,0.931,50.02,OK
1761792404.372435,19.811,10.081,199.71,50.39,219.63,0.979,0.929,50.0,OK
1761792404.4954674,19.85,10.088,200.25,50.39,220.25,0.95,0.957,50.02,OK
1761792404.631426,19.854,10.04,199.34,50.39,219.86,0.931,0.974,49.98,OK
1761792404.772464,19.881,9.93,197.42,50.39,220.09,0.922,0.973,50.01,OK
1761792404.913514,19.875,10.131,201.35,50.39,219.7,0.972,0.943,50.04,OK
1761792405.0237064,19.856,10.0,198.56,50.39,219.69,0.97,0.932,49.97,OK
1761792405.149148,19.886,10.002,198.9,50.39,219.65,0.952,0.951,49.96,OK
1761792405.2749836,19.876,10.152,201.78,50.39,220.1,0.995,0.921,50.01,OK
1761792405.400405,19.792,10.133,200.56,50.39,219.89,0.962,0.948,50.01,OK
1761792405.5258217,19.857,10.041,199.39,50.39,220.28,0.976,0.928,49.97,OK
1761792405.6512425,19.864,10.015,198.94,50.39,220.08,0.962,0.94,49.96,OK
1761792405.7766802,19.86,10.127,201.13,50.39,219.76,0.951,0.962,50.01,OK
1761792405.8864868,19.823,10.202,202.24,50.39,219.77,0.981,0.938,50.03,OK
1761792405.996896,19.871,10.05,199.71,50.39,219.97,0.963,0.943,50.03,OK
1761792406.1217098,19.886,10.202,202.89,50.39,219.9,0.97,0.951,50.03,OK
1761792406.23612,19.876,10.137,201.48,50.39,219.96,0.994,0.922,50.02,OK
1761792406.419439,19.889,10.058,200.04,50.39,219.73,0.938,0.971,49.97,OK
1761792406.5292404,19.792,10.121,200.32,50.39,220.23,0.932,0.976,50.03,OK
1761792406.6550887,19.822,10.195,202.09,50.39,220.38,0.958,0.957,50.04,OK
1761792406.769,19.877,10.157,201.9,50.39,220.1,0.94,0.976,50.01,OK
1761792406.890313,19.793,10.167,201.24,50.39,219.62,0.95,0.965,49.98,OK
1761792407.015766,19.856,10.14,201.34,50.39,220.24,0.988,0.925,49.96,OK
1761792407.1416101,19.808,10.308,204.18,50.39,220.03,0.971,0.956,49.95,OK
1761792407.2670214,19.858,10.098,200.54,50.39,220.07,0.979,0.931,50.03,OK
1761792407.3772326,19.864,10.163,201.88,50.39,220.3,0.972,0.943,49.99,OK
1761792407.4881384,19.821,10.256,203.28,50.39,220.28,0.973,0.948,49.97,OK
1761792407.599435,19.804,10.279,203.57,50.39,219.76,0.986,0.939,50.0,OK
1761792407.722652,19.873,10.124,201.19,50.39,219.79,0.942,0.972,49.95,OK
1761792407.8480818,19.809,10.165,201.36,50.39,219.94,0.945,0.969,49.98,OK
1761792407.956865,19.89,10.258,204.03,50.39,220.34,0.987,0.938,49.97,OK
1761792408.0591602,19.834,10.325,204.79,50.39,220.02,0.984,0.945,50.04,OK
1761792408.1618311,19.84,10.193,202.24,50.39,219.78,0.956,0.963,49.99,OK
1761792408.296363,19.81,10.292,203.9,50.39,219.77,0.961,0.966,49.98,OK
1761792408.4021547,19.845,10.161,201.64,50.39,219.91,0.978,0.938,50.0,OK
1761792408.5164526,19.833,10.256,203.41,50.39,219.99,0.985,0.939,50.02,OK
1761792408.6222477,19.819,10.203,202.21,50.39,219.98,0.945,0.973,49.96,OK
1761792408.7260056,19.84,10.216,202.68,50.39,220.03,0.967,0.952,50.01,OK
1761792408.8320682,19.813,10.227,202.63,50.39,220.28,0.976,0.943,50.04,OK
1761792408.9403703,19.867,10.2,202.65,50.39,219.87,0.945,0.975,49.99,OK
1761792409.0436668,19.854,10.196,202.43,50.39,219.91,0.977,0.942,49.97,OK
1761792409.150342,19.874,10.19,202.52,50.39,219.92,0.962,0.957,50.01,OK
1761792409.26014,19.866,10.35,205.62,50.39,219.68,0.962,0.973,49.96,OK
1761792409.3720438,19.812,10.228,202.64,50.39,220.0,0.995,0.925,49.96,OK
1761792409.4737034,19.791,10.333,204.51,50.39,220.33,0.989,0.939,49.97,OK
1761792409.589508,19.843,10.205,202.51,50.39,219.97,0.982,0.938,49.97,OK
1761792409.6955385,19.823,10.338,204.93,50.39,219.64,0.971,0.961,50.02,OK
1761792409.836487,19.875,10.257,203.86,50.39,219.96,0.968,0.957,49.98,OK
1761792409.9447606,19.821,10.31,204.35,50.39,219.8,1.006,0.924,50.04,OK
1761792410.0513623,19.884,10.318,205.17,50.39,220.02,0.964,0.967,50.02,OK
1761792410.1528354,19.837,10.375,205.82,50.39,220.15,0.965,0.969,49.99,OK
1761792410.2868013,19.848,10.274,203.93,50.39,219.6,0.979,0.949,49.95,OK
1761792410.4131448,19.842,10.38,205.95,50.39,220.18,0.982,0.952,50.0,OK
1761792410.5384777,19.85,10.235,203.15,50.39,219.69,0.971,0.952,49.99,OK
1761792410.6638944,19.854,10.282,204.13,50.39,220.34,1.003,0.924,49.96,OK
1761792410.7863295,19.864,10.212,202.85,50.39,220.24,0.944,0.976,50.02,OK
1761792411.0483437,19.791,10.381,205.45,50.39,220.18,0.963,0.969,49.97,OK
1761792411.1512697,19.809,10.204,202.12,50.39,220.02,0.952,0.965,49.96,OK
1761792411.2610657,19.843,10.227,202.95,50.39,219.64,0.972,0.951,49.96,OK
1761792411.3663466,19.856,10.337,205.25,50.39,219.96,0.957,0.975,50.0,OK
1761792411.47214,19.848,10.251,203.47,50.39,219.73,0.958,0.966,50.0,OK
1761792411.5789359,19.807,10.27,203.42,50.39,220.39,0.981,0.941,49.96,OK
1761792411.7002525,19.795,10.332,204.52,50.39,219.91,1.006,0.924,49.98,OK
1761792411.8151624,19.833,10.247,203.23,50.39,220.0,0.959,0.963,49.96,OK
1761792411.9279606,19.794,10.198,201.87,50.39,219.8,0.952,0.965,50.05,OK
1761792412.0456069,19.796,10.318,204.24,50.39,220.21,1.007,0.921,49.95,OK
1761792412.1707046,19.795,10.154,201.0,50.39,219.91,0.955,0.958,50.0,OK
1761792412.313879,19.791,10.343,204.71,50.39,219.99,0.954,0.975,49.96,OK
1761792412.4720545,19.822,10.291,203.99,50.39,219.8,0.993,0.935,49.96,OK
1761792412.5972471,19.8,10.325,204.44,50.39,219.85,0.994,0.935,50.01,OK
1761792412.754357,19.807,10.27,203.41,50.39,219.8,0.951,0.973,50.01,OK
1761792412.8953958,19.838,10.152,201.4,50.39,220.21,0.986,0.927,49.96,OK
1761792413.0208151,19.884,10.205,202.92,50.39,219.64,0.964,0.958,49.98,OK
1761792413.1300883,19.873,10.173,202.17,50.39,220.08,0.955,0.962,50.0,OK
1761792413.255525,19.802,10.234,202.65,50.39,220.12,0.996,0.924,50.0,OK
1761792413.3965752,19.83,10.158,201.42,50.39,219.66,0.974,0.941,50.05,OK
1761792413.537631,19.843,10.161,201.63,50.39,220.19,0.97,0.944,49.97,OK
1761792413.6630425,19.826,10.252,203.26,50.39,220.0,0.945,0.978,49.96,OK
1761792413.8361797,19.827,10.103,200.31,50.39,219.94,0.978,0.931,50.02,OK
1761792413.9615984,19.819,10.105,200.28,50.39,220.18,0.951,0.956,49.97,OK
1761792414.1343176,19.85,10.108,200.64,50.39,220.01,0.953,0.956,49.99,OK
1761792414.3589053,19.791,10.09,199.69,50.39,219.73,0.965,0.942,49.95,OK
1761792414.4736197,19.837,10.077,199.91,50.39,220.12,0.928,0.978,49.96,OK
1761792414.5990298,19.83,10.057,199.43,50.39,220.06,0.984,0.921,50.02,OK
1761792414.7400856,19.825,10.066,199.56,50.39,220.11,0.94,0.964,50.05,OK
1761792414.8493607,19.864,9.992,198.48,50.39,219.86,0.937,0.963,50.02,OK
1761792414.9747903,19.882,9.998,198.78,50.39,219.99,0.947,0.955,50.04,OK
1761792415.0850062,19.82,10.115,200.47,50.39,219.73,0.963,0.947,50.02,OK
1761792415.2260725,19.791,9.979,197.5,50.39,219.97,0.952,0.943,49.98,OK
1761792415.3514857,19.858,10.038,199.34,50.39,219.77,0.967,0.938,50.02,OK
1761792415.4612675,19.82,10.122,200.62,50.39,220.25,0.947,0.962,50.02,OK
1761792415.5710564,19.888,10.037,199.62,50.39,220.04,0.949,0.956,49.96,OK
1761792415.6808546,19.861,10.027,199.15,50.39,220.15,0.958,0.945,50.03,OK
1761792415.821938,19.867,9.974,198.15,50.39,219.86,0.926,0.973,49.96,OK
1761792416.0415359,19.87,9.953,197.76,50.39,220.09,0.956,0.94,50.03,OK
1761792416.167787,19.811,10.065,199.41,50.39,219.99,0.931,0.974,50.03,OK
1761792416.2932382,19.818,9.928,196.75,50.39,220.07,0.918,0.974,50.04,OK
1761792416.4186482,19.842,10.034,199.1,50.39,220.1,0.942,0.96,49.98,OK
1761792416.5284445,19.823,10.025,198.73,50.39,219.99,0.928,0.974,49.98,OK
1761792416.6538649,19.833,9.954,197.42,50.39,220.13,0.964,0.931,49.98,OK
1761792416.7631443,19.791,9.926,196.46,50.39,219.72,0.933,0.958,49.98,OK
1761792416.8885698,19.872,9.96,197.93,50.39,220.18,0.921,0.976,50.01,OK
1761792417.0139875,19.869,9.826,195.23,50.39,220.07,0.92,0.964,50.04,OK
1761792417.121056,19.875,9.887,196.51,50.39,219.74,0.931,0.961,50.02,OK
1761792417.275221,19.861,9.987,198.35,50.39,219.98,0.924,0.976,49.96,OK
1761792417.4324982,19.865,9.824,195.15,50.39,219.86,0.924,0.96,49.96,OK
1761792417.5578892,19.868,9.908,196.85,50.39,219.85,0.956,0.937,50.01,OK
1761792417.6833155,19.869,9.816,195.03,50.39,220.04,0.934,0.949,49.97,OK
1761792417.824373,19.857,9.984,198.26,50.39,220.14,0.937,0.961,50.05,OK
1761792417.9310174,19.837,9.896,196.3,50.39,219.64,0.971,0.92,50.0,OK
1761792418.060936,19.878,9.823,195.26,50.39,219.69,0.927,0.959,50.01,OK
1761792418.1888623,19.807,9.857,195.23,50.39,219.61,0.926,0.96,49.98,OK
1761792418.3068237,19.865,9.879,196.25,50.39,220.39,0.92,0.967,49.96,OK
1761792418.5176723,19.842,9.872,195.88,50.39,219.6,0.93,0.959,50.01,OK
1761792418.6191022,19.794,9.972,197.39,50.39,220.31,0.951,0.942,49.96,OK
1761792419.2009525,19.886,9.785,194.59,50.39,219.96,0.903,0.979,50.01,OK
1761792419.3087218,19.873,9.773,194.21,50.39,219.69,0.95,0.931,49.97,OK
1761792419.410509,19.835,9.808,194.55,50.39,220.17,0.948,0.932,49.99,OK
1761792419.5116298,19.821,9.88,195.82,50.39,220.04,0.944,0.943,49.96,OK
1761792419.613294,19.798,9.808,194.17,50.39,219.96,0.939,0.94,50.02,OK
1761792427.7873867,19.889,10.297,204.81,50.39,219.7,0.958,0.973,49.97,OK
1761792427.8931718,19.82,10.207,202.31,50.39,219.65,0.973,0.947,50.02,OK
1761792427.994243,19.852,10.27,203.88,50.39,219.96,0.948,0.978,50.03,OK
1761792428.095443,19.885,10.207,202.96,50.39,219.9,0.993,0.929,49.98,OK
1761792428.1969965,19.817,10.357,205.25,50.39,220.0,1.001,0.932,49.95,OK
1761792428.5336106,19.843,10.197,202.35,50.39,219.75,0.999,0.922,49.95,OK
1761792428.63564,19.82,10.275,203.64,50.39,220.07,0.965,0.959,50.0,OK
1761792428.7372053,19.834,10.186,202.03,50.39,220.1,0.979,0.938,49.99,OK
1761792428.838731,19.881,10.232,203.43,50.39,220.31,0.981,0.941,50.01,OK
1761792428.9402933,19.826,10.303,204.27,50.39,219.99,0.974,0.953,50.03,OK
1761792429.0418513,19.799,10.236,202.65,50.39,220.15,0.976,0.943,50.03,OK
1761792429.1434302,19.857,10.342,205.36,50.39,220.25,0.966,0.966,50.01,OK
1761792429.245022,19.88,10.239,203.56,50.39,219.71,0.97,0.955,50.05,OK
1761792429.3460846,19.885,10.267,204.15,50.39,220.03,0.959,0.968,50.0,OK
1761792429.4476473,19.843,10.232,203.04,50.39,220.25,0.984,0.936,50.02,OK
1761792429.5496705,19.852,10.225,202.99,50.39,220.27,0.978,0.943,50.03,OK
1761792429.6516788,19.856,10.315,204.82,50.39,220.37,0.956,0.972,50.02,OK
1761792429.7531948,19.873,10.307,204.83,50.39,220.39,0.956,0.972,49.95,OK
1761792429.8547118,19.817,10.307,204.25,50.39,219.98,0.96,0.967,50.05,OK
1761792429.9562526,19.799,10.279,203.53,50.39,220.34,0.946,0.977,49.95,OK
1761792430.0577714,19.868,10.183,202.32,50.39,220.38,0.989,0.928,50.03,OK
1761792430.289299,19.791,10.226,202.38,50.39,220.16,0.941,0.977,50.02,OK
1761792430.3943377,19.877,10.241,203.57,50.39,219.81,0.978,0.947,50.03,OK
1761792430.524855,19.79,10.26,203.04,50.39,220.27,0.957,0.963,50.02,OK
1761792430.7153716,19.822,10.287,203.92,50.39,220.02,0.951,0.975,49.95,OK
1761792430.8279173,19.857,10.326,205.03,50.39,220.21,0.981,0.949,50.05,OK
1761792431.2049823,19.798,10.222,202.37,50.39,219.83,0.942,0.977,50.05,OK
1761792431.363498,19.855,10.158,201.68,50.39,220.1,0.994,0.922,50.04,OK
1761792431.5065591,19.884,10.2,202.81,50.39,220.19,0.972,0.948,49.96,OK
1761792431.663591,19.808,10.237,202.78,50.39,219.67,0.958,0.964,50.03,OK
1761792431.8436687,19.82,10.292,203.99,50.39,220.14,0.954,0.971,50.02,OK
1761792431.966219,19.843,10.214,202.68,50.39,219.78,0.953,0.968,50.05,OK
1761792432.1392794,19.832,10.157,201.43,50.39,220.27,0.939,0.974,49.99,OK
1761792432.3883493,19.847,10.063,199.71,50.39,219.75,0.986,0.921,50.01,OK
1761792432.6094694,19.842,10.054,199.5,50.39,219.91,0.927,0.978,50.03,OK
1761792432.7615058,19.848,10.133,201.13,50.39,219.78,0.989,0.925,50.03,OK
1761792433.073337,19.881,10.143,201.67,50.39,219.66,0.963,0.954,49.96,OK
1761792433.2449908,19.867,10.077,200.2,50.39,219.77,0.981,0.929,50.02,OK
1761792433.4015372,19.825,10.079,199.81,50.39,220.19,0.966,0.94,50.05,OK
1761792433.5158784,19.82,10.118,200.54,50.39,219.71,0.978,0.933,49.96,OK
1761792433.8525167,19.822,10.149,201.17,50.39,220.36,0.977,0.935,50.0,OK
1761792433.989559,19.793,10.174,201.37,50.39,219.63,0.952,0.963,49.96,OK
1761792434.1431186,19.802,10.115,200.3,50.39,220.09,0.962,0.946,49.98,OK
1761792434.2731793,19.831,10.111,200.51,50.39,220.21,0.949,0.96,49.99,OK
1761792434.396011,19.845,9.98,198.05,50.39,220.35,0.932,0.965,49.96,OK
1761792434.5380456,19.808,10.098,200.03,50.39,220.32,0.951,0.955,49.97,OK
1761792434.654083,19.796,9.948,196.93,50.39,219.91,0.96,0.932,50.0,OK
1761792434.868143,19.807,9.925,196.58,50.39,219.98,0.917,0.974,49.96,OK
1761792434.9989827,19.871,10.068,200.06,50.39,219.6,0.955,0.954,50.02,OK
1761792435.2165344,19.82,10.079,199.76,50.39,219.89,0.964,0.942,50.0,OK
1761792435.3355677,19.877,9.986,198.48,50.39,220.1,0.942,0.957,49.97,OK
1761792435.4886034,19.806,9.948,197.04,50.39,220.21,0.928,0.964,50.04,OK
1761792435.7166796,19.826,10.03,198.86,50.39,220.34,0.955,0.945,50.0,OK
1761792436.2532957,19.813,9.918,196.5,50.39,220.16,0.911,0.979,50.03,OK
1761792436.4068444,19.88,9.799,194.81,50.39,219.8,0.95,0.933,50.02,OK
1761792436.6013935,19.806,9.884,195.76,50.39,220.34,0.939,0.946,50.04,OK
1761792436.8399634,19.866,9.975,198.15,50.39,220.06,0.976,0.922,50.01,OK
1761792437.0445082,19.815,9.928,196.72,50.39,219.71,0.916,0.978,49.96,OK
1761792437.2111025,19.885,9.861,196.1,50.39,220.0,0.927,0.962,49.96,OK
1761792437.3341818,19.862,9.842,195.48,50.39,220.24,0.955,0.93,50.0,OK
1761792437.4571657,19.837,9.829,194.98,50.39,219.91,0.957,0.926,50.01,OK
1761792437.5657525,19.863,9.94,197.44,50.39,220.06,0.932,0.963,50.03,OK
1761792437.7399213,19.885,9.906,196.97,50.39,219.87,0.934,0.959,50.02,OK
1761792437.9178205,19.793,9.971,197.35,50.39,220.26,0.941,0.952,49.97,OK
1761792439.2027974,19.816,9.938,196.92,50.39,220.2,0.917,0.975,49.97,OK
1761792439.3773563,19.856,9.93,197.18,50.39,219.82,0.922,0.973,50.03,OK
1761792439.5653932,19.823,9.933,196.9,50.39,219.85,0.971,0.923,49.98,OK
1761792439.6879458,19.8,9.973,197.47,50.39,220.2,0.935,0.959,49.99,OK
1761792439.807285,19.872,9.917,197.08,50.39,219.97,0.928,0.965,49.98,OK
1761792439.9478734,19.818,9.941,197.01,50.39,220.11,0.942,0.95,50.02,OK
1761792440.0857584,19.792,10.035,198.61,50.39,219.78,0.929,0.972,49.99,OK
1761792440.5205488,19.864,10.009,198.81,50.39,220.08,0.969,0.933,49.97,OK
1761792440.765726,19.871,9.983,198.36,50.39,219.61,0.954,0.947,49.98,OK
1761792440.9235358,19.875,9.946,197.68,50.39,219.74,0.923,0.975,50.0,OK
1761792441.0537944,19.805,9.902,196.1,50.39,219.91,0.958,0.931,50.02,OK
1761792441.4189816,19.838,10.0,198.38,50.39,219.85,0.947,0.953,50.04,OK
1761792441.5205324,19.809,9.998,198.05,50.39,219.74,0.947,0.951,50.04,OK
1761792441.6218514,19.848,9.977,198.01,50.39,220.16,0.951,0.946,49.99,OK
1761792441.7234406,19.791,10.072,199.34,50.39,219.8,0.929,0.976,49.98,OK
1761792441.825605,19.871,9.914,197.01,50.39,219.79,0.955,0.938,49.98,OK
1761792441.9268482,19.82,10.049,199.18,50.39,219.79,0.951,0.952,49.98,OK
1761792442.0281963,19.871,10.019,199.09,50.39,220.03,0.957,0.946,50.02,OK
1761792442.1297526,19.793,10.082,199.55,50.39,220.38,0.948,0.955,49.97,OK
1761792442.231629,19.876,10.107,200.89,50.39,219.87,0.976,0.936,49.96,OK
1761792442.3331711,19.843,10.088,200.17,50.39,220.29,0.929,0.978,49.98,OK
1761792442.4342368,19.888,10.098,200.83,50.39,219.92,0.99,0.923,50.01,OK
1761792442.5361154,19.89,10.066,200.22,50.39,219.6,0.947,0.963,50.02,OK
1761792442.6374242,19.881,9.993,198.67,50.39,219.88,0.967,0.935,49.97,OK
1761792442.738977,19.836,10.052,199.39,50.39,220.12,0.962,0.941,49.96,OK
1761792442.840534,19.841,10.108,200.56,50.39,220.08,0.962,0.947,50.0,OK
1761792442.9420636,19.869,10.159,201.85,50.39,220.22,0.966,0.949,50.04,OK
1761792443.0441751,19.884,10.056,199.96,50.39,220.11,0.947,0.959,50.0,OK
1761792443.145651,19.886,10.1,200.85,50.39,219.87,0.945,0.967,50.01,OK
1761792443.2480693,19.826,10.185,201.92,50.39,220.15,0.986,0.93,50.04,OK
1761792443.4791105,19.829,10.162,201.5,50.39,220.32,0.948,0.965,49.95,OK
1761792443.580344,19.853,10.016,198.84,50.39,220.09,0.956,0.945,50.01,OK
1761792443.6819205,19.858,10.089,200.35,50.39,220.37,0.931,0.977,50.04,OK
1761792443.7831602,19.841,10.108,200.57,50.39,219.89,0.963,0.947,49.96,OK
1761792443.884708,19.799,10.146,200.89,50.39,220.2,0.982,0.929,50.02,OK
1761792443.9857378,19.831,10.162,201.52,50.39,219.76,0.943,0.973,49.99,OK
1761792444.0872853,19.884,10.067,200.18,50.39,219.65,0.963,0.946,50.0,OK
1761792444.188831,19.795,10.245,202.79,50.39,219.85,0.983,0.938,50.04,OK
1761792444.2903576,19.823,10.131,200.82,50.39,219.86,0.984,0.928,49.96,OK
1761792444.5786386,19.828,10.265,203.53,50.39,220.25,0.959,0.963,50.02,OK
1761792444.8041866,19.869,10.232,203.3,50.39,220.08,0.962,0.96,49.99,OK
1761792445.0267746,19.854,10.178,202.08,50.39,219.66,0.976,0.942,49.97,OK
1761792445.3319237,19.83,10.23,202.86,50.39,220.0,0.973,0.948,49.98,OK
1761792445.4619873,19.792,10.306,203.97,50.39,219.85,0.965,0.962,49.95,OK
1761792445.5915413,19.868,10.131,201.28,50.39,220.33,0.981,0.931,50.03,OK
1761792446.0391552,19.888,10.301,204.87,50.39,220.02,1.011,0.921,49.96,OK
1761792446.1992698,19.883,10.173,202.26,50.39,219.95,0.974,0.944,50.03,OK
1761792446.3092613,19.795,10.188,201.67,50.39,219.92,0.953,0.962,50.0,OK
1761792446.4581978,19.822,10.376,205.67,50.39,219.77,0.958,0.977,49.96,OK
1761792446.5672393,19.837,10.209,202.52,50.39,219.96,0.942,0.978,49.97,OK
1761792446.7408097,19.817,10.306,204.23,50.39,219.62,0.996,0.934,50.0,OK
1761792446.8568454,19.803,10.24,202.78,50.39,220.33,0.983,0.936,49.98,OK
1761792447.2140386,19.849,10.256,203.56,50.39,220.31,0.962,0.96,49.95,OK
1761792447.4986165,19.812,10.389,205.82,50.39,220.18,0.988,0.946,50.04,OK
1761792447.6401632,19.824,10.341,205.0,50.39,220.31,0.996,0.934,49.99,OK
1761792447.7607076,19.85,10.32,204.86,50.39,219.9,0.985,0.945,50.01,OK
1761792447.9807434,19.809,10.197,201.99,50.39,219.88,0.941,0.976,50.02,OK
1761792448.2087812,19.879,10.199,202.75,50.39,220.08,0.974,0.946,50.02,OK
1761792448.3453004,19.809,10.336,204.75,50.39,220.01,0.991,0.939,50.01,OK
1761792448.4844303,19.826,10.197,202.16,50.39,219.95,0.969,0.949,49.99,OK
1761792448.617448,19.851,10.339,205.24,50.39,220.28,0.99,0.941,49.96,OK
1761792448.7700696,19.861,10.322,205.0,50.39,220.09,0.977,0.954,50.02,OK
1761792449.024704,19.851,10.21,202.69,50.39,219.91,0.95,0.97,50.05,OK
1761792449.2222764,19.882,10.261,204.01,50.39,220.33,0.965,0.959,49.97,OK
1761792449.3693366,19.822,10.36,205.35,50.39,219.86,0.959,0.974,49.99,OK
1761792449.5159042,19.871,10.327,205.2,50.39,220.14,0.971,0.96,50.03,OK
1761792449.635492,19.825,10.31,204.39,50.39,219.84,0.999,0.931,49.97,OK
1761792449.7536206,19.85,10.279,204.04,50.39,220.3,0.965,0.96,49.96,OK
1761792449.8651392,19.815,10.343,204.96,50.39,219.85,0.971,0.96,49.96,OK
1761792450.0057058,19.856,10.25,203.52,50.39,219.68,0.992,0.934,49.95,OK
1761792450.123271,19.857,10.116,200.87,50.39,219.86,0.936,0.976,49.96,OK
1761792450.2563014,19.796,10.178,201.48,50.39,219.97,0.94,0.974,50.03,OK
1761792450.383346,19.874,10.127,201.26,50.39,219.9,0.961,0.953,50.04,OK
1761792450.5488615,19.812,10.296,203.98,50.39,219.76,0.973,0.954,49.96,OK
1761792450.7463772,19.876,10.198,202.68,50.39,220.0,0.946,0.974,49.96,OK
1761792450.9048915,19.875,10.084,200.42,50.39,220.07,0.987,0.922,50.02,OK
1761792451.0599222,19.873,10.204,202.79,50.39,220.36,0.961,0.957,50.03,OK
1761792451.2499714,19.872,10.096,200.63,50.39,220.16,0.964,0.946,50.02,OK
1761792451.3831344,19.838,10.182,202.0,50.39,220.06,0.986,0.931,49.99,OK
1761792451.5712512,19.794,10.12,200.32,50.39,219.94,0.931,0.978,49.99,OK
1761792451.713714,19.879,10.198,202.73,50.39,220.01,0.971,0.949,49.98,OK
1761792451.8812456,19.847,10.023,198.93,50.39,219.6,0.972,0.932,50.04,OK
1761792452.128355,19.846,10.074,199.92,50.39,219.73,0.953,0.955,50.03,OK
1761792452.246387,19.791,10.085,199.59,50.39,219.6,0.973,0.934,50.01,OK
1761792452.3549066,19.802,10.002,198.05,50.39,220.11,0.928,0.97,49.98,OK
1761792452.537945,19.849,9.968,197.86,50.39,220.3,0.956,0.939,49.97,OK
1761792452.6725094,19.858,10.04,199.38,50.39,220.37,0.958,0.944,49.96,OK
1761792452.7935839,19.805,10.148,200.97,50.39,219.73,0.954,0.959,50.02,OK
1761792452.923621,19.861,10.107,200.74,50.39,219.97,0.977,0.934,49.97,OK
1761792453.0421338,19.814,9.954,197.23,50.39,220.3,0.951,0.941,49.97,OK
1761792453.1816478,19.849,9.951,197.53,50.39,220.34,0.97,0.924,50.0,OK
1761792453.3091671,19.829,10.005,198.39,50.39,220.35,0.934,0.964,50.02,OK
1761792453.4732049,19.88,10.068,200.16,50.39,220.38,0.961,0.945,49.98,OK
1761792453.596729,19.864,10.081,200.26,50.39,219.81,0.94,0.969,50.01,OK
1761792453.7092485,19.814,10.1,200.13,50.39,219.61,0.983,0.927,49.98,OK
1761792453.8258014,19.864,9.944,197.52,50.39,219.71,0.928,0.969,50.03,OK
1761792453.9574282,19.796,9.961,197.2,50.39,219.66,0.974,0.922,49.98,OK
1761792454.0728729,19.867,9.987,198.41,50.39,220.16,0.961,0.937,49.98,OK
1761792454.207009,19.859,9.989,198.37,50.39,219.95,0.937,0.962,49.95,OK
1761792454.330036,19.819,9.909,196.39,50.39,219.76,0.938,0.953,49.99,OK
1761792454.4385867,19.861,9.912,196.86,50.39,219.76,0.944,0.949,49.97,OK
1761792454.5441122,19.881,9.859,196.0,50.39,219.94,0.913,0.976,50.03,OK
1761792454.6566305,19.835,9.992,198.19,50.39,220.34,0.92,0.978,49.97,OK
1761792454.763665,19.831,9.898,196.28,50.39,219.93,0.931,0.959,50.0,OK
1761792454.9156961,19.798,9.897,195.93,50.39,219.83,0.943,0.945,49.95,OK
1761792455.0562098,19.859,9.985,198.28,50.39,219.69,0.934,0.967,50.05,OK
1761792455.1997275,19.874,9.818,195.12,50.39,219.68,0.934,0.951,49.95,OK
1761792455.3057606,19.861,9.829,195.21,50.39,220.03,0.961,0.923,50.02,OK
1761792455.4152832,19.855,9.963,197.81,50.39,220.0,0.95,0.946,49.98,OK
1761792455.528812,19.852,9.906,196.65,50.39,219.79,0.963,0.929,50.01,OK
1761792455.670327,19.809,9.947,197.03,50.39,220.1,0.939,0.953,49.97,OK
1761792455.8083792,19.814,9.994,198.03,50.39,219.78,0.928,0.971,50.01,OK
1761792455.9914103,19.866,9.969,198.05,50.39,220.07,0.944,0.953,50.0,OK
1761792456.1404493,19.878,9.784,194.49,50.39,219.94,0.907,0.975,50.0,OK
1761792456.252966,19.833,9.842,195.2,50.39,219.99,0.953,0.931,49.99,OK
1761792456.3584886,19.854,9.841,195.39,50.39,219.69,0.94,0.946,49.96,OK
1761792456.4705565,19.862,9.947,197.57,50.39,220.25,0.93,0.964,50.04,OK
1761792456.5825515,19.832,9.984,198.0,50.39,220.1,0.944,0.953,50.01,OK
1761792456.707101,19.829,9.904,196.39,50.39,219.92,0.964,0.926,50.0,OK
1761792456.8256214,19.803,9.99,197.84,50.39,220.24,0.946,0.95,50.02,OK
1761792456.945146,19.875,9.864,196.04,50.39,220.08,0.923,0.965,50.01,OK
1761792457.07366,19.876,9.763,194.05,50.39,220.01,0.906,0.974,50.02,OK
1761792457.2407885,19.793,9.934,196.63,50.39,219.78,0.96,0.932,50.04,OK
1761792457.3638263,19.857,9.774,194.08,50.39,220.22,0.906,0.973,50.0,OK
1761792457.4923437,19.87,9.784,194.41,50.39,219.93,0.95,0.93,50.02,OK
1761792457.665864,19.862,9.778,194.21,50.39,220.21,0.954,0.924,49.96,OK
1761792457.777977,19.815,9.817,194.53,50.39,220.11,0.927,0.954,50.02,OK
1761792457.8914921,19.89,9.804,195.0,50.39,219.63,0.955,0.93,50.0,OK
1761792457.9945135,19.85,9.843,195.39,50.39,219.61,0.951,0.936,50.01,OK
1761792458.1426275,19.845,9.84,195.27,50.39,219.93,0.917,0.968,50.02,OK
1761792458.2931314,19.806,9.842,194.94,50.39,219.9,0.931,0.953,50.02,OK
1761792458.4371638,19.796,9.84,194.8,50.39,219.99,0.95,0.933,49.98,OK
1761792458.582675,19.883,9.861,196.07,50.39,220.06,0.966,0.922,50.0,OK
1761792458.692197,19.824,9.896,196.18,50.39,220.15,0.928,0.96,49.99,OK
1761792458.8002346,19.868,9.853,195.75,50.39,220.04,0.938,0.948,50.05,OK
1761792458.9697776,19.847,9.839,195.28,50.39,220.25,0.925,0.958,50.02,OK
1761792459.1668153,19.861,9.974,198.1,50.39,219.79,0.955,0.944,49.96,OK
1761792459.2883341,19.867,9.889,196.47,50.39,219.98,0.969,0.922,49.99,OK
1761792459.41485,19.847,10.014,198.74,50.39,219.95,0.936,0.966,49.96,OK
1761792459.5279012,19.839,9.994,198.27,50.39,220.14,0.976,0.923,49.98,OK
1761792459.6384118,19.828,10.013,198.54,50.39,219.8,0.966,0.935,49.96,OK
1761792459.7584484,19.878,9.886,196.52,50.39,220.31,0.914,0.976,50.02,OK
1761792459.8630245,19.841,9.885,196.14,50.39,219.98,0.911,0.979,50.0,OK
1761792460.0217636,19.86,9.929,197.18,50.39,220.19,0.935,0.958,49.99,OK
1761792460.1428108,19.848,9.93,197.09,50.39,219.96,0.917,0.977,49.97,OK
1761792460.258846,19.804,10.027,198.57,50.39,220.4,0.935,0.964,49.97,OK
1761792460.3618698,19.842,9.968,197.79,50.39,219.6,0.923,0.976,49.99,OK
1761792460.4644375,19.837,10.023,198.82,50.39,220.04,0.977,0.925,49.95,OK
1761792460.5749733,19.814,10.095,200.02,50.39,220.09,0.955,0.952,50.04,OK
1761792460.6994915,19.889,10.026,199.4,50.39,219.82,0.966,0.939,49.96,OK
1761792460.805529,19.811,10.076,199.61,50.39,220.04,0.984,0.922,49.95,OK
1761792460.9100497,19.836,10.085,200.05,50.39,220.1,0.965,0.942,50.01,OK
1761792461.0135667,19.855,10.025,199.05,50.39,220.18,0.961,0.941,49.96,OK
1761792461.1160753,19.881,9.914,197.11,50.39,220.31,0.968,0.925,50.04,OK
1761792461.2241213,19.867,10.081,200.27,50.39,220.38,0.968,0.939,50.02,OK
1761792461.3296468,19.823,10.071,199.64,50.39,219.82,0.969,0.937,50.0,OK
1761792461.4577124,19.806,10.119,200.42,50.39,219.88,0.982,0.928,50.04,OK
1761792461.5752265,19.843,10.151,201.43,50.39,220.18,0.978,0.935,49.95,OK
1761792461.704265,19.833,10.114,200.59,50.39,219.75,0.969,0.942,49.99,OK
1761792461.808299,19.807,10.173,201.5,50.39,220.25,0.965,0.948,49.99,OK
1761792461.913333,19.878,10.087,200.52,50.39,219.62,0.944,0.967,50.01,OK
1761792462.025856,19.87,10.094,200.57,50.39,220.18,0.97,0.939,49.95,OK
1761792462.1313717,19.805,10.068,199.41,50.39,219.99,0.963,0.941,49.95,OK
1761792462.2419956,19.849,10.056,199.61,50.39,219.95,0.955,0.95,49.96,OK
1761792462.3575044,19.793,10.204,201.97,50.39,220.29,0.986,0.93,50.03,OK
1761792462.5750134,19.863,10.109,200.79,50.39,219.72,0.986,0.927,49.98,OK
1761792462.76256,19.803,10.199,201.97,50.39,220.33,0.993,0.923,49.96,OK
1761792462.8996289,19.828,10.151,201.27,50.39,219.81,0.939,0.975,50.0,OK
1761792463.0111704,19.88,10.061,200.02,50.39,220.22,0.939,0.968,49.97,OK
1761792463.1156893,19.817,10.232,202.77,50.39,220.27,0.976,0.943,49.97,OK
1761792463.2211952,19.878,10.101,200.8,50.39,219.77,0.971,0.941,50.0,OK
1761792463.3297243,19.798,10.177,201.48,50.39,220.1,0.936,0.978,49.96,OK
1761792463.4457836,19.873,10.217,203.05,50.39,220.31,1.002,0.92,49.98,OK
1761792463.5618472,19.846,10.106,200.55,50.39,220.1,0.961,0.949,49.95,OK
1761792463.7734292,19.885,10.127,201.38,50.39,219.98,0.967,0.946,50.03,OK
1761792463.897998,19.861,10.188,202.35,50.39,219.9,0.969,0.949,50.02,OK
1761792464.0281003,19.849,10.14,201.27,50.39,220.07,0.952,0.961,50.02,OK
1761792464.132604,19.802,10.187,201.73,50.39,219.63,0.99,0.928,50.0,OK
1761792464.238124,19.87,10.248,203.63,50.39,220.25,0.964,0.959,50.02,OK
1761792464.343167,19.863,10.159,201.79,50.39,220.18,0.966,0.949,50.04,OK
1761792464.498225,19.832,10.211,202.5,50.39,219.9,0.969,0.95,50.01,OK
1761792464.61174,19.877,10.214,203.02,50.39,220.39,0.968,0.952,49.98,OK
1761792464.7252612,19.836,10.311,204.53,50.39,220.3,0.976,0.951,50.0,OK
1761792464.8317785,19.809,10.336,204.75,50.39,219.99,0.967,0.962,50.05,OK
1761792464.9782963,19.851,10.233,203.14,50.39,220.36,0.978,0.942,49.97,OK
1761792465.0948098,19.817,10.182,201.78,50.39,220.03,0.983,0.933,49.99,OK
1761792465.2003272,19.837,10.229,202.91,50.39,219.7,0.987,0.936,49.96,OK
1761792465.3138855,19.839,10.337,205.07,50.39,220.17,0.958,0.973,50.02,OK
1761792465.4254026,19.867,10.202,202.69,50.39,219.63,0.979,0.943,49.96,OK
1761792465.5484397,19.814,10.285,203.79,50.39,220.02,0.956,0.969,49.98,OK
1761792465.6549582,19.808,10.361,205.23,50.39,220.34,0.953,0.977,50.01,OK
1761792465.7794747,19.867,10.282,204.27,50.39,219.89,0.959,0.969,50.02,OK
1761792465.889994,19.86,10.318,204.91,50.39,219.82,0.992,0.94,49.97,OK
1761792466.002516,19.842,10.251,203.39,50.39,220.39,0.975,0.947,50.03,OK
1761792466.1105423,19.83,10.231,202.88,50.39,220.29,0.944,0.976,49.96,OK
1761792466.2190633,19.827,10.307,204.35,50.39,219.96,0.963,0.965,50.02,OK
1761792466.326614,19.851,10.187,202.23,50.39,220.27,0.98,0.936,49.96,OK
1761792466.4381332,19.816,10.376,205.61,50.39,219.86,0.979,0.955,49.98,OK
1761792466.54064,19.836,10.232,202.97,50.39,219.67,0.962,0.96,50.04,OK
1761792466.6476889,19.877,10.2,202.74,50.39,219.63,0.982,0.94,50.01,OK
1761792466.7562215,19.856,10.209,202.7,50.39,219.68,0.956,0.965,50.02,OK
1761792466.8582733,19.794,10.219,202.28,50.39,219.78,0.971,0.948,49.99,OK
1761792466.960299,19.816,10.369,205.47,50.39,220.31,0.963,0.968,49.97,OK
1761792467.0628133,19.806,10.283,203.66,50.39,220.01,0.948,0.976,49.98,OK
1761792467.169343,19.886,10.223,203.31,50.39,220.26,0.971,0.951,49.98,OK
1761792467.2718596,19.806,10.341,204.82,50.39,220.09,0.988,0.942,50.01,OK
1761792467.376064,19.888,10.166,202.18,50.39,220.35,0.993,0.924,50.0,OK
1761792467.480092,19.793,10.273,203.34,50.39,219.62,0.97,0.954,49.96,OK
1761792467.5911365,19.838,10.175,201.86,50.39,220.39,0.956,0.958,50.05,OK
1761792467.7026577,19.887,10.3,204.83,50.39,220.14,0.977,0.952,49.99,OK
1761792467.8052013,19.842,10.326,204.89,50.39,219.67,0.952,0.98,50.0,OK
1761792467.9112499,19.877,10.201,202.77,50.39,220.01,0.953,0.967,50.02,OK
1761792468.0147583,19.883,10.302,204.84,50.39,220.0,1.007,0.925,50.01,OK
1761792468.1503158,19.796,10.191,201.75,50.39,220.01,0.953,0.962,49.95,OK
1761792468.2858338,19.811,10.192,201.92,50.39,219.73,0.97,0.948,49.97,OK
1761792468.3998964,19.851,10.152,201.52,50.39,220.15,0.969,0.944,50.04,OK
1761792468.5064065,19.818,10.35,205.12,50.39,219.62,0.954,0.979,50.01,OK
1761792468.6119308,19.795,10.262,203.14,50.39,219.65,0.946,0.978,49.98,OK
1761792468.726447,19.858,10.222,202.99,50.39,220.22,0.982,0.939,50.0,OK
1761792468.8309586,19.87,10.182,202.32,50.39,219.7,0.98,0.94,50.04,OK
1761792468.9404798,19.847,10.269,203.81,50.39,220.01,0.977,0.948,49.99,OK
1761792469.046519,19.886,10.138,201.6,50.39,219.82,0.981,0.934,50.03,OK
1761792469.161036,19.853,10.189,202.29,50.39,219.7,0.999,0.922,49.96,OK
1761792469.2885714,19.861,10.184,202.27,50.39,219.62,0.974,0.945,50.0,OK
1761792469.3926334,19.808,10.163,201.3,50.39,220.4,0.981,0.931,50.0,OK
1761792469.496186,19.846,10.164,201.71,50.39,220.23,0.995,0.92,50.02,OK
1761792469.6117163,19.886,10.09,200.64,50.39,219.97,0.955,0.955,50.01,OK
1761792469.720768,19.8,10.175,201.47,50.39,219.85,0.942,0.973,49.99,OK
1761792469.8453023,19.823,10.24,202.99,50.39,219.7,0.958,0.964,49.96,OK
1761792469.9548204,19.806,10.126,200.55,50.39,219.73,0.943,0.968,49.99,OK
1761792470.067845,19.866,10.119,201.03,50.39,220.01,0.969,0.943,50.01,OK
1761792470.1729007,19.851,10.16,201.68,50.39,220.18,0.935,0.98,49.95,OK
1761792470.2764142,19.819,10.143,201.02,50.39,219.75,0.971,0.942,49.98,OK
1761792470.37994,19.855,10.06,199.74,50.39,219.91,0.934,0.972,49.98,OK
1761792470.57696,19.79,10.212,202.1,50.39,219.99,0.978,0.939,49.96,OK
1761792470.717996,19.802,10.083,199.66,50.39,219.82,0.956,0.95,49.96,OK
1761792470.8251035,19.807,10.171,201.46,50.39,220.04,0.98,0.934,49.96,OK
1761792470.9656417,19.797,10.133,200.61,50.39,220.18,0.953,0.956,49.97,OK
1761792471.1306913,19.824,10.178,201.77,50.39,219.8,0.971,0.945,49.96,OK
1761792471.2332246,19.867,10.02,199.07,50.39,219.97,0.976,0.927,50.04,OK
1761792471.3357418,19.799,10.085,199.68,50.39,219.9,0.973,0.934,49.99,OK
1761792471.437818,19.807,10.066,199.38,50.39,220.38,0.975,0.928,49.99,OK
1761792471.5403328,19.887,9.971,198.31,50.39,220.38,0.969,0.928,50.04,OK
1761792471.6423407,19.823,10.036,198.94,50.39,219.78,0.945,0.958,49.99,OK
1761792471.7443721,19.884,10.086,200.56,50.39,219.73,0.971,0.94,50.02,OK
1761792471.8473897,19.842,10.072,199.85,50.39,220.23,0.932,0.974,50.04,OK
1761792471.954433,19.861,10.123,201.04,50.39,220.1,0.942,0.97,50.05,OK
1761792472.0579462,19.83,10.085,199.99,50.39,220.08,0.968,0.939,50.02,OK
1761792472.1604598,19.795,10.023,198.41,50.39,220.16,0.95,0.949,50.0,OK
1761792472.2619739,19.819,10.103,200.23,50.39,220.36,0.965,0.941,49.97,OK
1761792472.3645418,19.887,9.939,197.66,50.39,219.77,0.968,0.929,49.96,OK
1761792472.468064,19.849,9.986,198.2,50.39,219.95,0.945,0.953,49.95,OK
1761792472.5696611,19.802,9.948,196.99,50.39,219.87,0.93,0.963,49.99,OK
1761792472.6711848,19.824,10.006,198.36,50.39,220.11,0.97,0.929,50.01,OK
1761792472.7757676,19.858,9.907,196.73,50.39,220.16,0.968,0.924,49.99,OK
1761792472.8907962,19.844,10.066,199.75,50.39,219.69,0.978,0.93,50.02,OK
1761792473.0000672,19.851,9.899,196.51,50.39,219.94,0.969,0.922,49.95,OK
1761792473.2758012,19.79,10.015,198.2,50.39,220.11,0.965,0.933,49.97,OK
1761792473.4668276,19.796,10.012,198.2,50.39,219.85,0.967,0.933,50.02,OK
1761792473.7214084,19.863,9.968,197.99,50.39,219.75,0.938,0.961,50.04,OK
1761792473.85894,19.801,10.043,198.87,50.39,219.74,0.939,0.964,50.0,OK
1761792473.9704833,19.805,9.839,194.87,50.39,220.37,0.922,0.959,50.0,OK
1761792474.10901,19.888,9.904,196.96,50.39,219.75,0.916,0.978,50.0,OK
1761792474.239035,19.837,9.831,195.01,50.39,219.61,0.934,0.951,49.99,OK
1761792474.3627317,19.868,9.942,197.53,50.39,219.67,0.952,0.945,49.98,OK
1761792474.4912531,19.878,9.853,195.87,50.39,219.82,0.958,0.93,50.02,OK
1761792474.6095946,19.844,9.874,195.95,50.39,219.89,0.917,0.972,50.01,OK
1761792474.726997,19.856,9.812,194.83,50.39,219.96,0.911,0.972,49.99,OK
1761792474.8616652,19.864,9.827,195.19,50.39,220.12,0.917,0.967,50.03,OK
1761792474.9781299,19.889,9.8,194.91,50.39,219.6,0.949,0.935,49.99,OK
1761792475.09094,19.873,9.899,196.73,50.39,219.66,0.939,0.954,49.95,OK
1761792475.1982443,19.884,9.958,198.01,50.39,220.31,0.965,0.931,49.98,OK
1761792475.304977,19.887,9.838,195.65,50.39,220.29,0.906,0.98,50.04,OK
1761792475.4190428,19.827,9.922,196.72,50.39,219.92,0.972,0.92,49.99,OK
1761792475.5439773,19.864,9.771,194.08,50.39,219.8,0.946,0.934,49.98,OK
1761792475.6519618,19.853,9.842,195.39,50.39,219.83,0.954,0.932,49.96,OK
1761792475.7573047,19.807,9.912,196.34,50.39,219.91,0.941,0.949,49.98,OK
1761792475.8610966,19.848,9.852,195.54,50.39,219.82,0.947,0.939,49.98,OK
1761792476.0031426,19.857,9.91,196.78,50.39,220.11,0.944,0.948,50.02,OK
1761792476.1214533,19.887,9.874,196.36,50.39,219.84,0.95,0.94,49.98,OK
1761792476.224283,19.801,9.971,197.44,50.39,219.76,0.948,0.948,50.0,OK
1761792476.3436227,19.799,9.912,196.25,50.39,220.19,0.955,0.934,49.96,OK
1761792476.4730372,19.885,9.793,194.75,50.39,219.77,0.96,0.923,50.04,OK
1761792476.5912726,19.883,9.783,194.51,50.39,219.62,0.956,0.926,49.99,OK
1761792476.71487,19.828,9.866,195.61,50.39,220.13,0.913,0.973,50.05,OK
1761792476.83123,19.885,9.902,196.9,50.39,220.14,0.963,0.928,49.98,OK
1761792476.9480252,19.864,9.822,195.1,50.39,220.14,0.915,0.968,50.03,OK
1761792477.0753345,19.81,9.825,194.63,50.39,220.04,0.906,0.976,50.02,OK
1761792477.1778276,19.826,9.819,194.67,50.39,220.0,0.907,0.976,49.96,OK
1761792477.305888,19.867,9.832,195.32,50.39,219.7,0.945,0.941,50.02,OK
1761792477.4321804,19.81,10.005,198.21,50.39,220.21,0.959,0.939,49.98,OK
1761792477.5441425,19.841,9.833,195.1,50.39,220.09,0.929,0.954,49.97,OK
1761792477.654333,19.867,9.906,196.81,50.39,219.77,0.929,0.964,50.01,OK
1761792477.7695773,19.877,9.892,196.62,50.39,219.61,0.931,0.962,49.97,OK
1761792477.9099817,19.85,9.948,197.47,50.39,219.99,0.922,0.974,50.02,OK
1761792478.0188541,19.821,9.915,196.52,50.39,220.14,0.96,0.93,50.05,OK
1761792478.1295009,19.829,9.859,195.49,50.39,220.0,0.928,0.957,50.04,OK
1761792478.2360046,19.854,9.889,196.33,50.39,219.77,0.936,0.955,49.98,OK
1761792478.347569,19.854,9.858,195.71,50.39,220.09,0.924,0.962,49.95,OK
1761792478.46524,19.805,10.032,198.69,50.39,220.32,0.92,0.98,49.98,OK
1761792478.5720825,19.85,9.971,197.92,50.39,219.76,0.933,0.965,49.95,OK
1761792478.675477,19.808,10.038,198.83,50.39,220.32,0.948,0.952,50.01,OK
1761792478.7925673,19.861,9.909,196.8,50.39,220.31,0.953,0.938,50.03,OK
1761792478.930992,19.855,10.048,199.5,50.39,220.2,0.976,0.928,49.97,OK
1761792479.1077583,19.858,10.048,199.52,50.39,219.79,0.966,0.94,49.99,OK
1761792479.2146502,19.845,9.909,196.64,50.39,219.8,0.961,0.931,49.98,OK
1761792479.318615,19.808,9.956,197.22,50.39,219.66,0.921,0.975,50.04,OK
1761792479.4238179,19.877,9.968,198.13,50.39,220.05,0.932,0.966,50.02,OK
1761792479.5283215,19.813,10.024,198.61,50.39,219.75,0.932,0.969,49.98,OK
1761792479.6346374,19.843,9.945,197.34,50.39,220.38,0.92,0.974,49.98,OK
1761792479.7372742,19.871,9.919,197.11,50.39,220.03,0.947,0.946,49.99,OK
1761792479.8421683,19.861,10.006,198.73,50.39,220.22,0.924,0.977,50.02,OK
1761792479.9557748,19.86,10.007,198.74,50.39,220.0,0.973,0.928,50.04,OK
1761792480.0574036,19.848,9.967,197.82,50.39,219.77,0.949,0.949,50.05,OK
1761792480.1767101,19.849,10.064,199.77,50.39,219.87,0.949,0.957,49.99,OK
1761792480.2796657,19.876,10.02,199.16,50.39,220.38,0.923,0.98,49.95,OK
1761792480.3818243,19.871,10.09,200.49,50.39,219.77,0.973,0.937,49.99,OK
1761792480.4879818,19.842,10.14,201.2,50.39,220.15,0.979,0.933,50.0,OK
1761792480.5987573,19.886,10.02,199.25,50.39,219.88,0.949,0.955,49.97,OK
1761792480.7009492,19.82,10.019,198.58,50.39,220.29,0.956,0.943,50.0,OK
1761792480.803557,19.846,10.013,198.71,50.39,220.17,0.933,0.968,50.03,OK
1761792480.913307,19.79,10.022,198.34,50.39,219.64,0.959,0.942,49.96,OK
1761792481.015206,19.872,10.059,199.9,50.39,219.99,0.934,0.973,49.97,OK
1761792481.1306863,19.822,10.095,200.11,50.39,219.78,0.977,0.932,49.99,OK
1761792481.3171709,19.811,10.043,198.96,50.39,219.76,0.978,0.926,49.98,OK
1761792481.426767,19.804,10.052,199.06,50.39,219.92,0.952,0.95,50.04,OK
1761792481.542266,19.826,10.184,201.92,50.39,219.68,0.952,0.966,50.04,OK
1761792481.6526682,19.824,10.114,200.49,50.39,219.62,0.943,0.969,50.01,OK
1761792481.7595575,19.85,10.17,201.87,50.39,220.32,0.979,0.936,49.98,OK
1761792481.8617792,19.89,10.17,202.28,50.39,219.73,0.972,0.947,50.02,OK
1761792481.9931056,19.882,10.083,200.47,50.39,220.19,0.982,0.927,49.99,OK
1761792482.1179469,19.888,10.224,203.33,50.39,219.77,0.975,0.949,50.01,OK
1761792482.2462208,19.849,10.198,202.42,50.39,219.98,0.953,0.965,50.05,OK
1761792482.3592198,19.882,10.2,202.8,50.39,220.39,0.995,0.925,49.99,OK
1761792482.5601823,19.794,10.134,200.59,50.39,219.61,0.97,0.942,49.95,OK
1761792482.6681213,19.887,10.125,201.35,50.39,220.39,0.976,0.936,50.01,OK
1761792482.7708232,19.869,10.224,203.14,50.39,220.15,0.95,0.971,50.03,OK
1761792482.8943865,19.833,10.203,202.36,50.39,220.32,0.969,0.947,50.04,OK
1761792483.0059493,19.877,10.112,201.0,50.39,220.21,0.948,0.963,49.97,OK
1761792483.1135721,19.813,10.258,203.24,50.39,219.7,0.984,0.94,49.97,OK
1761792483.2315812,19.806,10.263,203.27,50.39,220.03,0.966,0.956,49.97,OK
1761792483.3356633,19.792,10.271,203.28,50.39,219.8,1.0,0.925,49.97,OK
1761792483.4440444,19.808,10.17,201.44,50.39,220.08,0.96,0.953,50.01,OK
1761792483.5690634,19.792,10.28,203.46,50.39,219.87,0.954,0.97,49.98,OK
1761792483.6810973,19.863,10.174,202.09,50.39,219.86,0.974,0.944,50.03,OK
1761792483.819655,19.886,10.15,201.84,50.39,220.29,0.994,0.921,50.03,OK
1761792483.9692802,19.865,10.31,204.81,50.39,219.87,0.955,0.976,50.04,OK
1761792484.758675,19.828,10.223,202.7,50.39,219.64,0.989,0.933,50.0,OK
1761792484.8726535,19.837,10.308,204.47,50.39,220.4,0.981,0.946,50.0,OK
1761792484.9846766,19.813,10.258,203.25,50.39,219.75,0.998,0.927,49.97,OK
1761792485.0892127,19.799,10.261,203.15,50.39,220.07,0.944,0.978,49.99,OK
1761792485.2022605,19.846,10.377,205.93,50.39,220.38,1.0,0.934,50.03,OK
1761792485.3197966,19.798,10.381,205.51,50.39,219.98,1.003,0.932,50.0,OK
1761792485.5313513,19.797,10.216,202.24,50.39,220.19,0.955,0.962,50.0,OK
1761792487.3922737,19.849,10.292,204.29,50.39,219.66,0.967,0.962,50.05,OK
1761792487.5463662,19.849,10.298,204.4,50.39,219.66,0.994,0.936,50.02,OK
1761792488.1144607,19.857,10.183,202.2,50.39,220.35,0.947,0.969,49.99,OK
1761792488.8091915,19.81,10.236,202.78,50.39,219.95,0.978,0.942,50.01,OK
1761792488.965066,19.881,10.105,200.9,50.39,220.29,0.947,0.963,50.03,OK
1761792489.0752335,19.821,10.186,201.9,50.39,220.13,0.971,0.944,50.0,OK
1761792489.1898646,19.837,10.226,202.85,50.39,219.86,0.953,0.968,50.01,OK
1761792489.302467,19.836,10.171,201.76,50.39,219.85,0.941,0.976,49.97,OK
1761792489.4042294,19.847,10.167,201.79,50.39,219.93,0.949,0.966,50.01,OK
1761792489.5064526,19.884,10.061,200.05,50.39,220.29,0.929,0.978,49.99,OK
1761792489.6254363,19.888,10.108,201.02,50.39,220.08,0.971,0.941,50.01,OK
1761792489.726981,19.846,10.023,198.92,50.39,220.3,0.955,0.945,50.0,OK
1761792489.8311987,19.816,10.089,199.93,50.39,219.94,0.983,0.925,50.04,OK
1761792489.9413724,19.863,9.997,198.57,50.39,220.18,0.977,0.923,50.01,OK
1761792490.0490103,19.889,10.066,200.2,50.39,220.2,0.948,0.959,50.03,OK
1761792490.1545193,19.819,10.184,201.83,50.39,219.63,0.994,0.925,50.04,OK
1761792490.2576816,19.861,9.96,197.81,50.39,220.33,0.926,0.97,50.01,OK
1761792490.3595781,19.836,9.978,197.91,50.39,220.0,0.928,0.969,49.98,OK
1761792490.4681106,19.858,9.969,197.96,50.39,220.23,0.931,0.965,50.04,OK
1761792490.5711868,19.818,10.117,200.5,50.39,220.13,0.941,0.968,50.02,OK
1761792490.6738305,19.801,10.116,200.3,50.39,220.05,0.957,0.951,49.96,OK
1761792490.7767057,19.791,10.034,198.58,50.39,219.85,0.949,0.952,50.02,OK
1761792490.8934803,19.842,10.005,198.52,50.39,219.92,0.929,0.971,50.02,OK
1761792490.9956975,19.848,9.995,198.38,50.39,219.81,0.943,0.957,49.96,OK
1761792491.0977795,19.79,10.134,200.56,50.39,219.9,0.939,0.971,50.05,OK
1761792491.2173767,19.826,10.1,200.25,50.39,219.75,0.955,0.955,49.97,OK
1761792491.3253224,19.801,9.921,196.44,50.39,219.79,0.954,0.936,49.96,OK
1761792491.4276974,19.827,9.983,197.94,50.39,219.75,0.943,0.956,50.03,OK
1761792491.5378764,19.886,9.977,198.41,50.39,219.75,0.924,0.977,50.05,OK
1761792491.643548,19.809,10.052,199.12,50.39,219.73,0.984,0.921,49.97,OK
1761792491.755392,19.817,10.0,198.17,50.39,219.61,0.924,0.977,49.98,OK
1761792491.858516,19.816,10.02,198.55,50.39,220.36,0.968,0.93,50.03,OK
1761792491.9638214,19.794,9.956,197.08,50.39,220.19,0.914,0.979,50.01,OK
1761792492.1296918,19.824,10.029,198.81,50.39,219.81,0.945,0.957,50.04,OK
1761792492.356235,19.822,10.051,199.24,50.39,219.83,0.925,0.979,49.96,OK
1761792492.6958103,19.862,9.892,196.48,50.39,220.08,0.97,0.92,49.96,OK
1761792492.9233396,19.869,9.876,196.24,50.39,220.07,0.96,0.928,50.04,OK
1761792493.071885,19.852,9.93,197.13,50.39,219.98,0.939,0.954,49.98,OK
1761792493.3691592,19.814,9.883,195.82,50.39,220.28,0.958,0.928,50.05,OK
1761792493.4819648,19.872,9.867,196.08,50.39,220.24,0.948,0.939,50.02,OK
1761792493.7969146,19.795,9.936,196.69,50.39,220.35,0.912,0.978,49.98,OK
1761792493.9853492,19.797,9.884,195.67,50.39,220.04,0.915,0.972,49.97,OK
1761792494.1108103,19.848,9.788,194.27,50.39,219.79,0.944,0.937,50.03,OK
1761792494.220597,19.817,9.914,196.47,50.39,220.03,0.913,0.978,49.99,OK
1761792494.3379972,19.887,9.828,195.45,50.39,220.24,0.924,0.96,49.99,OK
1761792494.4432824,19.826,9.869,195.66,50.39,219.87,0.926,0.961,50.01,OK
1761792494.5529728,19.87,9.928,197.26,50.39,219.78,0.96,0.935,50.02,OK
1761792494.6761851,19.814,9.841,194.99,50.39,220.12,0.913,0.971,49.96,OK
1761792494.8431256,19.851,9.936,197.23,50.39,219.94,0.937,0.957,49.97,OK
1761792494.9776394,19.876,9.763,194.04,50.39,219.87,0.923,0.956,50.01,OK
1761792495.0951605,19.812,9.864,195.42,50.39,219.99,0.958,0.927,49.99,OK
1761792495.2243829,19.806,9.949,197.05,50.39,220.0,0.942,0.951,49.96,OK
1761792495.328244,19.861,9.866,195.94,50.39,219.67,0.948,0.941,50.04,OK
1761792495.4356515,19.877,9.844,195.67,50.39,219.91,0.93,0.957,49.97,OK
1761792495.5572991,19.828,9.816,194.64,50.39,219.73,0.94,0.943,49.97,OK
1761792495.6602783,19.845,9.821,194.9,50.39,219.64,0.926,0.959,50.01,OK
1761792495.7714565,19.858,9.946,197.49,50.39,219.97,0.944,0.951,50.05,OK
1761792495.879127,19.859,9.965,197.9,50.39,219.93,0.949,0.948,49.97,OK
1761792496.0051246,19.861,9.829,195.21,50.39,220.22,0.959,0.924,49.96,OK
1761792496.1237226,19.825,9.862,195.52,50.39,220.36,0.956,0.928,50.05,OK
1761792496.2335358,19.855,9.993,198.4,50.39,220.36,0.94,0.958,49.95,OK
1761792496.3762972,19.826,9.939,197.04,50.39,219.82,0.931,0.962,50.01,OK
1761792496.5080924,19.824,9.961,197.47,50.39,220.32,0.954,0.939,50.05,OK
1761792496.6156735,19.843,9.826,194.98,50.39,220.26,0.961,0.921,49.98,OK
1761792496.719041,19.822,9.991,198.04,50.39,219.87,0.949,0.949,50.0,OK
1761792496.8357544,19.846,9.915,196.77,50.39,220.07,0.959,0.932,50.05,OK
1761792496.9374554,19.889,9.902,196.94,50.39,219.81,0.952,0.941,49.96,OK
1761792497.0399473,19.867,9.876,196.21,50.39,219.85,0.912,0.978,50.0,OK
1761792497.1445596,19.836,9.976,197.88,50.39,220.26,0.948,0.948,49.98,OK
1761792497.2467108,19.814,9.958,197.31,50.39,220.34,0.967,0.926,49.96,OK
1761792497.3520095,19.852,9.848,195.51,50.39,220.19,0.955,0.93,50.0,OK
1761792497.4769907,19.793,9.908,196.11,50.39,219.63,0.919,0.972,50.04,OK
1761792497.5983775,19.871,10.043,199.57,50.39,219.95,0.949,0.956,50.0,OK
1761792497.855598,19.835,9.937,197.1,50.39,220.2,0.914,0.98,50.03,OK
1761792498.030656,19.827,10.027,198.81,50.39,219.73,0.942,0.961,49.98,OK
1761792498.185941,19.798,10.032,198.62,50.39,219.92,0.945,0.955,50.02,OK
1761792498.4112704,19.8,9.966,197.33,50.39,219.89,0.931,0.964,50.05,OK
1761792498.545615,19.835,10.019,198.73,50.39,219.94,0.954,0.947,49.96,OK
1761792498.6505702,19.791,10.014,198.19,50.39,219.67,0.934,0.966,50.04,OK
1761792498.8561304,19.797,10.134,200.62,50.39,219.68,0.942,0.97,50.04,OK
1761792498.9582791,19.841,10.094,200.29,50.39,219.78,0.948,0.961,50.0,OK
1761792499.3251143,19.864,10.057,199.77,50.39,220.31,0.978,0.927,49.96,OK
1761792499.5286572,19.811,10.02,198.51,50.39,220.09,0.938,0.961,49.95,OK
1761792499.6383245,19.833,10.058,199.48,50.39,220.35,0.983,0.92,49.97,OK
1761792499.7512336,19.82,10.054,199.28,50.39,220.36,0.927,0.976,50.0,OK
1761792499.8579192,19.88,10.088,200.55,50.39,219.77,0.98,0.931,50.02,OK
1761792499.9688222,19.799,10.193,201.81,50.39,219.88,0.949,0.967,50.04,OK
1761792500.1087651,19.806,10.139,200.81,50.39,220.02,0.992,0.92,49.99,OK
1761792500.21902,19.799,10.146,200.87,50.39,220.28,0.935,0.976,49.98,OK
1761792500.3288145,19.838,10.198,202.3,50.39,220.0,0.997,0.922,50.03,OK
1761792500.4855013,19.874,10.034,199.42,50.39,220.26,0.957,0.946,49.96,OK
1761792500.62654,19.808,10.181,201.67,50.39,219.8,0.972,0.944,50.01,OK
1761792500.7364242,19.887,10.067,200.2,50.39,220.14,0.933,0.975,49.99,OK
1761792500.8506174,19.869,10.121,201.09,50.39,220.14,0.963,0.949,50.03,OK
1761792500.9594054,19.867,10.146,201.57,50.39,219.66,0.95,0.966,50.01,OK
1761792501.0821278,19.793,10.11,200.12,50.39,220.15,0.941,0.966,50.0,OK
1761792501.2659328,19.869,10.154,201.75,50.39,220.05,0.995,0.922,49.96,OK
1761792501.3687184,19.795,10.127,200.46,50.39,220.29,0.956,0.952,49.98,OK
1761792501.473875,19.794,10.177,201.45,50.39,219.83,0.948,0.967,49.99,OK
1761792501.5761495,19.875,10.238,203.48,50.39,220.11,0.979,0.944,50.01,OK
1761792501.857979,19.873,10.23,203.29,50.39,219.72,0.948,0.976,49.97,OK
1761792501.9849448,19.878,10.229,203.33,50.39,220.14,0.96,0.962,49.99,OK
1761792502.0916162,19.853,10.293,204.34,50.39,219.8,1.008,0.922,49.96,OK
1761792502.2026436,19.84,10.292,204.2,50.39,219.79,0.997,0.932,50.01,OK
1761792502.3107703,19.852,10.16,201.7,50.39,219.93,0.963,0.953,50.04,OK
1761792502.4192448,19.806,10.252,203.05,50.39,220.1,0.955,0.966,49.99,OK
1761792502.5670004,19.883,10.158,201.98,50.39,219.89,0.939,0.979,49.98,OK
1761792502.7031267,19.878,10.178,202.33,50.39,219.91,0.991,0.928,49.97,OK
1761792502.8330104,19.84,10.173,201.83,50.39,219.71,0.955,0.962,50.02,OK
1761792502.9951718,19.864,10.27,204.01,50.39,219.67,0.953,0.974,50.0,OK
1761792503.0972965,19.889,10.292,204.71,50.39,220.39,1.01,0.92,50.02,OK
1761792503.2154908,19.854,10.301,204.51,50.39,219.89,1.007,0.924,50.02,OK
1761792503.3390996,19.876,10.356,205.82,50.39,220.4,0.974,0.959,50.03,OK
1761792503.447956,19.856,10.24,203.31,50.39,219.93,0.98,0.943,49.99,OK
1761792503.5732586,19.868,10.3,204.64,50.39,219.78,0.953,0.977,49.96,OK
1761792503.8165312,19.809,10.314,204.31,50.39,219.71,1.004,0.927,49.96,OK
1761792503.9839675,19.821,10.242,203.01,50.39,220.22,0.991,0.93,49.98,OK
1761792504.2355316,19.867,10.346,205.54,50.39,220.3,0.978,0.954,50.0,OK
1761792504.6135004,19.854,10.233,203.16,50.39,219.77,0.993,0.931,50.03,OK
1761792504.7752564,19.81,10.298,204.0,50.39,219.6,0.985,0.943,50.04,OK
1761792504.9046965,19.838,10.264,203.61,50.39,220.12,0.979,0.945,49.97,OK
1761792505.0080812,19.889,10.324,205.34,50.39,219.98,0.972,0.96,49.97,OK
1761792505.1155796,19.843,10.186,202.11,50.39,220.03,0.946,0.971,49.97,OK
1761792505.2295895,19.793,10.202,201.92,50.39,220.36,0.991,0.924,49.99,OK
1761792505.3397083,19.846,10.273,203.88,50.39,220.36,0.952,0.972,49.96,OK
1761792505.4473023,19.876,10.151,201.77,50.39,219.63,0.996,0.922,49.98,OK
1761792505.5637627,19.865,10.195,202.51,50.39,220.34,0.956,0.962,49.95,OK
1761792505.7022161,19.807,10.268,203.39,50.39,220.17,1.001,0.923,49.99,OK
1761792505.8062234,19.801,10.311,204.16,50.39,220.16,0.973,0.953,49.97,OK
1761792505.9235725,19.866,10.152,201.69,50.39,220.19,0.945,0.97,50.03,OK
1761792506.0551438,19.802,10.175,201.48,50.39,219.82,0.974,0.941,49.98,OK
1761792506.1891482,19.856,10.167,201.88,50.39,220.01,0.96,0.956,49.95,OK
1761792506.2954843,19.805,10.197,201.95,50.39,220.09,0.947,0.969,49.95,OK
1761792506.4502208,19.792,10.213,202.13,50.39,220.03,0.959,0.958,50.03,OK
1761792506.5859287,19.805,10.144,200.91,50.39,220.36,0.939,0.971,50.04,OK
1761792506.6994455,19.835,10.136,201.05,50.39,219.75,0.963,0.95,50.0,OK
1761792506.8373995,19.81,10.163,201.34,50.39,220.38,0.963,0.949,49.99,OK
1761792506.9702437,19.851,10.141,201.31,50.39,220.24,0.938,0.974,50.0,OK
1761792507.0868099,19.793,10.202,201.92,50.39,220.05,0.959,0.957,50.0,OK
1761792507.3201861,19.825,10.152,201.27,50.39,219.67,0.963,0.951,49.99,OK
1761792507.4609523,19.81,10.129,200.64,50.39,220.38,0.947,0.962,49.99,OK
1761792507.5855787,19.862,10.1,200.6,50.39,220.12,0.956,0.954,50.03,OK
1761792507.7629695,19.821,10.191,202.0,50.39,220.2,0.956,0.96,49.98,OK
1761792507.928097,19.849,10.083,200.13,50.39,219.89,0.935,0.973,49.96,OK
1761792508.1408603,19.883,10.063,200.08,50.39,220.38,0.945,0.96,50.02,OK
1761792508.2422707,19.872,10.045,199.62,50.39,219.87,0.982,0.925,50.02,OK
1761792508.4376965,19.824,10.15,201.21,50.39,219.89,0.984,0.93,50.0,OK
1761792508.5393999,19.822,10.097,200.14,50.39,219.87,0.936,0.972,49.97,OK
1761792508.6410964,19.815,10.024,198.62,50.39,220.08,0.948,0.952,49.99,OK
1761792508.7426772,19.859,10.048,199.54,50.39,219.79,0.982,0.925,50.03,OK
1761792508.8438916,19.825,10.192,202.05,50.39,219.74,0.972,0.946,50.05,OK
1761792508.9450352,19.867,9.996,198.59,50.39,220.16,0.963,0.936,50.0,OK
1761792509.046149,19.822,10.071,199.62,50.39,220.27,0.982,0.923,49.99,OK
1761792509.1480007,19.833,10.029,198.89,50.39,220.15,0.948,0.953,50.02,OK
1761792509.2494879,19.846,10.01,198.66,50.39,220.29,0.938,0.962,50.02,OK
1761792509.350549,19.862,10.129,201.18,50.39,219.63,0.966,0.948,49.96,OK
1761792509.4521024,19.833,10.032,198.97,50.39,219.68,0.945,0.958,50.02,OK
1761792509.5537508,19.884,9.987,198.59,50.39,219.67,0.97,0.932,49.98,OK
1761792509.654958,19.82,10.035,198.9,50.39,219.81,0.933,0.969,50.01,OK
1761792509.7565303,19.842,9.929,197.01,50.39,220.05,0.965,0.928,49.96,OK
1761792509.857716,19.839,9.933,197.06,50.39,219.71,0.968,0.927,50.02,OK
1761792509.9589093,19.796,10.019,198.33,50.39,220.36,0.933,0.965,50.04,OK
1761792510.0606964,19.873,9.978,198.3,50.39,220.12,0.958,0.94,49.98,OK
1761792510.1618035,19.84,9.962,197.65,50.39,220.4,0.916,0.979,49.98,OK
1761792510.263243,19.814,9.963,197.41,50.39,219.91,0.97,0.926,49.99,OK
1761792510.3644555,19.89,9.982,198.53,50.39,220.13,0.96,0.94,49.98,OK
1761792510.465928,19.867,10.063,199.93,50.39,219.71,0.961,0.947,50.04,OK
1761792510.5676043,19.879,9.922,197.23,50.39,220.37,0.943,0.949,50.01,OK
1761792510.6688914,19.874,9.963,198.01,50.39,219.81,0.952,0.947,50.03,OK
1761792510.7703555,19.889,10.004,198.97,50.39,219.76,0.957,0.946,49.96,OK
1761792510.8716946,19.849,10.01,198.69,50.39,219.78,0.93,0.972,50.05,OK
1761792510.9731143,19.828,9.966,197.61,50.39,219.61,0.942,0.956,49.98,OK
1761792511.074551,19.86,9.986,198.32,50.39,219.87,0.937,0.962,50.03,OK
1761792511.176414,19.846,9.878,196.04,50.39,219.61,0.935,0.954,50.03,OK
1761792511.2803142,19.799,9.887,195.76,50.39,220.12,0.933,0.953,49.97,OK
1761792511.3830004,19.889,10.003,198.94,50.39,219.64,0.943,0.961,50.03,OK
1761792511.4899356,19.795,9.925,196.46,50.39,220.28,0.96,0.929,49.97,OK
1761792511.5925858,19.834,10.009,198.52,50.39,219.91,0.94,0.96,49.98,OK
1761792511.7084816,19.829,9.993,198.16,50.39,219.64,0.976,0.925,49.99,OK
1761792511.8116798,19.834,9.906,196.48,50.39,219.99,0.964,0.926,50.01,OK
1761792511.9179952,19.812,9.853,195.21,50.39,220.01,0.931,0.953,50.04,OK
1761792512.0206988,19.807,10.018,198.43,50.39,220.05,0.932,0.968,49.99,OK
1761792512.125582,19.869,9.975,198.19,50.39,220.18,0.939,0.959,50.03,OK
1761792512.231879,19.807,9.926,196.6,50.39,220.23,0.914,0.976,50.02,OK
1761792512.3373735,19.808,9.891,195.92,50.39,220.31,0.922,0.964,50.03,OK
1761792512.4412143,19.824,9.837,195.02,50.39,219.61,0.958,0.927,49.95,OK
1761792512.5455956,19.859,9.86,195.81,50.39,219.77,0.933,0.955,50.0,OK
1761792512.6510866,19.819,9.86,195.41,50.39,220.02,0.911,0.975,50.01,OK
1761792512.7531996,19.85,9.82,194.92,50.39,219.9,0.961,0.922,50.05,OK
1761792512.854541,19.816,9.865,195.49,50.39,219.62,0.964,0.923,50.0,OK
1761792512.9560523,19.8,9.863,195.29,50.39,219.94,0.937,0.948,49.96,OK
1761792513.0651772,19.827,9.856,195.41,50.39,220.04,0.912,0.974,50.01,OK
1761792513.1694329,19.847,9.905,196.58,50.39,220.13,0.918,0.973,49.96,OK
1761792513.270553,19.799,9.853,195.07,50.39,220.24,0.925,0.957,50.03,OK
1761792513.3790026,19.829,9.835,195.02,50.39,219.62,0.933,0.952,50.02,OK
1761792513.480913,19.883,9.922,197.28,50.39,219.92,0.962,0.932,50.05,OK
1761792513.582296,19.806,9.918,196.43,50.39,219.74,0.924,0.967,49.98,OK
1761792513.6841667,19.799,9.99,197.79,50.39,220.33,0.956,0.939,49.98,OK
1761792513.787063,19.879,9.928,197.37,50.39,219.77,0.919,0.977,50.03,OK
1761792513.8885033,19.813,9.941,196.96,50.39,220.07,0.947,0.945,49.97,OK
1761792513.9946866,19.804,9.908,196.22,50.39,220.0,0.933,0.956,50.02,OK
1761792514.097774,19.848,9.825,195.01,50.39,220.08,0.93,0.952,50.01,OK
1761792514.201054,19.831,9.947,197.26,50.39,219.93,0.923,0.972,50.01,OK
1761792514.304597,19.819,9.907,196.35,50.39,219.63,0.941,0.95,49.97,OK
1761792514.4061368,19.89,9.899,196.88,50.39,219.64,0.968,0.926,49.98,OK
1761792514.5096488,19.825,9.802,194.31,50.39,219.84,0.94,0.94,49.99,OK
1761792514.676734,19.824,9.949,197.22,50.39,219.7,0.922,0.974,49.98,OK
1761792514.7783005,19.83,9.843,195.19,50.39,220.03,0.912,0.972,49.97,OK
1761792514.879804,19.855,9.883,196.22,50.39,220.02,0.925,0.965,49.99,OK
1761792514.9829795,19.823,9.904,196.32,50.39,220.21,0.911,0.979,49.97,OK
1761792515.0849402,19.825,9.819,194.67,50.39,219.73,0.934,0.948,49.95,OK
1761792515.189539,19.832,9.999,198.3,50.39,220.25,0.941,0.957,49.96,OK
1761792515.2906787,19.877,9.929,197.36,50.39,219.77,0.936,0.959,50.0,OK
1761792515.3996806,19.807,9.968,197.43,50.39,219.85,0.941,0.954,49.98,OK
1761792515.502873,19.815,9.937,196.9,50.39,219.8,0.928,0.966,49.96,OK
1761792515.6068974,19.857,9.858,195.76,50.39,220.25,0.917,0.969,49.99,OK
1761792515.7084901,19.888,9.87,196.29,50.39,220.08,0.93,0.959,50.05,OK
1761792515.809735,19.868,9.88,196.31,50.39,220.11,0.933,0.956,49.98,OK
1761792515.9108348,19.853,9.827,195.11,50.39,220.07,0.922,0.961,50.03,OK
1761792516.0122786,19.822,10.003,198.29,50.39,220.39,0.934,0.963,50.02,OK
1761792516.1135957,19.863,9.853,195.7,50.39,219.74,0.946,0.941,50.04,OK
1761792516.2161794,19.882,9.839,195.62,50.39,220.31,0.912,0.974,49.98,OK
1761792516.3170924,19.798,9.996,197.91,50.39,220.33,0.921,0.975,50.01,OK
1761792516.4179955,19.832,9.994,198.2,50.39,220.39,0.97,0.928,49.96,OK
1761792516.518879,19.864,9.987,198.39,50.39,220.3,0.932,0.966,49.99,OK
1761792516.621247,19.876,9.996,198.68,50.39,219.97,0.961,0.94,50.0,OK
1761792516.7230186,19.791,10.026,198.43,50.39,219.78,0.935,0.966,49.97,OK
1761792516.8246183,19.791,10.038,198.65,50.39,219.64,0.964,0.939,49.99,OK
1761792516.9258661,19.887,10.015,199.17,50.39,219.85,0.943,0.961,49.95,OK
1761792517.027151,19.873,9.956,197.86,50.39,219.95,0.949,0.948,49.98,OK
1761792517.130884,19.852,9.945,197.42,50.39,220.31,0.971,0.923,49.98,OK
1761792517.2318757,19.855,9.982,198.2,50.39,219.7,0.96,0.94,49.96,OK
1761792517.3336918,19.872,10.054,199.79,50.39,220.11,0.956,0.949,50.0,OK
1761792517.4347806,19.829,10.089,200.07,50.39,220.33,0.947,0.959,49.96,OK
1761792517.535709,19.854,10.004,198.62,50.39,220.22,0.961,0.938,49.96,OK
1761792517.636613,19.825,9.943,197.11,50.39,219.95,0.938,0.956,50.02,OK
1761792517.7386508,19.818,9.958,197.35,50.39,219.73,0.974,0.922,49.95,OK
1761792517.8417332,19.85,10.001,198.52,50.39,219.84,0.967,0.934,50.01,OK
1761792517.943145,19.877,10.133,201.42,50.39,219.89,0.964,0.951,50.03,OK
1761792518.0444338,19.829,10.08,199.87,50.39,220.08,0.936,0.971,50.0,OK
1761792518.14517,19.806,10.136,200.75,50.39,220.13,0.94,0.97,49.98,OK
1761792518.2460427,19.814,10.031,198.74,50.39,220.21,0.956,0.944,50.03,OK
1761792518.347495,19.814,10.02,198.53,50.39,220.24,0.954,0.945,50.03,OK
1761792518.449601,19.864,10.08,200.22,50.39,220.4,0.946,0.96,49.95,OK
1761792518.5505507,19.874,10.096,200.66,50.39,219.87,0.973,0.938,49.99,OK
1761792518.6519094,19.809,10.095,199.97,50.39,219.86,0.955,0.953,49.98,OK
1761792518.7532353,19.804,10.215,202.3,50.39,220.39,0.991,0.926,49.98,OK
1761792518.8557644,19.837,10.027,198.91,50.39,219.95,0.966,0.936,50.0,OK
1761792518.956747,19.837,10.036,199.09,50.39,220.19,0.978,0.924,49.99,OK
1761792519.0583313,19.811,10.087,199.84,50.39,219.76,0.979,0.929,50.05,OK
1761792519.1593783,19.857,10.088,200.31,50.39,219.72,0.949,0.96,50.01,OK
1761792519.260279,19.885,10.068,200.19,50.39,219.6,0.99,0.921,50.0,OK
1761792519.3615203,19.863,10.057,199.75,50.39,220.35,0.945,0.959,50.03,OK
1761792519.4623547,19.886,10.179,202.42,50.39,220.0,0.997,0.922,50.05,OK
1761792519.5634642,19.85,10.238,203.22,50.39,219.96,0.967,0.956,49.98,OK
1761792519.6645415,19.835,10.179,201.9,50.39,219.93,0.989,0.929,49.98,OK
1761792519.76577,19.801,10.15,200.99,50.39,219.95,0.979,0.933,49.99,OK
1761792519.8697548,19.872,10.16,201.89,50.39,220.06,0.963,0.953,49.97,OK
1761792519.9877467,19.827,10.24,203.03,50.39,220.17,0.958,0.962,49.99,OK
1761792520.100537,19.793,10.277,203.41,50.39,220.02,0.962,0.961,49.97,OK
1761792520.2026706,19.854,10.284,204.19,50.39,220.18,0.982,0.944,49.98,OK
1761792520.3100772,19.845,10.204,202.5,50.39,219.95,0.957,0.962,50.02,OK
1761792520.4127033,19.824,10.201,202.23,50.39,219.91,0.948,0.97,50.0,OK
1761792520.5168488,19.862,10.26,203.78,50.39,219.67,0.985,0.942,49.96,OK
1761792520.619331,19.796,10.189,201.7,50.39,220.25,0.95,0.964,50.03,OK
1761792520.7220674,19.819,10.155,201.26,50.39,220.31,0.941,0.971,49.97,OK
1761792520.8235047,19.82,10.199,202.14,50.39,220.37,0.949,0.967,50.01,OK
1761792520.9251475,19.876,10.215,203.02,50.39,220.09,0.997,0.925,50.0,OK
1761792521.0264192,19.807,10.169,201.41,50.39,219.91,0.951,0.963,50.05,OK
1761792521.1285572,19.843,10.261,203.61,50.39,219.8,0.954,0.971,50.01,OK
1761792521.230951,19.81,10.327,204.57,50.39,219.87,0.981,0.948,49.95,OK
1761792521.333154,19.852,10.19,202.3,50.39,220.08,0.95,0.967,50.02,OK
1761792521.4342268,19.83,10.208,202.42,50.39,220.36,0.982,0.936,50.02,OK
1761792521.536802,19.833,10.204,202.39,50.39,220.37,0.974,0.943,49.97,OK
1761792521.6387594,19.832,10.211,202.51,50.39,220.39,0.963,0.954,50.02,OK
1761792521.739817,19.876,10.17,202.14,50.39,220.13,0.94,0.977,49.97,OK
1761792521.841238,19.884,10.267,204.15,50.39,220.23,0.949,0.977,50.03,OK
1761792521.942692,19.842,10.216,202.71,50.39,219.67,0.967,0.954,49.98,OK
1761792522.0458877,19.808,10.323,204.48,50.39,220.35,0.994,0.934,50.01,OK
1761792522.148263,19.864,10.166,201.93,50.39,219.71,0.961,0.957,50.04,OK
1761792522.2536964,19.843,10.351,205.4,50.39,219.88,0.994,0.94,50.05,OK
1761792522.3557506,19.807,10.356,205.12,50.39,220.26,1.002,0.929,50.03,OK
1761792522.456774,19.806,10.219,202.4,50.39,219.96,0.962,0.956,50.0,OK
1761792522.5580897,19.819,10.257,203.28,50.39,220.07,0.976,0.946,50.02,OK
1761792522.6603792,19.875,10.243,203.59,50.39,220.18,0.999,0.925,49.99,OK
1761792522.769063,19.82,10.273,203.61,50.39,220.07,0.989,0.935,50.03,OK
1761792522.8709638,19.867,10.186,202.37,50.39,220.11,0.961,0.956,49.97,OK
1761792522.9737134,19.834,10.256,203.42,50.39,220.32,1.001,0.922,50.02,OK
1761792523.075279,19.841,10.255,203.48,50.39,219.94,0.949,0.974,49.95,OK
1761792523.1794782,19.81,10.319,204.41,50.39,219.62,0.975,0.955,49.95,OK
1761792523.2868745,19.807,10.225,202.52,50.39,219.97,0.999,0.921,50.03,OK
1761792523.3907266,19.849,10.305,204.54,50.39,220.31,0.959,0.968,49.95,OK
1761792523.493016,19.865,10.297,204.56,50.39,219.94,1.005,0.925,50.05,OK
1761792523.5950816,19.843,10.224,202.88,50.39,219.95,0.942,0.979,50.02,OK
1761792523.6982415,19.813,10.338,204.83,50.39,219.81,0.955,0.976,49.99,OK
1761792523.8022697,19.88,10.216,203.08,50.39,220.29,0.985,0.936,49.99,OK
1761792523.9371057,19.805,10.379,205.56,50.39,219.88,0.987,0.947,49.97,OK
1761792524.040185,19.883,10.207,202.94,50.39,219.97,1.0,0.923,49.99,OK
1761792524.1424797,19.864,10.274,204.08,50.39,219.64,0.955,0.973,50.04,OK
1761792524.2442315,19.863,10.299,204.56,50.39,219.81,0.998,0.932,50.01,OK
1761792524.3457506,19.801,10.352,204.97,50.39,219.78,0.953,0.979,50.02,OK
1761792524.4494913,19.839,10.175,201.86,50.39,220.09,0.953,0.962,50.01,OK
1761792524.5515697,19.851,10.238,203.23,50.39,220.01,0.965,0.957,50.04,OK
1761792524.6557229,19.797,10.184,201.62,50.39,219.77,0.961,0.955,50.03,OK
1761792524.758195,19.864,10.332,205.24,50.39,220.06,0.953,0.979,50.0,OK
1761792524.8615835,19.791,10.249,202.84,50.39,219.8,0.956,0.965,49.96,OK
1761792524.9678822,19.809,10.289,203.82,50.39,220.19,0.977,0.947,49.98,OK
1761792525.0963194,19.881,10.219,203.16,50.39,219.89,0.983,0.94,50.0,OK
1761792525.3121395,19.813,10.302,204.12,50.39,220.24,0.978,0.948,50.03,OK
1761792525.4163842,19.853,10.252,203.55,50.39,219.75,1.005,0.922,50.05,OK
1761792525.5255423,19.834,10.182,201.94,50.39,220.27,0.938,0.977,50.0,OK
1761792525.6362503,19.842,10.254,203.46,50.39,220.28,0.985,0.937,50.04,OK
1761792525.7513392,19.845,10.301,204.41,50.39,220.33,1.007,0.922,50.01,OK
1761792525.853415,19.809,10.128,200.62,50.39,219.91,0.97,0.941,50.03,OK
1761792525.9641495,19.871,10.245,203.58,50.39,220.23,0.96,0.963,49.95,OK
1761792526.0663457,19.82,10.282,203.78,50.39,220.05,0.977,0.948,50.0,OK
1761792526.1692681,19.863,10.159,201.78,50.39,220.08,0.99,0.926,50.04,OK
1761792526.272234,19.888,10.188,202.62,50.39,219.95,0.984,0.936,50.02,OK
1761792526.3804035,19.876,10.14,201.54,50.39,219.88,0.972,0.943,50.01,OK
1761792526.4855645,19.882,10.063,200.08,50.39,219.63,0.967,0.942,50.04,OK
1761792526.685586,19.834,10.161,201.53,50.39,219.7,0.951,0.964,50.04,OK
1761792527.1643445,19.794,10.159,201.09,50.39,220.23,0.957,0.954,49.96,OK
1761792527.26822,19.849,10.057,199.63,50.39,220.04,0.976,0.93,50.01,OK
1761792527.3995008,19.881,10.005,198.91,50.39,220.39,0.951,0.949,49.97,OK
1761792527.5697055,19.868,10.03,199.28,50.39,219.82,0.931,0.974,50.0,OK
1761792527.7071197,19.824,10.049,199.21,50.39,219.75,0.976,0.928,49.96,OK
1761792527.8599734,19.834,10.077,199.88,50.39,220.18,0.948,0.957,50.02,OK
1761792527.975736,19.8,10.187,201.71,50.39,220.17,0.985,0.93,49.99,OK
1761792528.0842323,19.845,10.056,199.56,50.39,220.33,0.946,0.957,50.0,OK
1761792528.1862466,19.867,9.965,197.98,50.39,220.33,0.949,0.946,50.02,OK
1761792528.2878792,19.828,10.109,200.45,50.39,219.85,0.976,0.934,49.95,OK
1761792528.3909364,19.803,9.973,197.51,50.39,220.19,0.962,0.932,50.03,OK
1761792528.5125113,19.859,9.925,197.1,50.39,219.72,0.924,0.971,50.01,OK
1761792528.6147885,19.795,10.087,199.67,50.39,220.08,0.971,0.935,49.98,OK
1761792528.7168036,19.797,10.102,199.99,50.39,220.08,0.948,0.958,50.01,OK
1761792528.819458,19.871,9.999,198.68,50.39,220.38,0.933,0.966,50.03,OK
1761792528.9205892,19.871,9.965,198.01,50.39,220.28,0.952,0.944,49.96,OK
1761792529.0231886,19.835,9.914,196.63,50.39,219.99,0.919,0.972,49.97,OK
1761792529.1249669,19.792,9.924,196.41,50.39,220.08,0.947,0.943,49.96,OK
1761792529.2274437,19.866,9.874,196.17,50.39,220.0,0.911,0.979,49.98,OK
1761792529.3288386,19.834,10.001,198.36,50.39,220.02,0.94,0.959,49.98,OK
1761792529.4302945,19.856,10.053,199.61,50.39,219.84,0.928,0.979,49.96,OK
1761792529.5409987,19.81,9.945,197.01,50.39,219.8,0.936,0.957,50.02,OK
1761792529.644025,19.797,10.031,198.58,50.39,220.27,0.964,0.935,49.98,OK
1761792529.748286,19.799,9.93,196.6,50.39,219.73,0.949,0.942,49.99,OK
1761792529.8522441,19.851,9.937,197.26,50.39,219.98,0.927,0.967,50.04,OK
1761792529.953928,19.848,9.966,197.81,50.39,219.7,0.957,0.941,49.99,OK
1761792530.055454,19.886,9.915,197.16,50.39,219.78,0.942,0.952,50.02,OK
1761792530.1605875,19.814,9.905,196.26,50.39,220.29,0.919,0.969,50.02,OK
1761792530.2656403,19.885,9.826,195.39,50.39,219.68,0.943,0.943,50.04,OK
1761792530.3678277,19.868,9.906,196.81,50.39,219.82,0.952,0.94,50.03,OK
1761792530.4717083,19.797,9.91,196.18,50.39,219.79,0.918,0.972,50.01,OK
1761792530.572868,19.794,9.97,197.35,50.39,219.83,0.968,0.927,49.99,OK
1761792530.6874633,19.86,9.912,196.85,50.39,220.02,0.935,0.956,49.97,OK
1761792530.792774,19.827,9.84,195.1,50.39,220.15,0.935,0.948,49.99,OK
1761792530.8945243,19.818,9.953,197.26,50.39,219.92,0.973,0.922,50.05,OK
1761792531.0326126,19.834,9.878,195.93,50.39,219.84,0.945,0.943,49.97,OK
1761792531.1341445,19.846,9.852,195.52,50.39,220.19,0.95,0.934,50.0,OK
1761792531.2351768,19.807,9.894,195.97,50.39,220.19,0.936,0.951,50.02,OK
1761792531.3377361,19.875,9.917,197.09,50.39,220.3,0.936,0.956,49.98,OK
1761792531.440425,19.835,9.847,195.31,50.39,219.77,0.951,0.934,50.02,OK
1761792531.5418162,19.815,9.983,197.81,50.39,219.71,0.963,0.935,50.0,OK
1761792531.6432164,19.791,9.873,195.4,50.39,220.26,0.927,0.957,49.97,OK
1761792531.7454934,19.878,9.872,196.22,50.39,219.79,0.917,0.973,50.01,OK
1761792531.8464496,19.865,9.963,197.92,50.39,219.98,0.922,0.976,49.99,OK
1761792531.9495997,19.804,9.803,194.14,50.39,220.16,0.947,0.931,49.99,OK
1761792532.0541737,19.875,9.882,196.41,50.39,219.62,0.939,0.952,50.04,OK
1761792532.1566956,19.879,9.892,196.65,50.39,220.11,0.936,0.954,49.97,OK
1761792532.260647,19.853,9.811,194.77,50.39,220.3,0.929,0.952,50.04,OK
1761792532.3619194,19.873,9.818,195.11,50.39,220.33,0.943,0.939,50.04,OK
1761792532.4628448,19.818,9.812,194.47,50.39,219.93,0.957,0.924,50.05,OK
1761792532.5664248,19.821,9.867,195.59,50.39,220.05,0.96,0.926,50.0,OK
1761792532.6675522,19.89,9.864,196.19,50.39,220.16,0.966,0.923,50.01,OK
1761792532.7686813,19.827,9.93,196.89,50.39,219.68,0.929,0.964,50.03,OK
1761792532.869655,19.872,9.813,195.01,50.39,219.76,0.929,0.956,50.0,OK
1761792532.974013,19.848,9.786,194.24,50.39,220.36,0.94,0.937,50.04,OK
1761792533.0763578,19.878,9.9,196.79,50.39,220.22,0.941,0.95,49.98,OK
1761792533.1956093,19.799,9.818,194.38,50.39,220.07,0.947,0.933,49.96,OK
1761792533.2995687,19.857,9.946,197.5,50.39,219.61,0.944,0.953,50.05,OK
1761792533.4022121,19.86,9.866,195.95,50.39,220.11,0.947,0.94,49.96,OK
1761792533.506038,19.796,9.97,197.37,50.39,219.84,0.964,0.931,50.02,OK
1761792533.6086934,19.85,9.953,197.56,50.39,220.28,0.945,0.95,49.99,OK
1761792533.7098262,19.857,9.987,198.32,50.39,219.86,0.978,0.922,50.03,OK
1761792533.8160543,19.804,9.847,195.01,50.39,219.94,0.947,0.936,50.0,OK
1761792533.9203823,19.843,9.826,194.98,50.39,219.99,0.949,0.934,50.03,OK
1761792534.0225708,19.794,9.872,195.41,50.39,219.8,0.958,0.928,49.96,OK
1761792534.1277835,19.883,9.792,194.69,50.39,219.69,0.924,0.959,50.02,OK
1761792534.230498,19.849,9.929,197.09,50.39,220.34,0.961,0.931,49.96,OK
1761792534.332474,19.805,9.941,196.87,50.39,219.86,0.967,0.926,50.04,OK
1761792534.4373634,19.802,9.932,196.68,50.39,219.87,0.918,0.974,50.0,OK
1761792534.5394864,19.856,9.919,196.96,50.39,220.21,0.93,0.962,49.96,OK
1761792534.6449733,19.852,9.839,195.33,50.39,219.82,0.917,0.969,49.99,OK
1761792534.7480066,19.805,10.005,198.15,50.39,219.96,0.94,0.959,50.01,OK
1761792534.8530462,19.888,9.914,197.17,50.39,219.66,0.97,0.925,50.01,OK
1761792534.955438,19.809,9.893,195.96,50.39,220.15,0.947,0.94,50.0,OK
1761792535.1602595,19.876,9.9,196.78,50.39,219.72,0.968,0.925,50.02,OK
1761792535.2701514,19.812,10.068,199.46,50.39,220.2,0.94,0.964,49.99,OK
1761792535.3713567,19.851,9.98,198.1,50.39,219.97,0.938,0.96,49.95,OK
1761792535.4764132,19.817,9.933,196.84,50.39,220.01,0.932,0.96,49.96,OK
1761792535.5795639,19.791,9.939,196.7,50.39,219.97,0.953,0.938,50.04,OK
1761792535.6813564,19.815,10.093,199.99,50.39,219.64,0.949,0.959,49.95,OK
1761792535.796832,19.842,9.937,197.17,50.39,219.61,0.919,0.977,50.02,OK
1761792535.9345798,19.846,9.914,196.75,50.39,220.01,0.943,0.948,50.0,OK
1761792536.0507119,19.821,10.008,198.38,50.39,220.33,0.945,0.952,49.96,OK
1761792536.1554885,19.839,9.929,196.97,50.39,219.78,0.925,0.969,50.0,OK
1761792536.2603338,19.841,10.019,198.78,50.39,220.26,0.959,0.941,50.04,OK
1761792536.361694,19.85,9.967,197.85,50.39,219.68,0.952,0.946,50.04,OK
1761792536.466583,19.82,9.946,197.13,50.39,219.62,0.92,0.975,49.95,OK
1761792536.5725982,19.884,10.115,201.13,50.39,220.25,0.956,0.955,50.0,OK
1761792536.678441,19.851,10.11,200.69,50.39,219.98,0.96,0.95,50.03,OK
1761792536.7830942,19.804,10.093,199.87,50.39,220.28,0.928,0.978,49.98,OK
1761792536.8844082,19.847,9.955,197.58,50.39,220.01,0.948,0.947,49.97,OK
1761792536.986565,19.842,10.101,200.42,50.39,219.8,0.966,0.944,50.0,OK
1761792537.0888598,19.811,10.086,199.82,50.39,220.31,0.938,0.967,50.02,OK
1761792537.1901958,19.803,10.005,198.12,50.39,219.96,0.961,0.937,49.99,OK
1761792537.293207,19.809,10.144,200.93,50.39,220.06,0.942,0.97,50.01,OK
1761792537.4024727,19.883,10.095,200.72,50.39,220.05,0.981,0.93,49.98,OK
1761792537.5090704,19.793,10.175,201.39,50.39,220.28,0.986,0.927,49.98,OK
1761792537.6181848,19.808,10.159,201.23,50.39,220.13,0.934,0.979,49.98,OK
1761792537.7198267,19.874,10.075,200.22,50.39,220.3,0.941,0.966,50.0,OK
1761792537.8565104,19.87,10.196,202.59,50.39,219.62,0.944,0.977,50.0,OK
1761792537.9687614,19.82,10.09,199.99,50.39,220.36,0.957,0.948,50.04,OK
1761792538.0704744,19.82,10.215,202.46,50.39,219.6,0.945,0.976,50.02,OK
1761792538.1986656,19.846,10.111,200.67,50.39,219.63,0.948,0.964,50.03,OK
1761792538.302898,19.819,10.211,202.36,50.39,220.15,0.988,0.931,50.02,OK
1761792538.416266,19.804,10.229,202.56,50.39,220.4,0.979,0.939,49.98,OK
1761792538.5178053,19.867,10.152,201.69,50.39,219.72,0.953,0.963,50.01,OK
1761792538.6214647,19.882,10.154,201.88,50.39,220.24,0.977,0.938,49.96,OK
1761792538.7231145,19.796,10.127,200.47,50.39,219.92,0.974,0.936,49.97,OK
1761792538.8282933,19.854,10.129,201.1,50.39,219.79,0.943,0.97,49.99,OK
1761792538.9311533,19.818,10.239,202.92,50.39,219.97,0.991,0.931,50.0,OK
1761792539.033348,19.79,10.127,200.41,50.39,220.2,0.945,0.963,50.05,OK
1761792539.1355062,19.793,10.294,203.75,50.39,219.9,0.95,0.976,50.05,OK
1761792539.2371857,19.883,10.175,202.31,50.39,220.34,0.951,0.965,50.04,OK
1761792539.3486478,19.841,10.287,204.1,50.39,219.73,0.983,0.945,50.02,OK
1761792539.4528146,19.804,10.178,201.56,50.39,219.83,0.951,0.964,50.03,OK
1761792539.576898,19.825,10.329,204.77,50.39,220.14,0.963,0.966,49.97,OK
1761792539.6813502,19.844,10.209,202.59,50.39,220.09,0.992,0.928,49.99,OK
1761792539.7829509,19.831,10.316,204.58,50.39,220.35,1.004,0.925,50.03,OK
1761792539.8881004,19.799,10.304,204.01,50.39,219.62,1.003,0.926,50.03,OK
1761792539.995625,19.815,10.334,204.77,50.39,220.34,1.0,0.929,50.02,OK
1761792540.0991225,19.87,10.299,204.65,50.39,219.88,1.01,0.921,50.03,OK
1761792540.2004938,19.859,10.182,202.2,50.39,219.71,0.981,0.938,49.97,OK
1761792540.3050354,19.878,10.181,202.37,50.39,220.32,0.966,0.951,50.02,OK
1761792540.4081252,19.816,10.271,203.54,50.39,220.19,0.959,0.964,50.0,OK
1761792540.5147014,19.865,10.233,203.28,50.39,220.27,0.957,0.964,49.95,OK
1761792540.6163068,19.792,10.255,202.97,50.39,220.01,0.999,0.924,49.95,OK
1761792540.7180054,19.796,10.382,205.52,50.39,219.96,0.994,0.94,49.99,OK
1761792540.8199677,19.873,10.351,205.72,50.39,220.14,0.969,0.964,49.97,OK
1761792540.9230492,19.869,10.267,203.99,50.39,219.85,0.961,0.965,50.02,OK
1761792541.0294333,19.814,10.281,203.72,50.39,220.1,0.968,0.956,50.01,OK
1761792541.138482,19.85,10.177,202.02,50.39,219.97,0.98,0.937,49.99,OK
1761792541.2683132,19.849,10.25,203.45,50.39,220.21,0.969,0.953,50.0,OK
1761792541.3789382,19.878,10.234,203.42,50.39,219.92,0.981,0.942,50.05,OK
1761792541.5061386,19.886,10.201,202.86,50.39,219.62,0.994,0.929,50.05,OK
1761792541.61049,19.798,10.371,205.32,50.39,220.02,0.963,0.969,49.97,OK
1761792541.7139227,19.889,10.307,204.99,50.39,220.01,0.956,0.975,50.04,OK
1761792541.8216767,19.873,10.206,202.81,50.39,220.08,0.994,0.927,50.05,OK
1761792541.9330363,19.794,10.392,205.7,50.39,219.78,0.956,0.979,50.03,OK
1761792542.039189,19.841,10.321,204.78,50.39,220.0,0.994,0.936,50.02,OK
1761792542.1640134,19.85,10.316,204.77,50.39,220.4,0.955,0.973,50.01,OK
1761792542.267714,19.847,10.343,205.28,50.39,219.96,0.998,0.935,49.98,OK
1761792542.3718734,19.851,10.292,204.31,50.39,219.97,0.985,0.943,50.04,OK
1761792542.4745362,19.887,10.27,204.23,50.39,219.76,0.981,0.948,49.98,OK
1761792542.5774343,19.806,10.25,203.01,50.39,220.03,0.957,0.964,50.0,OK
1761792542.67957,19.857,10.25,203.53,50.39,219.65,0.976,0.949,49.96,OK
1761792542.7850165,19.867,10.351,205.65,50.39,220.0,0.983,0.951,49.97,OK
1761792542.888307,19.802,10.274,203.44,50.39,219.82,0.988,0.936,50.01,OK
1761792542.9923449,19.86,10.302,204.6,50.39,219.7,0.961,0.969,49.99,OK
1761792543.1039414,19.832,10.334,204.94,50.39,220.32,0.99,0.939,50.0,OK
1761792543.2060757,19.89,10.144,201.77,50.39,220.02,0.941,0.975,50.04,OK
1761792543.312947,19.791,10.252,202.89,50.39,220.14,0.976,0.944,49.96,OK
1761792543.4152124,19.843,10.309,204.56,50.39,220.1,0.977,0.951,50.04,OK
1761792543.5179286,19.822,10.179,201.76,50.39,219.88,0.962,0.954,49.99,OK
1761792543.6206293,19.855,10.171,201.95,50.39,220.01,0.954,0.962,49.99,OK
1761792543.727258,19.877,10.181,202.36,50.39,220.04,0.955,0.963,50.01,OK
1761792543.830795,19.803,10.195,201.89,50.39,220.23,0.976,0.939,49.96,OK
1761792543.9335747,19.857,10.196,202.46,50.39,219.75,0.965,0.955,50.02,OK
1761792544.037434,19.816,10.329,204.69,50.39,219.96,0.982,0.948,49.95,OK
1761792544.1424534,19.846,10.233,203.09,50.39,219.65,0.979,0.945,49.99,OK
1761792544.2538567,19.87,10.256,203.78,50.39,219.6,0.96,0.967,50.0,OK
1761792544.3551996,19.857,10.196,202.46,50.39,220.26,0.976,0.942,49.99,OK
1761792544.4586835,19.853,10.305,204.59,50.39,220.01,0.974,0.955,49.96,OK
1761792544.561793,19.889,10.141,201.69,50.39,219.68,0.995,0.923,49.98,OK
1761792544.6643937,19.88,10.206,202.89,50.39,220.02,0.941,0.979,50.01,OK
1761792544.7658002,19.851,10.229,203.05,50.39,220.18,0.979,0.942,50.0,OK
1761792544.869416,19.859,10.121,201.0,50.39,220.17,0.933,0.978,49.98,OK
1761792544.9717197,19.829,10.117,200.62,50.39,220.02,0.973,0.937,50.05,OK
1761792545.0784452,19.861,10.175,202.08,50.39,219.74,0.987,0.932,50.0,OK
1761792545.2089918,19.872,10.166,202.02,50.39,220.23,0.994,0.923,50.05,OK
1761792545.3279114,19.82,10.105,200.29,50.39,219.61,0.976,0.934,50.03,OK
1761792545.4643888,19.862,10.079,200.18,50.39,220.34,0.953,0.953,49.99,OK
1761792545.5932887,19.89,10.129,201.46,50.39,220.33,0.983,0.931,49.98,OK
1761792545.8935628,19.83,10.071,199.7,50.39,219.86,0.942,0.964,49.98,OK
1761792545.9957345,19.822,10.224,202.66,50.39,220.16,0.957,0.962,49.98,OK
1761792546.097293,19.846,10.197,202.36,50.39,219.64,0.947,0.972,49.97,OK
1761792546.1989596,19.865,10.003,198.71,50.39,220.26,0.921,0.979,49.97,OK
1761792546.3008554,19.873,10.169,202.09,50.39,219.71,0.944,0.974,49.98,OK
1761792546.4027917,19.823,10.094,200.09,50.39,219.72,0.969,0.94,49.99,OK
1761792546.5040429,19.797,10.201,201.95,50.39,219.78,0.958,0.959,49.97,OK
1761792546.6055582,19.862,10.151,201.63,50.39,219.74,0.951,0.965,50.02,OK
1761792546.7070076,19.79,10.01,198.1,50.39,220.18,0.942,0.956,49.97,OK
1761792546.8092272,19.821,9.997,198.14,50.39,219.96,0.97,0.929,50.03,OK
1761792546.9108403,19.824,10.058,199.38,50.39,219.68,0.955,0.95,50.02,OK
1761792547.0120602,19.869,9.957,197.84,50.39,220.28,0.935,0.96,50.03,OK
1761792547.1136882,19.804,9.989,197.83,50.39,219.7,0.932,0.966,50.02,OK
1761792547.2275987,19.868,10.082,200.31,50.39,219.74,0.988,0.922,50.0,OK
1761792547.3405309,19.842,9.998,198.37,50.39,220.25,0.937,0.961,50.03,OK
1761792547.4444776,19.821,10.136,200.91,50.39,219.98,0.946,0.965,50.0,OK
1761792547.546759,19.858,9.925,197.1,50.39,220.27,0.913,0.98,49.98,OK
1761792547.6545572,19.793,10.022,198.37,50.39,220.02,0.93,0.969,49.96,OK
1761792547.7635882,19.832,10.003,198.38,50.39,219.74,0.98,0.921,50.03,OK
1761792547.881657,19.885,9.945,197.76,50.39,219.93,0.947,0.949,49.97,OK
1761792548.0200691,19.87,10.023,199.15,50.39,219.7,0.954,0.95,49.96,OK
1761792548.122899,19.874,10.068,200.09,50.39,219.91,0.954,0.954,49.97,OK
1761792548.2249148,19.888,9.864,196.17,50.39,220.37,0.962,0.925,50.03,OK
1761792548.3472207,19.8,10.007,198.15,50.39,219.69,0.962,0.938,50.02,OK
1761792548.4662974,19.865,10.033,199.31,50.39,219.63,0.986,0.921,49.96,OK
1761792548.5909421,19.823,10.059,199.4,50.39,219.82,0.963,0.942,49.95,OK
1761792548.692345,19.839,9.898,196.37,50.39,220.2,0.915,0.974,50.01,OK
1761792548.8066134,19.873,9.878,196.3,50.39,219.61,0.949,0.941,50.0,OK
1761792548.9171228,19.83,9.998,198.26,50.39,219.71,0.961,0.939,49.99,OK
1761792549.0471919,19.8,9.98,197.6,50.39,219.96,0.958,0.938,50.0,OK
1761792549.1835573,19.87,9.979,198.28,50.39,219.94,0.97,0.929,50.04,OK
1761792549.2860863,19.885,9.824,195.35,50.39,219.9,0.935,0.95,50.01,OK
1761792549.3932905,19.852,9.895,196.44,50.39,220.17,0.952,0.937,50.02,OK
1761792549.524495,19.8,10.013,198.25,50.39,220.08,0.973,0.926,49.99,OK
1761792549.6310866,19.868,9.965,197.98,50.39,220.05,0.922,0.976,50.04,OK
1761792549.7410536,19.873,9.82,195.15,50.39,219.94,0.964,0.921,49.99,OK
1761792549.8506405,19.817,10.0,198.18,50.39,219.87,0.931,0.968,49.98,OK
1761792549.9582586,19.808,9.834,194.79,50.39,220.39,0.938,0.942,50.04,OK
1761792550.0610385,19.83,9.841,195.14,50.39,219.93,0.923,0.962,49.98,OK
1761792550.1653504,19.837,9.993,198.23,50.39,220.26,0.945,0.953,49.99,OK
1761792550.2816868,19.855,9.87,195.96,50.39,220.38,0.911,0.976,49.97,OK
1761792550.4167266,19.824,9.815,194.57,50.39,220.19,0.933,0.947,50.04,OK
1761792550.5423226,19.83,9.911,196.53,50.39,220.16,0.932,0.957,49.99,OK
1761792550.6558502,19.858,9.781,194.23,50.39,220.11,0.943,0.936,50.05,OK
1761792550.7608619,19.817,9.975,197.68,50.39,219.92,0.926,0.971,49.96,OK
1761792550.8692946,19.859,9.851,195.62,50.39,219.81,0.922,0.966,50.0,OK
1761792551.0203712,19.796,9.947,196.91,50.39,220.21,0.959,0.933,49.99,OK
1761792551.1676085,19.857,9.801,194.61,50.39,220.06,0.928,0.953,49.99,OK
1761792551.3057773,19.797,9.989,197.76,50.39,220.4,0.947,0.947,49.98,OK
1761792551.4118464,19.821,9.833,194.89,50.39,220.07,0.927,0.955,50.03,OK
1761792551.5211709,19.825,9.928,196.82,50.39,219.7,0.967,0.926,49.97,OK
1761792551.6277144,19.835,9.851,195.39,50.39,219.78,0.929,0.957,50.03,OK
1761792551.7291799,19.824,9.924,196.74,50.39,220.09,0.917,0.975,50.0,OK
1761792551.8306513,19.879,9.909,196.97,50.39,219.9,0.923,0.97,50.01,OK
1761792551.9319618,19.791,9.84,194.74,50.39,219.68,0.95,0.933,50.0,OK
1761792552.0334132,19.846,9.826,195.0,50.39,219.99,0.927,0.956,50.03,OK
1761792552.134704,19.874,9.781,194.38,50.39,220.33,0.903,0.977,49.98,OK
1761792552.2357929,19.841,9.976,197.93,50.39,219.61,0.92,0.98,50.01,OK
1761792552.3370485,19.869,9.909,196.88,50.39,219.8,0.966,0.927,49.95,OK
1761792552.4387681,19.83,9.912,196.55,50.39,219.7,0.957,0.935,49.96,OK
1761792552.5401738,19.859,9.959,197.78,50.39,220.29,0.963,0.932,50.04,OK
1761792552.6414473,19.865,9.803,194.73,50.39,220.18,0.951,0.93,50.02,OK
1761792552.7430925,19.798,9.821,194.44,50.39,220.1,0.908,0.973,49.95,OK
1761792552.8442364,19.858,9.867,195.94,50.39,220.14,0.931,0.956,50.01,OK
1761792552.9455075,19.798,10.0,197.99,50.39,220.18,0.957,0.94,50.0,OK
1761792553.0467188,19.844,9.914,196.73,50.39,220.07,0.948,0.943,50.02,OK
1761792553.1483514,19.849,9.855,195.61,50.39,219.76,0.936,0.951,49.99,OK
1761792553.2496593,19.826,9.957,197.41,50.39,220.37,0.92,0.974,49.97,OK
1761792553.3510973,19.792,9.902,195.98,50.39,219.62,0.918,0.972,49.96,OK
1761792553.4523287,19.805,9.923,196.53,50.39,220.03,0.94,0.95,49.99,OK
1761792553.5537271,19.838,9.878,195.96,50.39,220.12,0.959,0.929,50.03,OK
1761792553.6572993,19.875,10.014,199.03,50.39,219.97,0.96,0.942,50.01,OK
1761792553.7694662,19.825,9.935,196.97,50.39,219.62,0.919,0.976,50.0,OK
1761792553.871969,19.849,10.035,199.18,50.39,220.24,0.944,0.958,50.01,OK
1761792553.9741037,19.823,9.86,195.46,50.39,219.66,0.954,0.933,49.98,OK
1761792554.0829458,19.798,9.984,197.66,50.39,219.96,0.931,0.965,49.99,OK
1761792554.1949677,19.866,9.871,196.1,50.39,219.72,0.913,0.977,50.0,OK
1761792554.3006806,19.837,10.054,199.45,50.39,219.86,0.944,0.961,49.96,OK
1761792554.4035811,19.819,10.05,199.17,50.39,220.28,0.924,0.978,50.05,OK
1761792554.5073223,19.808,9.941,196.92,50.39,219.8,0.967,0.926,49.98,OK
1761792554.6180308,19.839,9.948,197.36,50.39,219.63,0.967,0.929,49.99,OK
1761792554.7208252,19.828,9.92,196.69,50.39,219.81,0.938,0.953,49.98,OK
1761792554.8365457,19.888,9.909,197.07,50.39,219.9,0.971,0.923,49.99,OK
1761792554.9419618,19.854,9.945,197.45,50.39,220.14,0.919,0.976,50.03,OK
1761792555.0466053,19.832,9.986,198.05,50.39,220.1,0.957,0.94,50.01,OK
1761792555.154024,19.797,10.016,198.29,50.39,219.91,0.935,0.964,50.01,OK
1761792555.269008,19.811,10.1,200.09,50.39,219.75,0.968,0.94,49.98,OK
1761792555.3801017,19.836,9.996,198.27,50.39,220.0,0.943,0.955,50.01,OK
1761792555.4871018,19.852,10.03,199.13,50.39,219.77,0.934,0.97,50.0,OK
1761792555.5988147,19.827,10.148,201.2,50.39,220.06,0.97,0.942,50.01,OK
1761792555.7042658,19.83,10.161,201.5,50.39,219.92,0.945,0.969,49.97,OK
1761792555.8101165,19.797,10.15,200.93,50.39,219.92,0.966,0.946,49.95,OK
1761792555.9141023,19.848,10.16,201.66,50.39,220.2,0.949,0.965,50.05,OK
1761792556.0168574,19.813,10.014,198.4,50.39,220.03,0.937,0.963,49.98,OK
1761792556.1249597,19.806,10.069,199.43,50.39,220.38,0.926,0.977,49.97,OK
1761792556.2332528,19.886,10.124,201.33,50.39,220.2,0.983,0.93,49.95,OK
1761792556.3352156,19.88,10.14,201.58,50.39,219.92,0.995,0.922,50.05,OK
1761792556.4400544,19.838,10.112,200.6,50.39,219.91,0.962,0.948,50.04,OK
1761792556.5432336,19.794,10.197,201.83,50.39,219.63,0.952,0.965,50.01,OK
1761792556.6560247,19.791,10.097,199.83,50.39,219.77,0.962,0.945,50.04,OK
1761792556.7820787,19.861,10.056,199.73,50.39,220.09,0.981,0.925,50.01,OK
1761792556.88803,19.839,10.171,201.79,50.39,220.24,0.964,0.951,49.97,OK
1761792556.9967966,19.833,10.153,201.37,50.39,220.31,0.942,0.97,49.96,OK
1761792557.1029086,19.801,10.073,199.46,50.39,219.79,0.97,0.936,50.04,OK
1761792557.2132695,19.829,10.132,200.9,50.39,220.35,0.981,0.929,49.99,OK
1761792557.3298223,19.832,10.121,200.73,50.39,220.24,0.964,0.946,49.99,OK
1761792557.4909298,19.799,10.167,201.29,50.39,219.91,0.944,0.97,49.97,OK
1761792557.5999768,19.88,10.164,202.06,50.39,220.23,0.951,0.965,49.97,OK
1761792557.7198596,19.811,10.159,201.25,50.39,220.28,0.953,0.959,50.05,OK
1761792557.8267868,19.877,10.077,200.29,50.39,219.9,0.97,0.939,49.97,OK
1761792557.9306645,19.793,10.323,204.33,50.39,219.63,0.97,0.959,50.02,OK
1761792558.0432503,19.832,10.204,202.36,50.39,220.15,0.943,0.975,50.05,OK
1761792558.144859,19.818,10.167,201.5,50.39,219.88,0.944,0.971,50.04,OK
1761792558.247108,19.794,10.337,204.6,50.39,219.66,0.996,0.935,49.96,OK
1761792558.3485632,19.868,10.144,201.53,50.39,219.96,0.947,0.967,49.99,OK
1761792558.4530096,19.839,10.223,202.82,50.39,220.3,0.941,0.979,50.04,OK
1761792558.5544627,19.85,10.132,201.12,50.39,219.65,0.983,0.931,50.03,OK
1761792558.6557457,19.824,10.239,202.98,50.39,220.14,0.954,0.966,50.03,OK
1761792558.7582757,19.827,10.222,202.66,50.39,219.79,0.98,0.941,49.97,OK
1761792558.860071,19.825,10.165,201.54,50.39,220.18,0.958,0.955,50.01,OK
1761792558.968786,19.819,10.331,204.75,50.39,219.77,0.983,0.948,50.01,OK
1761792559.0708375,19.835,10.258,203.47,50.39,220.17,0.947,0.975,50.03,OK
1761792559.1728141,19.794,10.242,202.72,50.39,219.7,0.997,0.925,50.02,OK
1761792559.2807117,19.858,10.269,203.93,50.39,220.34,0.981,0.943,49.96,OK
1761792559.3900304,19.855,10.283,204.17,50.39,219.82,0.964,0.964,49.98,OK
1761792559.4920325,19.863,10.201,202.61,50.39,219.73,0.945,0.976,50.04,OK
1761792559.6043806,19.798,10.242,202.78,50.39,220.37,0.971,0.948,50.03,OK
1761792559.7066848,19.835,10.187,202.06,50.39,219.77,0.943,0.975,50.02,OK
1761792559.8092797,19.844,10.207,202.55,50.39,219.88,1.0,0.921,49.95,OK
1761792559.9155025,19.853,10.332,205.11,50.39,219.85,0.981,0.951,49.98,OK
1761792560.0272543,19.794,10.325,204.38,50.39,220.29,0.991,0.936,50.02,OK
1761792560.1483705,19.811,10.237,202.82,50.39,220.2,0.975,0.944,50.03,OK
1761792560.2583895,19.883,10.265,204.11,50.39,219.76,1.003,0.926,49.97,OK
1761792560.3837988,19.861,10.214,202.86,50.39,220.08,0.978,0.943,50.01,OK
1761792560.5119677,19.847,10.224,202.93,50.39,219.94,0.988,0.934,50.02,OK
1761792560.6228878,19.868,10.298,204.6,50.39,219.65,0.987,0.944,50.0,OK
1761792560.7257235,19.88,10.333,205.42,50.39,219.6,0.965,0.969,50.01,OK
1761792560.8395205,19.79,10.341,204.65,50.39,220.23,0.983,0.945,50.01,OK
1761792560.942702,19.838,10.266,203.65,50.39,219.76,0.955,0.971,50.03,OK
1761792561.0482383,19.88,10.318,205.13,50.39,219.68,0.982,0.951,50.04,OK
1761792561.1500547,19.877,10.264,204.02,50.39,220.08,0.965,0.96,50.03,OK
1761792561.2517009,19.811,10.248,203.03,50.39,220.08,0.973,0.948,50.02,OK
1761792561.3533149,19.866,10.176,202.15,50.39,220.37,0.95,0.966,50.01,OK
1761792561.4561722,19.835,10.365,205.58,50.39,219.69,1.005,0.931,50.0,OK
1761792561.5579293,19.882,10.298,204.74,50.39,219.65,0.975,0.956,49.98,OK
1761792561.6649415,19.829,10.226,202.77,50.39,219.93,0.945,0.975,50.02,OK
1761792561.7664807,19.885,10.346,205.72,50.39,219.69,1.015,0.923,49.98,OK
1761792561.8684235,19.819,10.291,203.96,50.39,220.19,1.006,0.921,49.99,OK
1761792561.971477,19.853,10.356,205.61,50.39,220.14,0.991,0.943,50.04,OK
1761792562.073382,19.833,10.25,203.28,50.39,220.07,0.997,0.927,50.01,OK
1761792562.1747117,19.867,10.253,203.7,50.39,220.35,0.971,0.952,49.98,OK
1761792562.2761316,19.817,10.171,201.56,50.39,219.98,0.956,0.959,49.98,OK
1761792562.3804855,19.831,10.217,202.63,50.39,220.02,0.997,0.923,50.05,OK
1761792562.482343,19.8,10.371,205.35,50.39,219.74,0.972,0.961,49.98,OK
1761792562.5931091,19.819,10.341,204.96,50.39,220.16,1.003,0.928,50.0,OK
1761792562.695245,19.819,10.319,204.5,50.39,220.08,0.974,0.954,50.03,OK
1761792562.8179672,19.874,10.182,202.36,50.39,219.69,0.943,0.977,50.02,OK
1761792562.927124,19.878,10.22,203.16,50.39,220.1,0.978,0.943,50.03,OK
1761792563.0328588,19.853,10.252,203.53,50.39,219.98,0.997,0.928,50.03,OK
1761792563.1451838,19.806,10.144,200.91,50.39,220.02,0.973,0.939,49.98,OK
1761792563.2476802,19.825,10.305,204.29,50.39,219.64,0.969,0.96,50.01,OK
1761792563.3548174,19.863,10.118,200.98,50.39,219.83,0.959,0.953,50.01,OK
1761792563.4582157,19.887,10.243,203.71,50.39,219.93,0.976,0.949,50.05,OK
1761792563.5786576,19.846,10.276,203.94,50.39,220.19,0.981,0.944,50.0,OK
1761792563.6810224,19.826,10.277,203.76,50.39,219.61,0.988,0.939,50.0,OK
1761792563.7896013,19.842,10.094,200.29,50.39,219.62,0.974,0.936,49.96,OK
1761792563.901685,19.874,10.102,200.76,50.39,219.78,0.967,0.945,49.97,OK
1761792564.0100143,19.846,10.223,202.9,50.39,220.21,0.94,0.98,49.97,OK
1761792564.1144516,19.842,10.236,203.11,50.39,220.09,0.953,0.968,49.95,OK
1761792564.219256,19.799,10.182,201.59,50.39,219.99,0.963,0.952,49.98,OK
1761792564.352102,19.847,10.241,203.25,50.39,220.29,0.944,0.977,50.02,OK
1761792564.468875,19.852,10.215,202.78,50.39,219.97,0.963,0.958,50.03,OK
1761792564.5714366,19.792,10.246,202.79,50.39,220.01,0.969,0.952,49.97,OK
1761792564.694067,19.817,10.07,199.56,50.39,220.06,0.93,0.975,50.04,OK
1761792564.826624,19.834,10.196,202.22,50.39,219.85,0.985,0.934,49.97,OK
1761792564.9533987,19.845,10.084,200.11,50.39,219.68,0.931,0.978,50.03,OK
1761792565.054616,19.884,9.992,198.69,50.39,220.0,0.931,0.97,49.98,OK
1761792565.1898165,19.818,10.155,201.25,50.39,219.86,0.966,0.947,49.98,OK
1761792565.3004375,19.848,10.045,199.37,50.39,219.72,0.95,0.955,50.02,OK
1761792565.4051256,19.808,10.045,198.96,50.39,219.89,0.94,0.963,49.95,OK
1761792565.5107493,19.871,10.158,201.85,50.39,219.88,0.985,0.932,50.01,OK
1761792565.6388867,19.863,10.141,201.43,50.39,219.73,0.97,0.945,49.97,OK
1761792565.7435148,19.857,10.029,199.15,50.39,219.72,0.974,0.931,49.96,OK
1761792565.8583272,19.881,9.936,197.54,50.39,219.89,0.922,0.974,50.02,OK
1761792565.98936,19.829,10.044,199.16,50.39,219.92,0.958,0.945,50.03,OK
1761792566.1030815,19.802,10.112,200.25,50.39,219.9,0.949,0.96,49.95,OK
1761792566.2070894,19.875,10.103,200.79,50.39,219.74,0.983,0.929,50.0,OK
1761792566.3494716,19.87,9.944,197.58,50.39,220.0,0.917,0.979,50.0,OK
1761792566.4524674,19.823,10.1,200.22,50.39,219.64,0.943,0.967,50.01,OK
1761792566.5577135,19.814,10.056,199.26,50.39,219.84,0.965,0.94,50.04,OK
1761792566.659416,19.821,10.055,199.3,50.39,219.71,0.959,0.946,49.95,OK
1761792566.761866,19.869,9.976,198.21,50.39,219.89,0.957,0.942,50.01,OK
1761792566.8642962,19.804,9.946,196.97,50.39,219.95,0.946,0.947,50.02,OK
1761792566.9669185,19.793,10.011,198.15,50.39,219.8,0.93,0.969,49.96,OK
1761792567.0690913,19.818,10.052,199.21,50.39,219.97,0.958,0.945,49.95,OK
1761792567.1712694,19.834,9.886,196.08,50.39,220.05,0.913,0.975,50.02,OK
1761792567.2727454,19.883,9.948,197.79,50.39,219.74,0.96,0.937,49.95,OK
1761792567.4140284,19.87,10.026,199.22,50.39,219.73,0.928,0.977,50.04,OK
1761792567.5510502,19.841,9.943,197.29,50.39,219.75,0.937,0.958,50.02,OK
1761792567.7530246,19.88,9.959,197.99,50.39,220.18,0.951,0.945,49.99,OK
1761792567.8549485,19.84,10.002,198.44,50.39,220.03,0.938,0.961,49.99,OK
1761792567.9563534,19.881,9.835,195.54,50.39,219.61,0.95,0.937,49.96,OK
1761792568.057712,19.832,9.92,196.73,50.39,220.03,0.938,0.953,50.03,OK
1761792568.4851685,19.851,9.979,198.09,50.39,220.27,0.959,0.938,50.01,OK
1761792568.5880067,19.865,9.951,197.68,50.39,219.69,0.919,0.98,49.97,OK
1761792568.7148254,19.819,9.943,197.06,50.39,220.16,0.961,0.932,50.0,OK
1761792568.8544567,19.818,9.855,195.31,50.39,220.37,0.955,0.928,50.01,OK
1761792569.0009522,19.803,9.826,194.59,50.39,220.29,0.94,0.94,49.98,OK
1761792569.1047168,19.879,9.81,195.02,50.39,220.05,0.947,0.936,50.01,OK
1761792569.2131681,19.868,9.94,197.5,50.39,219.69,0.93,0.966,50.05,OK
1761792569.3762372,19.866,9.862,195.91,50.39,220.38,0.945,0.941,49.99,OK
1761792569.5401804,19.852,9.85,195.55,50.39,219.93,0.943,0.943,49.99,OK
1761792569.6416907,19.834,9.827,194.92,50.39,220.02,0.929,0.954,50.04,OK
1761792569.7428753,19.847,9.922,196.92,50.39,219.91,0.959,0.934,50.03,OK
1761792569.8484147,19.826,9.941,197.09,50.39,220.07,0.924,0.969,49.98,OK
1761792569.9513175,19.821,9.982,197.86,50.39,219.93,0.925,0.972,50.01,OK
1761792570.0532181,19.794,9.972,197.39,50.39,220.24,0.917,0.978,50.0,OK
1761792570.180693,19.847,9.964,197.76,50.39,220.39,0.93,0.965,50.01,OK
1761792570.301391,19.881,9.914,197.09,50.39,219.87,0.954,0.94,49.98,OK
1761792570.4060998,19.836,9.87,195.78,50.39,220.15,0.965,0.922,49.97,OK
1761792570.546968,19.869,9.958,197.86,50.39,220.22,0.97,0.926,49.96,OK
1761792570.7397492,19.793,9.991,197.75,50.39,219.88,0.932,0.965,50.05,OK
1761792570.8460023,19.863,9.831,195.27,50.39,219.63,0.911,0.976,49.99,OK
1761792570.9472778,19.86,9.863,195.87,50.39,220.17,0.957,0.93,50.0,OK
1761792571.0491385,19.875,9.926,197.27,50.39,220.13,0.94,0.953,49.98,OK
1761792571.1535926,19.879,9.864,196.08,50.39,220.39,0.967,0.92,50.02,OK
1761792571.2644875,19.843,9.928,196.99,50.39,219.6,0.941,0.953,49.98,OK
1761792571.3858106,19.841,9.826,194.96,50.39,219.88,0.945,0.938,50.01,OK
1761792571.566991,19.818,9.999,198.16,50.39,219.87,0.958,0.941,49.99,OK
1761792571.669211,19.822,9.818,194.61,50.39,220.22,0.916,0.965,49.95,OK
1761792571.8170874,19.849,9.876,196.02,50.39,219.69,0.952,0.937,49.96,OK
1761792571.9201605,19.847,9.834,195.17,50.39,219.67,0.958,0.928,50.02,OK
1761792572.032751,19.834,9.861,195.58,50.39,220.1,0.953,0.932,49.99,OK
1761792572.1579585,19.819,9.891,196.02,50.39,219.89,0.923,0.966,50.01,OK
1761792572.2630236,19.83,9.995,198.2,50.39,219.94,0.931,0.968,50.03,OK
1761792572.4154327,19.882,9.961,198.05,50.39,219.9,0.921,0.977,50.02,OK
1761792572.5297692,19.8,9.876,195.54,50.39,220.32,0.963,0.921,49.98,OK
1761792572.6349857,19.861,9.906,196.75,50.39,220.02,0.943,0.948,50.03,OK
1761792572.7367623,19.834,10.04,199.13,50.39,220.14,0.96,0.942,49.98,OK
1761792572.8568788,19.883,9.922,197.27,50.39,220.21,0.947,0.946,50.03,OK
1761792572.9577386,19.818,10.024,198.66,50.39,220.01,0.923,0.979,49.97,OK
1761792573.099158,19.864,10.034,199.31,50.39,219.66,0.951,0.954,50.01,OK
1761792573.2297645,19.807,10.045,198.97,50.39,219.8,0.939,0.964,50.01,OK
1761792573.394744,19.811,10.005,198.21,50.39,220.4,0.942,0.954,49.97,OK
1761792573.5083632,19.877,9.904,196.87,50.39,220.05,0.928,0.964,50.0,OK
1761792573.610475,19.799,9.932,196.64,50.39,219.93,0.922,0.969,50.0,OK
1761792573.7132905,19.831,10.09,200.11,50.39,220.17,0.936,0.971,49.97,OK
1761792573.8153276,19.881,9.911,197.04,50.39,220.19,0.951,0.941,50.02,OK
1761792573.9903169,19.833,9.927,196.89,50.39,220.11,0.939,0.952,50.0,OK
1761792574.115196,19.869,10.006,198.81,50.39,219.83,0.979,0.924,50.01,OK
1761792574.2237582,19.803,9.961,197.25,50.39,220.15,0.943,0.95,49.95,OK
1761792574.3618808,19.874,9.982,198.39,50.39,219.65,0.944,0.956,50.02,OK
1761792574.5043998,19.869,10.077,200.23,50.39,219.96,0.95,0.958,49.98,OK
1761792574.6646369,19.841,9.966,197.73,50.39,220.15,0.937,0.958,50.05,OK
1761792574.817515,19.866,10.081,200.26,50.39,220.07,0.969,0.939,49.98,OK
1761792574.9621177,19.797,10.172,201.38,50.39,220.37,0.992,0.921,50.01,OK
1761792575.0917022,19.804,10.095,199.92,50.39,219.9,0.932,0.976,50.04,OK
1761792575.2363214,19.83,10.042,199.14,50.39,220.09,0.926,0.977,49.98,OK
1761792575.409973,19.828,10.174,201.74,50.39,220.3,0.961,0.953,49.98,OK
1761792575.5737212,19.861,10.118,200.96,50.39,219.87,0.959,0.953,49.98,OK
1761792575.6757007,19.872,10.152,201.73,50.39,219.78,0.946,0.97,49.99,OK
1761792575.8516405,19.845,10.227,202.96,50.39,220.05,0.996,0.926,49.99,OK
1761792575.9696014,19.879,10.097,200.7,50.39,219.62,0.985,0.928,49.96,OK
1761792576.08186,19.839,10.074,199.85,50.39,220.38,0.944,0.961,50.01,OK
1761792576.1888454,19.828,10.21,202.44,50.39,219.7,0.975,0.945,49.99,OK
1761792576.2915175,19.8,10.099,199.96,50.39,219.68,0.957,0.951,49.99,OK
1761792576.3999107,19.832,10.127,200.84,50.39,219.7,0.94,0.973,49.96,OK
1761792576.5164437,19.86,10.202,202.61,50.39,219.64,0.971,0.95,50.02,OK
1761792576.6372101,19.832,10.281,203.89,50.39,220.31,0.998,0.927,50.04,OK
1761792576.7461965,19.869,10.087,200.41,50.39,220.08,0.961,0.948,49.97,OK
1761792576.8489158,19.853,10.153,201.58,50.39,219.72,0.955,0.96,49.96,OK
1761792576.9539495,19.797,10.183,201.59,50.39,220.09,0.98,0.934,49.95,OK
1761792577.0574157,19.828,10.202,202.28,50.39,220.23,0.978,0.939,50.01,OK
1761792577.1728015,19.851,10.302,204.51,50.39,219.78,1.006,0.925,49.98,OK
1761792577.3519611,19.849,10.224,202.94,50.39,220.06,0.944,0.977,50.0,OK
1761792577.4685922,19.865,10.168,201.99,50.39,219.71,0.995,0.924,50.01,OK
1761792577.607317,19.849,10.162,201.71,50.39,220.17,0.936,0.979,49.99,OK
1761792577.723625,19.846,10.264,203.69,50.39,220.16,0.96,0.964,50.0,OK
1761792577.8263862,19.821,10.279,203.74,50.39,219.97,0.957,0.968,49.98,OK
1761792577.9379525,19.866,10.318,204.98,50.39,219.86,0.989,0.943,49.97,OK
1761792578.0396605,19.843,10.213,202.65,50.39,219.91,0.983,0.937,49.95,OK
1761792578.1427855,19.833,10.221,202.7,50.39,220.39,0.986,0.933,50.01,OK
1761792578.2533405,19.819,10.288,203.91,50.39,220.36,0.991,0.934,49.97,OK
1761792578.3581493,19.844,10.269,203.79,50.39,219.63,0.967,0.96,49.95,OK
1761792578.4759407,19.882,10.158,201.96,50.39,220.38,0.959,0.955,49.99,OK
1761792578.6028273,19.83,10.177,201.81,50.39,220.03,0.974,0.942,50.04,OK
1761792578.7056189,19.815,10.262,203.34,50.39,220.33,0.989,0.934,49.97,OK
1761792578.8069365,19.863,10.342,205.42,50.39,219.68,0.988,0.947,49.99,OK
1761792578.9081867,19.847,10.273,203.89,50.39,220.1,0.961,0.964,49.98,OK
1761792579.01852,19.79,10.262,203.09,50.39,219.85,0.988,0.935,50.02,OK
1761792579.1213896,19.837,10.329,204.9,50.39,220.14,0.977,0.953,49.95,OK
1761792579.224718,19.795,10.387,205.6,50.39,220.22,0.999,0.934,50.01,OK
1761792579.329709,19.883,10.327,205.34,50.39,220.12,0.984,0.948,50.04,OK
1761792579.4311185,19.834,10.227,202.83,50.39,219.82,0.952,0.969,49.98,OK
1761792579.5441895,19.792,10.253,202.92,50.39,219.91,0.944,0.977,50.01,OK
1761792579.7095082,19.886,10.263,204.09,50.39,220.11,1.006,0.922,49.97,OK
1761792579.81146,19.826,10.236,202.94,50.39,220.13,0.979,0.942,50.02,OK
1761792579.912725,19.826,10.349,205.19,50.39,219.94,0.981,0.951,50.02,OK
1761792580.0438838,19.884,10.346,205.71,50.39,219.81,1.003,0.933,50.04,OK
1761792580.1757643,19.791,10.258,203.01,50.39,219.88,0.96,0.962,49.99,OK
1761792580.276478,19.83,10.326,204.76,50.39,219.92,0.998,0.933,50.02,OK
1761792580.3788805,19.808,10.363,205.26,50.39,219.72,0.965,0.968,50.0,OK
1761792580.4866326,19.831,10.304,204.35,50.39,220.03,0.99,0.938,50.05,OK
1761792580.6409469,19.87,10.301,204.68,50.39,220.35,0.948,0.98,50.01,OK
1761792580.7532759,19.85,10.317,204.8,50.39,220.11,0.99,0.94,49.97,OK
1761792580.85749,19.804,10.32,204.39,50.39,219.71,1.01,0.921,50.0,OK
1761792580.9585967,19.805,10.246,202.92,50.39,220.37,0.976,0.944,50.02,OK
1761792581.0596485,19.832,10.361,205.48,50.39,220.0,1.004,0.93,49.99,OK
1761792581.1969447,19.842,10.291,204.19,50.39,219.8,0.992,0.936,49.99,OK
1761792581.3038354,19.858,10.258,203.69,50.39,219.82,0.989,0.937,49.96,OK
1761792581.4159229,19.84,10.184,202.05,50.39,220.22,0.95,0.966,50.01,OK
1761792581.5180287,19.836,10.338,205.07,50.39,219.85,1.009,0.925,50.04,OK
1761792581.6205335,19.828,10.333,204.89,50.39,219.75,1.01,0.923,49.96,OK
1761792581.7285252,19.845,10.277,203.94,50.39,219.86,1.008,0.92,50.0,OK
1761792581.8304005,19.791,10.232,202.51,50.39,219.88,0.952,0.968,50.03,OK
1761792581.9321039,19.801,10.252,203.0,50.39,219.74,0.996,0.927,49.97,OK
1761792582.042738,19.885,10.195,202.72,50.39,220.21,0.967,0.952,49.97,OK
1761792582.1447349,19.872,10.163,201.95,50.39,219.69,0.95,0.968,49.99,OK
1761792582.2570357,19.797,10.231,202.56,50.39,220.05,0.963,0.956,49.96,OK
1761792582.3627698,19.839,10.294,204.23,50.39,220.17,0.965,0.961,49.97,OK
1761792582.4853718,19.858,10.103,200.62,50.39,219.9,0.954,0.957,50.04,OK
1761792582.5878348,19.885,10.147,201.76,50.39,219.8,0.98,0.937,49.95,OK
1761792582.69631,19.828,10.188,202.0,50.39,220.29,0.959,0.956,49.97,OK
1761792582.8117359,19.826,10.101,200.27,50.39,219.66,0.946,0.964,49.98,OK
1761792582.9174922,19.815,10.239,202.88,50.39,220.21,0.95,0.97,49.97,OK
1761792583.021034,19.885,10.151,201.86,50.39,220.32,0.969,0.946,50.04,OK
1761792583.1420603,19.855,10.177,202.07,50.39,220.26,0.965,0.951,50.01,OK
1761792583.250105,19.879,10.198,202.72,50.39,220.34,0.997,0.923,50.05,OK
1761792583.3808043,19.847,10.1,200.46,50.39,220.38,0.934,0.974,50.01,OK
1761792583.503772,19.809,10.132,200.7,50.39,219.83,0.935,0.977,50.0,OK
1761792583.6135924,19.843,10.209,202.58,50.39,220.12,0.964,0.955,49.97,OK
1761792583.7161102,19.81,10.222,202.51,50.39,220.31,0.941,0.977,49.95,OK
1761792583.823069,19.877,10.148,201.71,50.39,220.22,0.954,0.96,50.01,OK
1761792583.9290025,19.868,9.996,198.61,50.39,219.93,0.929,0.973,49.99,OK
1761792584.0331523,19.814,10.212,202.35,50.39,220.36,0.941,0.976,50.0,OK
1761792584.1347694,19.818,10.133,200.82,50.39,219.9,0.992,0.92,50.04,OK
1761792584.2382305,19.832,10.051,199.32,50.39,219.71,0.983,0.923,50.02,OK
1761792584.3430154,19.838,10.18,201.94,50.39,220.08,0.962,0.954,49.99,OK
1761792584.4447682,19.82,10.074,199.66,50.39,220.0,0.936,0.969,49.97,OK
1761792584.855222,19.818,10.124,200.62,50.39,220.35,0.96,0.949,50.02,OK
1761792585.539349,19.805,10.012,198.28,50.39,219.7,0.979,0.922,50.03,OK
1761792585.853191,19.827,9.985,197.98,50.39,219.74,0.923,0.976,49.96,OK
1761792585.9557307,19.832,9.967,197.66,50.39,219.96,0.928,0.969,50.03,OK
1761792586.0596147,19.805,9.925,196.56,50.39,220.22,0.97,0.92,50.03,OK
1761792586.162625,19.868,9.954,197.77,50.39,220.37,0.972,0.924,49.95,OK
1761792586.26434,19.837,9.934,197.07,50.39,220.34,0.938,0.954,49.97,OK
1761792586.3657002,19.852,9.954,197.62,50.39,220.37,0.921,0.974,49.97,OK
1761792586.4690268,19.822,10.04,199.01,50.39,219.88,0.961,0.942,49.99,OK
1761792586.5713215,19.857,9.906,196.7,50.39,220.25,0.959,0.931,50.04,OK
1761792586.6736803,19.808,9.902,196.13,50.39,219.61,0.969,0.921,49.96,OK
1761792586.7751122,19.875,9.953,197.82,50.39,219.98,0.968,0.929,50.0,OK
1761792586.8841512,19.844,9.982,198.08,50.39,220.2,0.965,0.932,49.99,OK
1761792587.0026686,19.812,9.942,196.97,50.39,220.13,0.965,0.927,49.98,OK
1761792587.104134,19.835,9.906,196.49,50.39,219.95,0.919,0.972,50.04,OK
1761792587.2060192,19.871,9.973,198.17,50.39,220.22,0.944,0.953,50.0,OK
1761792587.3069835,19.805,9.933,196.73,50.39,220.28,0.965,0.926,49.99,OK
1761792587.4083211,19.838,9.943,197.26,50.39,220.16,0.928,0.965,50.03,OK
1761792587.5097725,19.858,9.968,197.95,50.39,219.7,0.922,0.978,49.96,OK
1761792587.613748,19.89,9.793,194.79,50.39,219.94,0.922,0.961,49.97,OK
1761792587.7164745,19.878,9.949,197.77,50.39,219.69,0.925,0.973,49.98,OK
1761792587.819703,19.82,9.934,196.89,50.39,220.15,0.961,0.931,50.01,OK
1761792587.9230123,19.854,9.907,196.7,50.39,220.4,0.944,0.945,49.98,OK
1761792588.024446,19.828,9.861,195.51,50.39,219.84,0.919,0.968,50.01,OK
1761792588.1253061,19.831,9.805,194.45,50.39,219.96,0.959,0.922,50.02,OK
1761792588.2297125,19.85,9.928,197.08,50.39,219.99,0.923,0.97,50.04,OK
1761792588.3319092,19.843,9.975,197.93,50.39,219.79,0.963,0.936,50.02,OK
1761792588.4722521,19.791,9.945,196.83,50.39,219.72,0.969,0.925,49.95,OK
1761792588.5961692,19.847,9.951,197.5,50.39,220.18,0.937,0.957,49.96,OK
1761792588.8345785,19.791,9.857,195.07,50.39,219.68,0.947,0.938,50.04,OK
1761792588.936443,19.852,9.822,194.99,50.39,220.29,0.906,0.977,49.98,OK
1761792589.128312,19.794,9.9,195.96,50.39,219.6,0.956,0.933,50.0,OK
1761792589.2341127,19.843,9.969,197.81,50.39,220.25,0.945,0.95,50.0,OK
1761792589.3353627,19.868,9.919,197.07,50.39,220.07,0.96,0.933,50.02,OK
1761792589.4365869,19.85,9.838,195.28,50.39,220.25,0.939,0.945,49.96,OK
1761792589.5391688,19.841,9.937,197.16,50.39,220.1,0.918,0.975,50.04,OK
1761792589.6407201,19.865,9.918,197.01,50.39,220.26,0.962,0.93,50.0,OK
1761792589.7521498,19.89,9.859,196.1,50.39,219.98,0.93,0.958,50.04,OK
1761792589.8537302,19.847,9.976,198.0,50.39,219.79,0.959,0.939,50.0,OK
1761792589.95715,19.849,9.81,194.73,50.39,220.37,0.948,0.932,50.02,OK
1761792590.0697558,19.836,9.942,197.21,50.39,219.6,0.969,0.927,49.97,OK
1761792590.1752322,19.842,9.975,197.93,50.39,220.35,0.918,0.979,50.05,OK
1761792590.276474,19.862,9.984,198.31,50.39,220.33,0.973,0.925,49.99,OK
1761792590.3813884,19.806,9.928,196.64,50.39,220.02,0.933,0.958,50.0,OK
1761792590.4845586,19.856,9.975,198.06,50.39,219.85,0.946,0.953,50.01,OK
1761792590.5859282,19.87,9.97,198.11,50.39,219.62,0.968,0.932,49.99,OK
1761792590.686863,19.851,9.892,196.37,50.39,220.07,0.943,0.947,49.99,OK
1761792590.7878306,19.867,9.959,197.85,50.39,220.15,0.95,0.946,50.01,OK
1761792590.9033413,19.827,9.944,197.16,50.39,220.35,0.919,0.974,49.98,OK
1761792591.0180237,19.853,9.932,197.17,50.39,220.27,0.914,0.979,49.96,OK
1761792591.120313,19.833,9.961,197.56,50.39,220.29,0.953,0.941,50.0,OK
1761792591.2226894,19.829,10.005,198.39,50.39,220.12,0.923,0.976,49.97,OK
1761792591.3395572,19.866,9.828,195.24,50.39,219.95,0.913,0.972,49.96,OK
1761792591.4690819,19.882,10.018,199.18,50.39,219.71,0.947,0.957,49.98,OK
1761792591.629289,19.799,10.0,198.0,50.39,220.32,0.929,0.968,50.05,OK
1761792591.7322588,19.823,9.994,198.12,50.39,219.81,0.97,0.929,50.01,OK
1761792591.8336067,19.838,9.997,198.33,50.39,219.68,0.945,0.955,50.01,OK
1761792591.9384904,19.828,9.888,196.05,50.39,220.36,0.965,0.922,50.02,OK
1761792592.0423937,19.866,9.961,197.88,50.39,220.27,0.975,0.922,50.04,OK
1761792592.1626828,19.791,9.994,197.79,50.39,220.03,0.953,0.943,49.99,OK
1761792592.305582,19.836,9.957,197.51,50.39,219.74,0.957,0.939,50.02,OK
1761792592.495937,19.832,10.093,200.17,50.39,219.61,0.984,0.926,50.04,OK
1761792592.6286976,19.868,9.963,197.94,50.39,219.95,0.936,0.961,49.99,OK
1761792592.7644389,19.828,10.027,198.83,50.39,220.36,0.936,0.964,50.04,OK
1761792592.8802414,19.851,10.031,199.14,50.39,219.63,0.955,0.949,49.97,OK
1761792592.9886332,19.879,10.065,200.08,50.39,219.77,0.946,0.963,49.99,OK
1761792593.096955,19.828,9.953,197.36,50.39,219.7,0.945,0.95,49.98,OK
1761792593.2002993,19.805,10.02,198.45,50.39,220.33,0.964,0.934,49.97,OK
1761792593.3217237,19.81,9.972,197.56,50.39,220.12,0.972,0.923,49.96,OK
1761792593.4345424,19.883,9.946,197.76,50.39,219.69,0.947,0.95,50.04,OK
1761792593.5881522,19.8,10.165,201.26,50.39,219.61,0.962,0.953,49.98,OK
1761792593.7180688,19.807,10.062,199.3,50.39,220.22,0.94,0.963,49.99,OK
1761792593.8285093,19.831,10.005,198.4,50.39,219.91,0.935,0.965,50.0,OK
1761792593.9665275,19.869,10.07,200.08,50.39,220.02,0.976,0.931,50.04,OK
1761792594.0705175,19.843,10.109,200.61,50.39,220.18,0.949,0.96,49.96,OK
1761792594.1733985,19.855,10.094,200.41,50.39,219.94,0.93,0.98,50.04,OK
1761792594.2747853,19.836,10.203,202.39,50.39,219.71,0.965,0.955,49.95,OK
1761792594.3762689,19.865,10.133,201.28,50.39,219.63,0.941,0.974,50.02,OK
1761792594.4999607,19.874,10.06,199.94,50.39,219.82,0.964,0.944,50.04,OK
1761792594.6047692,19.795,10.25,202.91,50.39,219.83,0.976,0.945,50.04,OK
1761792594.7076073,19.836,10.182,201.98,50.39,220.25,0.96,0.955,49.99,OK
1761792594.8289068,19.848,10.199,202.44,50.39,220.17,0.987,0.932,50.0,OK
1761792594.9371638,19.879,10.176,202.29,50.39,219.81,0.96,0.959,49.98,OK
1761792595.0508626,19.797,10.168,201.3,50.39,220.25,0.935,0.977,50.0,OK
1761792595.166593,19.849,10.113,200.72,50.39,219.62,0.988,0.925,50.04,OK
1761792595.2699692,19.881,10.245,203.68,50.39,219.88,0.979,0.946,50.01,OK
1761792595.3743117,19.842,10.157,201.54,50.39,220.11,0.978,0.936,50.0,OK
1761792595.478594,19.797,10.219,202.31,50.39,219.77,0.969,0.95,50.02,OK
1761792595.5799425,19.805,10.276,203.52,50.39,219.67,0.981,0.944,50.04,OK
1761792595.6874292,19.802,10.26,203.16,50.39,220.13,0.961,0.961,50.04,OK
1761792595.7955642,19.855,10.246,203.44,50.39,219.7,0.993,0.933,50.05,OK
1761792595.901086,19.797,10.332,204.54,50.39,220.19,0.95,0.978,49.99,OK
1761792596.003202,19.86,10.206,202.7,50.39,219.87,0.963,0.957,50.04,OK
1761792596.1064541,19.859,10.13,201.17,50.39,220.32,0.972,0.939,49.99,OK
1761792596.2121184,19.821,10.199,202.16,50.39,219.61,0.983,0.936,50.02,OK
1761792596.330526,19.853,10.139,201.28,50.39,220.37,0.968,0.944,49.97,OK
1761792596.4326866,19.856,10.248,203.48,50.39,219.72,0.962,0.963,49.97,OK
1761792596.5362515,19.821,10.174,201.65,50.39,220.07,0.975,0.94,50.02,OK
1761792596.6455343,19.795,10.208,202.07,50.39,219.68,0.986,0.933,49.99,OK
1761792596.7515118,19.865,10.266,203.93,50.39,220.28,0.991,0.934,50.05,OK
1761792596.8633897,19.869,10.273,204.11,50.39,219.84,0.968,0.959,49.96,OK
1761792596.9659653,19.859,10.267,203.9,50.39,220.29,0.964,0.96,49.95,OK
1761792597.0686305,19.807,10.245,202.93,50.39,220.19,0.947,0.973,50.02,OK
1761792597.1709273,19.836,10.273,203.77,50.39,220.32,1.004,0.921,50.0,OK
1761792597.2734127,19.803,10.195,201.88,50.39,220.07,0.971,0.945,49.96,OK
1761792597.3774574,19.796,10.367,205.22,50.39,219.63,0.993,0.941,49.99,OK
1761792597.480161,19.865,10.18,202.23,50.39,220.0,0.964,0.954,49.98,OK
1761792597.5820916,19.868,10.216,202.98,50.39,219.84,0.951,0.971,49.97,OK
1761792597.684109,19.825,10.244,203.09,50.39,219.95,0.971,0.951,49.98,OK
1761792597.785206,19.798,10.398,205.86,50.39,220.2,0.962,0.972,49.99,OK
1761792597.8999867,19.799,10.25,202.94,50.39,220.09,0.982,0.939,50.0,OK
1761792598.0032,19.791,10.327,204.38,50.39,220.23,0.983,0.944,49.97,OK
1761792598.1048489,19.841,10.276,203.89,50.39,220.19,0.957,0.967,50.01,OK
1761792598.2065632,19.848,10.349,205.41,50.39,220.29,0.967,0.964,50.04,OK
1761792598.3089867,19.831,10.386,205.96,50.39,220.33,0.963,0.971,49.99,OK
1761792598.4112625,19.858,10.208,202.7,50.39,219.7,0.963,0.958,49.97,OK
1761792598.5135279,19.841,10.279,203.95,50.39,220.14,0.995,0.931,50.01,OK
1761792598.6154683,19.824,10.375,205.66,50.39,219.81,0.965,0.969,50.0,OK
1761792598.7169433,19.827,10.328,204.76,50.39,220.2,0.988,0.942,49.95,OK
1761792598.8184986,19.828,10.332,204.86,50.39,220.01,1.002,0.929,49.98,OK
1761792598.9199197,19.882,10.312,205.03,50.39,219.62,1.01,0.925,49.97,OK
1761792599.0214365,19.853,10.306,204.61,50.39,219.86,0.996,0.934,50.04,OK
1761792599.52632,19.826,10.32,204.6,50.39,220.22,0.971,0.957,50.01,OK
1761792599.6280856,19.817,10.308,204.27,50.39,220.27,0.982,0.944,50.02,OK
1761792599.7318153,19.839,10.218,202.72,50.39,219.78,0.966,0.955,49.97,OK
1761792599.8335507,19.873,10.268,204.06,50.39,219.94,0.977,0.95,50.04,OK
1761792599.9345818,19.8,10.369,205.32,50.39,219.91,0.974,0.959,49.97,OK
1761792600.0358946,19.867,10.206,202.77,50.39,220.29,0.988,0.932,49.96,OK
1761792600.1374042,19.864,10.162,201.86,50.39,220.04,0.98,0.936,49.99,OK
1761792600.2383926,19.854,10.247,203.44,50.39,220.04,0.984,0.94,50.0,OK
1761792600.3399007,19.866,10.178,202.19,50.39,220.2,0.965,0.951,50.04,OK
1761792600.4409559,19.795,10.255,203.0,50.39,219.62,0.975,0.948,50.04,OK
1761792600.5424092,19.799,10.286,203.65,50.39,219.72,1.004,0.923,50.05,OK
1761792600.6437411,19.879,10.179,202.36,50.39,220.05,0.961,0.957,50.02,OK
1761792600.7448654,19.816,10.316,204.43,50.39,220.22,0.954,0.973,50.04,OK
1761792600.8459594,19.862,10.182,202.25,50.39,219.96,0.999,0.921,50.02,OK
1761792600.951913,19.847,10.168,201.81,50.39,220.32,0.989,0.926,49.99,OK
1761792601.053342,19.864,10.16,201.81,50.39,219.89,0.988,0.929,49.99,OK
1761792601.1582227,19.859,10.293,204.4,50.39,219.75,0.983,0.947,50.01,OK
1761792601.261298,19.835,10.151,201.34,50.39,219.69,0.993,0.923,50.02,OK
1761792601.3629434,19.791,10.268,203.22,50.39,219.92,0.995,0.929,49.96,OK
1761792601.4644406,19.853,10.262,203.74,50.39,219.82,0.964,0.962,49.99,OK
1761792601.565895,19.878,10.202,202.8,50.39,219.79,0.995,0.928,49.98,OK
1761792601.667444,19.794,10.232,202.53,50.39,220.1,0.96,0.959,50.01,OK
1761792601.7692342,19.869,10.091,200.5,50.39,220.22,0.951,0.957,49.96,OK
1761792601.870361,19.824,10.134,200.91,50.39,219.94,0.96,0.951,49.97,OK
1761792601.972047,19.816,10.228,202.67,50.39,220.34,0.978,0.94,50.05,OK
1761792602.0741081,19.816,10.205,202.22,50.39,219.84,0.976,0.943,50.04,OK
1761792602.175603,19.823,10.078,199.77,50.39,219.75,0.931,0.976,50.02,OK
1761792602.2788813,19.863,10.103,200.67,50.39,220.15,0.979,0.931,50.03,OK
1761792602.380352,19.8,10.075,199.48,50.39,219.71,0.953,0.953,50.03,OK
1761792602.4814599,19.804,10.164,201.28,50.39,219.94,0.97,0.944,50.04,OK
1761792602.582569,19.802,10.152,201.04,50.39,220.26,0.968,0.943,50.04,OK
1761792602.683812,19.82,10.101,200.21,50.39,220.14,0.937,0.97,50.01,OK
1761792602.7943919,19.798,10.059,199.14,50.39,220.23,0.964,0.938,50.02,OK
1761792602.895662,19.882,10.154,201.89,50.39,220.27,0.962,0.953,50.04,OK
1761792602.9968145,19.841,10.04,199.2,50.39,219.82,0.983,0.922,50.04,OK
1761792603.1178916,19.804,10.103,200.08,50.39,219.99,0.958,0.949,50.01,OK
1761792603.218844,19.887,10.033,199.53,50.39,220.18,0.953,0.951,50.03,OK
1761792603.3198423,19.826,10.023,198.71,50.39,220.22,0.971,0.929,49.99,OK
1761792603.4206846,19.796,10.124,200.41,50.39,220.25,0.94,0.968,49.97,OK
1761792603.521926,19.878,10.128,201.32,50.39,220.2,0.949,0.963,49.99,OK
1761792603.6232116,19.811,10.156,201.2,50.39,220.33,0.975,0.937,49.99,OK
1761792603.7248046,19.849,10.037,199.22,50.39,220.03,0.945,0.958,50.04,OK
1761792603.8264809,19.887,9.927,197.41,50.39,219.81,0.921,0.975,49.95,OK
1761792603.950838,19.816,10.037,198.89,50.39,219.6,0.968,0.936,49.96,OK
1761792604.0517511,19.888,10.097,200.81,50.39,220.19,0.975,0.935,49.98,OK
1761792604.152782,19.886,9.946,197.79,50.39,219.62,0.924,0.975,50.01,OK
1761792604.254158,19.874,9.916,197.08,50.39,219.84,0.952,0.941,50.03,OK
1761792604.3556585,19.855,10.055,199.65,50.39,220.21,0.939,0.966,50.02,OK
1761792604.457323,19.845,9.913,196.73,50.39,220.03,0.948,0.943,49.99,OK
1761792604.5582948,19.835,10.089,200.11,50.39,220.33,0.974,0.932,50.0,OK
1761792604.693513,19.805,10.032,198.68,50.39,219.94,0.975,0.926,49.99,OK
1761792604.7956166,19.873,10.002,198.76,50.39,219.74,0.979,0.924,49.96,OK
1761792604.896622,19.796,9.925,196.49,50.39,219.92,0.93,0.961,50.05,OK
1761792605.060516,19.802,9.964,197.32,50.39,219.6,0.971,0.925,50.04,OK
1761792605.1644175,19.877,10.003,198.84,50.39,220.39,0.942,0.958,49.99,OK
1761792605.2661855,19.88,9.972,198.25,50.39,219.86,0.937,0.963,49.95,OK
1761792605.3673143,19.89,10.008,199.07,50.39,219.81,0.939,0.965,50.01,OK
1761792605.4687166,19.885,9.958,198.02,50.39,220.23,0.923,0.974,50.03,OK
1761792605.5740077,19.831,10.031,198.92,50.39,219.78,0.947,0.955,49.98,OK
1761792605.6783752,19.875,9.906,196.88,50.39,219.88,0.964,0.929,50.04,OK
1761792605.7801526,19.825,9.935,196.96,50.39,219.6,0.928,0.966,50.04,OK
1761792605.8814187,19.814,9.963,197.4,50.39,219.69,0.926,0.97,50.04,OK
1761792605.982716,19.792,9.943,196.79,50.39,220.39,0.931,0.959,50.0,OK
1761792606.1069374,19.854,9.943,197.4,50.39,219.84,0.966,0.93,49.98,OK
1761792606.2191086,19.83,9.996,198.22,50.39,220.02,0.956,0.942,50.03,OK
1761792606.3242853,19.804,9.946,196.98,50.39,220.18,0.933,0.959,49.96,OK
1761792606.427256,19.831,9.885,196.03,50.39,220.23,0.959,0.928,49.98,OK
1761792606.9658127,19.804,9.943,196.9,50.39,220.02,0.965,0.927,49.99,OK
1761792607.066797,19.841,9.828,195.0,50.39,220.28,0.942,0.94,49.99,OK
1761792607.1678076,19.84,9.885,196.11,50.39,219.92,0.966,0.923,49.98,OK
1761792607.2692938,19.849,9.894,196.39,50.39,220.37,0.924,0.964,49.98,OK
1761792607.372111,19.883,9.901,196.86,50.39,219.81,0.929,0.964,49.96,OK
1761792607.473205,19.852,9.955,197.62,50.39,219.9,0.927,0.97,49.96,OK
1761792607.5753162,19.791,9.862,195.18,50.39,220.39,0.962,0.92,49.98,OK
1761792607.6805494,19.872,9.943,197.58,50.39,219.9,0.967,0.929,49.99,OK
1761792607.7816854,19.886,9.938,197.62,50.39,219.77,0.957,0.94,50.03,OK
1761792607.884187,19.847,9.932,197.12,50.39,220.36,0.923,0.969,49.97,OK
1761792607.9913166,19.793,9.975,197.44,50.39,219.68,0.968,0.929,49.99,OK
1761792608.1888998,19.875,9.894,196.64,50.39,220.1,0.921,0.971,50.05,OK
1761792608.7235954,19.843,9.844,195.33,50.39,219.86,0.912,0.974,50.04,OK
1761792608.9367728,19.794,9.976,197.47,50.39,219.65,0.919,0.978,49.98,OK
1761792609.2253106,19.859,9.917,196.93,50.39,219.93,0.954,0.938,50.03,OK
1761792609.3275766,19.88,9.815,195.13,50.39,219.75,0.928,0.957,50.04,OK
1761792609.4286048,19.792,10.022,198.36,50.39,220.37,0.948,0.949,50.02,OK
1761792609.529742,19.868,9.796,194.62,50.39,219.93,0.923,0.959,49.98,OK
1761792609.6310737,19.792,9.865,195.25,50.39,219.81,0.92,0.966,49.97,OK
1761792609.732271,19.82,9.952,197.25,50.39,220.28,0.959,0.934,50.02,OK
1761792609.8339431,19.866,9.95,197.67,50.39,219.72,0.933,0.964,49.96,OK
1761792609.935369,19.803,9.901,196.08,50.39,220.21,0.964,0.923,50.05,OK
1761792610.0367174,19.839,9.96,197.59,50.39,220.14,0.93,0.965,49.96,OK
1761792610.137972,19.831,9.932,196.96,50.39,220.39,0.965,0.926,49.96,OK
1761792610.239405,19.791,9.974,197.4,50.39,220.0,0.953,0.942,49.96,OK
1761792610.3761737,19.853,9.964,197.82,50.39,219.65,0.934,0.964,49.97,OK
1761792610.4775956,19.82,9.969,197.6,50.39,219.84,0.971,0.926,50.01,OK
1761792610.5835307,19.848,10.002,198.53,50.39,220.14,0.977,0.923,50.03,OK
1761792610.685181,19.845,10.005,198.55,50.39,219.85,0.922,0.98,50.05,OK
1761792610.7868352,19.836,9.98,197.97,50.39,220.26,0.942,0.954,50.03,OK
1761792610.888662,19.861,10.019,198.99,50.39,220.12,0.976,0.926,49.95,OK
1761792610.9903314,19.836,10.052,199.4,50.39,219.88,0.932,0.973,49.97,OK
1761792611.0923612,19.806,10.012,198.31,50.39,220.36,0.972,0.926,49.97,OK
1761792611.1934924,19.874,10.022,199.17,50.39,219.79,0.958,0.946,50.01,OK
1761792611.2960718,19.858,9.93,197.2,50.39,220.13,0.966,0.928,49.96,OK
1761792611.3971279,19.828,10.105,200.37,50.39,220.1,0.95,0.959,49.95,OK
1761792611.4981189,19.825,10.059,199.42,50.39,220.1,0.977,0.927,50.0,OK
1761792611.599618,19.795,10.002,197.99,50.39,220.16,0.933,0.964,49.96,OK
1761792611.7005522,19.862,9.96,197.82,50.39,219.94,0.952,0.945,50.02,OK
1761792611.8014672,19.821,10.12,200.59,50.39,219.73,0.973,0.938,50.0,OK
1761792611.9025636,19.822,10.105,200.31,50.39,219.61,0.989,0.922,50.01,OK
1761792612.0036454,19.832,10.033,198.97,50.39,219.63,0.971,0.933,49.99,OK
1761792612.1051877,19.832,10.127,200.84,50.39,219.74,0.961,0.951,49.98,OK
1761792612.2062168,19.868,10.015,198.98,50.39,219.67,0.958,0.946,50.04,OK
1761792612.307042,19.803,10.136,200.73,50.39,219.72,0.987,0.926,49.99,OK
1761792612.4085028,19.802,10.096,199.93,50.39,220.35,0.953,0.952,50.04,OK
1761792612.5110116,19.863,10.011,198.84,50.39,219.75,0.974,0.929,49.95,OK
1761792612.6123197,19.828,10.074,199.75,50.39,219.88,0.952,0.954,50.04,OK
1761792612.7139862,19.88,10.131,201.4,50.39,220.36,0.937,0.975,49.99,OK
1761792612.8152697,19.845,10.163,201.68,50.39,219.7,0.993,0.925,50.02,OK
1761792612.9167948,19.886,10.13,201.45,50.39,219.92,0.941,0.974,50.03,OK
1761792613.0187602,19.863,10.171,202.03,50.39,220.28,0.963,0.953,49.96,OK
1761792613.1204891,19.873,10.175,202.2,50.39,220.24,0.996,0.922,50.02,OK
1761792613.2217853,19.888,10.108,201.02,50.39,219.61,0.994,0.921,50.04,OK
1761792613.3238323,19.876,10.015,199.06,50.39,219.77,0.925,0.979,49.98,OK
1761792613.426742,19.87,10.036,199.43,50.39,220.09,0.929,0.975,49.96,OK
1761792613.5290625,19.832,10.122,200.74,50.39,220.23,0.939,0.971,49.96,OK
1761792613.6308138,19.843,10.246,203.32,50.39,219.83,0.948,0.976,49.97,OK
1761792613.7321844,19.836,10.152,201.37,50.39,219.77,0.964,0.95,49.98,OK
1761792613.833211,19.84,10.19,202.16,50.39,220.38,0.992,0.925,50.01,OK
1761792613.9343607,19.802,10.253,203.03,50.39,219.84,0.999,0.924,50.05,OK
1761792614.036621,19.857,10.138,201.31,50.39,220.14,0.959,0.953,49.97,OK
1761792614.1377387,19.887,10.084,200.54,50.39,220.34,0.968,0.94,50.0,OK
1761792614.2397442,19.872,10.189,202.47,50.39,220.05,0.972,0.947,50.04,OK
1761792614.341899,19.839,10.132,201.01,50.39,220.06,0.978,0.934,49.95,OK
1761792614.4465528,19.868,10.265,203.95,50.39,220.3,0.971,0.953,49.96,OK
1761792614.547649,19.802,10.188,201.75,50.39,219.65,0.939,0.978,50.03,OK
1761792614.6494517,19.865,10.169,202.0,50.39,219.84,0.99,0.928,49.98,OK
1761792614.7511053,19.849,10.151,201.49,50.39,220.24,0.962,0.951,49.97,OK
1761792614.8545573,19.815,10.297,204.04,50.39,219.92,0.955,0.972,50.04,OK
1761792614.956054,19.864,10.13,201.23,50.39,220.18,0.955,0.957,49.98,OK
1761792615.0573804,19.853,10.137,201.25,50.39,219.63,0.985,0.93,49.97,OK
1761792615.1601412,19.845,10.209,202.6,50.39,220.37,0.976,0.942,49.96,OK
1761792615.2632394,19.884,10.165,202.12,50.39,219.73,0.975,0.944,49.96,OK
1761792615.364318,19.885,10.128,201.4,50.39,220.03,0.951,0.962,50.03,OK
1761792615.465277,19.841,10.256,203.48,50.39,220.21,0.971,0.952,49.96,OK
1761792615.5665812,19.852,10.331,205.1,50.39,220.33,0.95,0.98,49.96,OK
1761792615.6734667,19.811,10.209,202.24,50.39,220.18,0.967,0.95,49.96,OK
1761792615.7748685,19.832,10.197,202.23,50.39,219.76,0.953,0.965,50.02,OK
1761792615.8781767,19.796,10.244,202.79,50.39,220.05,0.963,0.957,49.97,OK
1761792615.979395,19.791,10.308,204.0,50.39,219.94,1.005,0.923,50.01,OK
1761792616.087737,19.812,10.323,204.52,50.39,219.73,0.987,0.943,49.97,OK
1761792616.2470143,19.89,10.194,202.77,50.39,219.76,0.949,0.972,49.99,OK
1761792616.357856,19.874,10.336,205.42,50.39,219.99,1.004,0.93,50.03,OK
1761792616.4606447,19.858,10.338,205.29,50.39,219.81,0.999,0.935,50.01,OK
1761792616.5617018,19.8,10.313,204.21,50.39,219.93,0.997,0.932,50.01,OK
1761792616.6630044,19.881,10.334,205.45,50.39,219.93,1.009,0.926,49.99,OK
1761792616.7641513,19.864,10.215,202.9,50.39,220.14,1.001,0.921,50.04,OK
1761792616.8655522,19.866,10.187,202.38,50.39,219.81,0.979,0.941,50.02,OK
1761792616.9668221,19.84,10.207,202.5,50.39,219.74,0.986,0.934,50.03,OK
1761792617.0681632,19.845,10.366,205.72,50.39,219.65,1.004,0.933,49.98,OK
1761792617.1694708,19.874,10.335,205.39,50.39,220.32,0.959,0.972,49.98,OK
1761792617.2708557,19.84,10.234,203.04,50.39,220.02,0.976,0.946,49.99,OK
1761792617.3723755,19.816,10.209,202.3,50.39,219.97,0.969,0.949,50.02,OK
1761792617.4732773,19.86,10.283,204.22,50.39,220.2,1.003,0.925,50.01,OK
1761792617.576459,19.793,10.384,205.53,50.39,220.39,0.974,0.958,50.02,OK
1761792617.678355,19.88,10.278,204.32,50.39,220.16,0.947,0.98,50.04,OK
1761792617.7798946,19.854,10.3,204.49,50.39,220.3,1.007,0.921,50.03,OK
1761792617.8822377,19.791,10.298,203.82,50.39,220.38,0.96,0.963,50.04,OK
1761792617.9838097,19.797,10.261,203.14,50.39,220.29,0.98,0.941,50.0,OK
1761792618.0868993,19.885,10.277,204.36,50.39,219.94,0.961,0.967,49.97,OK
1761792618.1883774,19.845,10.19,202.22,50.39,220.05,0.98,0.937,50.02,OK
1761792618.2893922,19.816,10.218,202.49,50.39,220.3,0.949,0.969,50.05,OK
1761792618.3908553,19.821,10.342,204.99,50.39,220.24,0.976,0.954,50.0,OK
1761792618.4952078,19.857,10.357,205.66,50.39,220.3,0.981,0.951,50.02,OK
1761792618.5971615,19.802,10.377,205.49,50.39,220.03,0.983,0.95,50.0,OK
1761792618.7033741,19.794,10.374,205.34,50.39,220.38,0.991,0.94,49.98,OK
1761792618.8047194,19.835,10.354,205.38,50.39,219.94,0.965,0.968,50.03,OK
1761792618.9066362,19.858,10.26,203.73,50.39,219.92,0.967,0.958,49.96,OK
1761792619.0192635,19.846,10.225,202.91,50.39,219.81,0.991,0.932,50.05,OK
1761792619.1206086,19.859,10.206,202.68,50.39,220.29,0.998,0.922,49.96,OK
1761792619.2221975,19.796,10.34,204.68,50.39,220.3,1.003,0.927,49.99,OK
1761792619.3242977,19.82,10.242,202.99,50.39,219.93,0.949,0.973,50.02,OK
1761792619.4258842,19.871,10.204,202.76,50.39,220.07,0.947,0.973,49.96,OK
1761792619.5272505,19.887,10.236,203.55,50.39,220.28,0.984,0.94,50.0,OK
1761792619.6300082,19.882,10.2,202.8,50.39,220.02,0.975,0.946,50.0,OK
1761792619.7321267,19.811,10.227,202.6,50.39,219.64,0.967,0.954,49.98,OK
1761792619.8337307,19.875,10.231,203.34,50.39,220.15,0.985,0.938,50.03,OK
1761792619.9367344,19.823,10.314,204.45,50.39,220.23,0.978,0.949,49.99,OK
1761792620.0389743,19.837,10.166,201.66,50.39,220.36,0.938,0.975,49.99,OK
1761792620.143558,19.887,10.114,201.14,50.39,219.83,0.978,0.936,49.97,OK
1761792620.2455232,19.883,10.255,203.89,50.39,219.73,0.973,0.953,49.96,OK
1761792620.348521,19.826,10.116,200.56,50.39,219.94,0.981,0.929,50.02,OK
1761792620.4517117,19.85,10.254,203.53,50.39,220.38,0.942,0.98,50.03,OK
1761792620.553415,19.812,10.196,202.0,50.39,220.33,0.936,0.979,50.05,OK
1761792620.6555955,19.828,10.093,200.12,50.39,220.29,0.938,0.969,50.02,OK
1761792620.7646818,19.876,10.105,200.85,50.39,220.33,0.976,0.934,50.02,OK
1761792620.8668604,19.831,10.226,202.79,50.39,220.16,0.953,0.966,49.95,OK
1761792620.9685714,19.865,10.19,202.42,50.39,220.32,0.971,0.946,50.05,OK
1761792621.0702465,19.801,10.253,203.01,50.39,220.03,0.982,0.94,50.03,OK
1761792621.1721377,19.88,10.018,199.16,50.39,219.8,0.971,0.933,49.97,OK
1761792621.273316,19.883,10.048,199.79,50.39,219.87,0.956,0.95,49.99,OK
1761792621.3743489,19.826,10.087,200.0,50.39,220.28,0.93,0.976,50.02,OK
1761792621.4771786,19.794,10.172,201.34,50.39,220.3,0.975,0.937,50.02,OK
1761792621.5807953,19.837,10.039,199.14,50.39,219.91,0.962,0.942,50.0,OK
1761792621.682972,19.847,10.087,200.2,50.39,219.73,0.945,0.964,49.99,OK
1761792621.7847002,19.85,10.058,199.64,50.39,219.9,0.968,0.938,50.01,OK
1761792621.8867726,19.818,10.097,200.1,50.39,219.98,0.961,0.946,50.04,OK
1761792621.988669,19.817,10.098,200.12,50.39,220.06,0.983,0.925,49.99,OK
1761792622.0915775,19.853,10.162,201.75,50.39,219.98,0.986,0.931,50.01,OK
1761792622.1944184,19.886,10.003,198.91,50.39,220.31,0.98,0.922,50.03,OK
1761792622.2987187,19.85,10.048,199.45,50.39,220.23,0.942,0.961,50.01,OK
1761792622.401503,19.811,9.985,197.81,50.39,219.94,0.965,0.932,50.02,OK
1761792622.5031967,19.859,10.128,201.14,50.39,220.08,0.992,0.921,50.01,OK
1761792622.60564,19.888,9.953,197.94,50.39,219.77,0.933,0.965,50.04,OK
1761792622.7069364,19.833,10.033,198.99,50.39,220.32,0.947,0.954,50.04,OK
1761792622.8113508,19.866,10.045,199.56,50.39,220.3,0.975,0.929,49.95,OK
1761792622.914357,19.884,10.036,199.56,50.39,220.3,0.961,0.942,49.97,OK
1761792623.0159059,19.883,9.996,198.75,50.39,219.83,0.98,0.922,49.98,OK
1761792623.1175303,19.87,10.037,199.43,50.39,219.79,0.979,0.926,49.98,OK
1761792623.2198138,19.857,9.9,196.58,50.39,219.88,0.931,0.96,49.96,OK
1761792623.3222876,19.838,9.957,197.52,50.39,220.08,0.944,0.95,50.05,OK
1761792623.4243057,19.888,10.031,199.49,50.39,219.95,0.926,0.98,49.98,OK
1761792623.526951,19.866,10.013,198.92,50.39,219.69,0.946,0.957,49.99,OK
1761792623.6305997,19.816,9.901,196.2,50.39,220.04,0.936,0.953,49.98,OK
1761792623.732102,19.856,9.882,196.21,50.39,220.04,0.922,0.967,50.03,OK
1761792623.8335354,19.82,9.919,196.59,50.39,219.98,0.917,0.974,49.95,OK
1761792623.935745,19.791,10.028,198.47,50.39,219.72,0.934,0.967,49.98,OK
1761792624.0376344,19.889,9.929,197.47,50.39,219.69,0.92,0.977,50.03,OK
1761792624.139888,19.792,10.057,199.04,50.39,220.32,0.977,0.924,49.96,OK
1761792624.2442493,19.887,9.922,197.33,50.39,219.71,0.928,0.967,49.97,OK
1761792624.3463526,19.806,9.957,197.21,50.39,219.85,0.962,0.933,49.96,OK
1761792624.448184,19.815,9.975,197.66,50.39,220.19,0.935,0.96,50.02,OK
1761792624.550091,19.867,9.83,195.3,50.39,220.33,0.948,0.935,49.99,OK
1761792624.6538954,19.8,9.915,196.31,50.39,219.7,0.922,0.969,49.99,OK
1761792624.7567391,19.8,9.955,197.11,50.39,220.18,0.966,0.927,49.98,OK
1761792625.117307,19.842,9.853,195.5,50.39,220.13,0.947,0.938,50.04,OK
1761792625.2202687,19.844,9.882,196.09,50.39,219.98,0.935,0.953,49.99,OK
1761792625.3231766,19.861,9.794,194.51,50.39,220.01,0.933,0.947,49.96,OK
1761792625.437266,19.847,9.797,194.43,50.39,219.94,0.947,0.933,49.99,OK
1761792625.5405195,19.812,9.875,195.64,50.39,220.3,0.962,0.923,49.98,OK
1761792625.6432629,19.856,9.896,196.5,50.39,220.05,0.919,0.971,49.97,OK
1761792625.7447734,19.878,9.921,197.21,50.39,220.11,0.93,0.964,49.96,OK
1761792625.846354,19.837,9.832,195.04,50.39,219.99,0.924,0.96,50.04,OK
1761792625.9477232,19.87,9.966,198.02,50.39,220.23,0.957,0.939,49.97,OK
1761792626.049935,19.885,9.923,197.32,50.39,219.8,0.942,0.953,50.02,OK
1761792626.151466,19.864,9.801,194.68,50.39,220.23,0.947,0.934,49.99,OK
1761792626.2525508,19.807,9.934,196.76,50.39,220.14,0.969,0.922,50.03,OK
1761792626.3541322,19.826,9.858,195.45,50.39,220.36,0.923,0.961,50.04,OK
1761792626.4554062,19.861,9.948,197.57,50.39,220.34,0.968,0.926,50.01,OK
1761792626.5776854,19.846,9.827,195.02,50.39,220.04,0.954,0.929,49.96,OK
1761792626.6848776,19.858,9.935,197.29,50.39,219.67,0.962,0.934,50.02,OK
1761792626.7891674,19.826,9.823,194.75,50.39,220.04,0.924,0.958,50.0,OK
1761792626.8907113,19.882,9.947,197.76,50.39,219.93,0.959,0.938,50.0,OK
1761792626.9921722,19.844,9.941,197.27,50.39,219.78,0.927,0.968,50.0,OK
1761792627.093251,19.88,9.938,197.57,50.39,219.76,0.924,0.973,50.01,OK
1761792627.1961348,19.842,9.943,197.28,50.39,220.36,0.915,0.979,50.01,OK
1761792627.2983284,19.863,9.936,197.36,50.39,220.17,0.966,0.928,49.96,OK
1761792627.399338,19.869,9.944,197.57,50.39,220.3,0.935,0.959,49.96,OK
1761792627.5003605,19.849,9.897,196.45,50.39,220.15,0.955,0.934,50.02,OK
1761792627.6014023,19.829,9.988,198.05,50.39,220.24,0.92,0.977,50.03,OK
1761792627.7028046,19.857,9.897,196.53,50.39,219.93,0.917,0.975,49.95,OK
1761792627.8043988,19.862,9.884,196.32,50.39,220.17,0.941,0.948,49.97,OK
1761792627.9064558,19.875,9.912,196.99,50.39,219.82,0.915,0.98,50.0,OK
1761792628.0562303,19.838,9.838,195.16,50.39,220.22,0.927,0.956,49.97,OK
1761792628.1588492,19.811,9.867,195.47,50.39,220.1,0.925,0.96,50.02,OK
1761792628.2855792,19.875,9.931,197.38,50.39,220.08,0.947,0.947,49.95,OK
1761792628.3869998,19.8,9.972,197.45,50.39,219.82,0.965,0.931,49.98,OK
1761792628.4906328,19.814,9.967,197.48,50.39,219.97,0.951,0.944,50.02,OK
1761792628.5928676,19.863,9.976,198.15,50.39,220.15,0.949,0.948,50.01,OK
1761792628.6944366,19.827,10.008,198.43,50.39,220.28,0.93,0.968,50.03,OK
1761792628.7955563,19.86,9.818,194.99,50.39,219.66,0.955,0.93,49.98,OK
1761792628.896587,19.814,9.995,198.05,50.39,219.84,0.942,0.957,50.04,OK
1761792628.9978518,19.818,9.946,197.1,50.39,219.75,0.917,0.978,50.02,OK
1761792629.099033,19.802,10.031,198.64,50.39,219.95,0.955,0.946,50.02,OK
1761792629.2005453,19.853,9.989,198.32,50.39,219.84,0.953,0.946,49.99,OK
1761792629.3019874,19.818,9.929,196.78,50.39,220.26,0.922,0.969,49.97,OK
1761792629.4038785,19.808,9.975,197.59,50.39,219.9,0.925,0.971,50.03,OK
1761792629.5428858,19.886,9.842,195.71,50.39,220.0,0.96,0.927,50.04,OK
1761792629.6730368,19.877,10.004,198.84,50.39,219.7,0.977,0.927,49.96,OK
1761792629.7743676,19.877,9.858,195.95,50.39,220.27,0.911,0.976,50.02,OK
1761792629.8767815,19.811,9.996,198.03,50.39,220.04,0.972,0.926,50.02,OK
1761792629.978397,19.81,10.031,198.71,50.39,220.26,0.942,0.958,50.05,OK
1761792630.0802543,19.877,9.898,196.74,50.39,220.28,0.97,0.921,50.04,OK
1761792630.1819422,19.829,10.081,199.9,50.39,219.78,0.985,0.924,50.0,OK
1761792630.2836304,19.819,10.05,199.17,50.39,220.3,0.948,0.954,50.03,OK
1761792630.385445,19.887,10.08,200.46,50.39,219.82,0.946,0.964,49.98,OK
1761792630.486498,19.863,10.073,200.07,50.39,220.09,0.949,0.958,49.98,OK
1761792630.5879216,19.848,9.982,198.12,50.39,220.34,0.935,0.962,49.97,OK
1761792630.688776,19.835,9.979,197.94,50.39,219.89,0.942,0.955,50.0,OK
1761792630.790539,19.875,9.98,198.35,50.39,219.62,0.946,0.955,49.95,OK
1761792630.9770823,19.859,10.098,200.53,50.39,220.35,0.949,0.959,50.04,OK
1761792631.0790234,19.818,9.976,197.71,50.39,219.64,0.972,0.927,50.04,OK
1761792631.1800642,19.833,10.02,198.73,50.39,219.73,0.978,0.924,50.02,OK
1761792631.2824543,19.867,10.027,199.21,50.39,220.16,0.949,0.953,49.99,OK
1761792631.3835552,19.889,10.119,201.25,50.39,220.38,0.953,0.959,49.99,OK
1761792631.485289,19.875,10.134,201.41,50.39,220.34,0.94,0.972,50.01,OK
1761792631.5868547,19.828,10.055,199.37,50.39,219.92,0.983,0.922,50.03,OK
1761792631.6882424,19.803,10.131,200.62,50.39,219.61,0.954,0.957,50.03,OK
1761792631.7901008,19.851,10.001,198.53,50.39,220.35,0.922,0.977,49.98,OK
1761792631.8935585,19.884,9.994,198.72,50.39,219.63,0.946,0.957,50.02,OK
1761792631.9953542,19.808,10.122,200.5,50.39,219.79,0.932,0.979,49.97,OK
1761792632.0967221,19.859,10.198,202.52,50.39,220.29,0.939,0.979,50.02,OK
1761792632.1982899,19.864,10.069,200.02,50.39,220.03,0.948,0.959,49.97,OK
1761792632.3000817,19.852,10.159,201.68,50.39,220.15,0.936,0.979,49.95,OK
1761792632.4020154,19.87,10.149,201.66,50.39,219.89,0.976,0.939,49.95,OK
1761792632.521589,19.832,10.191,202.11,50.39,219.71,0.94,0.979,49.98,OK
1761792632.6228764,19.861,10.111,200.81,50.39,220.35,0.954,0.955,50.01,OK
1761792632.7257478,19.851,10.125,201.0,50.39,219.98,0.965,0.946,50.02,OK
1761792632.828893,19.816,10.102,200.19,50.39,219.99,0.949,0.959,49.99,OK
1761792632.9298909,19.888,10.125,201.37,50.39,219.75,0.986,0.929,50.0,OK
1761792633.0307767,19.803,10.205,202.1,50.39,220.36,0.95,0.965,49.99,OK
1761792633.1351206,19.844,10.121,200.84,50.39,220.05,0.963,0.947,50.04,OK
1761792633.2373343,19.817,10.237,202.87,50.39,219.92,0.992,0.93,49.97,OK
1761792633.338876,19.874,10.168,202.08,50.39,220.39,0.973,0.943,50.04,OK
1761792633.4415977,19.846,10.227,202.96,50.39,219.97,0.944,0.978,50.0,OK
1761792633.5444138,19.858,10.207,202.68,50.39,219.67,0.998,0.925,50.03,OK
1761792633.646596,19.857,10.146,201.46,50.39,220.27,0.968,0.944,50.03,OK
1761792633.748448,19.829,10.213,202.51,50.39,220.28,0.959,0.959,49.96,OK
1761792633.870649,19.867,10.196,202.56,50.39,219.97,0.962,0.958,49.95,OK
1761792633.9729419,19.844,10.258,203.56,50.39,220.25,0.968,0.954,49.96,OK
1761792634.0881188,19.803,10.19,201.8,50.39,220.12,0.978,0.938,50.05,OK
1761792634.2327557,19.878,10.259,203.93,50.39,219.88,0.996,0.932,50.03,OK
1761792634.3468134,19.794,10.249,202.86,50.39,219.74,1.0,0.923,49.98,OK
1761792634.4778574,19.842,10.312,204.61,50.39,219.97,0.959,0.97,49.97,OK
1761792634.5803602,19.792,10.224,202.37,50.39,220.35,0.98,0.937,49.97,OK
1761792634.6847665,19.817,10.324,204.59,50.39,220.34,0.972,0.956,49.98,OK
1761792634.8144414,19.879,10.264,204.05,50.39,220.35,0.972,0.953,50.02,OK
1761792634.9952683,19.876,10.31,204.93,50.39,220.11,0.999,0.932,50.0,OK
1761792635.1024156,19.879,10.171,202.19,50.39,219.72,0.98,0.939,49.95,OK
1761792635.2043486,19.792,10.31,204.06,50.39,220.06,0.994,0.933,49.95,OK
1761792635.4377549,19.859,10.195,202.45,50.39,220.2,0.952,0.966,49.95,OK
1761792635.6201863,19.878,10.228,203.32,50.39,220.03,0.992,0.931,50.0,OK
1761792635.745801,19.865,10.332,205.25,50.39,220.24,0.972,0.958,49.99,OK
1761792635.8480308,19.831,10.265,203.57,50.39,219.62,1.005,0.923,49.99,OK
1761792636.0384872,19.867,10.227,203.19,50.39,219.86,0.948,0.975,49.98,OK
1761792636.144832,19.879,10.347,205.7,50.39,220.2,1.006,0.928,49.98,OK
1761792636.288599,19.809,10.328,204.58,50.39,220.16,0.951,0.977,50.0,OK
1761792636.4564362,19.802,10.393,205.81,50.39,219.64,0.98,0.956,49.95,OK
1761792636.5607533,19.837,10.247,203.26,50.39,220.03,0.986,0.937,50.01,OK
1761792636.6628823,19.859,10.335,205.23,50.39,219.89,0.967,0.965,49.96,OK
1761792636.8612752,19.833,10.256,203.4,50.39,219.96,0.977,0.947,49.99,OK
1761792636.9633408,19.827,10.279,203.81,50.39,219.72,0.986,0.941,50.01,OK
1761792637.1070974,19.828,10.376,205.74,50.39,219.93,0.979,0.955,49.97,OK
1761792637.2145197,19.83,10.209,202.45,50.39,219.92,1.0,0.921,50.01,OK
1761792637.3417425,19.836,10.206,202.45,50.39,219.87,0.952,0.967,49.98,OK
1761792637.5167513,19.869,10.338,205.41,50.39,220.11,0.956,0.976,49.95,OK
1761792637.632465,19.889,10.224,203.36,50.39,219.86,0.976,0.948,49.96,OK
1761792637.80094,19.888,10.271,204.27,50.39,219.93,1.001,0.928,50.0,OK
1761792638.076128,19.86,10.252,203.62,50.39,220.36,0.995,0.929,50.04,OK
1761792638.1781995,19.872,10.302,204.73,50.39,220.23,0.957,0.971,50.03,OK
1761792638.2793264,19.883,10.278,204.36,50.39,220.26,0.953,0.974,50.03,OK
1761792638.4176588,19.813,10.153,201.16,50.39,220.25,0.983,0.929,50.02,OK
1761792638.5698016,19.859,10.137,201.32,50.39,220.16,0.978,0.935,49.97,OK
1761792638.6710865,19.883,10.238,203.56,50.39,220.31,0.965,0.958,50.04,OK
1761792638.773117,19.832,10.173,201.75,50.39,220.23,0.982,0.933,50.04,OK
1761792638.9077091,19.882,10.147,201.74,50.39,219.91,0.955,0.961,49.99,OK
1761792639.0366178,19.881,10.185,202.5,50.39,220.14,0.953,0.965,49.99,OK
1761792639.1922948,19.804,10.122,200.46,50.39,219.92,0.939,0.971,50.03,OK
1761792639.3731384,19.884,10.079,200.41,50.39,220.26,0.975,0.933,49.98,OK
1761792639.4753594,19.885,10.174,202.3,50.39,220.19,0.943,0.975,50.05,OK
1761792639.6829262,19.804,10.154,201.09,50.39,219.95,0.994,0.92,50.04,OK
1761792640.232696,19.796,10.136,200.66,50.39,219.61,0.938,0.974,50.04,OK
1761792640.444576,19.804,10.033,198.7,50.39,219.99,0.93,0.971,50.02,OK
1761792640.6700897,19.85,10.073,199.95,50.39,220.32,0.966,0.94,49.99,OK
1761792640.7724454,19.848,10.078,200.02,50.39,220.36,0.967,0.939,50.03,OK
1761792640.8775423,19.793,10.11,200.11,50.39,219.67,0.99,0.92,50.01,OK
1761792640.99317,19.888,9.979,198.46,50.39,219.62,0.97,0.932,49.98,OK
1761792641.095189,19.791,10.045,198.8,50.39,220.15,0.938,0.963,49.99,OK
1761792641.199103,19.813,10.074,199.59,50.39,219.89,0.932,0.974,50.02,OK
1761792641.308884,19.865,9.952,197.69,50.39,220.29,0.948,0.946,49.95,OK
1761792641.4144332,19.852,10.103,200.57,50.39,220.32,0.959,0.949,49.97,OK
1761792641.5269234,19.878,10.006,198.9,50.39,220.03,0.968,0.934,49.98,OK
1761792641.6367838,19.873,9.976,198.25,50.39,220.0,0.923,0.976,50.0,OK
1761792641.7434642,19.854,10.11,200.73,50.39,220.27,0.946,0.963,50.04,OK
1761792641.8524678,19.865,10.066,199.96,50.39,220.36,0.932,0.974,49.97,OK
1761792641.958646,19.864,10.026,199.16,50.39,220.09,0.954,0.948,49.98,OK
1761792642.065691,19.88,9.936,197.54,50.39,219.8,0.959,0.937,49.99,OK
1761792642.169308,19.871,9.956,197.83,50.39,219.8,0.929,0.968,50.0,OK
1761792642.3248322,19.792,9.918,196.3,50.39,219.85,0.966,0.925,50.04,OK
1761792642.4643898,19.854,10.051,199.55,50.39,220.04,0.986,0.92,50.01,OK
1761792642.662255,19.877,9.933,197.43,50.39,220.09,0.958,0.937,49.95,OK
1761792642.768214,19.842,9.892,196.28,50.39,219.83,0.912,0.979,50.04,OK
1761792642.8713782,19.848,9.911,196.72,50.39,219.92,0.916,0.976,50.03,OK
1761792642.97538,19.868,9.878,196.26,50.39,220.2,0.931,0.957,49.99,OK
1761792643.0784261,19.873,9.92,197.14,50.39,219.75,0.945,0.949,50.02,OK
1761792643.1807177,19.865,10.015,198.95,50.39,220.25,0.954,0.947,50.0,OK
1761792643.2827313,19.812,9.849,195.14,50.39,219.67,0.941,0.944,50.04,OK
1761792643.3857224,19.883,9.907,196.98,50.39,220.39,0.926,0.965,50.03,OK
1761792643.4951591,19.849,10.007,198.63,50.39,219.7,0.926,0.976,50.02,OK
1761792643.5979433,19.824,9.908,196.43,50.39,219.97,0.92,0.971,50.03,OK
1761792643.6992712,19.862,10.004,198.69,50.39,219.84,0.971,0.931,49.96,OK
1761792643.8012419,19.861,9.912,196.87,50.39,219.86,0.941,0.952,49.99,OK
1761792643.9029346,19.851,9.954,197.6,50.39,220.28,0.922,0.973,49.96,OK
1761792644.0085537,19.888,9.962,198.13,50.39,220.35,0.94,0.957,49.99,OK
1761792644.1105475,19.86,9.939,197.39,50.39,220.26,0.965,0.928,50.0,OK
1761792644.212371,19.856,9.943,197.42,50.39,220.28,0.939,0.955,50.02,OK
1761792644.3177872,19.887,9.859,196.07,50.39,219.77,0.936,0.953,49.98,OK
1761792644.420628,19.871,9.784,194.42,50.39,220.12,0.908,0.973,50.0,OK
1761792644.5262535,19.841,9.956,197.54,50.39,219.75,0.918,0.979,50.04,OK
1761792644.6314616,19.857,9.977,198.12,50.39,219.98,0.955,0.943,50.01,OK
1761792644.7367086,19.816,9.824,194.66,50.39,219.73,0.906,0.978,50.04,OK
1761792644.8446195,19.857,9.882,196.24,50.39,219.91,0.969,0.921,50.0,OK
1761792644.948157,19.868,9.86,195.89,50.39,220.29,0.956,0.93,49.99,OK
1761792645.0503864,19.798,9.997,197.92,50.39,220.03,0.918,0.979,50.04,OK
1761792645.15184,19.858,9.782,194.25,50.39,220.2,0.907,0.972,49.96,OK
1761792645.2530015,19.854,9.799,194.54,50.39,220.08,0.953,0.928,50.02,OK
1761792645.3547873,19.808,9.852,195.16,50.39,219.84,0.936,0.949,50.01,OK
1761792645.4567394,19.85,9.812,194.77,50.39,220.04,0.908,0.975,49.95,OK
1761792645.5580976,19.861,9.958,197.77,50.39,220.38,0.969,0.926,50.02,OK
1761792645.659343,19.833,9.824,194.83,50.39,220.2,0.952,0.93,50.0,OK
1761792645.7603824,19.869,9.949,197.68,50.39,219.64,0.959,0.938,49.95,OK
1761792645.8695202,19.871,9.792,194.58,50.39,219.76,0.92,0.963,50.0,OK
1761792645.9720495,19.838,9.893,196.26,50.39,219.8,0.929,0.961,50.0,OK
1761792646.0760558,19.869,9.907,196.84,50.39,219.88,0.939,0.953,50.04,OK
1761792646.1773968,19.806,9.94,196.86,50.39,220.38,0.932,0.958,50.04,OK
1761792646.2792122,19.874,9.96,197.94,50.39,220.27,0.936,0.96,50.01,OK
1761792646.3803976,19.843,9.795,194.36,50.39,219.82,0.945,0.935,50.04,OK
1761792646.4816434,19.807,9.83,194.7,50.39,220.04,0.935,0.947,50.04,OK
1761792646.5872452,19.865,9.932,197.3,50.39,220.24,0.962,0.931,49.97,OK
1761792646.6907876,19.866,9.837,195.42,50.39,220.18,0.952,0.933,50.01,OK
1761792646.7944746,19.88,9.845,195.72,50.39,219.77,0.912,0.977,50.0,OK
1761792646.8957944,19.822,9.933,196.9,50.39,220.11,0.955,0.936,49.98,OK
1761792646.9969592,19.801,9.947,196.96,50.39,219.66,0.952,0.941,50.04,OK
1761792647.0985396,19.878,9.964,198.07,50.39,219.75,0.956,0.943,50.02,OK
1761792647.1998122,19.886,9.797,194.83,50.39,219.9,0.909,0.975,50.0,OK
1761792647.3013222,19.842,9.817,194.78,50.39,220.01,0.918,0.965,49.96,OK
1761792647.4026818,19.791,9.892,195.78,50.39,219.71,0.947,0.941,49.96,OK
1761792647.503951,19.888,9.876,196.4,50.39,219.72,0.949,0.942,49.96,OK
1761792647.6052618,19.881,9.942,197.67,50.39,220.05,0.917,0.979,50.02,OK
1761792647.7079587,19.832,10.029,198.9,50.39,219.98,0.936,0.966,50.03,OK
1761792647.8147514,19.822,9.897,196.19,50.39,220.05,0.943,0.945,49.96,OK
1761792647.9175875,19.834,9.921,196.76,50.39,220.29,0.96,0.93,50.02,OK
1761792648.0203004,19.796,9.97,197.37,50.39,219.69,0.934,0.962,50.03,OK
1761792648.1214595,19.875,9.858,195.93,50.39,220.4,0.922,0.965,49.98,OK
1761792648.22303,19.836,9.901,196.39,50.39,220.29,0.917,0.972,49.97,OK
1761792648.3247056,19.889,9.844,195.79,50.39,220.39,0.92,0.966,49.97,OK
1761792648.4260175,19.838,9.91,196.59,50.39,219.9,0.95,0.941,49.96,OK
1761792648.5274715,19.81,9.937,196.85,50.39,220.1,0.918,0.974,49.96,OK
1761792648.6295154,19.87,9.969,198.09,50.39,219.93,0.965,0.934,49.97,OK
1761792648.7311401,19.877,9.88,196.38,50.39,220.31,0.926,0.963,50.0,OK
1761792648.8329167,19.793,10.022,198.36,50.39,219.65,0.972,0.929,50.04,OK
1761792648.9350255,19.817,9.973,197.63,50.39,219.68,0.953,0.944,49.98,OK
1761792649.035972,19.84,9.917,196.77,50.39,219.75,0.957,0.936,49.98,OK
1761792649.1377308,19.824,9.979,197.83,50.39,220.23,0.953,0.942,50.01,OK
1761792649.2416227,19.874,10.081,200.34,50.39,220.25,0.95,0.957,50.02,OK
1761792649.34407,19.842,10.015,198.72,50.39,219.98,0.923,0.978,50.01,OK
1761792649.4462852,19.819,10.001,198.2,50.39,219.71,0.948,0.951,50.02,OK
1761792649.5478764,19.818,10.066,199.48,50.39,220.21,0.939,0.965,50.01,OK
1761792649.649024,19.792,10.03,198.51,50.39,220.12,0.926,0.974,49.99,OK
1761792649.750669,19.813,10.155,201.2,50.39,220.33,0.935,0.976,50.03,OK
1761792649.853215,19.878,9.968,198.15,50.39,219.72,0.964,0.936,49.98,OK
1761792649.9554956,19.839,10.117,200.71,50.39,219.9,0.987,0.925,50.0,OK
1761792650.058146,19.864,10.073,200.1,50.39,220.32,0.939,0.967,50.01,OK
1761792650.1594288,19.841,9.989,198.19,50.39,220.05,0.934,0.964,50.03,OK
1761792650.263696,19.814,10.021,198.56,50.39,219.82,0.979,0.922,50.01,OK
1761792650.3658605,19.795,10.183,201.58,50.39,220.22,0.953,0.96,50.02,OK
1761792651.110633,19.883,10.118,201.19,50.39,219.94,0.993,0.921,50.04,OK
1761792651.33527,19.883,10.208,202.97,50.39,219.95,0.955,0.967,50.01,OK
1761792651.4409626,19.855,10.246,203.43,50.39,220.06,0.982,0.941,49.95,OK
1761792651.5426595,19.818,10.122,200.59,50.39,219.82,0.932,0.979,49.96,OK
1761792651.6444292,19.863,10.185,202.3,50.39,219.77,0.994,0.926,50.02,OK
1761792651.7466652,19.793,10.274,203.36,50.39,220.21,0.987,0.936,49.97,OK
1761792651.8482926,19.889,10.187,202.61,50.39,219.94,0.988,0.933,49.96,OK
1761792651.9499516,19.823,10.156,201.33,50.39,219.93,0.936,0.978,50.03,OK
1761792652.0511687,19.886,10.267,204.16,50.39,220.31,0.993,0.933,50.02,OK
1761792652.1524973,19.801,10.25,202.95,50.39,219.68,0.952,0.97,50.03,OK
1761792652.253865,19.825,10.201,202.24,50.39,220.33,0.982,0.935,49.99,OK
1761792652.3551562,19.864,10.233,203.26,50.39,219.64,0.972,0.952,49.98,OK
1761792652.4561331,19.844,10.244,203.28,50.39,220.29,0.959,0.962,49.97,OK
1761792652.5575006,19.881,10.11,200.99,50.39,219.86,0.95,0.962,50.01,OK
1761792652.6585655,19.864,10.28,204.2,50.39,219.98,1.006,0.923,50.01,OK
1761792652.7599146,19.826,10.25,203.21,50.39,220.12,0.949,0.973,50.01,OK
1761792652.862207,19.826,10.338,204.96,50.39,219.63,0.974,0.958,50.03,OK
1761792652.9637756,19.795,10.176,201.43,50.39,219.88,0.96,0.954,50.01,OK
1761792653.0670476,19.889,10.204,202.96,50.39,220.06,0.961,0.959,50.0,OK
1761792653.1731267,19.805,10.241,202.82,50.39,220.25,0.98,0.939,50.01,OK
1761792653.2782328,19.795,10.345,204.77,50.39,219.69,0.987,0.944,49.96,OK
1761792653.379488,19.875,10.292,204.55,50.39,219.72,0.995,0.936,50.02,OK
1761792653.4808722,19.872,10.214,202.97,50.39,220.36,0.995,0.926,50.01,OK
1761792653.5822153,19.835,10.355,205.39,50.39,219.68,0.972,0.962,49.99,OK
1761792653.683272,19.843,10.2,202.39,50.39,219.85,0.954,0.965,49.97,OK
1761792653.7844741,19.832,10.254,203.36,50.39,220.19,0.997,0.927,49.97,OK
1761792653.8854911,19.849,10.292,204.3,50.39,219.66,0.997,0.933,49.99,OK
1761792653.9866724,19.837,10.324,204.8,50.39,220.12,0.95,0.979,50.01,OK
1761792654.0876734,19.872,10.291,204.5,50.39,219.63,0.966,0.964,49.99,OK
1761792654.1900415,19.79,10.281,203.46,50.39,219.64,0.975,0.95,50.01,OK
1761792654.2912443,19.876,10.173,202.21,50.39,219.73,0.951,0.968,49.96,OK
1761792654.3922436,19.871,10.263,203.93,50.39,220.25,0.976,0.948,50.04,OK
1761792654.4977841,19.875,10.195,202.63,50.39,219.77,0.97,0.951,50.0,OK
1761792654.5992,19.846,10.3,204.43,50.39,219.91,0.957,0.971,50.01,OK
1761792654.7007868,19.883,10.204,202.89,50.39,220.27,0.97,0.949,49.98,OK
1761792654.813723,19.803,10.325,204.46,50.39,219.61,0.983,0.947,49.96,OK
1761792654.9157465,19.835,10.266,203.62,50.39,219.77,0.962,0.964,50.0,OK
1761792655.0170064,19.876,10.2,202.73,50.39,219.77,0.99,0.932,50.0,OK
1761792655.1189492,19.825,10.222,202.65,50.39,219.67,0.993,0.929,50.04,OK
1761792655.2199054,19.813,10.26,203.28,50.39,220.11,0.973,0.949,50.0,OK
1761792655.3212867,19.833,10.345,205.16,50.39,219.98,0.987,0.945,49.98,OK
1761792655.422667,19.826,10.316,204.53,50.39,220.07,0.997,0.932,49.99,OK
1761792655.5260818,19.803,10.203,202.04,50.39,220.02,0.985,0.932,50.02,OK
1761792655.6280475,19.798,10.326,204.44,50.39,219.75,0.984,0.946,49.98,OK
1761792655.7295184,19.883,10.346,205.71,50.39,219.89,1.002,0.934,50.03,OK
1761792655.831616,19.874,10.266,204.03,50.39,220.34,0.974,0.951,50.03,OK
1761792655.9325187,19.866,10.305,204.73,50.39,220.06,0.955,0.974,49.98,OK
1761792656.0339634,19.89,10.292,204.71,50.39,219.78,0.99,0.94,49.95,OK
1761792656.135338,19.864,10.198,202.58,50.39,219.99,0.983,0.937,50.04,OK
1761792656.2401295,19.799,10.38,205.51,50.39,219.73,1.004,0.932,50.05,OK
1761792656.3424928,19.801,10.318,204.3,50.39,220.15,0.978,0.949,49.99,OK
1761792656.4435306,19.799,10.353,204.98,50.39,220.29,0.956,0.973,50.05,OK
1761792656.5452304,19.819,10.228,202.71,50.39,220.32,0.991,0.929,49.98,OK
1761792656.647011,19.848,10.233,203.1,50.39,220.34,0.965,0.955,49.96,OK
1761792656.7484987,19.872,10.231,203.3,50.39,220.09,0.998,0.926,49.98,OK
1761792656.8502474,19.856,10.289,204.3,50.39,220.08,1.0,0.928,50.04,OK
1761792657.0286226,19.859,10.271,203.98,50.39,220.05,0.986,0.94,50.03,OK
1761792657.1300251,19.821,10.172,201.63,50.39,219.85,0.982,0.934,50.01,OK
1761792657.2311199,19.878,10.141,201.58,50.39,220.16,0.976,0.938,49.98,OK
1761792657.3335905,19.849,10.174,201.95,50.39,220.37,0.995,0.921,50.05,OK
1761792657.4350128,19.804,10.27,203.38,50.39,219.99,0.998,0.926,49.96,OK
1761792657.5364156,19.802,10.292,203.81,50.39,219.92,0.964,0.961,50.05,OK
1761792657.6377292,19.86,10.215,202.88,50.39,220.3,0.968,0.951,49.97,OK
1761792657.739492,19.879,10.206,202.88,50.39,220.22,0.951,0.969,49.97,OK
1761792657.845087,19.872,10.138,201.46,50.39,220.23,0.99,0.924,49.99,OK
1761792657.9475453,19.869,10.241,203.49,50.39,219.91,1.001,0.925,50.04,OK
1761792658.0490773,19.843,10.126,200.93,50.39,220.26,0.936,0.975,50.02,OK
1761792658.1510928,19.88,10.208,202.95,50.39,219.93,0.975,0.947,50.01,OK
1761792658.2543972,19.85,10.104,200.56,50.39,219.91,0.97,0.94,50.01,OK
1761792658.3703885,19.886,10.051,199.88,50.39,219.84,0.981,0.927,49.96,OK
1761792658.4803462,19.828,10.231,202.87,50.39,220.2,0.966,0.954,50.01,OK
1761792658.581366,19.819,10.192,201.99,50.39,220.25,0.954,0.961,50.0,OK
1761792658.6834838,19.828,10.172,201.69,50.39,219.84,0.975,0.941,50.04,OK
1761792658.7848735,19.875,10.043,199.61,50.39,220.34,0.94,0.964,49.97,OK
1761792658.8868377,19.81,10.061,199.32,50.39,219.83,0.951,0.953,50.04,OK
1761792658.98817,19.837,10.044,199.25,50.39,220.39,0.98,0.922,49.99,OK
1761792659.089966,19.828,10.14,201.06,50.39,219.88,0.961,0.952,50.03,OK
1761792659.1912143,19.822,10.184,201.86,50.39,220.34,0.984,0.931,49.95,OK
1761792659.2926126,19.809,10.183,201.72,50.39,220.32,0.972,0.942,49.99,OK
1761792659.3965528,19.839,10.047,199.31,50.39,219.68,0.947,0.958,50.05,OK
1761792659.5119393,19.824,10.157,201.35,50.39,219.79,0.949,0.965,50.03,OK
1761792659.6130447,19.877,10.163,202.02,50.39,219.96,0.943,0.974,49.96,OK
1761792659.7141092,19.819,10.119,200.55,50.39,220.16,0.941,0.968,50.05,OK
1761792659.8150966,19.881,10.091,200.62,50.39,220.27,0.971,0.938,50.04,OK
1761792659.9174745,19.835,10.009,198.53,50.39,219.85,0.942,0.958,50.01,OK
1761792660.0419445,19.874,9.995,198.63,50.39,220.27,0.942,0.957,50.01,OK
1761792660.146685,19.795,10.014,198.24,50.39,219.73,0.939,0.961,50.03,OK
1761792660.248181,19.861,9.981,198.23,50.39,220.05,0.949,0.949,50.02,OK
1761792660.348937,19.837,10.062,199.6,50.39,220.14,0.975,0.93,49.95,OK
1761792660.4503736,19.856,10.113,200.81,50.39,219.76,0.934,0.978,49.99,OK
1761792660.5529702,19.798,9.996,197.91,50.39,219.69,0.959,0.939,50.02,OK
1761792660.654258,19.817,10.031,198.78,50.39,219.88,0.954,0.947,49.97,OK
1761792660.7557197,19.867,9.981,198.28,50.39,220.11,0.938,0.96,49.99,OK
1761792660.8577623,19.791,10.059,199.09,50.39,220.18,0.938,0.964,50.01,OK
1761792660.959307,19.882,10.034,199.5,50.39,219.93,0.945,0.96,50.01,OK
1761792661.0605824,19.851,10.07,199.89,50.39,220.05,0.941,0.966,49.98,OK
1761792661.1616576,19.796,10.082,199.58,50.39,220.38,0.953,0.951,50.03,OK
1761792661.2631938,19.837,9.979,197.95,50.39,220.04,0.978,0.92,49.96,OK
1761792661.3643095,19.808,10.073,199.52,50.39,220.03,0.933,0.972,50.03,OK
1761792661.4653523,19.817,9.992,198.01,50.39,219.9,0.938,0.96,49.99,OK
1761792661.5676057,19.869,9.869,196.09,50.39,220.01,0.953,0.936,49.97,OK
1761792661.668996,19.798,9.941,196.81,50.39,220.12,0.929,0.962,50.03,OK
1761792661.7706196,19.856,9.95,197.57,50.39,220.0,0.927,0.968,50.04,OK
1761792661.8719685,19.801,9.935,196.71,50.39,220.12,0.917,0.974,49.98,OK
1761792661.9736187,19.81,9.889,195.91,50.39,220.14,0.943,0.944,50.01,OK
1761792662.0762541,19.847,9.993,198.34,50.39,220.17,0.971,0.928,49.96,OK
1761792662.1775455,19.82,10.039,198.97,50.39,220.09,0.93,0.972,50.03,OK
1761792662.2790985,19.79,9.889,195.72,50.39,219.67,0.917,0.972,50.04,OK
1761792662.380618,19.81,9.934,196.79,50.39,220.1,0.965,0.926,49.99,OK
1761792662.4909348,19.836,9.888,196.15,50.39,220.0,0.945,0.943,50.0,OK
1761792662.5926125,19.861,9.889,196.41,50.39,219.82,0.95,0.941,49.97,OK
1761792662.6938002,19.826,9.877,195.82,50.39,219.63,0.915,0.974,50.03,OK
1761792662.7947323,19.89,9.85,195.92,50.39,220.13,0.939,0.948,50.05,OK
1761792662.8960814,19.811,9.908,196.28,50.39,219.93,0.949,0.941,50.01,OK
1761792663.000329,19.874,9.835,195.47,50.39,219.88,0.916,0.971,49.96,OK
1761792663.1023924,19.875,9.938,197.51,50.39,219.87,0.96,0.936,50.03,OK
1761792663.2038813,19.812,9.826,194.67,50.39,220.09,0.916,0.966,49.98,OK
1761792663.3064291,19.8,9.911,196.25,50.39,219.77,0.916,0.975,49.97,OK
1761792663.4090939,19.878,9.913,197.06,50.39,219.95,0.939,0.954,50.02,OK
1761792663.510631,19.791,9.89,195.73,50.39,220.1,0.933,0.953,49.98,OK
1761792663.6133947,19.826,9.916,196.59,50.39,219.93,0.928,0.963,50.02,OK
1761792663.716789,19.817,9.81,194.4,50.39,219.6,0.952,0.93,50.0,OK
1761792663.8180916,19.833,9.893,196.21,50.39,220.37,0.93,0.957,50.03,OK
1761792663.919301,19.865,9.776,194.21,50.39,220.34,0.946,0.932,50.04,OK
1761792664.0207658,19.802,9.951,197.04,50.39,219.6,0.959,0.936,49.95,OK
1761792664.123493,19.812,9.8,194.17,50.39,219.93,0.935,0.945,49.98,OK
1761792664.224758,19.809,9.811,194.35,50.39,220.31,0.904,0.975,50.03,OK
1761792664.3259335,19.836,9.886,196.1,50.39,219.72,0.947,0.942,50.0,OK
1761792664.4274952,19.867,9.961,197.89,50.39,219.94,0.937,0.96,50.04,OK
1761792664.5286891,19.839,9.949,197.39,50.39,219.88,0.955,0.94,50.02,OK
1761792664.6299543,19.879,9.929,197.39,50.39,219.67,0.976,0.921,49.98,OK
1761792664.731957,19.808,9.877,195.64,50.39,220.02,0.963,0.923,50.0,OK
1761792664.8329911,19.803,9.887,195.8,50.39,219.65,0.968,0.921,50.03,OK
1761792664.9342752,19.796,9.902,196.01,50.39,219.91,0.954,0.934,49.97,OK
1761792665.0356753,19.806,9.906,196.21,50.39,220.14,0.936,0.952,49.96,OK
1761792665.1380067,19.83,9.798,194.3,50.39,219.9,0.933,0.947,49.98,OK
1761792665.2398188,19.815,9.91,196.36,50.39,220.09,0.922,0.967,50.04,OK
1761792665.3412645,19.882,9.927,197.36,50.39,220.25,0.948,0.945,50.0,OK
1761792665.4431183,19.872,9.886,196.45,50.39,219.99,0.941,0.949,49.99,OK
1761792665.5446208,19.811,9.842,194.98,50.39,220.15,0.947,0.935,49.95,OK
1761792665.6460226,19.864,9.783,194.33,50.39,219.98,0.914,0.967,50.04,OK
1761792665.747175,19.857,9.951,197.59,50.39,220.04,0.918,0.978,50.05,OK
1761792665.848689,19.829,9.975,197.79,50.39,220.25,0.948,0.947,50.02,OK
1761792665.9498768,19.853,9.962,197.77,50.39,219.76,0.951,0.947,50.0,OK
1761792666.0512164,19.806,9.91,196.27,50.39,220.37,0.922,0.966,49.99,OK
1761792666.1524494,19.869,9.947,197.63,50.39,219.82,0.951,0.945,50.01,OK
1761792666.2539082,19.796,9.862,195.22,50.39,219.69,0.944,0.941,49.95,OK
1761792666.3553364,19.835,9.92,196.76,50.39,219.61,0.925,0.968,49.98,OK
1761792666.4572585,19.796,9.919,196.35,50.39,219.84,0.933,0.957,49.98,OK
1761792666.558403,19.879,9.902,196.84,50.39,219.79,0.92,0.974,49.99,OK
1761792666.6600266,19.845,9.829,195.05,50.39,219.63,0.945,0.94,50.03,OK
1761792666.7615647,19.832,9.989,198.11,50.39,220.15,0.934,0.963,49.98,OK
1761792666.8651788,19.824,9.915,196.55,50.39,220.02,0.945,0.945,49.96,OK
1761792666.9664786,19.853,10.039,199.31,50.39,219.94,0.95,0.954,49.99,OK
1761792667.0676832,19.873,9.905,196.83,50.39,220.39,0.925,0.965,49.96,OK
1761792667.169203,19.797,9.921,196.41,50.39,219.86,0.933,0.957,49.97,OK
1761792667.2710142,19.879,10.015,199.09,50.39,219.76,0.945,0.958,50.03,OK
1761792667.3735409,19.824,9.994,198.12,50.39,219.86,0.925,0.974,49.98,OK
1761792667.4747596,19.871,9.918,197.09,50.39,219.88,0.936,0.958,49.99,OK
1761792667.5765095,19.862,9.962,197.86,50.39,219.89,0.966,0.931,49.97,OK
1761792667.6781046,19.886,10.003,198.92,50.39,220.16,0.935,0.967,50.0,OK
1761792667.779406,19.873,10.038,199.49,50.39,219.82,0.966,0.939,50.03,OK
1761792667.8813632,19.843,10.014,198.71,50.39,219.62,0.93,0.973,50.0,OK
1761792667.9837542,19.808,10.095,199.96,50.39,220.03,0.983,0.925,50.04,OK
1761792668.0870733,19.874,10.073,200.18,50.39,219.85,0.975,0.934,49.97,OK
1761792668.190625,19.854,10.055,199.64,50.39,220.07,0.929,0.976,49.98,OK
1761792668.2921016,19.826,10.124,200.72,50.39,220.06,0.933,0.977,49.99,OK
1761792668.393981,19.877,9.92,197.18,50.39,220.13,0.944,0.949,49.99,OK
1761792668.497315,19.874,10.111,200.94,50.39,220.17,0.966,0.945,49.98,OK
1761792668.6033907,19.876,9.944,197.65,50.39,219.86,0.951,0.946,50.04,OK
1761792668.704862,19.844,9.987,198.18,50.39,219.89,0.972,0.928,49.97,OK
1761792668.8504567,19.851,10.126,201.0,50.39,219.96,0.956,0.956,49.95,OK
1761792668.9544191,19.81,10.06,199.29,50.39,219.86,0.982,0.923,49.96,OK
1761792669.0560868,19.798,10.007,198.13,50.39,220.37,0.926,0.971,49.96,OK
1761792669.1575685,19.852,9.99,198.32,50.39,220.33,0.948,0.949,49.97,OK
1761792669.2586722,19.865,9.979,198.23,50.39,220.33,0.957,0.94,50.0,OK
1761792669.3597243,19.837,10.025,198.86,50.39,220.18,0.946,0.955,50.05,OK
1761792669.4611003,19.815,10.12,200.52,50.39,220.16,0.962,0.947,49.98,OK
1761792669.5625868,19.888,10.119,201.25,50.39,219.76,0.967,0.947,49.98,OK
1761792669.6641,19.807,10.053,199.13,50.39,219.63,0.951,0.953,50.02,OK
1761792669.7654974,19.849,10.177,202.0,50.39,219.92,0.971,0.946,50.04,OK
1761792669.867092,19.809,10.151,201.08,50.39,220.19,0.99,0.923,49.99,OK
1761792669.9683008,19.792,10.232,202.51,50.39,219.79,0.982,0.938,49.98,OK
1761792670.0696144,19.863,10.11,200.81,50.39,219.68,0.946,0.967,50.03,OK
1761792670.17119,19.825,10.192,202.04,50.39,220.22,0.94,0.976,49.97,OK
1761792670.2728174,19.813,10.174,201.57,50.39,219.61,0.948,0.968,50.0,OK
1761792670.3742092,19.886,10.086,200.57,50.39,219.98,0.969,0.941,50.03,OK
1761792670.475585,19.805,10.131,200.66,50.39,220.08,0.981,0.93,50.05,OK
1761792670.5773005,19.813,10.26,203.28,50.39,220.26,0.999,0.924,50.01,OK
1761792670.679428,19.813,10.092,199.96,50.39,220.15,0.941,0.965,50.03,OK
1761792670.78105,19.851,10.099,200.48,50.39,220.28,0.983,0.926,49.95,OK
1761792670.883058,19.867,10.134,201.32,50.39,220.37,0.953,0.958,50.0,OK
1761792670.9843757,19.822,10.278,203.73,50.39,220.37,0.945,0.978,50.05,OK
1761792671.0852575,19.794,10.288,203.65,50.39,220.36,0.966,0.957,49.97,OK
1761792671.1870987,19.844,10.263,203.65,50.39,219.7,0.965,0.96,49.99,OK
1761792671.2911186,19.818,10.194,202.02,50.39,219.75,0.991,0.927,50.0,OK
1761792671.3927083,19.859,10.135,201.26,50.39,219.78,0.973,0.941,49.99,OK
1761792671.4942203,19.804,10.279,203.57,50.39,220.35,0.99,0.933,50.01,OK
1761792671.5953233,19.825,10.323,204.64,50.39,219.6,0.993,0.938,50.01,OK
1761792671.6964803,19.837,10.257,203.47,50.39,219.72,0.948,0.977,49.97,OK
1761792671.7976558,19.888,10.153,201.93,50.39,219.83,0.938,0.979,50.0,OK
1761792671.8989434,19.857,10.289,204.31,50.39,220.25,0.982,0.945,50.01,OK
1761792672.0003664,19.856,10.284,204.2,50.39,219.87,0.962,0.966,50.01,OK
1761792672.1021576,19.801,10.192,201.82,50.39,219.71,0.944,0.973,50.0,OK
1761792672.203321,19.807,10.215,202.32,50.39,219.63,0.989,0.931,50.03,OK
1761792672.3044353,19.793,10.219,202.26,50.39,219.91,0.951,0.967,50.02,OK
1761792672.4059012,19.834,10.33,204.89,50.39,219.65,0.983,0.949,50.04,OK
1761792672.5070493,19.812,10.334,204.74,50.39,219.71,0.993,0.939,49.98,OK
1761792672.6087422,19.864,10.161,201.84,50.39,219.8,0.981,0.936,49.96,OK
1761792672.7103262,19.875,10.311,204.92,50.39,220.28,0.968,0.961,49.96,OK
1761792672.8118353,19.793,10.292,203.7,50.39,219.99,0.949,0.976,49.99,OK
1761792672.9131322,19.878,10.18,202.37,50.39,220.2,0.984,0.933,50.02,OK
1761792673.014394,19.838,10.238,203.11,50.39,220.06,0.988,0.934,50.0,OK
1761792673.115659,19.885,10.341,205.64,50.39,220.09,0.954,0.98,50.04,OK
1761792673.2168932,19.882,10.219,203.18,50.39,219.88,0.98,0.943,49.95,OK
1761792673.3178399,19.814,10.35,205.07,50.39,219.66,0.955,0.978,50.01,OK
1761792673.4192688,19.854,10.243,203.37,50.39,219.83,0.964,0.96,49.98,OK
1761792673.5227568,19.826,10.249,203.19,50.39,220.33,0.988,0.933,50.05,OK
1761792673.624128,19.875,10.349,205.7,50.39,220.33,0.954,0.978,49.98,OK
1761792673.7254112,19.875,10.221,203.14,50.39,219.93,0.968,0.954,50.0,OK
1761792673.8276098,19.851,10.231,203.09,50.39,220.31,0.972,0.949,49.95,OK
1761792673.9289184,19.882,10.279,204.37,50.39,220.24,0.983,0.944,49.97,OK
1761792674.029923,19.849,10.232,203.1,50.39,220.12,0.97,0.951,50.03,OK
1761792674.1321428,19.81,10.215,202.37,50.39,219.6,0.964,0.956,49.96,OK
1761792674.2344863,19.805,10.356,205.09,50.39,219.65,0.971,0.962,49.99,OK
1761792674.3357563,19.821,10.27,203.57,50.39,220.27,0.967,0.956,50.02,OK
1761792674.4501746,19.853,10.242,203.35,50.39,220.17,0.956,0.966,50.01,OK
1761792674.5526226,19.819,10.389,205.9,50.39,219.93,1.017,0.92,49.96,OK
1761792674.6540823,19.835,10.33,204.9,50.39,219.82,0.978,0.953,50.02,OK
1761792674.76646,19.805,10.286,203.72,50.39,220.07,0.985,0.94,49.99,OK
1761792674.8680327,19.846,10.301,204.43,50.39,219.72,0.985,0.945,50.0,OK
1761792674.9692602,19.8,10.372,205.37,50.39,219.69,0.963,0.971,49.96,OK
1761792675.0701797,19.796,10.249,202.89,50.39,219.93,0.999,0.923,50.01,OK
1761792675.171835,19.853,10.334,205.15,50.39,220.29,1.002,0.929,50.0,OK
1761792675.2734978,19.879,10.182,202.4,50.39,220.29,0.959,0.958,49.96,OK
1761792675.3749104,19.81,10.285,203.75,50.39,219.79,0.977,0.949,49.98,OK
1761792675.475968,19.87,10.244,203.54,50.39,220.25,0.946,0.977,49.98,OK
1761792675.5773609,19.801,10.246,202.88,50.39,219.83,0.968,0.953,50.01,OK
1761792675.67854,19.8,10.341,204.75,50.39,219.76,0.992,0.939,49.96,OK
1761792675.7797363,19.839,10.33,204.95,50.39,220.07,0.995,0.936,50.04,OK
1761792675.881056,19.798,10.241,202.76,50.39,220.15,0.965,0.954,50.01,OK
1761792675.9839168,19.839,10.275,203.84,50.39,220.12,0.946,0.979,50.05,OK
1761792676.0850246,19.857,10.26,203.73,50.39,219.96,0.961,0.963,49.98,OK
1761792676.186652,19.83,10.246,203.19,50.39,220.23,0.975,0.947,50.01,OK
1761792676.2884345,19.843,10.193,202.26,50.39,219.68,0.981,0.938,50.04,OK
1761792676.3904908,19.863,10.141,201.44,50.39,219.65,0.947,0.968,49.97,OK
1761792676.4917443,19.84,10.311,204.57,50.39,219.65,0.979,0.951,49.97,OK
1761792676.5941496,19.851,10.215,202.79,50.39,220.35,0.982,0.937,49.96,OK
1761792676.6963933,19.87,10.238,203.42,50.39,219.89,0.986,0.938,49.99,OK
1761792676.7979221,19.836,10.296,204.24,50.39,219.84,0.96,0.967,49.96,OK
1761792676.8991277,19.886,10.133,201.49,50.39,220.26,0.979,0.934,50.04,OK
1761792677.0004444,19.847,10.275,203.93,50.39,220.3,0.945,0.98,49.96,OK
1761792677.1167755,19.849,10.148,201.43,50.39,219.89,0.966,0.948,49.99,OK
1761792677.2195938,19.886,10.067,200.2,50.39,220.2,0.938,0.969,50.02,OK
1761792677.321105,19.816,10.142,200.97,50.39,220.16,0.974,0.937,49.99,OK
1761792677.4445355,19.829,10.229,202.84,50.39,220.17,0.941,0.979,50.04,OK
1761792677.5500703,19.795,10.167,201.27,50.39,220.27,0.964,0.947,49.99,OK
1761792677.6511812,19.886,10.16,202.03,50.39,219.6,0.954,0.965,50.0,OK
1761792677.752408,19.86,10.089,200.36,50.39,219.82,0.976,0.934,49.99,OK
1761792677.8542013,19.834,10.207,202.44,50.39,219.88,0.98,0.94,50.0,OK
1761792677.9595983,19.828,10.189,202.03,50.39,220.28,0.979,0.937,50.05,OK
1761792678.065452,19.863,10.118,200.97,50.39,220.06,0.992,0.921,50.01,OK
1761792678.1670783,19.797,10.169,201.32,50.39,220.32,0.952,0.96,50.03,OK
1761792678.269268,19.847,10.065,199.77,50.39,220.33,0.969,0.936,50.04,OK
1761792678.371081,19.869,10.119,201.05,50.39,220.15,0.987,0.926,50.04,OK
1761792678.473093,19.808,10.196,201.96,50.39,220.13,0.961,0.955,50.03,OK
1761792678.5748131,19.844,10.067,199.76,50.39,220.2,0.986,0.92,49.98,OK
1761792678.6761348,19.819,10.176,201.67,50.39,220.2,0.944,0.97,50.02,OK
1761792678.7782001,19.856,10.104,200.63,50.39,219.64,0.978,0.934,49.97,OK
1761792678.8826265,19.872,9.974,198.21,50.39,219.72,0.935,0.965,49.97,OK
1761792678.9926097,19.805,10.053,199.1,50.39,220.14,0.939,0.963,50.01,OK
1761792679.1093998,19.886,9.954,197.94,50.39,219.7,0.957,0.941,49.97,OK
1761792679.2205582,19.84,10.035,199.1,50.39,220.16,0.925,0.977,50.04,OK
1761792679.325883,19.858,10.027,199.12,50.39,219.83,0.977,0.927,50.02,OK
1761792679.4282393,19.883,10.025,199.33,50.39,219.88,0.973,0.932,49.96,OK
1761792679.5302494,19.829,10.018,198.65,50.39,220.11,0.965,0.936,50.02,OK
1761792679.632342,19.857,9.95,197.59,50.39,219.72,0.968,0.929,50.05,OK
1761792679.7388208,19.876,10.033,199.42,50.39,220.12,0.974,0.93,50.04,OK
1761792679.8402026,19.888,9.886,196.6,50.39,220.27,0.927,0.963,50.01,OK
1761792679.9418497,19.85,9.9,196.52,50.39,220.22,0.948,0.941,49.97,OK
1761792680.0432093,19.855,9.942,197.39,50.39,219.99,0.924,0.971,49.95,OK
1761792680.1441495,19.854,10.071,199.96,50.39,220.2,0.984,0.923,50.0,OK
1761792680.2467642,19.877,10.044,199.64,50.39,220.19,0.951,0.953,49.97,OK
1761792680.3481083,19.871,9.992,198.56,50.39,220.34,0.968,0.931,49.96,OK
1761792680.4498074,19.825,10.029,198.83,50.39,220.1,0.928,0.974,50.04,OK
1761792680.5527642,19.878,10.025,199.27,50.39,220.08,0.953,0.95,50.01,OK
1761792680.6573243,19.814,9.928,196.72,50.39,219.86,0.966,0.926,50.04,OK
1761792680.7593958,19.805,9.937,196.79,50.39,219.67,0.95,0.943,49.99,OK
1761792680.8608882,19.818,9.954,197.27,50.39,220.36,0.943,0.95,50.04,OK
1761792680.9624612,19.861,9.996,198.52,50.39,220.25,0.966,0.933,49.95,OK
1761792681.0641084,19.848,9.89,196.3,50.39,219.86,0.941,0.949,49.96,OK
1761792681.1659038,19.812,9.946,197.04,50.39,220.0,0.928,0.965,50.01,OK
1761792681.2673872,19.812,9.995,198.02,50.39,220.0,0.964,0.934,50.04,OK
1761792681.3691218,19.88,9.856,195.94,50.39,220.12,0.932,0.955,49.97,OK
1761792681.4704008,19.796,9.93,196.57,50.39,219.92,0.961,0.93,49.99,OK
1761792681.5726995,19.834,9.948,197.31,50.39,219.64,0.92,0.977,50.0,OK
1761792681.6833518,19.856,9.988,198.32,50.39,219.69,0.97,0.931,50.01,OK
1761792681.7853346,19.864,9.875,196.17,50.39,219.78,0.935,0.955,49.97,OK
1761792681.886993,19.82,9.917,196.56,50.39,220.3,0.928,0.961,50.04,OK
1761792681.9943337,19.822,9.892,196.07,50.39,220.33,0.92,0.967,50.0,OK
1761792682.0962908,19.816,10.0,198.17,50.39,220.06,0.927,0.972,50.03,OK
1761792682.2339838,19.825,9.803,194.34,50.39,219.78,0.93,0.95,49.99,OK
1761792682.6203797,19.81,9.943,196.98,50.39,220.25,0.968,0.924,50.04,OK
1761792682.8100646,19.815,9.8,194.19,50.39,220.03,0.936,0.943,49.99,OK
1761792682.91227,19.844,9.787,194.22,50.39,219.62,0.94,0.941,49.95,OK
1761792683.0134637,19.825,9.91,196.46,50.39,219.83,0.943,0.948,49.98,OK
1761792683.1160774,19.881,9.95,197.82,50.39,220.23,0.938,0.958,49.97,OK
1761792683.2177432,19.808,9.989,197.87,50.39,219.72,0.949,0.949,49.98,OK
1761792683.3193665,19.803,9.895,195.95,50.39,219.63,0.968,0.922,49.97,OK
1761792683.4212701,19.866,9.93,197.27,50.39,219.87,0.933,0.962,49.97,OK
1761792683.5227997,19.869,9.802,194.75,50.39,220.26,0.951,0.93,50.02,OK
1761792683.624749,19.879,9.895,196.71,50.39,220.26,0.913,0.979,49.95,OK
1761792683.7263,19.827,9.848,195.26,50.39,219.92,0.928,0.957,49.97,OK
1761792683.827751,19.794,9.838,194.74,50.39,220.34,0.921,0.959,49.97,OK
1761792683.9289963,19.87,9.817,195.06,50.39,220.32,0.933,0.949,50.01,OK
1761792684.03026,19.821,9.857,195.37,50.39,220.01,0.912,0.974,49.99,OK
1761792684.1313267,19.807,9.84,194.91,50.39,219.8,0.93,0.954,49.98,OK
1761792684.2322955,19.875,9.924,197.23,50.39,220.25,0.943,0.95,49.96,OK
1761792684.333518,19.808,9.981,197.71,50.39,219.75,0.939,0.958,50.02,OK
1761792684.4349413,19.867,9.962,197.92,50.39,219.69,0.924,0.975,49.99,OK
1761792684.5360186,19.835,9.861,195.59,50.39,220.27,0.947,0.938,50.04,OK
1761792684.6372228,19.79,9.93,196.51,50.39,220.1,0.94,0.95,50.0,OK
1761792684.738494,19.85,9.986,198.23,50.39,219.9,0.978,0.922,49.96,OK
1761792684.8399968,19.819,9.905,196.32,50.39,219.9,0.965,0.925,50.02,OK
1761792684.941599,19.84,9.838,195.19,50.39,220.22,0.943,0.94,49.98,OK
1761792685.0427198,19.809,9.857,195.25,50.39,220.27,0.942,0.941,49.98,OK
1761792685.1446276,19.863,9.992,198.48,50.39,220.1,0.943,0.956,50.03,OK
1761792685.2460067,19.807,10.018,198.43,50.39,219.73,0.928,0.973,49.98,OK
1761792685.3472173,19.829,10.027,198.83,50.39,219.65,0.93,0.973,50.03,OK
1761792685.4485521,19.829,9.913,196.56,50.39,220.29,0.917,0.973,49.97,OK
1761792685.5498693,19.87,9.947,197.66,50.39,219.68,0.922,0.976,49.99,OK
1761792685.6619108,19.825,9.93,196.87,50.39,220.26,0.931,0.96,49.97,OK
1761792685.763617,19.792,10.001,197.93,50.39,219.64,0.938,0.961,50.05,OK
1761792685.8677046,19.856,9.915,196.87,50.39,219.7,0.964,0.93,49.98,OK
1761792685.976432,19.818,10.048,199.13,50.39,219.67,0.981,0.924,49.98,OK
1761792686.0787222,19.808,9.924,196.58,50.39,220.13,0.95,0.94,50.0,OK
1761792686.1829886,19.811,10.066,199.41,50.39,219.64,0.981,0.925,49.99,OK
1761792686.2844214,19.824,9.926,196.78,50.39,219.8,0.921,0.972,49.97,OK
1761792686.3859525,19.811,10.091,199.9,50.39,220.15,0.94,0.966,50.03,OK
1761792686.487833,19.873,9.904,196.82,50.39,219.84,0.928,0.965,50.04,OK
1761792686.5892346,19.818,9.906,196.32,50.39,220.27,0.945,0.943,50.0,OK
1761792686.691456,19.834,10.034,199.0,50.39,220.16,0.948,0.954,50.0,OK
1761792686.7933855,19.797,10.101,199.96,50.39,220.14,0.936,0.971,49.98,OK
1761792686.8958695,19.888,9.91,197.09,50.39,220.32,0.921,0.971,49.98,OK
1761792687.0015745,19.889,9.989,198.67,50.39,220.2,0.948,0.952,49.99,OK
1761792687.1043868,19.873,9.907,196.87,50.39,219.89,0.944,0.948,49.96,OK
1761792687.2062035,19.818,10.08,199.76,50.39,220.07,0.94,0.965,50.0,OK
1761792687.3079062,19.868,9.961,197.91,50.39,219.87,0.975,0.923,49.98,OK
1761792687.4101443,19.819,9.983,197.85,50.39,220.31,0.971,0.925,50.01,OK
1761792687.511686,19.805,10.022,198.49,50.39,219.75,0.967,0.934,49.96,OK
1761792687.6131725,19.878,10.002,198.82,50.39,220.04,0.926,0.976,49.98,OK
1761792687.7205184,19.817,10.126,200.68,50.39,219.66,0.947,0.965,50.02,OK
1761792687.8231122,19.869,9.981,198.31,50.39,220.22,0.954,0.944,50.04,OK
1761792687.9253554,19.826,10.085,199.94,50.39,220.32,0.935,0.971,50.05,OK
1761792688.0267098,19.795,10.092,199.77,50.39,220.21,0.967,0.938,50.04,OK
1761792688.128181,19.859,10.015,198.89,50.39,220.19,0.97,0.931,50.02,OK
1761792688.2301776,19.839,10.056,199.5,50.39,219.89,0.932,0.973,49.98,OK
1761792688.3337276,19.873,10.128,201.28,50.39,220.17,0.949,0.963,49.98,OK
1761792688.4350836,19.809,10.171,201.47,50.39,220.37,0.965,0.948,50.01,OK
1761792688.5396209,19.888,10.109,201.05,50.39,220.15,0.977,0.935,50.02,OK
1761792688.6432807,19.846,10.053,199.5,50.39,219.63,0.927,0.98,50.01,OK
1761792688.745262,19.851,10.031,199.13,50.39,220.34,0.976,0.926,50.03,OK
1761792688.8472297,19.887,10.163,202.11,50.39,220.31,0.943,0.973,50.0,OK
1761792688.9487422,19.809,10.143,200.93,50.39,219.97,0.975,0.937,50.0,OK
1761792689.061094,19.861,10.209,202.76,50.39,219.77,0.957,0.964,49.98,OK
1761792689.1640923,19.81,10.262,203.28,50.39,219.9,0.972,0.951,49.98,OK
1761792689.2658613,19.878,10.073,200.23,50.39,220.39,0.987,0.921,50.01,OK
1761792689.3677084,19.881,10.084,200.48,50.39,220.26,0.943,0.965,50.01,OK
1761792689.4697309,19.876,10.256,203.85,50.39,220.13,0.948,0.977,49.96,OK
1761792689.572015,19.838,10.277,203.88,50.39,220.2,0.95,0.974,49.99,OK
1761792689.6765811,19.863,10.215,202.9,50.39,219.65,0.95,0.972,49.97,OK
1761792689.8852227,19.871,10.25,203.68,50.39,219.77,0.965,0.961,50.02,OK
1761792689.9923983,19.81,10.255,203.16,50.39,219.92,0.971,0.952,50.03,OK
1761792690.0955026,19.881,10.176,202.31,50.39,219.98,0.948,0.97,50.03,OK
1761792690.19693,19.834,10.309,204.47,50.39,220.35,0.977,0.949,50.01,OK
1761792690.2981133,19.812,10.207,202.22,50.39,219.92,0.977,0.941,50.01,OK
1761792690.4002397,19.84,10.129,200.96,50.39,220.15,0.939,0.972,50.0,OK
1761792690.501777,19.884,10.299,204.78,50.39,220.08,0.963,0.966,50.02,OK
1761792690.604794,19.876,10.192,202.58,50.39,219.68,0.993,0.929,50.03,OK
1761792690.706458,19.888,10.273,204.3,50.39,219.67,1.002,0.928,50.03,OK
1761792690.8080606,19.81,10.283,203.7,50.39,219.85,0.977,0.949,49.99,OK
1761792690.910408,19.881,10.213,203.05,50.39,219.69,0.992,0.931,49.96,OK
1761792691.0125604,19.81,10.217,202.4,50.39,219.92,0.978,0.941,49.99,OK
1761792691.1143408,19.861,10.333,205.22,50.39,220.32,0.993,0.938,50.01,OK
1761792691.2163806,19.824,10.277,203.73,50.39,220.09,0.99,0.935,49.98,OK
1761792691.3177936,19.855,10.216,202.83,50.39,219.66,0.96,0.962,49.98,OK
1761792691.4199052,19.851,10.229,203.06,50.39,220.24,0.984,0.937,50.03,OK
1761792691.5221996,19.873,10.192,202.54,50.39,220.33,0.996,0.923,50.04,OK
1761792691.6236415,19.87,10.157,201.83,50.39,219.8,0.976,0.941,49.97,OK
1761792691.7250266,19.872,10.273,204.14,50.39,219.75,0.962,0.965,50.04,OK
1761792691.826949,19.85,10.253,203.52,50.39,219.99,0.985,0.939,49.99,OK
1761792691.928452,19.887,10.348,205.79,50.39,220.04,1.004,0.931,49.95,OK
1761792692.0302174,19.811,10.384,205.71,50.39,219.78,1.009,0.927,49.97,OK
1761792692.1313977,19.88,10.343,205.63,50.39,220.15,0.964,0.969,49.96,OK
1761792692.2439988,19.812,10.207,202.23,50.39,220.08,0.975,0.943,50.01,OK
1761792692.3455489,19.849,10.23,203.06,50.39,219.76,0.982,0.941,50.0,OK
1761792692.4471648,19.848,10.265,203.74,50.39,220.05,0.948,0.977,49.99,OK
1761792692.5485246,19.849,10.359,205.61,50.39,220.24,1.008,0.926,50.01,OK
1761792692.6501052,19.886,10.323,205.29,50.39,219.81,0.966,0.967,49.95,OK
1761792692.7519412,19.836,10.238,203.07,50.39,220.19,0.979,0.942,49.98,OK
1761792692.8567297,19.793,10.264,203.15,50.39,219.78,0.995,0.929,50.02,OK
1761792692.9605541,19.825,10.291,204.02,50.39,220.38,0.98,0.944,50.03,OK
1761792693.0662243,19.881,10.24,203.59,50.39,220.03,0.973,0.95,49.99,OK
1761792693.1677423,19.878,10.286,204.47,50.39,219.75,0.984,0.946,50.02,OK
1761792693.269712,19.886,10.244,203.72,50.39,220.23,0.967,0.957,50.01,OK
1761792693.3719308,19.829,10.319,204.63,50.39,219.75,0.972,0.958,49.96,OK
1761792693.4733171,19.798,10.238,202.7,50.39,220.29,0.94,0.979,50.03,OK
1761792693.5751436,19.839,10.203,202.41,50.39,220.16,0.945,0.973,49.99,OK
1761792693.677145,19.853,10.361,205.71,50.39,219.87,0.978,0.957,50.03,OK
1761792693.7785218,19.846,10.334,205.09,50.39,219.63,0.999,0.935,49.99,OK
1761792693.880702,19.867,10.179,202.22,50.39,219.96,0.998,0.921,49.96,OK
1761792693.982111,19.828,10.182,201.89,50.39,219.92,0.973,0.944,50.01,OK
1761792694.0837674,19.798,10.309,204.1,50.39,220.37,0.97,0.955,50.01,OK
1761792694.1855996,19.876,10.275,204.22,50.39,219.79,0.969,0.959,49.96,OK
1761792694.2875462,19.836,10.165,201.63,50.39,219.85,0.961,0.954,49.97,OK
1761792694.3913045,19.797,10.258,203.09,50.39,219.85,0.996,0.928,49.98,OK
1761792694.492344,19.815,10.325,204.59,50.39,220.38,0.974,0.953,50.0,OK
1761792694.5936203,19.887,10.122,201.29,50.39,219.98,0.982,0.932,49.97,OK
1761792694.6961145,19.797,10.265,203.21,50.39,219.66,0.984,0.94,49.98,OK
1761792694.7974596,19.864,10.17,202.02,50.39,219.9,0.982,0.935,49.97,OK
1761792694.8996534,19.794,10.263,203.14,50.39,219.74,0.963,0.96,49.99,OK
1761792695.0014079,19.879,10.284,204.43,50.39,219.64,0.953,0.977,49.98,OK
1761792695.1229181,19.792,10.314,204.14,50.39,220.24,0.976,0.95,49.96,OK
1761792695.2353005,19.8,10.199,201.94,50.39,219.86,0.944,0.973,50.03,OK
1761792695.3489003,19.842,10.167,201.74,50.39,219.73,0.971,0.946,49.96,OK
1761792695.4512353,19.847,10.224,202.93,50.39,219.91,0.958,0.963,49.95,OK
1761792695.5536015,19.814,10.273,203.55,50.39,219.67,0.988,0.937,50.03,OK
1761792695.6566691,19.83,10.241,203.09,50.39,220.05,0.979,0.943,50.02,OK
1761792695.7581875,19.866,10.119,201.02,50.39,220.39,0.949,0.961,50.02,OK
1761792695.8597362,19.798,10.268,203.3,50.39,219.9,0.96,0.963,50.02,OK
1761792695.96153,19.827,10.247,203.16,50.39,219.68,1.005,0.92,49.95,OK
1761792696.0625637,19.844,10.094,200.3,50.39,219.81,0.961,0.948,49.97,OK
1761792696.1640267,19.853,10.136,201.24,50.39,219.89,0.951,0.963,49.98,OK
1761792696.2658148,19.809,10.142,200.91,50.39,220.19,0.946,0.965,49.96,OK
1761792696.3669941,19.814,10.094,200.0,50.39,220.27,0.927,0.98,49.98,OK
1761792696.468377,19.791,10.175,201.37,50.39,220.4,0.936,0.976,49.98,OK
1761792696.570679,19.807,10.082,199.69,50.39,220.2,0.969,0.936,50.03,OK
1761792696.672362,19.868,10.147,201.6,50.39,219.73,0.953,0.963,50.04,OK
1761792696.7736645,19.813,10.237,202.82,50.39,219.94,0.977,0.943,50.0,OK
1761792696.875061,19.836,10.082,199.98,50.39,220.13,0.953,0.954,50.0,OK
1761792696.9763854,19.82,10.157,201.31,50.39,220.22,0.951,0.961,50.04,OK
1761792697.0782595,19.881,10.098,200.77,50.39,219.6,0.978,0.935,50.01,OK
1761792697.191226,19.861,10.07,200.0,50.39,219.78,0.963,0.945,49.96,OK
1761792697.2933342,19.837,10.079,199.93,50.39,219.76,0.943,0.965,49.96,OK
1761792697.395241,19.804,10.063,199.29,50.39,219.65,0.972,0.934,50.0,OK
1761792697.497245,19.831,10.039,199.08,50.39,220.27,0.932,0.97,49.97,OK
1761792697.600971,19.878,10.054,199.87,50.39,219.97,0.963,0.944,49.97,OK
1761792697.7024739,19.871,10.032,199.35,50.39,220.05,0.927,0.978,50.03,OK
1761792697.8043206,19.879,10.019,199.17,50.39,219.85,0.966,0.938,49.96,OK
1761792697.9051912,19.819,10.01,198.39,50.39,219.66,0.95,0.951,49.97,OK
1761792698.018355,19.828,10.134,200.94,50.39,219.76,0.952,0.96,49.99,OK
1761792698.119858,19.839,10.131,200.99,50.39,219.72,0.984,0.93,49.95,OK
1761792698.2224886,19.821,10.12,200.59,50.39,220.01,0.961,0.948,50.02,OK
1761792698.324842,19.857,10.104,200.64,50.39,219.79,0.96,0.951,50.01,OK
1761792698.4396987,19.865,9.968,198.01,50.39,220.1,0.976,0.922,49.96,OK
1761792698.5410926,19.864,10.02,199.04,50.39,220.1,0.976,0.927,49.97,OK
1761792698.6425884,19.806,10.118,200.4,50.39,219.78,0.939,0.971,49.99,OK
1761792698.7442214,19.791,9.967,197.25,50.39,219.66,0.945,0.95,50.02,OK
1761792698.845616,19.804,9.963,197.32,50.39,219.68,0.967,0.928,50.01,OK
1761792698.946846,19.851,9.922,196.96,50.39,220.32,0.949,0.942,49.98,OK
1761792699.0500667,19.835,9.973,197.82,50.39,219.62,0.944,0.955,49.98,OK
1761792699.1513262,19.86,9.921,197.04,50.39,220.29,0.955,0.936,49.98,OK
1761792699.2526503,19.798,9.922,196.44,50.39,219.96,0.928,0.962,49.99,OK
1761792699.3542523,19.835,10.054,199.42,50.39,219.64,0.972,0.934,49.97,OK
1761792699.455391,19.82,9.874,195.7,50.39,220.32,0.937,0.948,50.03,OK
1761792699.5567553,19.817,10.008,198.33,50.39,220.18,0.95,0.948,50.03,OK
1761792699.658484,19.84,9.902,196.46,50.39,220.05,0.936,0.953,49.97,OK
1761792699.7718337,19.811,9.92,196.52,50.39,220.3,0.955,0.934,50.03,OK
1761792699.8731606,19.807,9.868,195.45,50.39,220.19,0.906,0.98,50.0,OK
1761792699.9746754,19.875,9.895,196.66,50.39,220.15,0.929,0.961,49.99,OK
1761792700.0761673,19.838,9.848,195.36,50.39,219.99,0.954,0.931,50.02,OK
1761792700.179334,19.829,9.882,195.96,50.39,220.37,0.94,0.946,50.05,OK
1761792700.280274,19.866,9.877,196.23,50.39,219.7,0.915,0.976,50.04,OK
1761792700.3881402,19.809,9.923,196.57,50.39,220.1,0.919,0.972,49.96,OK
1761792700.4920204,19.799,9.951,197.02,50.39,219.82,0.922,0.972,49.99,OK
1761792700.5945175,19.857,9.912,196.83,50.39,219.93,0.939,0.953,49.99,OK
1761792700.7114367,19.836,9.902,196.41,50.39,219.9,0.919,0.972,49.96,OK
1761792700.8133862,19.854,9.951,197.56,50.39,219.63,0.932,0.965,50.01,OK
1761792700.9149008,19.809,9.899,196.1,50.39,220.09,0.938,0.95,50.05,OK
1761792701.0164237,19.823,9.814,194.55,50.39,219.62,0.938,0.944,50.02,OK
1761792701.11945,19.794,9.904,196.04,50.39,219.93,0.954,0.935,49.98,OK
1761792701.2239625,19.844,9.953,197.5,50.39,219.87,0.964,0.932,49.98,OK
1761792701.3309011,19.798,9.881,195.63,50.39,219.98,0.909,0.979,50.04,OK
1761792701.4544785,19.796,9.901,195.99,50.39,219.67,0.922,0.967,49.98,OK
1761792701.5559628,19.886,9.95,197.87,50.39,220.19,0.951,0.945,49.99,OK
1761792701.657346,19.799,9.94,196.8,50.39,220.07,0.961,0.931,50.02,OK
1761792701.759413,19.887,9.852,195.94,50.39,219.6,0.928,0.961,49.98,OK
1761792701.8622096,19.855,9.853,195.64,50.39,219.83,0.949,0.938,50.02,OK
1761792701.9646244,19.808,9.909,196.27,50.39,220.36,0.923,0.965,49.95,OK
1761792702.0660884,19.837,9.817,194.74,50.39,220.29,0.916,0.965,50.01,OK
1761792702.1676748,19.881,9.9,196.82,50.39,220.15,0.946,0.945,50.05,OK
1761792702.269813,19.796,9.92,196.38,50.39,219.79,0.931,0.959,50.04,OK
1761792702.3728642,19.882,9.896,196.75,50.39,219.87,0.927,0.965,50.02,OK
1761792702.4748025,19.795,9.964,197.24,50.39,220.34,0.944,0.948,49.98,OK
1761792702.5763779,19.792,9.992,197.77,50.39,220.14,0.938,0.958,49.96,OK
1761792702.679733,19.81,9.902,196.15,50.39,220.1,0.941,0.947,49.99,OK
1761792702.7808845,19.825,9.82,194.68,50.39,220.17,0.915,0.966,50.02,OK
1761792702.8825865,19.889,9.843,195.77,50.39,220.18,0.914,0.972,50.02,OK
1761792702.9846005,19.841,9.976,197.95,50.39,220.36,0.949,0.946,50.03,OK
1761792703.0879722,19.812,9.805,194.25,50.39,220.28,0.944,0.934,49.99,OK
1761792703.1983984,19.817,9.923,196.64,50.39,219.66,0.914,0.979,50.04,OK
1761792703.2998054,19.87,9.849,195.7,50.39,220.13,0.951,0.935,49.98,OK
1761792703.4009066,19.806,9.997,197.99,50.39,219.95,0.935,0.963,50.02,OK
1761792703.5055013,19.806,9.981,197.69,50.39,219.67,0.946,0.951,49.96,OK
1761792703.6065032,19.874,9.8,194.77,50.39,219.9,0.923,0.959,49.97,OK
1761792703.7080343,19.876,9.868,196.15,50.39,220.38,0.949,0.938,50.01,OK
1761792703.8117619,19.878,9.799,194.78,50.39,219.94,0.929,0.953,49.99,OK
1761792703.9131253,19.87,9.827,195.26,50.39,219.65,0.947,0.939,49.99,OK
1761792704.0146267,19.847,9.995,198.38,50.39,219.95,0.935,0.965,49.97,OK
1761792704.1163542,19.884,9.987,198.58,50.39,220.21,0.925,0.975,50.01,OK
1761792704.2174752,19.858,9.909,196.76,50.39,219.85,0.964,0.928,50.0,OK
1761792704.31896,19.851,10.018,198.87,50.39,219.79,0.939,0.964,50.01,OK
1761792704.4204757,19.859,9.92,196.99,50.39,220.38,0.937,0.954,50.0,OK
1761792704.5221856,19.883,9.934,197.51,50.39,220.13,0.964,0.931,49.96,OK
1761792704.623769,19.846,9.85,195.47,50.39,219.97,0.925,0.961,50.01,OK
1761792704.725143,19.833,9.996,198.25,50.39,220.29,0.967,0.93,49.97,OK
1761792704.8270786,19.848,9.9,196.5,50.39,220.26,0.925,0.965,49.98,OK
1761792704.9291594,19.888,9.963,198.15,50.39,220.31,0.957,0.94,50.02,OK
1761792705.0309381,19.823,9.911,196.46,50.39,219.73,0.966,0.925,49.96,OK
1761792705.1321275,19.846,10.012,198.69,50.39,220.1,0.946,0.954,50.05,OK
1761792705.233761,19.808,10.068,199.42,50.39,220.11,0.934,0.97,49.97,OK
1761792705.3388443,19.801,10.025,198.5,50.39,219.97,0.933,0.967,49.97,OK
1761792705.4405692,19.881,9.882,196.48,50.39,219.72,0.929,0.962,49.97,OK
1761792705.541749,19.825,10.078,199.79,50.39,220.21,0.932,0.974,49.99,OK
1761792705.6576657,19.812,9.969,197.51,50.39,219.66,0.943,0.953,50.02,OK
1761792705.7660434,19.886,9.934,197.54,50.39,219.9,0.918,0.978,49.98,OK
1761792705.8693306,19.794,9.966,197.26,50.39,219.65,0.958,0.937,50.04,OK
1761792705.9876745,19.821,10.044,199.08,50.39,220.14,0.933,0.969,50.0,OK
1761792706.0927901,19.815,10.055,199.24,50.39,220.29,0.938,0.964,49.98,OK
1761792706.1943955,19.853,10.086,200.23,50.39,219.69,0.94,0.97,50.04,OK
1761792706.295834,19.81,10.099,200.06,50.39,219.92,0.984,0.924,49.95,OK
1761792706.3976476,19.846,10.124,200.92,50.39,220.08,0.959,0.952,50.04,OK
1761792706.4988673,19.886,10.098,200.8,50.39,220.23,0.974,0.936,50.03,OK
1761792706.6003432,19.818,9.978,197.74,50.39,220.4,0.955,0.94,49.99,OK
1761792706.70122,19.816,10.025,198.66,50.39,220.38,0.951,0.948,49.99,OK
1761792706.8100455,19.822,10.14,201.0,50.39,219.94,0.984,0.929,50.02,OK
1761792706.9125047,19.807,10.161,201.27,50.39,220.4,0.992,0.92,50.01,OK
1761792707.0148363,19.81,10.087,199.82,50.39,220.05,0.957,0.949,50.0,OK
1761792707.117727,19.873,10.083,200.38,50.39,220.26,0.971,0.937,50.04,OK
1761792707.221384,19.873,10.0,198.73,50.39,220.11,0.934,0.966,49.96,OK
1761792707.324304,19.805,10.225,202.51,50.39,220.06,0.978,0.941,50.02,OK
1761792707.4255543,19.797,10.089,199.74,50.39,220.03,0.941,0.965,49.97,OK
1761792707.5273428,19.873,10.008,198.89,50.39,219.87,0.981,0.922,50.01,OK
1761792707.6301043,19.843,10.205,202.5,50.39,219.74,0.966,0.954,50.04,OK
1761792707.7322717,19.863,10.057,199.77,50.39,220.01,0.964,0.942,50.04,OK
1761792707.837277,19.875,10.189,202.5,50.39,220.35,0.953,0.965,49.95,OK
1761792707.939986,19.79,10.235,202.56,50.39,219.73,0.991,0.93,50.04,OK
1761792708.0411232,19.868,10.143,201.52,50.39,220.24,0.941,0.972,50.01,OK
1761792708.1424105,19.865,10.193,202.48,50.39,219.92,0.971,0.948,50.03,OK
1761792708.2442179,19.866,10.085,200.35,50.39,220.23,0.958,0.95,49.95,OK
1761792708.3460698,19.86,10.14,201.38,50.39,219.91,0.977,0.937,50.05,OK
1761792708.4482172,19.878,10.202,202.8,50.39,220.28,0.984,0.936,50.0,OK
1761792708.550082,19.858,10.122,201.01,50.39,220.24,0.957,0.953,49.96,OK
1761792708.6518714,19.864,10.2,202.6,50.39,219.66,1.002,0.921,50.01,OK
1761792708.7537622,19.792,10.282,203.5,50.39,220.18,0.97,0.953,50.0,OK
1761792708.8553047,19.882,10.158,201.96,50.39,219.76,0.959,0.959,49.96,OK
1761792708.9569182,19.886,10.267,204.17,50.39,219.74,1.01,0.92,50.01,OK
1761792709.0583994,19.866,10.287,204.35,50.39,219.85,0.989,0.94,49.99,OK
1761792709.160368,19.812,10.284,203.75,50.39,220.27,0.969,0.954,50.0,OK
1761792709.2621388,19.877,10.229,203.32,50.39,219.66,0.964,0.96,50.04,OK
1761792709.3636878,19.828,10.16,201.46,50.39,219.75,0.975,0.941,50.03,OK
1761792709.4654713,19.861,10.294,204.45,50.39,220.15,0.996,0.932,50.04,OK
1761792709.56675,19.845,10.275,203.91,50.39,219.98,0.978,0.948,49.95,OK
1761792709.6678164,19.887,10.184,202.53,50.39,220.07,0.995,0.925,49.95,OK
1761792709.7690525,19.881,10.199,202.77,50.39,219.81,0.957,0.964,49.99,OK
1761792709.871559,19.806,10.226,202.54,50.39,219.63,0.988,0.934,49.98,OK
1761792709.972775,19.83,10.193,202.12,50.39,219.76,0.994,0.925,50.01,OK
1761792710.0738895,19.871,10.238,203.45,50.39,220.34,0.991,0.932,50.01,OK
1761792710.174879,19.8,10.181,201.58,50.39,220.29,0.938,0.975,49.95,OK
1761792710.2758005,19.868,10.273,204.12,50.39,219.99,1.003,0.925,50.01,OK
1761792710.377227,19.829,10.348,205.19,50.39,220.37,0.965,0.965,50.0,OK
1761792710.4789314,19.872,10.253,203.75,50.39,219.89,0.947,0.979,50.0,OK
1761792710.5805926,19.863,10.185,202.3,50.39,220.03,0.943,0.975,49.98,OK
1761792710.6823153,19.81,10.378,205.58,50.39,220.17,1.015,0.92,49.95,OK
1761792710.783855,19.869,10.277,204.2,50.39,219.99,0.952,0.975,49.99,OK
1761792710.8928046,19.842,10.337,205.12,50.39,219.89,0.968,0.964,50.04,OK
1761792711.0117624,19.817,10.361,205.32,50.39,220.09,0.983,0.949,49.96,OK
1761792711.1261573,19.877,10.194,202.63,50.39,219.89,0.949,0.971,49.99,OK
1761792711.2278614,19.809,10.223,202.51,50.39,220.01,0.952,0.967,50.03,OK
1761792711.328889,19.804,10.255,203.1,50.39,220.03,0.964,0.957,50.05,OK
1761792711.430265,19.858,10.244,203.42,50.39,220.26,0.943,0.979,50.0,OK
1761792711.5313568,19.802,10.207,202.11,50.39,220.19,0.968,0.948,50.02,OK
1761792711.6322253,19.825,10.316,204.51,50.39,220.38,0.963,0.964,50.01,OK
1761792711.738529,19.823,10.334,204.85,50.39,220.13,1.002,0.929,50.0,OK
1761792711.8399355,19.791,10.232,202.51,50.39,220.13,0.945,0.973,50.0,OK
1761792711.9415069,19.855,10.194,202.39,50.39,219.71,1.0,0.921,50.04,OK
1761792712.0438256,19.86,10.277,204.11,50.39,219.67,0.984,0.944,50.04,OK
1761792712.1453798,19.802,10.284,203.63,50.39,219.7,0.959,0.967,50.03,OK
1761792712.2472882,19.856,10.279,204.1,50.39,219.6,1.001,0.928,49.99,OK
1761792712.3488944,19.827,10.213,202.49,50.39,220.35,0.972,0.945,49.96,OK
1761792712.4501097,19.796,10.357,205.03,50.39,219.68,0.97,0.962,50.02,OK
1761792712.55187,19.864,10.328,205.16,50.39,220.2,0.958,0.973,50.01,OK
1761792712.6534812,19.875,10.236,203.45,50.39,219.78,0.988,0.937,50.0,OK
1761792712.7549696,19.875,10.295,204.62,50.39,219.79,0.974,0.956,49.99,OK
1761792712.8562899,19.885,10.308,204.97,50.39,220.37,1.006,0.925,49.98,OK
1761792712.9575992,19.851,10.311,204.69,50.39,220.29,0.972,0.956,49.98,OK
1761792713.0589337,19.838,10.275,203.84,50.39,220.32,0.979,0.945,49.96,OK
1761792713.159908,19.875,10.178,202.28,50.39,220.37,0.959,0.958,50.01,OK
1761792713.261193,19.855,10.198,202.48,50.39,219.64,0.947,0.973,50.02,OK
1761792713.3622696,19.855,10.311,204.73,50.39,220.12,0.958,0.971,50.01,OK
1761792713.4632416,19.792,10.292,203.7,50.39,220.33,1.005,0.92,50.0,OK
1761792713.564339,19.873,10.264,203.97,50.39,220.14,0.973,0.952,50.04,OK
1761792713.6657023,19.82,10.161,201.4,50.39,219.73,0.963,0.952,50.02,OK
1761792713.7670069,19.88,10.262,204.01,50.39,219.84,0.999,0.929,49.96,OK
1761792713.8678539,19.884,10.137,201.57,50.39,220.17,0.964,0.95,49.95,OK
1761792713.9691367,19.793,10.194,201.77,50.39,220.11,0.946,0.969,50.03,OK
1761792714.071381,19.802,10.19,201.79,50.39,219.66,0.973,0.944,49.99,OK
1761792714.1729186,19.875,10.195,202.62,50.39,219.8,0.95,0.97,50.02,OK
1761792714.2742188,19.817,10.305,204.22,50.39,220.32,0.976,0.949,50.0,OK
1761792714.3762903,19.831,10.281,203.89,50.39,219.68,0.958,0.968,50.04,OK
1761792714.4779024,19.866,10.252,203.67,50.39,220.06,0.985,0.939,50.01,OK
1761792714.579232,19.824,10.194,202.09,50.39,219.99,0.939,0.978,50.03,OK
1761792714.680323,19.861,10.098,200.56,50.39,220.06,0.954,0.955,50.01,OK
1761792714.7819483,19.882,10.118,201.17,50.39,219.81,0.992,0.923,50.04,OK
1761792714.9182556,19.84,10.173,201.83,50.39,219.68,0.959,0.958,50.01,OK
1761792715.020279,19.798,10.176,201.45,50.39,219.92,0.962,0.952,50.03,OK
1761792715.1231194,19.803,10.101,200.02,50.39,219.96,0.959,0.948,50.03,OK
1761792715.224628,19.828,10.225,202.74,50.39,220.36,0.974,0.944,50.02,OK
1761792715.3258529,19.845,10.18,202.03,50.39,220.33,0.957,0.958,49.97,OK
1761792715.4274416,19.83,10.071,199.71,50.39,220.33,0.939,0.965,50.03,OK
1761792715.5286958,19.848,10.176,201.97,50.39,220.31,0.965,0.95,49.96,OK
1761792715.6297772,19.791,10.206,201.97,50.39,220.29,0.992,0.924,49.97,OK
1761792715.739036,19.802,10.228,202.54,50.39,219.78,0.974,0.946,49.99,OK
1761792715.8402624,19.814,10.19,201.9,50.39,219.97,0.96,0.956,50.03,OK
1761792715.9414089,19.861,10.18,202.19,50.39,219.69,0.962,0.956,49.96,OK
1761792716.04254,19.832,10.04,199.11,50.39,220.39,0.958,0.943,50.01,OK
1761792716.1436968,19.85,10.161,201.71,50.39,219.72,0.987,0.931,50.04,OK
1761792716.245334,19.888,10.13,201.48,50.39,219.69,0.968,0.948,49.99,OK
1761792716.346613,19.811,10.006,198.22,50.39,220.4,0.974,0.923,50.04,OK
1761792716.4475284,19.816,10.083,199.8,50.39,220.16,0.944,0.961,50.0,OK
1761792716.548758,19.843,10.134,201.1,50.39,219.92,0.982,0.932,50.04,OK
1761792716.6498165,19.83,9.974,197.78,50.39,220.19,0.947,0.948,49.96,OK
1761792716.7511232,19.802,10.058,199.17,50.39,219.71,0.959,0.946,49.99,OK
1761792716.8520846,19.87,10.104,200.77,50.39,219.72,0.99,0.923,49.97,OK
1761792716.9537902,19.878,10.112,201.01,50.39,219.68,0.951,0.962,49.96,OK
1761792717.0551574,19.796,10.005,198.07,50.39,219.97,0.924,0.974,50.01,OK
1761792717.1567094,19.887,10.069,200.24,50.39,220.08,0.972,0.936,50.02,OK
1761792717.258799,19.812,10.015,198.41,50.39,219.64,0.932,0.97,50.03,OK
1761792717.3598049,19.827,9.971,197.7,50.39,220.36,0.942,0.953,49.98,OK
1761792717.4618049,19.85,10.064,199.78,50.39,220.16,0.929,0.977,49.95,OK
1761792717.5628796,19.832,9.973,197.78,50.39,219.68,0.941,0.957,50.05,OK
1761792717.6643066,19.798,10.099,199.95,50.39,219.75,0.982,0.926,49.97,OK
1761792717.7658436,19.797,9.977,197.51,50.39,220.2,0.935,0.96,50.04,OK
1761792717.8668525,19.866,9.952,197.7,50.39,219.88,0.971,0.926,49.99,OK
1761792717.9687676,19.889,9.931,197.51,50.39,219.83,0.918,0.979,49.96,OK
1761792718.0705304,19.826,9.996,198.17,50.39,219.92,0.921,0.978,49.98,OK
1761792718.1721911,19.832,9.964,197.62,50.39,219.79,0.923,0.974,49.98,OK
1761792718.273327,19.831,9.97,197.72,50.39,220.06,0.935,0.961,50.01,OK
1761792718.3743615,19.842,9.936,197.15,50.39,219.76,0.928,0.967,50.0,OK
1761792718.476052,19.865,9.968,198.01,50.39,219.71,0.977,0.923,49.96,OK
1761792718.5767949,19.863,9.873,196.11,50.39,220.37,0.946,0.941,50.04,OK
1761792718.6780026,19.812,9.871,195.56,50.39,220.2,0.957,0.928,50.02,OK
1761792718.7795613,19.794,9.984,197.63,50.39,219.81,0.974,0.923,49.99,OK
1761792718.8807607,19.805,10.044,198.92,50.39,219.96,0.948,0.954,49.95,OK
1761792718.981938,19.82,10.024,198.68,50.39,220.0,0.932,0.969,50.05,OK
1761792719.0836086,19.834,9.961,197.56,50.39,220.37,0.965,0.929,49.99,OK
1761792719.1853626,19.843,10.011,198.64,50.39,219.95,0.928,0.973,49.99,OK
1761792719.2868772,19.843,9.999,198.4,50.39,219.99,0.962,0.937,50.05,OK
1761792719.388453,19.83,9.83,194.93,50.39,220.37,0.924,0.958,50.04,OK
1761792719.4896543,19.832,9.867,195.68,50.39,220.26,0.949,0.936,50.0,OK
1761792719.591083,19.81,9.895,196.01,50.39,220.16,0.956,0.931,50.0,OK
1761792719.6922421,19.851,9.936,197.25,50.39,219.91,0.929,0.966,50.02,OK
1761792719.793911,19.874,9.91,196.96,50.39,219.79,0.933,0.96,50.04,OK
1761792719.8952656,19.797,9.838,194.77,50.39,219.73,0.959,0.924,50.04,OK
1761792719.9965882,19.88,9.772,194.27,50.39,220.27,0.924,0.954,50.04,OK
1761792720.0980206,19.884,9.946,197.77,50.39,220.39,0.971,0.925,50.01,OK
1761792720.1995945,19.81,9.942,196.95,50.39,219.89,0.952,0.941,50.02,OK
1761792720.300814,19.794,9.832,194.61,50.39,219.95,0.906,0.977,50.04,OK
1761792720.9453762,19.814,9.87,195.57,50.39,219.99,0.948,0.938,49.98,OK
1761792721.1991255,19.826,9.796,194.21,50.39,220.2,0.934,0.944,49.95,OK
1761792721.3020408,19.834,9.864,195.63,50.39,219.61,0.929,0.959,50.03,OK
1761792721.4067292,19.846,9.79,194.3,50.39,219.61,0.936,0.945,49.96,OK
1761792721.509099,19.802,9.9,196.04,50.39,219.61,0.942,0.947,49.98,OK
1761792721.6107976,19.823,9.862,195.5,50.39,220.06,0.954,0.932,49.97,OK
1761792721.7123015,19.855,9.972,198.0,50.39,219.94,0.929,0.969,49.96,OK
1761792721.8141086,19.883,9.831,195.47,50.39,220.07,0.964,0.921,49.96,OK
1761792721.9154062,19.822,9.928,196.79,50.39,220.36,0.967,0.923,49.98,OK
1761792722.0168371,19.889,9.849,195.89,50.39,219.91,0.967,0.922,49.95,OK
1761792722.118192,19.814,9.868,195.53,50.39,220.35,0.948,0.936,50.04,OK
1761792722.2200763,19.834,9.935,197.05,50.39,220.31,0.931,0.961,49.99,OK
1761792722.3211713,19.81,9.869,195.49,50.39,220.29,0.947,0.937,49.96,OK
1761792722.4225445,19.792,9.868,195.31,50.39,219.64,0.96,0.926,49.96,OK
1761792722.523778,19.883,9.934,197.52,50.39,220.04,0.958,0.937,49.98,OK
1761792722.625355,19.812,9.948,197.09,50.39,220.19,0.934,0.958,50.04,OK
1761792722.726208,19.873,9.879,196.32,50.39,220.34,0.914,0.975,50.03,OK
1761792722.8271103,19.807,10.032,198.7,50.39,220.36,0.942,0.957,50.03,OK
1761792722.9287186,19.809,10.021,198.5,50.39,220.19,0.953,0.946,49.97,OK
1761792723.0301468,19.862,9.957,197.76,50.39,220.36,0.926,0.969,50.01,OK
1761792723.1315808,19.87,9.981,198.32,50.39,220.29,0.973,0.925,50.05,OK
1761792723.2325907,19.871,9.994,198.59,50.39,220.09,0.98,0.921,49.98,OK
1761792723.3339462,19.808,10.022,198.51,50.39,219.76,0.952,0.949,49.99,OK
1761792723.4361162,19.812,10.019,198.5,50.39,219.75,0.932,0.969,50.02,OK
1761792723.537958,19.83,9.938,197.07,50.39,219.75,0.915,0.98,50.04,OK
1761792723.639103,19.829,9.934,196.98,50.39,220.09,0.963,0.93,50.0,OK
1761792723.7404995,19.806,9.948,197.03,50.39,220.23,0.964,0.928,49.99,OK
1761792723.8414073,19.861,10.001,198.62,50.39,220.26,0.969,0.93,49.99,OK
1761792723.942537,19.866,9.993,198.53,50.39,220.08,0.96,0.939,50.0,OK
1761792724.0438993,19.832,9.988,198.07,50.39,220.13,0.919,0.98,49.95,OK
1761792724.1449099,19.809,10.089,199.85,50.39,219.77,0.929,0.979,50.0,OK
1761792724.2462084,19.878,9.916,197.12,50.39,220.06,0.915,0.979,49.98,OK
1761792724.3473346,19.803,9.935,196.73,50.39,219.74,0.944,0.948,50.05,OK
1761792724.4490952,19.862,9.977,198.17,50.39,220.35,0.967,0.93,49.96,OK
1761792724.5508375,19.857,10.088,200.32,50.39,220.36,0.974,0.933,50.02,OK
1761792724.6525605,19.848,10.094,200.35,50.39,220.28,0.962,0.946,49.98,OK
1761792724.7539926,19.811,9.993,197.96,50.39,220.01,0.938,0.959,49.98,OK
1761792724.855068,19.871,9.911,196.94,50.39,219.75,0.96,0.934,49.99,OK
1761792724.9561284,19.794,10.104,200.01,50.39,220.35,0.947,0.958,50.03,OK
1761792725.0573921,19.887,9.916,197.2,50.39,219.69,0.924,0.971,49.96,OK
1761792725.1588182,19.811,9.986,197.83,50.39,220.22,0.938,0.957,49.97,OK
1761792725.2601435,19.829,10.137,201.0,50.39,219.96,0.934,0.978,49.95,OK
1761792725.361424,19.868,10.129,201.25,50.39,219.7,0.963,0.951,50.02,OK
1761792725.4626343,19.797,10.169,201.31,50.39,220.27,0.956,0.956,50.04,OK
1761792725.5639071,19.839,10.02,198.79,50.39,220.03,0.974,0.928,49.99,OK
1761792725.6651263,19.862,10.055,199.72,50.39,220.15,0.973,0.932,49.98,OK
1761792725.7666504,19.802,10.194,201.85,50.39,220.07,0.995,0.922,50.0,OK
1761792725.8681967,19.804,10.149,201.0,50.39,219.62,0.992,0.923,50.03,OK
1761792725.9699216,19.803,10.204,202.08,50.39,220.37,0.994,0.922,50.04,OK
1761792726.071311,19.844,10.19,202.21,50.39,220.34,0.95,0.966,50.02,OK
1761792726.172448,19.795,10.227,202.44,50.39,219.81,0.993,0.928,50.02,OK
1761792726.2739098,19.798,10.21,202.14,50.39,220.12,0.94,0.977,50.03,OK
1761792726.3755739,19.873,10.089,200.5,50.39,219.98,0.953,0.956,50.01,OK
1761792726.4776087,19.85,10.196,202.39,50.39,220.15,0.99,0.929,50.01,OK
1761792726.5795815,19.856,10.124,201.02,50.39,219.98,0.958,0.954,50.05,OK
1761792726.6822913,19.818,10.095,200.06,50.39,220.13,0.951,0.955,50.03,OK
1761792726.7843068,19.832,10.095,200.2,50.39,219.64,0.965,0.944,50.01,OK
1761792726.8862267,19.832,10.067,199.64,50.39,220.35,0.929,0.975,49.97,OK
1761792726.9875402,19.863,10.064,199.9,50.39,220.38,0.984,0.922,50.02,OK
1761792727.0886347,19.871,10.116,201.02,50.39,219.84,0.938,0.975,50.05,OK
1761792727.1897535,19.877,10.139,201.54,50.39,220.3,0.952,0.961,49.95,OK
1761792727.2911923,19.842,10.142,201.25,50.39,219.79,0.959,0.955,49.97,OK
1761792727.392749,19.829,10.216,202.58,50.39,220.06,0.955,0.964,49.96,OK
1761792727.494042,19.889,10.074,200.37,50.39,220.33,0.938,0.97,49.96,OK
1761792727.595138,19.811,10.191,201.9,50.39,219.73,0.995,0.923,50.05,OK
1761792727.6967397,19.792,10.21,202.09,50.39,220.34,0.962,0.953,50.02,OK
1761792727.798565,19.81,10.206,202.19,50.39,219.67,0.967,0.952,49.96,OK
1761792727.9002435,19.89,10.191,202.69,50.39,220.01,0.981,0.94,50.02,OK
1761792728.0018384,19.862,10.239,203.37,50.39,220.11,0.968,0.954,50.0,OK
1761792728.1033158,19.874,10.223,203.17,50.39,219.77,0.96,0.963,50.02,OK
1761792728.2043896,19.799,10.18,201.56,50.39,219.66,0.937,0.979,50.03,OK
1761792728.3057842,19.881,10.185,202.48,50.39,219.9,0.985,0.935,50.03,OK
1761792728.407035,19.798,10.294,203.8,50.39,220.35,0.953,0.971,49.95,OK
1761792728.508216,19.845,10.305,204.5,50.39,220.22,0.975,0.952,50.03,OK
1761792728.609472,19.821,10.322,204.58,50.39,220.18,0.978,0.95,49.97,OK
1761792728.7109401,19.798,10.277,203.47,50.39,220.0,0.979,0.944,50.0,OK
1761792728.8124108,19.844,10.276,203.92,50.39,220.04,0.946,0.98,50.04,OK
1761792728.9135478,19.85,10.227,203.0,50.39,219.62,0.985,0.938,50.0,OK
1761792729.01487,19.824,10.341,205.0,50.39,220.05,0.971,0.96,49.98,OK
1761792729.1157973,19.885,10.182,202.48,50.39,219.9,0.955,0.964,50.04,OK
1761792729.6601956,19.855,10.337,205.24,50.39,220.26,0.983,0.948,49.96,OK
1761792729.7617009,19.798,10.348,204.88,50.39,219.98,1.0,0.931,50.05,OK
1761792729.8629527,19.814,10.371,205.5,50.39,220.33,1.004,0.929,49.97,OK
1761792729.9644337,19.847,10.336,205.14,50.39,219.82,1.013,0.922,50.02,OK
1761792730.0656629,19.84,10.35,205.34,50.39,220.27,0.985,0.946,50.04,OK
1761792730.1671932,19.792,10.388,205.59,50.39,220.21,0.958,0.974,49.97,OK
1761792730.2684622,19.814,10.245,203.0,50.39,219.94,0.981,0.941,50.04,OK
1761792730.3700418,19.805,10.369,205.36,50.39,219.8,0.953,0.98,49.96,OK
1761792730.4720922,19.833,10.191,202.11,50.39,220.25,0.953,0.963,50.02,OK
1761792730.5735228,19.856,10.307,204.65,50.39,220.26,0.974,0.954,49.96,OK
1761792730.6746666,19.883,10.286,204.52,50.39,220.31,1.003,0.926,49.97,OK
1761792730.7759755,19.887,10.166,202.16,50.39,220.09,0.991,0.927,49.99,OK
1761792730.8770766,19.86,10.291,204.39,50.39,219.98,0.987,0.942,50.01,OK
1761792730.9784288,19.881,10.217,203.11,50.39,219.69,0.956,0.967,50.01,OK
1761792731.0797224,19.843,10.342,205.21,50.39,219.83,0.981,0.952,49.95,OK
1761792731.1813064,19.816,10.278,203.68,50.39,219.77,0.994,0.932,50.01,OK
1761792731.283041,19.849,10.332,205.08,50.39,219.81,1.009,0.924,49.96,OK
1761792731.3841226,19.836,10.264,203.6,50.39,220.17,0.956,0.967,50.01,OK
1761792731.4861875,19.817,10.338,204.86,50.39,219.65,0.956,0.975,49.95,OK
1761792731.5876598,19.796,10.23,202.51,50.39,220.01,0.965,0.954,50.04,OK
1761792731.690266,19.823,10.251,203.19,50.39,220.35,0.956,0.964,50.03,OK
1761792731.7916586,19.806,10.293,203.87,50.39,219.91,0.996,0.931,49.99,OK
1761792731.893426,19.84,10.306,204.47,50.39,220.04,0.982,0.946,50.03,OK
1761792731.9947116,19.8,10.206,202.07,50.39,220.37,0.955,0.96,50.04,OK
1761792732.0961213,19.851,10.146,201.42,50.39,220.09,0.977,0.937,49.95,OK
1761792732.1975493,19.843,10.225,202.89,50.39,220.05,0.992,0.93,49.95,OK
1761792732.2991693,19.82,10.346,205.05,50.39,219.7,1.0,0.934,49.98,OK
1761792732.4006934,19.804,10.219,202.37,50.39,220.09,0.962,0.955,50.0,OK
1761792732.5023234,19.868,10.236,203.37,50.39,219.83,0.947,0.977,50.04,OK
1761792732.603929,19.89,10.261,204.08,50.39,219.72,0.993,0.935,50.02,OK
1761792732.711745,19.872,10.124,201.18,50.39,219.6,0.985,0.93,50.04,OK
1761792733.3804307,19.797,10.162,201.18,50.39,220.11,0.967,0.945,50.04,OK
1761792733.561728,19.887,10.25,203.84,50.39,220.28,0.945,0.979,49.95,OK
1761792733.6636882,19.879,10.11,200.98,50.39,220.34,0.939,0.972,49.99,OK
1761792733.7653272,19.798,10.186,201.67,50.39,220.29,0.941,0.972,50.04,OK
1761792733.8667495,19.816,10.188,201.88,50.39,219.71,0.996,0.922,49.98,OK
1761792733.9683292,19.806,10.128,200.59,50.39,220.25,0.985,0.924,50.01,OK
1761792734.0697165,19.871,10.1,200.7,50.39,219.61,0.961,0.951,50.02,OK
1761792734.1714108,19.853,10.172,201.95,50.39,220.21,0.966,0.95,50.04,OK
1761792734.272661,19.793,10.117,200.24,50.39,220.18,0.93,0.978,49.96,OK
1761792734.3740528,19.873,10.209,202.88,50.39,220.21,0.983,0.937,49.97,OK
1761792734.4758599,19.833,10.157,201.45,50.39,219.83,0.945,0.969,49.95,OK
1761792734.5774648,19.877,10.005,198.86,50.39,220.05,0.956,0.945,49.96,OK
1761792734.6788578,19.874,10.072,200.17,50.39,220.17,0.968,0.939,49.99,OK
1761792734.7800808,19.82,10.175,201.66,50.39,219.94,0.994,0.923,49.99,OK
1761792734.8812337,19.794,10.172,201.34,50.39,219.75,0.989,0.926,49.96,OK
1761792734.9822118,19.803,10.05,199.02,50.39,220.27,0.97,0.931,50.02,OK
1761792735.08378,19.87,10.04,199.5,50.39,219.69,0.968,0.938,50.01,OK
1761792735.1850705,19.866,9.981,198.28,50.39,220.19,0.959,0.939,49.95,OK
1761792735.2866895,19.857,10.119,200.93,50.39,220.2,0.954,0.956,49.97,OK
1761792735.3878522,19.85,10.024,198.98,50.39,220.1,0.955,0.947,50.01,OK
1761792735.4889793,19.811,9.999,198.09,50.39,219.72,0.949,0.95,50.02,OK
1761792735.5901978,19.83,10.146,201.19,50.39,220.22,0.955,0.957,49.99,OK
1761792735.691586,19.799,9.974,197.48,50.39,219.82,0.923,0.973,49.97,OK
1761792735.7989786,19.812,10.08,199.7,50.39,220.16,0.968,0.937,49.98,OK
1761792735.9004798,19.886,10.038,199.61,50.39,219.93,0.943,0.963,50.03,OK
1761792736.0020566,19.806,10.086,199.77,50.39,219.68,0.937,0.971,50.01,OK
1761792736.103588,19.846,10.022,198.9,50.39,220.17,0.945,0.956,49.99,OK
1761792736.2046788,19.845,9.935,197.16,50.39,219.79,0.928,0.966,49.99,OK
1761792736.3066423,19.883,10.009,199.02,50.39,219.76,0.96,0.943,49.95,OK
1761792736.4076722,19.887,10.066,200.18,50.39,220.3,0.965,0.941,49.99,OK
1761792736.5090108,19.799,10.022,198.43,50.39,220.35,0.938,0.96,50.03,OK
1761792736.6105022,19.802,10.053,199.08,50.39,220.37,0.935,0.967,50.03,OK
1761792736.7121134,19.859,10.065,199.89,50.39,219.99,0.951,0.956,49.99,OK
1761792736.81359,19.821,9.955,197.33,50.39,220.04,0.939,0.955,49.98,OK
1761792736.916768,19.865,9.885,196.37,50.39,220.34,0.923,0.966,50.02,OK
1761792737.0247905,19.833,10.05,199.32,50.39,219.72,0.951,0.954,50.02,OK
1761792737.126133,19.827,9.983,197.93,50.39,219.62,0.922,0.977,49.96,OK
1761792737.2271616,19.87,9.987,198.45,50.39,220.39,0.966,0.932,50.05,OK
1761792737.328614,19.796,9.907,196.13,50.39,220.38,0.941,0.945,50.05,OK
1761792737.4296687,19.825,9.983,197.91,50.39,220.1,0.925,0.973,49.97,OK
1761792737.5310893,19.829,10.029,198.86,50.39,220.16,0.935,0.966,49.96,OK
1761792737.6321454,19.877,9.883,196.45,50.39,220.09,0.917,0.973,49.97,OK
1761792737.7331676,19.851,9.97,197.91,50.39,219.71,0.94,0.959,50.02,OK
1761792737.8348184,19.826,9.89,196.08,50.39,220.3,0.945,0.941,50.01,OK
1761792737.9361947,19.799,10.037,198.72,50.39,219.93,0.926,0.976,50.04,OK
1761792738.037364,19.796,9.979,197.54,50.39,220.38,0.955,0.939,50.01,OK
1761792738.1386955,19.803,9.908,196.2,50.39,220.07,0.964,0.925,50.04,OK
1761792738.2402549,19.882,9.811,195.05,50.39,220.04,0.919,0.964,50.01,OK
1761792738.3418913,19.799,9.934,196.69,50.39,219.97,0.955,0.936,50.0,OK
1761792738.4431117,19.813,9.881,195.77,50.39,219.79,0.948,0.939,50.01,OK
1761792738.5448756,19.801,9.968,197.38,50.39,219.83,0.924,0.971,50.0,OK
1761792738.6462934,19.81,10.005,198.2,50.39,220.33,0.935,0.962,49.96,OK
1761792738.7477572,19.885,9.968,198.21,50.39,220.05,0.973,0.926,50.02,OK
1761792738.8488955,19.832,9.8,194.35,50.39,220.17,0.91,0.97,49.99,OK
1761792738.9502816,19.875,9.81,194.96,50.39,219.91,0.957,0.926,49.97,OK
1761792739.0518956,19.848,9.958,197.65,50.39,220.0,0.932,0.964,49.99,OK
1761792739.1534226,19.797,10.003,198.02,50.39,220.1,0.963,0.935,49.96,OK
1761792739.2548351,19.837,9.956,197.49,50.39,219.65,0.921,0.976,50.01,OK
1761792739.3587694,19.794,9.957,197.09,50.39,220.26,0.914,0.979,50.04,OK
1761792739.459931,19.832,9.943,197.2,50.39,219.94,0.97,0.925,49.96,OK
1761792739.5615246,19.806,9.826,194.6,50.39,219.74,0.954,0.928,49.96,OK
1761792739.6627305,19.791,9.817,194.29,50.39,220.36,0.912,0.966,49.98,OK
1761792739.7643223,19.831,9.852,195.37,50.39,219.69,0.961,0.925,49.98,OK
1761792739.8665707,19.822,9.91,196.43,50.39,219.74,0.922,0.97,49.96,OK
1761792739.9696198,19.8,9.944,196.88,50.39,220.24,0.92,0.972,50.0,OK
1761792740.0706098,19.873,9.856,195.86,50.39,219.74,0.92,0.969,49.96,OK
1761792740.1716478,19.859,9.958,197.75,50.39,220.12,0.96,0.936,50.03,OK
1761792740.2728467,19.825,9.865,195.58,50.39,219.67,0.95,0.937,50.03,OK
1761792740.3740368,19.882,9.87,196.23,50.39,220.36,0.958,0.929,49.97,OK
1761792740.4750957,19.845,9.821,194.9,50.39,219.85,0.921,0.963,50.03,OK
1761792740.576302,19.851,9.857,195.67,50.39,220.26,0.907,0.98,49.97,OK
1761792740.6774473,19.853,9.801,194.58,50.39,219.66,0.92,0.963,50.02,OK
1761792740.7788937,19.794,9.834,194.66,50.39,219.71,0.929,0.953,50.0,OK
1761792740.8799863,19.828,9.884,195.98,50.39,220.07,0.933,0.955,50.0,OK
1761792740.9818292,19.805,9.924,196.54,50.39,219.64,0.956,0.936,49.96,OK
1761792741.082893,19.847,9.795,194.41,50.39,220.01,0.945,0.935,50.0,OK
1761792741.184565,19.799,10.018,198.34,50.39,220.04,0.931,0.968,50.03,OK
1761792741.2859569,19.883,9.98,198.44,50.39,219.74,0.924,0.978,49.96,OK
1761792741.387559,19.855,9.923,197.02,50.39,219.74,0.96,0.934,50.01,OK
1761792741.4891155,19.886,9.868,196.23,50.39,219.84,0.925,0.965,50.02,OK
1761792741.5906775,19.815,9.97,197.55,50.39,220.0,0.932,0.964,49.95,OK
1761792741.6919706,19.83,9.98,197.91,50.39,219.88,0.953,0.945,50.04,OK
1761792741.7931952,19.88,9.869,196.2,50.39,219.74,0.966,0.925,50.02,OK
1761792741.8946161,19.883,9.947,197.78,50.39,220.05,0.943,0.953,49.96,OK
1761792741.9965324,19.828,9.881,195.91,50.39,220.09,0.921,0.967,50.05,OK
1761792742.0982802,19.877,9.993,198.63,50.39,220.28,0.954,0.945,50.03,OK
1761792742.203988,19.851,9.914,196.81,50.39,219.72,0.964,0.929,49.97,OK
1761792742.3062956,19.818,10.0,198.18,50.39,219.71,0.967,0.933,50.04,OK
1761792742.4072382,19.816,9.874,195.66,50.39,220.21,0.915,0.971,49.97,OK
1761792742.5086582,19.83,9.995,198.19,50.39,219.68,0.974,0.926,50.01,OK
1761792742.6097357,19.803,9.937,196.78,50.39,219.68,0.957,0.936,50.03,OK
1761792742.7110834,19.799,10.051,199.0,50.39,219.61,0.962,0.942,50.03,OK
1761792742.8122745,19.816,9.985,197.87,50.39,220.02,0.933,0.964,49.97,OK
1761792742.9137304,19.834,10.043,199.19,50.39,220.31,0.929,0.973,49.96,OK
1761792743.0147002,19.794,9.969,197.32,50.39,219.76,0.944,0.951,50.02,OK
1761792743.1162634,19.791,10.041,198.72,50.39,220.08,0.945,0.955,50.0,OK
1761792743.2178679,19.845,9.992,198.29,50.39,220.06,0.961,0.938,50.0,OK
1761792743.319356,19.801,10.047,198.94,50.39,220.26,0.938,0.962,50.01,OK
1761792743.4203224,19.852,10.088,200.25,50.39,220.07,0.93,0.978,49.96,OK
1761792743.5328789,19.813,10.041,198.93,50.39,220.13,0.936,0.965,49.98,OK
1761792743.6348288,19.827,10.11,200.46,50.39,219.73,0.941,0.969,50.03,OK
1761792743.7366285,19.813,10.079,199.7,50.39,220.22,0.977,0.928,50.01,OK
1761792743.8377252,19.862,10.116,200.92,50.39,220.37,0.953,0.957,49.99,OK
1761792743.9387658,19.809,10.123,200.53,50.39,219.92,0.933,0.977,50.01,OK
1761792744.0404065,19.805,10.017,198.4,50.39,219.82,0.965,0.936,50.03,OK
1761792744.1416748,19.798,10.011,198.21,50.39,220.26,0.96,0.938,49.95,OK
1761792744.2434227,19.792,10.019,198.31,50.39,220.31,0.972,0.926,49.96,OK
1761792744.3460665,19.871,10.087,200.45,50.39,220.2,0.946,0.962,50.03,OK
1761792744.4470477,19.888,10.149,201.84,50.39,220.14,0.977,0.938,50.03,OK
1761792744.548588,19.816,10.048,199.12,50.39,219.93,0.975,0.929,50.04,OK
1761792744.6502943,19.817,10.095,200.04,50.39,219.67,0.966,0.943,50.0,OK
1761792744.7520943,19.853,10.001,198.55,50.39,219.98,0.923,0.977,50.04,OK
1761792744.853337,19.814,10.095,200.02,50.39,219.94,0.968,0.939,50.04,OK
1761792744.954612,19.879,10.106,200.89,50.39,220.07,0.936,0.975,50.03,OK
1761792745.055581,19.88,10.044,199.67,50.39,220.07,0.969,0.936,50.02,OK
1761792745.1570282,19.883,10.027,199.37,50.39,219.96,0.951,0.953,49.95,OK
1761792745.2582796,19.882,10.165,202.1,50.39,219.93,0.989,0.929,50.02,OK
1761792745.3595784,19.793,10.172,201.33,50.39,219.99,0.985,0.929,50.01,OK
1761792745.4613004,19.854,10.078,200.08,50.39,219.89,0.982,0.926,49.96,OK
1761792745.5646992,19.839,10.166,201.67,50.39,220.38,0.96,0.953,50.05,OK
1761792745.6700487,19.854,10.214,202.78,50.39,219.91,0.976,0.945,49.97,OK
1761792745.7723608,19.842,10.231,203.01,50.39,220.34,0.972,0.948,50.0,OK
1761792745.873681,19.852,10.122,200.94,50.39,220.35,0.932,0.978,49.95,OK
1761792745.9751024,19.89,10.131,201.51,50.39,219.8,0.978,0.937,49.99,OK
1761792746.0762267,19.811,10.093,199.96,50.39,219.92,0.948,0.959,50.05,OK
1761792746.1776018,19.849,10.261,203.66,50.39,220.31,0.996,0.928,50.01,OK
1761792746.2787468,19.793,10.243,202.73,50.39,220.13,0.952,0.968,49.98,OK
1761792746.3798451,19.861,10.285,204.27,50.39,220.01,0.998,0.93,49.96,OK
1761792746.4810047,19.801,10.268,203.33,50.39,219.91,0.996,0.929,50.02,OK
1761792746.5828478,19.834,10.202,202.35,50.39,219.87,0.975,0.944,49.96,OK
1761792746.686517,19.854,10.305,204.6,50.39,219.94,0.975,0.954,49.97,OK
1761792746.7879314,19.824,10.251,203.23,50.39,219.86,0.99,0.934,49.95,OK
1761792746.8891168,19.848,10.131,201.07,50.39,219.81,0.94,0.974,49.96,OK
1761792746.9907622,19.803,10.184,201.67,50.39,220.06,0.994,0.922,50.04,OK
1761792747.0952132,19.832,10.217,202.62,50.39,219.76,0.993,0.929,50.02,OK
1761792747.197981,19.866,10.204,202.71,50.39,220.31,1.0,0.921,50.01,OK
1761792747.3119268,19.828,10.223,202.7,50.39,220.28,0.956,0.962,49.98,OK
1761792747.4145734,19.803,10.201,202.02,50.39,219.62,0.961,0.957,49.99,OK
1761792747.5164125,19.857,10.216,202.86,50.39,220.28,0.958,0.961,49.99,OK
1761792747.6190152,19.799,10.25,202.95,50.39,219.72,0.944,0.978,50.0,OK
1761792747.7217824,19.884,10.135,201.53,50.39,219.65,0.954,0.961,49.96,OK
1761792747.823767,19.875,10.224,203.2,50.39,220.13,0.979,0.943,50.01,OK
1761792747.9249942,19.808,10.327,204.55,50.39,220.39,0.983,0.945,49.98,OK
1761792748.0267153,19.814,10.185,201.81,50.39,219.8,0.965,0.952,49.95,OK
1761792748.131071,19.839,10.174,201.84,50.39,219.67,0.958,0.959,49.98,OK
1761792748.2325153,19.8,10.197,201.89,50.39,219.8,0.991,0.927,49.97,OK
1761792748.3359442,19.852,10.275,203.97,50.39,219.77,0.98,0.947,49.98,OK
1761792748.4374723,19.844,10.281,204.02,50.39,220.24,0.997,0.929,49.96,OK
1761792748.5387008,19.858,10.289,204.33,50.39,220.05,0.973,0.955,50.02,OK
1761792748.642145,19.888,10.247,203.79,50.39,220.0,0.981,0.945,49.99,OK
1761792748.7439616,19.829,10.307,204.38,50.39,220.36,1.0,0.927,49.96,OK
1761792748.8452008,19.875,10.325,205.21,50.39,220.08,0.964,0.967,49.98,OK
1761792748.9466765,19.864,10.295,204.51,50.39,219.6,0.995,0.936,49.96,OK
1761792749.0481622,19.82,10.367,205.47,50.39,220.3,0.96,0.971,49.97,OK
1761792749.1496804,19.834,10.309,204.46,50.39,220.16,0.95,0.977,49.98,OK
1761792749.2510111,19.819,10.241,202.97,50.39,220.08,1.0,0.922,49.95,OK
1761792749.3525715,19.823,10.346,205.09,50.39,220.21,0.982,0.948,50.0,OK
1761792749.4538255,19.864,10.306,204.72,50.39,220.23,0.965,0.963,49.97,OK
1761792749.5555544,19.833,10.348,205.24,50.39,219.68,0.987,0.946,49.95,OK
1761792749.656868,19.813,10.266,203.39,50.39,220.06,0.978,0.945,49.97,OK
1761792749.7579057,19.875,10.162,201.97,50.39,220.2,0.954,0.961,49.99,OK
1761792749.8589208,19.827,10.359,205.39,50.39,219.64,0.994,0.941,49.95,OK
1761792749.9602718,19.83,10.195,202.17,50.39,219.71,0.955,0.963,49.99,OK
1761792750.0617397,19.792,10.369,205.22,50.39,219.73,0.974,0.959,49.99,OK
1761792750.1629257,19.846,10.254,203.5,50.39,219.78,0.953,0.972,49.99,OK
1761792750.2644029,19.796,10.333,204.56,50.39,219.68,0.984,0.946,50.02,OK
1761792750.365535,19.82,10.198,202.13,50.39,219.7,0.968,0.951,49.99,OK
1761792750.4674048,19.873,10.292,204.54,50.39,219.87,0.987,0.942,50.03,OK
1761792750.5687616,19.853,10.194,202.38,50.39,220.09,0.95,0.968,50.01,OK
1761792750.6699405,19.814,10.269,203.48,50.39,220.4,0.944,0.978,50.04,OK
1761792750.771024,19.812,10.289,203.85,50.39,219.98,0.97,0.955,50.0,OK
1761792750.8724544,19.861,10.165,201.89,50.39,219.64,0.966,0.952,49.99,OK
1761792750.9740722,19.803,10.328,204.53,50.39,219.87,1.007,0.924,49.98,OK
1761792751.0756805,19.798,10.311,204.14,50.39,219.69,0.996,0.933,50.02,OK
1761792751.1770992,19.799,10.229,202.53,50.39,219.63,0.944,0.977,49.96,OK
1761792751.278419,19.867,10.303,204.68,50.39,219.68,0.982,0.949,50.04,OK
1761792751.379658,19.815,10.159,201.29,50.39,220.0,0.99,0.924,49.97,OK
1761792751.4813132,19.809,10.317,204.37,50.39,219.67,0.971,0.959,50.04,OK
1761792751.5824115,19.842,10.125,200.89,50.39,220.02,0.976,0.936,49.99,OK
1761792751.6840215,19.823,10.145,201.1,50.39,220.01,0.987,0.926,50.02,OK
1761792751.7855155,19.823,10.13,200.8,50.39,220.18,0.989,0.922,50.03,OK
1761792751.8871074,19.852,10.254,203.55,50.39,220.22,0.954,0.969,50.05,OK
1761792751.9884021,19.832,10.122,200.74,50.39,220.35,0.938,0.971,49.98,OK
1761792752.0912256,19.875,10.169,202.11,50.39,219.84,0.951,0.967,49.96,OK
1761792752.192686,19.829,10.14,201.06,50.39,219.92,0.943,0.97,50.02,OK
1761792752.2943237,19.81,10.153,201.12,50.39,220.27,0.992,0.92,50.04,OK
1761792752.3964243,19.823,10.285,203.89,50.39,220.06,0.999,0.928,49.96,OK
1761792752.498256,19.864,10.091,200.46,50.39,219.63,0.983,0.929,50.02,OK
1761792752.6031668,19.824,10.195,202.1,50.39,220.38,0.947,0.968,49.99,OK
1761792752.704821,19.875,10.189,202.51,50.39,220.11,0.983,0.936,50.03,OK
1761792752.8062832,19.852,10.116,200.82,50.39,220.04,0.984,0.927,50.02,OK
1761792752.907488,19.833,10.177,201.83,50.39,219.8,0.996,0.922,49.97,OK
1761792753.008972,19.791,10.151,200.91,50.39,220.36,0.969,0.941,50.0,OK
1761792753.1102908,19.803,10.057,199.16,50.39,220.38,0.925,0.977,50.05,OK
1761792753.2237659,19.851,10.18,202.08,50.39,219.72,0.953,0.965,49.99,OK
1761792753.3251886,19.877,10.169,202.13,50.39,219.84,0.956,0.962,50.02,OK
1761792753.4266908,19.812,10.213,202.34,50.39,220.31,0.995,0.923,50.02,OK
1761792753.528782,19.832,10.202,202.34,50.39,220.38,0.943,0.973,50.03,OK
1761792753.6312685,19.824,10.022,198.67,50.39,219.76,0.962,0.94,50.05,OK
1761792753.7328663,19.792,10.091,199.72,50.39,219.79,0.98,0.927,50.05,OK
1761792753.834362,19.873,10.032,199.37,50.39,220.14,0.982,0.923,49.96,OK
1761792753.9358392,19.804,10.095,199.93,50.39,220.06,0.984,0.923,50.02,OK
1761792754.0369518,19.815,10.084,199.81,50.39,220.1,0.974,0.932,49.96,OK
1761792754.1382086,19.878,9.963,198.05,50.39,219.77,0.95,0.949,49.95,OK
1761792754.2396855,19.844,9.991,198.27,50.39,220.19,0.969,0.929,50.04,OK
1761792754.3418164,19.82,10.112,200.42,50.39,220.04,0.975,0.934,49.99,OK
1761792754.443421,19.86,10.068,199.95,50.39,220.01,0.969,0.938,49.96,OK
1761792754.5447617,19.881,10.043,199.68,50.39,220.14,0.966,0.939,49.96,OK
1761792754.6458368,19.854,10.06,199.73,50.39,219.8,0.971,0.936,50.03,OK
1761792754.747514,19.825,10.075,199.74,50.39,220.34,0.948,0.957,49.99,OK
1761792754.8487942,19.811,10.095,200.0,50.39,220.38,0.952,0.953,49.98,OK
1761792754.9501681,19.88,10.081,200.42,50.39,220.19,0.989,0.92,49.99,OK
1761792755.0519578,19.796,9.992,197.81,50.39,219.64,0.936,0.962,50.0,OK
1761792755.1530693,19.85,9.937,197.25,50.39,219.62,0.932,0.963,50.02,OK
1761792755.254139,19.815,9.981,197.78,50.39,219.8,0.977,0.921,49.97,OK
1761792755.370833,19.84,10.043,199.26,50.39,220.22,0.942,0.96,50.02,OK
1761792755.4725473,19.872,10.011,198.94,50.39,219.83,0.966,0.936,49.97,OK
1761792755.573939,19.817,9.906,196.3,50.39,219.99,0.921,0.968,50.01,OK
1761792755.706437,19.88,9.922,197.25,50.39,219.69,0.956,0.939,50.04,OK
1761792755.8098724,19.882,9.912,197.08,50.39,219.7,0.973,0.922,49.97,OK
1761792755.9126377,19.84,9.989,198.18,50.39,219.98,0.923,0.976,49.96,OK
1761792756.0146613,19.825,9.939,197.05,50.39,220.14,0.948,0.945,49.97,OK
1761792756.1184957,19.821,9.873,195.69,50.39,220.19,0.918,0.968,50.03,OK
1761792756.2196963,19.809,9.964,197.37,50.39,220.13,0.925,0.969,50.0,OK
1761792756.3209412,19.848,9.995,198.39,50.39,220.27,0.936,0.962,50.03,OK
1761792756.4221385,19.863,9.852,195.69,50.39,219.68,0.919,0.969,49.99,OK
1761792756.5258493,19.793,10.034,198.61,50.39,220.37,0.938,0.96,50.03,OK
1761792756.7613962,19.815,9.892,196.0,50.39,220.2,0.925,0.962,50.02,OK
1761792757.0494955,19.845,9.999,198.42,50.39,219.71,0.942,0.959,50.01,OK
1761792757.1528308,19.885,9.876,196.39,50.39,220.21,0.957,0.932,50.02,OK
1761792757.253882,19.853,9.833,195.21,50.39,219.92,0.913,0.973,49.99,OK
1761792757.3553195,19.878,9.819,195.17,50.39,219.75,0.95,0.935,49.99,OK
1761792757.4565358,19.842,9.945,197.33,50.39,220.21,0.96,0.934,49.95,OK
1761792757.5578527,19.842,9.922,196.88,50.39,220.38,0.914,0.977,50.03,OK
1761792757.6591392,19.808,10.001,198.1,50.39,219.92,0.958,0.941,50.05,OK
1761792757.7605445,19.8,9.889,195.79,50.39,219.6,0.945,0.943,50.05,OK
1761792757.8618007,19.804,9.852,195.11,50.39,220.29,0.949,0.933,49.99,OK
1761792757.9633029,19.83,9.917,196.66,50.39,219.71,0.945,0.947,49.98,OK
1761792758.0644987,19.813,9.977,197.68,50.39,219.87,0.944,0.953,49.99,OK
1761792758.1661556,19.838,9.827,194.94,50.39,219.89,0.932,0.951,50.04,OK
1761792758.2680323,19.881,9.844,195.7,50.39,220.09,0.957,0.929,49.99,OK
1761792758.3690863,19.808,9.944,196.98,50.39,220.11,0.961,0.931,49.96,OK
1761792758.470482,19.79,9.941,196.74,50.39,220.13,0.96,0.931,49.95,OK
1761792758.572053,19.884,9.853,195.91,50.39,220.0,0.935,0.953,50.04,OK
1761792758.6735203,19.847,9.882,196.13,50.39,220.09,0.912,0.977,49.96,OK
1761792758.774782,19.877,9.957,197.91,50.39,219.69,0.95,0.948,50.02,OK
1761792758.8760533,19.798,9.857,195.14,50.39,219.64,0.932,0.953,50.0,OK
1761792758.9774203,19.816,9.833,194.85,50.39,220.28,0.938,0.943,49.99,OK
1761792759.0790603,19.829,9.849,195.3,50.39,219.82,0.908,0.978,49.98,OK
1761792759.1804688,19.805,9.874,195.55,50.39,220.37,0.951,0.933,50.02,OK
1761792759.2818847,19.884,9.947,197.78,50.39,219.86,0.946,0.951,49.95,OK
1761792759.383286,19.793,9.989,197.72,50.39,220.11,0.956,0.939,49.98,OK
1761792759.484981,19.835,9.88,195.97,50.39,220.35,0.963,0.923,49.95,OK
1761792759.5863528,19.828,9.949,197.27,50.39,220.13,0.949,0.944,50.03,OK
1761792759.6873226,19.888,9.77,194.31,50.39,219.76,0.931,0.95,50.04,OK
1761792759.7888587,19.806,9.858,195.25,50.39,220.26,0.936,0.947,49.96,OK
1761792759.8903272,19.834,9.829,194.95,50.39,220.35,0.952,0.929,50.04,OK
1761792759.991157,19.791,9.89,195.73,50.39,219.76,0.917,0.972,50.04,OK
1761792760.092552,19.85,9.859,195.69,50.39,219.87,0.95,0.937,49.98,OK
1761792760.194023,19.811,9.982,197.75,50.39,219.8,0.969,0.929,50.03,OK
1761792760.2953634,19.793,9.904,196.03,50.39,220.1,0.935,0.953,49.97,OK
1761792760.396647,19.861,9.914,196.9,50.39,220.05,0.951,0.941,49.95,OK
1761792760.4980469,19.794,9.902,196.0,50.39,219.62,0.938,0.951,49.98,OK
1761792760.5994203,19.857,9.869,195.96,50.39,220.33,0.959,0.928,49.97,OK
1761792760.701626,19.887,9.854,195.97,50.39,219.71,0.948,0.941,50.0,OK
1761792760.8036382,19.829,9.985,197.99,50.39,220.15,0.936,0.961,50.03,OK
1761792760.9050593,19.844,9.885,196.16,50.39,220.19,0.929,0.959,49.97,OK
1761792761.0073225,19.86,9.931,197.22,50.39,219.64,0.953,0.942,50.04,OK
1761792761.1092498,19.887,9.913,197.14,50.39,220.06,0.958,0.935,49.98,OK
1761792761.2108743,19.855,9.968,197.92,50.39,220.23,0.952,0.944,50.04,OK
1761792761.3122857,19.844,9.926,196.98,50.39,220.31,0.921,0.971,50.05,OK
1761792761.4140172,19.864,9.929,197.22,50.39,220.16,0.928,0.965,49.97,OK
1761792761.5155888,19.809,10.009,198.28,50.39,220.01,0.933,0.966,50.04,OK
1761792761.6301644,19.867,9.877,196.23,50.39,220.12,0.95,0.939,49.99,OK
1761792762.3287854,19.819,10.082,199.81,50.39,219.71,0.947,0.96,49.99,OK
1761792762.430514,19.794,9.963,197.21,50.39,219.83,0.952,0.943,49.95,OK
1761792762.7214108,19.824,10.029,198.81,50.39,220.37,0.933,0.966,49.95,OK
1761792762.859453,19.85,10.024,198.97,50.39,220.36,0.963,0.937,50.04,OK
1761792762.9626465,19.873,10.091,200.53,50.39,219.69,0.958,0.953,49.99,OK
1761792763.0641518,19.809,9.999,198.08,50.39,220.35,0.925,0.971,49.97,OK
1761792763.1667147,19.875,10.097,200.67,50.39,220.3,0.98,0.929,50.05,OK
1761792763.268838,19.848,10.043,199.34,50.39,220.11,0.968,0.936,49.95,OK
1761792763.3703547,19.838,10.009,198.56,50.39,220.09,0.949,0.95,49.98,OK
1761792763.471873,19.869,10.039,199.47,50.39,219.68,0.986,0.921,50.02,OK
1761792763.5733924,19.88,10.054,199.89,50.39,220.33,0.97,0.935,49.96,OK
1761792763.67492,19.818,10.097,200.1,50.39,219.62,0.957,0.952,50.01,OK
1761792763.7765632,19.8,10.101,199.99,50.39,219.81,0.97,0.938,50.0,OK
1761792763.8786314,19.886,10.08,200.44,50.39,219.61,0.973,0.938,49.97,OK
1761792763.9799762,19.842,10.116,200.72,50.39,220.3,0.979,0.93,50.0,OK
1761792764.0817163,19.883,10.15,201.8,50.39,220.34,0.941,0.973,49.99,OK
1761792764.183245,19.818,10.095,200.06,50.39,219.88,0.938,0.97,50.03,OK
1761792764.2848518,19.798,10.211,202.15,50.39,220.29,0.95,0.966,50.03,OK
1761792764.3862371,19.865,10.061,199.87,50.39,219.89,0.981,0.927,50.01,OK
1761792764.4872777,19.796,10.268,203.26,50.39,220.37,0.941,0.98,50.03,OK
1761792764.588782,19.794,10.23,202.49,50.39,220.28,0.979,0.939,49.95,OK
1761792764.6902537,19.866,10.074,200.13,50.39,219.75,0.962,0.947,49.95,OK
1761792764.7917473,19.821,10.264,203.45,50.39,219.63,0.994,0.932,50.01,OK
1761792764.89287,19.817,10.103,200.22,50.39,219.62,0.984,0.926,50.01,OK
1761792764.9943373,19.813,10.221,202.52,50.39,220.14,0.944,0.975,49.99,OK
1761792765.0957544,19.884,10.091,200.65,50.39,220.38,0.93,0.979,49.96,OK
1761792765.1973271,19.805,10.116,200.36,50.39,220.23,0.946,0.962,49.99,OK
1761792765.2986205,19.836,10.235,203.03,50.39,220.21,1.0,0.922,49.96,OK
1761792765.4007475,19.8,10.21,202.15,50.39,220.05,0.967,0.95,50.02,OK
1761792765.5019011,19.795,10.151,200.93,50.39,220.09,0.969,0.942,50.05,OK
1761792765.603401,19.883,10.223,203.25,50.39,220.39,0.955,0.966,49.96,OK
1761792765.7130198,19.885,10.099,200.82,50.39,219.73,0.953,0.959,50.01,OK
1761792765.8144493,19.807,10.244,202.91,50.39,220.26,0.973,0.947,50.01,OK
1761792765.915878,19.851,10.265,203.76,50.39,220.32,0.952,0.972,49.98,OK
1761792766.0175495,19.814,10.176,201.63,50.39,219.89,0.953,0.963,49.96,OK
1761792766.1189916,19.807,10.159,201.22,50.39,220.05,0.966,0.946,50.01,OK
1761792766.2206395,19.886,10.225,203.34,50.39,219.95,1.004,0.921,50.04,OK
1761792766.3220012,19.829,10.278,203.81,50.39,219.66,0.985,0.942,49.97,OK
1761792766.4235063,19.855,10.265,203.81,50.39,220.36,0.965,0.958,49.97,OK
1761792766.526268,19.856,10.212,202.78,50.39,219.88,0.965,0.956,50.02,OK
1761792766.6305842,19.847,10.324,204.9,50.39,220.32,0.961,0.968,49.98,OK
1761792766.7364638,19.843,10.335,205.08,50.39,220.37,0.98,0.949,49.95,OK
1761792766.8380234,19.825,10.172,201.65,50.39,219.97,0.968,0.947,49.95,OK
1761792766.9391508,19.833,10.218,202.66,50.39,219.84,0.942,0.979,50.05,OK
1761792767.0406172,19.867,10.34,205.43,50.39,219.97,0.965,0.968,49.95,OK
1761792767.1418116,19.836,10.192,202.17,50.39,219.77,0.984,0.935,49.96,OK
1761792767.2435596,19.836,10.296,204.22,50.39,220.18,1.008,0.921,50.01,OK
1761792767.3446515,19.864,10.296,204.52,50.39,219.66,0.956,0.974,50.0,OK
1761792767.4460669,19.822,10.297,204.1,50.39,219.69,1.006,0.923,50.0,OK
1761792767.5476172,19.867,10.303,204.68,50.39,220.27,0.978,0.95,50.0,OK
1761792767.6490543,19.804,10.374,205.44,50.39,220.4,0.999,0.933,50.05,OK
1761792767.7596974,19.835,10.274,203.79,50.39,219.85,0.96,0.966,49.96,OK
1761792767.8613145,19.804,10.313,204.24,50.39,219.86,0.986,0.942,50.0,OK
1761792767.9663537,19.883,10.176,202.33,50.39,219.91,0.996,0.924,49.96,OK
1761792768.0766604,19.799,10.336,204.64,50.39,219.68,0.957,0.973,49.99,OK
1761792768.2157934,19.834,10.224,202.78,50.39,220.16,0.957,0.962,49.97,OK
1761792768.3401382,19.833,10.307,204.42,50.39,220.37,1.003,0.925,50.02,OK
1761792768.4957259,19.874,10.332,205.33,50.39,220.27,0.968,0.963,49.96,OK
1761792768.6100454,19.839,10.349,205.31,50.39,220.25,0.951,0.98,49.99,OK
1761792768.7221065,19.801,10.396,205.86,50.39,220.02,0.961,0.974,49.95,OK
1761792768.8345802,19.863,10.292,204.44,50.39,220.09,0.988,0.94,50.01,OK
1761792768.9382882,19.876,10.24,203.53,50.39,219.63,0.968,0.958,49.97,OK
1761792769.0399754,19.885,10.253,203.87,50.39,220.0,1.005,0.922,50.03,OK
1761792769.1418629,19.864,10.188,202.36,50.39,220.24,0.964,0.953,49.98,OK
1761792769.2473605,19.839,10.244,203.24,50.39,219.88,0.962,0.961,50.03,OK
1761792769.3493087,19.885,10.222,203.25,50.39,220.14,0.957,0.965,49.99,OK
1761792769.4510996,19.852,10.355,205.56,50.39,219.78,0.983,0.952,50.02,OK
1761792769.5522652,19.876,10.273,204.19,50.39,220.01,1.007,0.922,50.02,OK
1761792769.653597,19.794,10.232,202.52,50.39,219.62,0.989,0.932,50.04,OK
1761792769.7552402,19.844,10.255,203.5,50.39,219.67,0.99,0.936,49.97,OK
1761792769.8567517,19.843,10.288,204.15,50.39,220.26,0.951,0.974,49.96,OK
1761792769.9583282,19.821,10.27,203.56,50.39,219.86,0.974,0.95,50.02,OK
1761792770.0596862,19.81,10.311,204.27,50.39,220.25,0.964,0.962,50.01,OK
1761792770.1610987,19.878,10.219,203.12,50.39,220.02,0.978,0.944,49.97,OK
1761792770.2622464,19.821,10.183,201.84,50.39,220.04,0.955,0.961,50.04,OK
1761792770.3666956,19.824,10.158,201.37,50.39,219.62,0.969,0.946,50.01,OK
1761792770.4684043,19.818,10.151,201.18,50.39,219.63,0.94,0.975,49.98,OK
1761792770.569877,19.799,10.292,203.77,50.39,220.29,0.975,0.948,49.98,OK
1761792770.6714103,19.824,10.245,203.09,50.39,220.24,0.983,0.938,50.04,OK
1761792770.773238,19.841,10.179,201.96,50.39,220.21,0.968,0.947,50.03,OK
1761792770.8744369,19.801,10.235,202.66,50.39,220.06,0.967,0.953,50.02,OK
1761792770.989394,19.844,10.201,202.43,50.39,220.38,0.968,0.949,50.03,OK
1761792771.0907896,19.814,10.294,203.95,50.39,220.26,0.968,0.957,49.97,OK
1761792771.1918564,19.867,10.147,201.59,50.39,220.05,0.946,0.969,49.99,OK
1761792771.293484,19.847,10.154,201.53,50.39,219.7,0.966,0.949,49.98,OK
1761792771.3948414,19.828,10.083,199.92,50.39,219.82,0.969,0.939,49.99,OK
1761792771.49584,19.809,10.241,202.87,50.39,220.38,0.947,0.972,49.97,OK
1761792771.5968192,19.821,10.185,201.88,50.39,220.1,0.971,0.945,50.04,OK
1761792771.6980412,19.835,10.173,201.78,50.39,220.29,0.96,0.954,50.04,OK
1761792771.8004649,19.809,10.233,202.71,50.39,220.38,0.988,0.931,49.96,OK
1761792771.9020715,19.79,10.106,200.01,50.39,219.79,0.971,0.937,50.04,OK
1761792772.0031025,19.842,10.177,201.93,50.39,219.85,0.941,0.976,50.0,OK
1761792772.1044235,19.873,10.129,201.3,50.39,220.06,0.964,0.949,49.96,OK
1761792772.2058084,19.821,10.171,201.6,50.39,219.86,0.967,0.948,49.96,OK
1761792772.3074694,19.847,10.087,200.2,50.39,219.85,0.955,0.953,49.99,OK
1761792772.4090283,19.867,10.119,201.03,50.39,220.39,0.983,0.928,49.97,OK
1761792772.522979,19.871,9.994,198.59,50.39,219.93,0.923,0.978,50.02,OK
1761792772.6247709,19.86,10.076,200.12,50.39,220.3,0.979,0.928,50.02,OK
1761792772.7263322,19.878,10.018,199.14,50.39,219.66,0.932,0.973,50.0,OK
1761792772.8277495,19.875,10.122,201.18,50.39,219.67,0.966,0.948,50.03,OK
1761792772.9292266,19.796,10.087,199.68,50.39,219.96,0.982,0.925,50.02,OK
1761792773.0310872,19.806,10.068,199.4,50.39,220.28,0.937,0.966,49.98,OK
1761792773.132644,19.879,10.046,199.69,50.39,219.92,0.987,0.92,50.02,OK
1761792773.2343597,19.802,10.128,200.55,50.39,220.17,0.974,0.935,49.97,OK
1761792773.3358018,19.848,10.061,199.7,50.39,220.03,0.947,0.958,50.0,OK
1761792773.4369016,19.818,9.991,197.99,50.39,220.04,0.946,0.951,49.95,OK
1761792773.5378652,19.839,9.993,198.26,50.39,220.22,0.922,0.976,49.97,OK
1761792773.6394172,19.868,10.046,199.59,50.39,220.16,0.965,0.94,50.02,OK
1761792773.7414076,19.805,10.003,198.11,50.39,219.61,0.935,0.965,49.99,OK
1761792773.8441365,19.838,9.923,196.86,50.39,220.14,0.956,0.935,50.0,OK
1761792773.947265,19.889,10.065,200.18,50.39,219.69,0.946,0.963,49.96,OK
1761792774.0503373,19.86,10.05,199.59,50.39,220.02,0.967,0.938,49.99,OK
1761792774.1516438,19.819,9.945,197.09,50.39,219.91,0.915,0.979,50.04,OK
1761792774.253249,19.841,9.929,197.01,50.39,220.1,0.969,0.924,49.99,OK
1761792774.3548381,19.805,10.052,199.07,50.39,220.26,0.939,0.963,50.03,OK
1761792774.4558198,19.808,10.044,198.95,50.39,219.98,0.968,0.934,49.98,OK
1761792774.5573456,19.857,9.956,197.69,50.39,219.63,0.941,0.957,50.03,OK
1761792774.6582344,19.791,9.9,195.92,50.39,220.37,0.915,0.972,50.01,OK
1761792774.7597125,19.792,9.908,196.09,50.39,220.01,0.937,0.951,50.04,OK
1761792774.861128,19.849,9.877,196.05,50.39,219.95,0.933,0.956,50.04,OK
1761792774.9624333,19.815,9.964,197.44,50.39,220.25,0.948,0.946,49.96,OK
1761792775.0638518,19.799,9.897,195.96,50.39,219.84,0.939,0.95,50.02,OK
1761792775.1653326,19.875,10.002,198.78,50.39,220.18,0.933,0.968,50.04,OK
1761792775.2671301,19.836,10.032,199.0,50.39,220.12,0.931,0.971,50.05,OK
1761792775.3689437,19.793,9.891,195.76,50.39,219.96,0.92,0.968,50.05,OK
1761792775.4701686,19.884,9.883,196.52,50.39,219.71,0.969,0.923,49.95,OK
1761792775.5716438,19.889,9.973,198.36,50.39,219.78,0.929,0.972,49.97,OK
1761792775.6729572,19.81,9.938,196.87,50.39,220.3,0.94,0.95,49.99,OK
1761792775.7739635,19.808,9.956,197.22,50.39,219.96,0.947,0.946,50.03,OK
1761792775.87521,19.854,10.0,198.55,50.39,219.87,0.973,0.928,49.96,OK
1761792775.9761705,19.889,9.843,195.76,50.39,219.79,0.914,0.974,50.02,OK
1761792776.0773993,19.828,9.866,195.62,50.39,220.06,0.921,0.965,49.95,OK
1761792776.1784472,19.868,9.908,196.84,50.39,219.97,0.939,0.953,49.98,OK
1761792776.2799058,19.862,9.909,196.82,50.39,219.78,0.967,0.926,49.99,OK
1761792776.3815315,19.849,9.818,194.87,50.39,220.27,0.934,0.947,49.97,OK
1761792776.4835608,19.841,9.83,195.04,50.39,219.63,0.929,0.956,50.01,OK
1761792776.5850694,19.795,9.892,195.82,50.39,219.69,0.952,0.936,50.03,OK
1761792776.6865287,19.89,9.877,196.45,50.39,220.06,0.929,0.961,50.01,OK
1761792776.788049,19.839,9.842,195.26,50.39,219.97,0.955,0.93,50.02,OK
1761792776.8892455,19.883,9.848,195.81,50.39,219.97,0.954,0.933,50.01,OK
1761792776.9902577,19.883,9.918,197.2,50.39,220.33,0.921,0.972,49.96,OK
1761792777.0914853,19.803,9.975,197.53,50.39,219.98,0.939,0.957,50.01,OK
1761792777.1925771,19.879,9.855,195.91,50.39,220.18,0.937,0.949,50.0,OK
1761792777.2934425,19.813,9.907,196.29,50.39,219.75,0.916,0.975,49.96,OK
1761792777.3949225,19.804,9.879,195.64,50.39,220.1,0.913,0.974,49.99,OK
1761792777.495921,19.853,9.866,195.87,50.39,220.4,0.95,0.936,49.99,OK
1761792777.5970035,19.858,9.816,194.93,50.39,220.18,0.915,0.967,50.01,OK
1761792777.6984334,19.836,9.786,194.12,50.39,220.09,0.934,0.944,50.02,OK
1761792777.8001554,19.816,9.99,197.96,50.39,219.68,0.935,0.964,49.96,OK
1761792777.9013867,19.852,9.777,194.09,50.39,220.38,0.923,0.955,50.04,OK
1761792778.002798,19.858,9.78,194.21,50.39,219.96,0.933,0.946,50.03,OK
1761792778.1036954,19.841,9.904,196.51,50.39,219.92,0.942,0.949,50.0,OK
1761792778.204985,19.879,9.818,195.17,50.39,219.76,0.913,0.973,50.02,OK
1761792778.3066268,19.877,9.786,194.51,50.39,220.38,0.904,0.976,49.99,OK
1761792778.408874,19.835,9.792,194.23,50.39,220.33,0.955,0.923,49.97,OK
1761792778.5155978,19.866,9.86,195.88,50.39,220.39,0.922,0.964,49.96,OK
1761792778.617435,19.823,9.994,198.11,50.39,220.27,0.974,0.923,50.02,OK
1761792778.718342,19.824,9.879,195.83,50.39,219.64,0.963,0.926,50.03,OK
1761792778.8211956,19.806,10.001,198.07,50.39,219.91,0.93,0.969,50.02,OK
1761792778.9237242,19.854,9.819,194.96,50.39,220.04,0.949,0.934,50.04,OK
1761792779.0251765,19.881,9.857,195.96,50.39,220.11,0.965,0.923,50.01,OK
1761792779.1274827,19.799,9.875,195.51,50.39,220.36,0.944,0.939,49.96,OK
1761792779.2287705,19.847,9.959,197.65,50.39,220.07,0.968,0.927,50.04,OK
1761792779.3311925,19.831,9.83,194.94,50.39,219.81,0.956,0.928,50.0,OK
1761792779.4328315,19.826,9.824,194.78,50.39,219.91,0.943,0.939,50.02,OK
1761792779.534448,19.875,9.82,195.16,50.39,219.85,0.955,0.93,50.03,OK
1761792779.6357615,19.822,9.859,195.43,50.39,220.08,0.962,0.923,50.04,OK
1761792779.7372513,19.79,10.007,198.04,50.39,219.67,0.953,0.946,50.0,OK
1761792779.838999,19.819,9.97,197.59,50.39,219.65,0.967,0.931,49.96,OK
1761792779.944846,19.882,9.85,195.83,50.39,219.65,0.956,0.933,50.04,OK
1761792780.0460832,19.842,9.941,197.26,50.39,219.75,0.917,0.979,50.02,OK
1761792780.151291,19.872,9.908,196.89,50.39,219.77,0.945,0.948,49.97,OK
1761792780.2529862,19.805,10.067,199.38,50.39,220.31,0.957,0.945,50.05,OK
1761792780.354429,19.863,9.945,197.53,50.39,220.21,0.923,0.972,50.0,OK
1761792780.455686,19.817,10.056,199.28,50.39,219.62,0.966,0.94,50.01,OK
1761792780.5569363,19.87,9.913,196.97,50.39,219.7,0.937,0.956,49.99,OK
1761792780.6584475,19.89,9.921,197.32,50.39,220.09,0.927,0.968,50.01,OK
1761792780.760113,19.802,10.027,198.55,50.39,219.73,0.933,0.968,50.02,OK
1761792780.8616083,19.822,10.035,198.92,50.39,219.7,0.946,0.957,49.96,OK
1761792780.9631112,19.809,10.012,198.33,50.39,220.02,0.929,0.971,50.05,OK
1761792781.0644524,19.833,9.964,197.61,50.39,219.91,0.972,0.925,49.98,OK
1761792781.1660979,19.869,10.091,200.49,50.39,220.1,0.958,0.951,49.98,OK
1761792781.267677,19.885,9.994,198.72,50.39,220.14,0.955,0.945,50.05,OK
1761792781.369278,19.875,10.021,199.16,50.39,219.67,0.955,0.949,50.02,OK
1761792781.4705822,19.868,9.919,197.07,50.39,219.95,0.968,0.925,49.96,OK
1761792781.5720732,19.872,9.997,198.66,50.39,220.29,0.921,0.979,50.0,OK
1761792781.6737323,19.853,10.091,200.34,50.39,219.64,0.957,0.953,50.04,OK
1761792781.7750878,19.854,10.071,199.95,50.39,219.66,0.96,0.948,50.02,OK
1761792781.8763857,19.873,10.07,200.12,50.39,220.07,0.954,0.953,50.01,OK
1761792781.9779258,19.824,10.034,198.91,50.39,220.33,0.973,0.928,50.04,OK
1761792782.0794373,19.827,10.158,201.4,50.39,219.93,0.993,0.923,50.0,OK
1761792782.1806011,19.816,10.165,201.43,50.39,219.74,0.962,0.953,50.01,OK
1761792782.2832754,19.828,10.026,198.8,50.39,219.71,0.938,0.964,50.01,OK
1761792782.3847818,19.793,10.035,198.62,50.39,219.8,0.979,0.923,50.0,OK
1761792782.4866655,19.841,10.047,199.35,50.39,220.33,0.94,0.963,49.99,OK
1761792782.5882275,19.824,10.185,201.92,50.39,219.65,0.944,0.974,50.01,OK
1761792782.6898756,19.858,10.049,199.55,50.39,219.91,0.95,0.955,50.0,OK
1761792782.7911282,19.864,10.174,202.09,50.39,220.16,0.978,0.938,50.0,OK
1761792782.89481,19.798,10.15,200.96,50.39,219.95,0.968,0.944,50.04,OK
1761792782.9976702,19.816,10.043,199.02,50.39,220.31,0.961,0.94,50.04,OK
1761792783.0996382,19.821,10.237,202.91,50.39,219.62,0.998,0.926,50.03,OK
1761792783.2009234,19.818,10.198,202.1,50.39,219.71,0.957,0.961,50.0,OK
1761792783.3024738,19.798,10.107,200.1,50.39,220.07,0.97,0.938,50.0,OK
1761792783.4038699,19.872,10.221,203.11,50.39,220.02,0.947,0.975,49.95,OK
1761792783.505869,19.809,10.096,200.0,50.39,219.71,0.957,0.951,50.01,OK
1761792783.6072876,19.805,10.264,203.28,50.39,219.95,0.976,0.947,50.01,OK
1761792783.7085621,19.79,10.158,201.02,50.39,220.23,0.981,0.93,50.05,OK
1761792783.8099477,19.87,10.129,201.25,50.39,219.79,0.979,0.935,49.97,OK
1761792783.911291,19.826,10.195,202.12,50.39,219.75,0.962,0.956,49.99,OK
1761792784.012797,19.857,10.152,201.58,50.39,220.23,0.989,0.925,50.0,OK
1761792784.116021,19.851,10.293,204.32,50.39,219.66,0.969,0.96,50.02,OK
1761792784.21849,19.804,10.222,202.44,50.39,220.27,0.947,0.97,50.02,OK
1761792784.336226,19.844,10.136,201.14,50.39,219.98,0.963,0.95,50.01,OK
1761792784.438267,19.844,10.137,201.15,50.39,220.23,0.933,0.979,49.96,OK
1761792784.5430932,19.796,10.292,203.74,50.39,220.3,0.968,0.955,50.04,OK
1761792784.6450462,19.859,10.195,202.46,50.39,219.62,0.997,0.925,50.04,OK
1761792784.746013,19.858,10.238,203.3,50.39,219.78,0.975,0.949,49.97,OK
1761792784.847273,19.885,10.184,202.51,50.39,220.34,0.973,0.944,50.01,OK
1761792784.948829,19.794,10.231,202.51,50.39,219.83,0.982,0.938,49.96,OK
1761792785.0500927,19.832,10.264,203.55,50.39,219.74,0.975,0.95,49.98,OK
1761792785.152102,19.89,10.123,201.35,50.39,220.12,0.941,0.973,50.05,OK
1761792785.2535923,19.884,10.154,201.9,50.39,220.36,0.966,0.949,50.04,OK
1761792785.3548968,19.862,10.165,201.91,50.39,219.76,0.978,0.939,49.99,OK
1761792785.4562073,19.875,10.139,201.51,50.39,220.01,0.994,0.921,50.02,OK
1761792785.5572429,19.874,10.247,203.65,50.39,220.09,0.968,0.956,50.04,OK
1761792785.6588314,19.88,10.246,203.7,50.39,220.29,0.965,0.959,49.95,OK
1761792785.759994,19.867,10.267,203.97,50.39,220.28,0.95,0.974,49.98,OK
1761792785.861371,19.827,10.19,202.04,50.39,220.08,0.967,0.949,50.03,OK
1761792785.9622757,19.809,10.187,201.79,50.39,219.81,0.962,0.955,50.05,OK
1761792786.0635705,19.806,10.21,202.23,50.39,219.99,0.957,0.96,49.98,OK
1761792786.164878,19.835,10.191,202.13,50.39,220.35,0.943,0.973,49.98,OK
1761792786.2665453,19.822,10.29,203.98,50.39,220.02,0.988,0.938,50.04,OK
1761792786.3679054,19.875,10.32,205.12,50.39,219.95,0.996,0.937,50.0,OK
1761792786.4692907,19.873,10.171,202.13,50.39,220.0,0.968,0.949,49.95,OK
1761792786.57097,19.849,10.22,202.85,50.39,219.67,0.954,0.968,49.96,OK
1761792786.672274,19.823,10.208,202.36,50.39,219.76,0.968,0.952,50.02,OK
1761792786.773607,19.814,10.357,205.21,50.39,219.98,0.954,0.978,50.02,OK
1761792786.8748252,19.845,10.226,202.93,50.39,220.07,1.002,0.92,50.01,OK
1761792786.9761863,19.88,10.28,204.38,50.39,220.16,0.952,0.975,49.95,OK
1761792787.077539,19.826,10.335,204.9,50.39,219.72,1.006,0.927,50.01,OK
1761792787.1787567,19.846,10.293,204.27,50.39,220.15,0.963,0.963,50.02,OK
1761792787.2801354,19.863,10.343,205.43,50.39,219.63,0.957,0.978,50.03,OK
1761792787.3812048,19.813,10.253,203.14,50.39,219.74,0.993,0.931,49.99,OK
1761792787.4828808,19.813,10.368,205.42,50.39,220.08,0.997,0.937,50.03,OK
1761792787.5843642,19.805,10.201,202.03,50.39,220.32,0.945,0.97,50.02,OK
1761792787.6858368,19.875,10.306,204.83,50.39,220.3,0.999,0.93,50.03,OK
1761792787.787373,19.869,10.247,203.6,50.39,219.88,0.984,0.941,50.03,OK
1761792787.8883517,19.838,10.332,204.98,50.39,220.32,0.969,0.96,50.05,OK
1761792787.9895406,19.867,10.351,205.65,50.39,219.69,0.965,0.97,50.03,OK
1761792788.090886,19.808,10.214,202.33,50.39,220.02,0.954,0.964,50.02,OK
1761792788.1924584,19.838,10.294,204.2,50.39,220.23,0.968,0.958,49.97,OK
1761792788.2938502,19.832,10.171,201.7,50.39,219.88,0.979,0.937,50.05,OK
1761792788.4066505,19.859,10.177,202.11,50.39,219.86,0.967,0.951,50.0,OK
1761792788.5079784,19.82,10.213,202.41,50.39,219.64,0.961,0.959,49.97,OK
1761792788.6089692,19.843,10.325,204.88,50.39,219.91,0.967,0.963,50.01,OK
1761792788.7105484,19.852,10.211,202.72,50.39,220.13,0.942,0.978,50.03,OK
1761792788.8116627,19.866,10.318,204.98,50.39,220.04,0.979,0.951,49.96,OK
1761792788.913075,19.849,10.266,203.77,50.39,220.09,0.979,0.945,50.0,OK
1761792789.0146255,19.833,10.155,201.4,50.39,220.15,0.979,0.934,49.96,OK
1761792789.11664,19.808,10.2,202.04,50.39,219.77,0.981,0.937,49.99,OK
1761792789.4800866,19.888,10.279,204.44,50.39,220.13,0.97,0.957,50.02,OK
1761792789.5817046,19.868,10.287,204.38,50.39,219.86,0.954,0.974,49.97,OK
1761792789.6830568,19.839,10.212,202.6,50.39,219.9,0.973,0.947,49.97,OK
1761792789.7842295,19.831,10.109,200.46,50.39,219.89,0.964,0.946,50.05,OK
1761792789.88573,19.889,10.259,204.04,50.39,219.81,0.981,0.946,49.97,OK
1761792789.9871442,19.864,10.219,202.98,50.39,220.05,0.983,0.939,49.99,OK
1761792790.0892973,19.85,10.126,200.99,50.39,219.75,0.961,0.952,50.04,OK
1761792790.1909952,19.803,10.188,201.75,50.39,220.39,0.986,0.929,49.95,OK
1761792790.2922695,19.883,10.083,200.49,50.39,219.89,0.956,0.954,49.99,OK
1761792790.3933694,19.808,10.253,203.08,50.39,219.95,0.989,0.934,49.96,OK
1761792790.4951854,19.876,10.057,199.88,50.39,219.93,0.958,0.949,50.05,OK
1761792790.5963974,19.855,10.137,201.28,50.39,220.26,0.938,0.974,50.05,OK
1761792790.6976945,19.833,10.079,199.89,50.39,219.85,0.938,0.97,50.04,OK
1761792790.799446,19.857,10.229,203.11,50.39,220.09,0.968,0.953,49.99,OK
1761792790.9003568,19.804,10.154,201.09,50.39,220.23,0.977,0.935,50.0,OK
1761792791.0019834,19.805,10.226,202.53,50.39,220.21,0.964,0.954,49.98,OK
1761792791.103309,19.842,10.202,202.43,50.39,219.93,0.974,0.945,50.02,OK
1761792791.2049205,19.868,10.058,199.83,50.39,219.77,0.956,0.951,49.97,OK
1761792791.3062842,19.819,10.054,199.26,50.39,219.77,0.932,0.973,49.97,OK
1761792791.4073842,19.794,10.033,198.59,50.39,220.28,0.931,0.969,50.03,OK
1761792791.5082932,19.869,9.999,198.68,50.39,219.72,0.927,0.976,50.04,OK
1761792791.609551,19.855,10.109,200.71,50.39,219.63,0.944,0.968,49.97,OK
1761792791.710587,19.813,10.008,198.29,50.39,220.0,0.975,0.924,50.01,OK
1761792791.8125136,19.844,10.062,199.66,50.39,220.17,0.932,0.973,49.96,OK
1761792791.9143744,19.795,10.137,200.66,50.39,219.71,0.939,0.973,50.04,OK
1761792792.015966,19.848,10.099,200.44,50.39,220.18,0.956,0.953,50.0,OK
1761792792.117565,19.808,10.013,198.33,50.39,219.98,0.929,0.97,50.01,OK
1761792792.2189698,19.847,9.945,197.38,50.39,220.2,0.972,0.922,49.98,OK
1761792792.320562,19.802,9.986,197.74,50.39,220.24,0.917,0.979,49.98,OK
1761792792.4219117,19.87,10.064,199.96,50.39,219.74,0.943,0.965,50.02,OK
1761792792.5235522,19.863,9.965,197.94,50.39,220.0,0.966,0.931,50.01,OK
1761792792.6248472,19.801,9.985,197.72,50.39,219.96,0.946,0.95,50.02,OK
1761792792.7264893,19.88,10.027,199.34,50.39,220.2,0.972,0.932,50.0,OK
1761792792.8274848,19.801,10.029,198.59,50.39,219.65,0.96,0.942,50.0,OK
1761792792.9289937,19.842,10.046,199.34,50.39,220.03,0.949,0.954,50.01,OK
1761792793.0298953,19.792,9.976,197.45,50.39,220.37,0.962,0.931,49.97,OK
1761792793.1310842,19.803,9.966,197.36,50.39,220.0,0.926,0.969,49.97,OK
1761792793.2325323,19.876,9.876,196.29,50.39,219.84,0.961,0.929,50.0,OK
1761792793.3339891,19.889,9.939,197.68,50.39,220.07,0.974,0.922,50.0,OK
1761792793.4350662,19.797,9.966,197.3,50.39,220.15,0.92,0.974,50.04,OK
1761792793.5364518,19.871,9.96,197.92,50.39,220.37,0.933,0.963,49.96,OK
1761792793.6376612,19.843,9.995,198.33,50.39,219.9,0.972,0.928,50.03,OK
1761792793.739108,19.881,10.031,199.43,50.39,219.85,0.967,0.938,50.05,OK
1761792793.8404844,19.816,9.919,196.56,50.39,220.34,0.923,0.967,50.01,OK
1761792793.941908,19.794,10.04,198.72,50.39,219.73,0.927,0.975,49.98,OK
1761792794.0436652,19.817,9.906,196.3,50.39,220.23,0.966,0.923,50.04,OK
1761792794.1452684,19.834,9.9,196.37,50.39,220.29,0.966,0.923,50.03,OK
1761792794.2461412,19.85,10.011,198.72,50.39,219.85,0.942,0.96,49.98,OK
1761792794.3474615,19.817,9.895,196.08,50.39,220.32,0.934,0.952,49.97,OK
1761792794.4496381,19.832,9.89,196.14,50.39,219.77,0.934,0.956,49.95,OK
1761792794.5508122,19.794,9.878,195.53,50.39,219.89,0.909,0.978,50.01,OK
1761792794.6522903,19.885,9.971,198.27,50.39,220.35,0.978,0.92,50.05,OK
1761792794.7538009,19.81,9.961,197.32,50.39,219.72,0.945,0.951,49.96,OK
1761792794.855275,19.831,9.836,195.07,50.39,219.92,0.958,0.926,49.99,OK
1761792794.956656,19.858,9.987,198.31,50.39,220.17,0.964,0.934,50.04,OK
1761792795.0581686,19.866,9.835,195.37,50.39,220.36,0.905,0.979,49.96,OK
1761792795.1597424,19.869,9.781,194.34,50.39,219.67,0.95,0.931,49.98,OK
1761792795.261112,19.832,9.998,198.28,50.39,220.2,0.925,0.974,50.01,OK
1761792795.368844,19.876,9.899,196.76,50.39,220.37,0.942,0.948,50.03,OK
1761792795.483937,19.827,9.884,195.98,50.39,220.39,0.96,0.926,49.97,OK
1761792795.5853996,19.844,9.834,195.14,50.39,219.62,0.946,0.939,50.01,OK
1761792795.6870165,19.86,9.812,194.87,50.39,219.63,0.936,0.948,49.97,OK
1761792795.78841,19.824,9.87,195.66,50.39,219.67,0.926,0.962,49.97,OK
1761792795.889929,19.823,9.851,195.29,50.39,219.7,0.918,0.968,50.01,OK
1761792795.9913862,19.866,9.823,195.13,50.39,219.93,0.953,0.931,49.99,OK
1761792796.093003,19.803,9.95,197.05,50.39,220.05,0.919,0.974,50.01,OK
1761792796.1943483,19.808,9.93,196.69,50.39,219.98,0.92,0.972,50.03,OK
1761792796.2957134,19.834,9.877,195.91,50.39,220.18,0.956,0.93,50.05,OK
1761792796.3970215,19.846,9.926,197.0,50.39,220.37,0.936,0.955,50.01,OK
1761792796.499015,19.872,9.792,194.59,50.39,220.07,0.942,0.939,49.99,OK
1761792796.600229,19.794,9.829,194.56,50.39,219.62,0.945,0.938,49.98,OK
1761792796.701623,19.867,9.767,194.05,50.39,219.64,0.934,0.946,50.01,OK
1761792796.803144,19.878,9.765,194.11,50.39,219.86,0.933,0.946,50.01,OK
1761792796.904486,19.792,9.976,197.46,50.39,219.8,0.947,0.948,50.03,OK
1761792797.0060992,19.797,9.807,194.15,50.39,219.91,0.923,0.956,50.01,OK
1761792797.1075466,19.855,9.874,196.04,50.39,219.61,0.923,0.967,49.97,OK
1761792797.2085342,19.865,9.97,198.05,50.39,219.85,0.967,0.932,49.98,OK
1761792797.309982,19.834,9.986,198.06,50.39,219.95,0.922,0.976,49.99,OK
1761792797.411098,19.836,9.984,198.04,50.39,219.62,0.924,0.976,50.0,OK
1761792797.5123322,19.804,9.842,194.91,50.39,219.81,0.915,0.969,49.95,OK
1761792797.6133232,19.799,9.947,196.95,50.39,220.03,0.959,0.933,50.05,OK
1761792797.7148533,19.863,9.978,198.2,50.39,219.65,0.957,0.943,49.98,OK
1761792797.816628,19.798,9.966,197.3,50.39,219.81,0.925,0.971,49.97,OK
1761792797.918141,19.851,9.901,196.54,50.39,219.67,0.953,0.939,49.96,OK
1761792798.0191307,19.844,9.976,197.96,50.39,219.69,0.939,0.959,50.04,OK
1761792798.12071,19.851,9.814,194.82,50.39,220.35,0.945,0.936,49.96,OK
1761792798.2221029,19.841,9.952,197.46,50.39,219.79,0.947,0.948,49.97,OK
1761792798.323272,19.804,9.928,196.63,50.39,219.81,0.954,0.938,50.02,OK
1761792798.424703,19.877,9.899,196.77,50.39,219.96,0.943,0.949,49.97,OK
1761792798.5261207,19.832,9.966,197.64,50.39,219.91,0.969,0.928,49.96,OK
1761792798.627594,19.82,10.036,198.92,50.39,219.77,0.962,0.941,49.96,OK
1761792798.7290268,19.877,9.823,195.24,50.39,220.03,0.937,0.947,50.0,OK
1761792798.8306043,19.795,9.94,196.76,50.39,219.61,0.934,0.959,49.96,OK
1761792798.9322743,19.868,9.987,198.42,50.39,220.17,0.967,0.932,49.96,OK
1761792799.0337205,19.79,9.992,197.73,50.39,220.17,0.949,0.946,49.97,OK
1761792799.1352408,19.849,9.964,197.78,50.39,220.27,0.94,0.955,50.04,OK
1761792799.236602,19.823,9.976,197.76,50.39,219.69,0.935,0.962,50.01,OK
1761792799.3381898,19.797,10.065,199.26,50.39,219.83,0.974,0.931,50.04,OK
1761792799.4487689,19.796,10.073,199.41,50.39,220.19,0.964,0.939,49.98,OK
1761792799.5537493,19.809,9.914,196.38,50.39,219.96,0.96,0.93,49.96,OK
1761792799.6552055,19.881,9.931,197.43,50.39,219.88,0.945,0.95,49.97,OK
1761792799.7568457,19.885,9.921,197.27,50.39,219.76,0.955,0.94,50.03,OK
1761792799.8582642,19.823,10.048,199.19,50.39,220.14,0.969,0.933,49.95,OK
1761792799.9598155,19.879,9.948,197.75,50.39,219.72,0.966,0.932,49.99,OK
1761792800.061324,19.885,9.968,198.22,50.39,219.9,0.937,0.962,49.99,OK
1761792800.163623,19.874,10.021,199.14,50.39,219.72,0.975,0.93,50.02,OK
1761792800.2667637,19.831,10.008,198.47,50.39,220.04,0.97,0.93,50.02,OK
1761792800.3695412,19.872,10.036,199.44,50.39,219.9,0.983,0.922,50.03,OK
1761792800.5144758,19.829,10.132,200.9,50.39,219.68,0.948,0.965,50.0,OK
1761792800.6170266,19.881,10.036,199.53,50.39,220.15,0.929,0.975,50.0,OK
1761792800.7184048,19.882,9.989,198.59,50.39,220.36,0.977,0.922,49.99,OK
1761792800.8199246,19.794,10.121,200.33,50.39,219.96,0.96,0.949,50.02,OK
1761792800.9210794,19.853,10.002,198.57,50.39,220.16,0.957,0.943,50.01,OK
1761792801.022517,19.858,9.985,198.29,50.39,220.34,0.956,0.941,50.02,OK
1761792801.123627,19.842,10.085,200.11,50.39,219.65,0.958,0.951,50.01,OK
1761792801.2248812,19.832,10.156,201.41,50.39,219.98,0.951,0.962,50.0,OK
1761792801.326311,19.88,10.072,200.23,50.39,220.28,0.94,0.967,50.02,OK
1761792801.4275985,19.842,10.058,199.58,50.39,219.83,0.937,0.969,50.0,OK
1761792801.528921,19.796,10.212,202.15,50.39,220.05,0.959,0.958,50.0,OK
1761792801.6306915,19.864,10.147,201.57,50.39,220.11,0.982,0.932,50.04,OK
1761792801.732313,19.815,10.072,199.58,50.39,220.2,0.93,0.974,50.03,OK
1761792801.8436494,19.86,10.124,201.06,50.39,219.69,0.935,0.979,49.95,OK
1761792801.945042,19.868,10.062,199.91,50.39,220.09,0.965,0.942,49.95,OK
1761792802.0463986,19.866,10.171,202.05,50.39,220.0,0.996,0.922,49.99,OK
1761792802.1475847,19.889,10.056,200.0,50.39,219.74,0.965,0.943,49.98,OK
1761792802.2487981,19.846,10.08,200.06,50.39,220.35,0.958,0.947,50.04,OK
1761792802.350272,19.796,10.107,200.07,50.39,220.07,0.933,0.974,49.96,OK
1761792802.4516544,19.847,10.162,201.68,50.39,220.38,0.955,0.958,49.96,OK
1761792802.5621557,19.888,10.219,203.24,50.39,220.31,0.972,0.949,50.05,OK
1761792802.6643326,19.85,10.101,200.5,50.39,220.12,0.987,0.923,49.99,OK
1761792802.765936,19.797,10.277,203.46,50.39,219.99,0.977,0.947,49.99,OK
1761792802.8672287,19.851,10.21,202.68,50.39,220.38,0.966,0.952,50.01,OK
1761792802.9796646,19.878,10.192,202.59,50.39,220.13,0.948,0.971,49.99,OK
1761792803.0809853,19.869,10.132,201.31,50.39,220.21,0.936,0.977,49.97,OK
1761792803.182526,19.813,10.189,201.86,50.39,219.8,0.962,0.955,49.96,OK
1761792803.28391,19.843,10.304,204.45,50.39,220.31,0.954,0.972,49.98,OK
1761792803.3853226,19.845,10.175,201.92,50.39,219.92,0.987,0.93,49.99,OK
1761792803.4865685,19.799,10.212,202.19,50.39,219.72,0.973,0.946,49.99,OK
1761792803.587464,19.818,10.288,203.9,50.39,220.05,0.966,0.959,50.0,OK
1761792803.688676,19.813,10.243,202.95,50.39,219.91,0.956,0.965,50.0,OK
1761792803.7899587,19.793,10.313,204.13,50.39,219.61,0.963,0.965,50.02,OK
1761792803.8914034,19.813,10.163,201.37,50.39,220.27,0.991,0.922,49.99,OK
1761792803.99256,19.856,10.185,202.22,50.39,219.81,0.97,0.948,49.97,OK
1761792804.0942209,19.886,10.165,202.15,50.39,219.8,0.977,0.941,50.05,OK
1761792804.1955338,19.855,10.167,201.85,50.39,220.24,0.99,0.926,50.05,OK
1761792804.301258,19.835,10.193,202.18,50.39,219.73,0.955,0.964,50.03,OK
1761792804.402493,19.828,10.305,204.33,50.39,220.31,0.995,0.932,50.0,OK
1761792804.5035164,19.837,10.283,203.98,50.39,220.36,0.992,0.933,50.03,OK
1761792804.6049974,19.801,10.347,204.89,50.39,219.88,0.987,0.944,50.0,OK
1761792804.7064686,19.822,10.2,202.18,50.39,219.7,0.948,0.971,49.99,OK
1761792804.8991933,19.854,10.192,202.35,50.39,220.33,0.978,0.939,50.03,OK
1761792805.0009587,19.876,10.228,203.3,50.39,220.01,0.977,0.946,49.99,OK
1761792805.1025016,19.822,10.197,202.13,50.39,220.31,0.988,0.928,49.97,OK
1761792805.2039092,19.791,10.279,203.44,50.39,219.91,0.989,0.936,50.01,OK
1761792805.3054173,19.845,10.317,204.75,50.39,220.28,0.981,0.948,49.97,OK
1761792805.4066012,19.809,10.2,202.04,50.39,219.91,0.952,0.965,49.98,OK
1761792805.5089145,19.861,10.315,204.86,50.39,219.87,0.971,0.959,49.99,OK
1761792805.6106226,19.825,10.38,205.78,50.39,219.88,0.966,0.969,50.01,OK
1761792805.7202766,19.883,10.284,204.48,50.39,219.79,0.97,0.959,50.0,OK
1761792805.8236542,19.823,10.265,203.48,50.39,220.31,0.95,0.972,50.03,OK
1761792805.9264016,19.859,10.308,204.71,50.39,219.96,0.982,0.947,49.99,OK
1761792806.0279522,19.84,10.354,205.42,50.39,220.12,0.996,0.937,50.01,OK
1761792806.1299233,19.835,10.271,203.73,50.39,220.19,0.973,0.951,49.98,OK
1761792806.231831,19.838,10.321,204.75,50.39,220.26,0.985,0.944,49.98,OK
1761792806.333043,19.876,10.226,203.25,50.39,219.92,0.959,0.964,50.01,OK
1761792806.4343498,19.849,10.322,204.88,50.39,220.21,0.993,0.937,50.05,OK
1761792806.5353067,19.88,10.313,205.02,50.39,219.64,0.983,0.95,50.01,OK
1761792806.6366935,19.796,10.201,201.93,50.39,219.75,0.98,0.938,49.99,OK
1761792806.7378223,19.801,10.344,204.81,50.39,219.73,0.991,0.94,49.97,OK
1761792806.8388731,19.813,10.209,202.27,50.39,219.7,0.988,0.932,49.96,OK
1761792806.9404676,19.856,10.187,202.26,50.39,220.19,0.994,0.924,49.95,OK
1761792807.0460546,19.807,10.353,205.06,50.39,219.84,0.952,0.98,49.96,OK
1761792807.1535254,19.848,10.294,204.32,50.39,220.02,0.949,0.979,50.05,OK
1761792807.2564352,19.865,10.153,201.7,50.39,219.94,0.959,0.956,49.96,OK
1761792807.3575444,19.883,10.163,202.07,50.39,220.32,0.959,0.956,50.05,OK
1761792807.4586196,19.802,10.282,203.6,50.39,220.13,1.005,0.921,50.05,OK
1761792807.5610445,19.888,10.284,204.54,50.39,220.17,0.983,0.945,50.04,OK
1761792807.6625783,19.879,10.325,205.25,50.39,220.32,0.958,0.973,50.04,OK
1761792807.7657897,19.876,10.29,204.52,50.39,219.81,0.97,0.959,50.05,OK
1761792807.8676457,19.795,10.354,204.95,50.39,219.81,0.968,0.963,50.04,OK
1761792807.9689143,19.865,10.25,203.62,50.39,219.62,0.972,0.954,49.98,OK
1761792808.07036,19.796,10.266,203.23,50.39,219.67,0.961,0.962,49.97,OK
1761792808.17185,19.823,10.217,202.54,50.39,220.09,0.994,0.926,49.99,OK
1761792808.272987,19.845,10.258,203.58,50.39,219.89,0.976,0.949,49.98,OK
1761792808.3745344,19.811,10.231,202.7,50.39,219.76,0.952,0.968,50.03,OK
1761792808.4767878,19.874,10.256,203.81,50.39,220.37,0.988,0.936,49.98,OK
1761792808.5782294,19.801,10.289,203.74,50.39,219.82,0.956,0.969,50.01,OK
1761792808.6795356,19.861,10.11,200.8,50.39,219.9,0.977,0.934,50.05,OK
1761792808.7826297,19.856,10.145,201.44,50.39,220.24,0.955,0.958,50.0,OK
1761792808.884096,19.878,10.16,201.96,50.39,220.39,0.948,0.967,50.02,OK
1761792808.9853399,19.799,10.252,202.97,50.39,220.23,0.943,0.977,50.03,OK
1761792809.0866933,19.795,10.202,201.95,50.39,220.34,0.96,0.955,49.99,OK
1761792809.1881466,19.86,10.215,202.87,50.39,219.97,0.987,0.934,50.02,OK
1761792809.28971,19.804,10.259,203.18,50.39,219.89,1.001,0.923,49.98,OK
1761792809.391313,19.792,10.183,201.54,50.39,219.69,0.938,0.978,50.0,OK
1761792809.492568,19.795,10.117,200.27,50.39,219.88,0.93,0.979,50.05,OK
1761792809.5944524,19.866,10.052,199.7,50.39,220.15,0.968,0.938,49.99,OK
1761792809.6955454,19.887,10.1,200.86,50.39,220.19,0.986,0.925,50.0,OK
1761792809.7979376,19.812,10.093,199.97,50.39,219.81,0.933,0.975,50.03,OK
1761792809.8993433,19.796,10.129,200.52,50.39,219.79,0.932,0.979,49.97,OK
1761792810.0012026,19.878,10.144,201.64,50.39,220.36,0.967,0.946,50.04,OK
1761792810.1027331,19.843,10.205,202.5,50.39,219.81,0.964,0.956,50.01,OK
1761792810.204347,19.806,10.142,200.87,50.39,220.28,0.988,0.923,49.99,OK
1761792810.3058043,19.848,10.118,200.83,50.39,219.9,0.956,0.955,49.96,OK
1761792810.4075933,19.842,10.01,198.62,50.39,219.92,0.955,0.946,50.03,OK
1761792810.509299,19.825,10.159,201.4,50.39,220.14,0.95,0.963,49.98,OK
1761792810.6111338,19.856,10.093,200.41,50.39,219.74,0.954,0.956,49.98,OK
1761792810.712776,19.89,9.998,198.85,50.39,220.02,0.975,0.927,50.0,OK
1761792810.8154242,19.831,10.063,199.55,50.39,220.13,0.959,0.945,50.05,OK
1761792810.9205563,19.805,10.01,198.24,50.39,219.94,0.928,0.972,50.03,OK
1761792811.0227413,19.846,9.954,197.56,50.39,220.13,0.931,0.964,49.99,OK
1761792811.1245918,19.872,9.964,198.01,50.39,219.79,0.957,0.942,49.98,OK
1761792811.226527,19.842,10.077,199.95,50.39,220.09,0.978,0.929,50.02,OK
1761792811.3280172,19.85,10.084,200.17,50.39,219.86,0.931,0.978,49.98,OK
1761792811.4296665,19.867,9.965,197.99,50.39,220.14,0.958,0.938,50.02,OK
1761792811.5314844,19.797,10.037,198.7,50.39,219.87,0.966,0.935,50.05,OK
1761792811.6329818,19.868,10.058,199.83,50.39,219.7,0.96,0.948,49.99,OK
1761792811.7344236,19.853,9.908,196.7,50.39,219.95,0.964,0.928,50.04,OK
1761792811.836187,19.794,10.005,198.04,50.39,219.95,0.946,0.952,49.99,OK
1761792811.9378514,19.885,9.928,197.41,50.39,219.9,0.93,0.965,50.0,OK
1761792812.0461273,19.807,10.006,198.2,50.39,220.01,0.941,0.957,49.98,OK
1761792812.1480958,19.79,10.097,199.83,50.39,220.38,0.982,0.923,49.99,OK
1761792812.2492356,19.878,9.881,196.42,50.39,219.82,0.944,0.947,50.03,OK
1761792812.351062,19.795,9.913,196.22,50.39,220.07,0.946,0.943,49.97,OK
1761792812.4525898,19.835,9.876,195.89,50.39,220.24,0.962,0.924,49.98,OK
1761792812.5543382,19.856,9.967,197.91,50.39,219.92,0.973,0.925,49.99,OK
1761792812.655793,19.826,10.03,198.86,50.39,220.0,0.96,0.942,50.0,OK
1761792812.757163,19.848,9.871,195.93,50.39,219.88,0.945,0.943,50.03,OK
1761792812.8585901,19.828,9.935,196.98,50.39,220.09,0.916,0.977,50.0,OK
1761792812.9599938,19.84,10.017,198.73,50.39,219.94,0.958,0.943,49.96,OK
1761792813.0615983,19.883,9.886,196.58,50.39,219.71,0.919,0.973,50.03,OK
1761792813.164165,19.861,9.918,196.98,50.39,220.25,0.952,0.94,50.02,OK
1761792813.266067,19.816,9.841,195.02,50.39,219.88,0.945,0.939,50.01,OK
1761792813.3674216,19.811,9.87,195.54,50.39,220.29,0.949,0.935,50.02,OK
1761792813.472247,19.861,10.003,198.66,50.39,220.06,0.966,0.935,49.99,OK
1761792813.5736525,19.811,9.945,197.01,50.39,220.16,0.939,0.953,50.02,OK
1761792813.6749444,19.874,9.819,195.13,50.39,220.24,0.93,0.953,50.03,OK
1761792813.7766087,19.818,9.926,196.72,50.39,220.08,0.917,0.975,49.99,OK
1761792813.878268,19.866,9.821,195.11,50.39,219.98,0.939,0.945,49.97,OK
1761792813.98011,19.809,9.862,195.34,50.39,220.05,0.925,0.959,50.01,OK
1761792814.0818338,19.862,9.85,195.64,50.39,219.73,0.946,0.941,49.99,OK
1761792814.1830688,19.795,9.872,195.41,50.39,219.77,0.912,0.975,49.98,OK
1761792814.2843208,19.795,9.835,194.68,50.39,220.3,0.949,0.931,49.95,OK
1761792814.3860414,19.874,9.783,194.42,50.39,220.14,0.908,0.973,50.0,OK
1761792814.4873772,19.843,9.891,196.27,50.39,219.62,0.926,0.965,49.99,OK
1761792814.588318,19.837,9.864,195.67,50.39,220.34,0.945,0.94,50.04,OK
1761792814.6894953,19.865,9.951,197.68,50.39,220.0,0.964,0.933,49.99,OK
1761792814.7907624,19.853,9.826,195.06,50.39,219.72,0.94,0.944,50.01,OK
1761792814.891745,19.881,9.885,196.54,50.39,220.22,0.956,0.933,50.01,OK
1761792814.993141,19.871,9.787,194.47,50.39,219.99,0.957,0.924,50.0,OK
1761792815.0942938,19.863,9.81,194.84,50.39,219.99,0.924,0.958,50.03,OK
1761792815.1958394,19.817,9.874,195.69,50.39,219.75,0.936,0.952,50.05,OK
1761792815.297613,19.826,9.916,196.6,50.39,219.83,0.954,0.938,49.97,OK
1761792815.399015,19.853,9.832,195.18,50.39,219.93,0.963,0.922,49.95,OK
1761792815.500207,19.862,9.854,195.72,50.39,219.61,0.912,0.978,50.04,OK
1761792815.6019711,19.841,9.82,194.84,50.39,220.24,0.96,0.922,49.98,OK
1761792815.703479,19.82,9.91,196.42,50.39,219.72,0.921,0.97,50.0,OK
1761792815.804408,19.792,9.899,195.92,50.39,219.84,0.916,0.973,50.03,OK
1761792815.9059598,19.882,9.9,196.83,50.39,220.22,0.93,0.961,49.99,OK
1761792816.2402203,19.821,9.963,197.47,50.39,220.28,0.935,0.959,49.98,OK
1761792816.341729,19.874,9.897,196.68,50.39,220.21,0.939,0.951,50.04,OK
1761792816.4431455,19.813,9.902,196.19,50.39,220.26,0.914,0.974,49.99,OK
1761792816.544534,19.81,9.991,197.93,50.39,219.61,0.953,0.946,50.05,OK
1761792816.6460252,19.847,9.843,195.34,50.39,219.99,0.963,0.922,49.99,OK
1761792816.7487516,19.804,9.968,197.4,50.39,219.81,0.94,0.955,50.02,OK
1761792816.850475,19.791,9.971,197.34,50.39,219.67,0.967,0.929,49.95,OK
1761792816.9520516,19.831,9.824,194.82,50.39,219.64,0.959,0.925,49.99,OK
1761792817.0536118,19.828,9.916,196.61,50.39,220.2,0.953,0.936,49.98,OK
1761792817.1549814,19.829,9.929,196.88,50.39,220.18,0.949,0.942,49.99,OK
1761792817.2563171,19.821,9.96,197.42,50.39,219.72,0.975,0.922,50.01,OK
1761792817.357319,19.874,9.963,198.0,50.39,220.26,0.929,0.968,49.99,OK
1761792817.4596026,19.823,9.976,197.75,50.39,219.62,0.929,0.969,50.0,OK
1761792817.5608974,19.853,9.884,196.23,50.39,219.63,0.917,0.974,50.01,OK
1761792817.6624768,19.82,9.971,197.63,50.39,220.24,0.971,0.924,49.99,OK
1761792817.764482,19.822,10.026,198.74,50.39,220.19,0.945,0.955,50.0,OK
1761792817.8660705,19.868,10.006,198.79,50.39,220.28,0.929,0.972,49.97,OK
1761792817.9675405,19.873,9.949,197.73,50.39,220.16,0.964,0.931,50.01,OK
1761792818.0695155,19.818,10.022,198.62,50.39,219.72,0.931,0.97,49.98,OK
1761792818.1702466,19.875,9.984,198.43,50.39,219.86,0.939,0.962,50.01,OK
1761792818.271897,19.874,9.877,196.3,50.39,220.34,0.925,0.963,50.04,OK
1761792818.3733697,19.841,10.065,199.69,50.39,219.76,0.958,0.948,49.97,OK
1761792818.474661,19.886,9.906,196.99,50.39,219.67,0.949,0.945,50.04,OK
1761792818.575714,19.793,9.987,197.67,50.39,220.15,0.958,0.937,50.01,OK
1761792818.677095,19.856,9.995,198.46,50.39,219.69,0.936,0.965,50.0,OK
1761792818.779943,19.797,10.054,199.04,50.39,220.28,0.934,0.967,50.01,OK
1761792818.8822768,19.794,10.055,199.02,50.39,220.12,0.979,0.924,50.02,OK
1761792818.9836307,19.814,10.001,198.17,50.39,219.76,0.937,0.962,49.96,OK
1761792819.084994,19.855,9.964,197.83,50.39,219.98,0.952,0.944,50.01,OK
1761792819.1865115,19.857,9.971,198.0,50.39,219.92,0.923,0.976,49.95,OK
1761792819.288129,19.84,9.99,198.21,50.39,220.23,0.962,0.936,50.01,OK
1761792819.389602,19.822,9.958,197.4,50.39,220.0,0.963,0.932,49.98,OK
1761792819.4912124,19.87,9.999,198.68,50.39,220.06,0.949,0.951,50.04,OK
1761792819.5929513,19.845,10.133,201.09,50.39,219.7,0.942,0.972,49.97,OK
1761792819.6942902,19.793,10.039,198.7,50.39,219.77,0.951,0.951,49.96,OK
1761792819.7954957,19.83,10.142,201.11,50.39,219.73,0.943,0.971,50.02,OK
1761792819.8976238,19.823,10.059,199.41,50.39,219.67,0.948,0.958,50.0,OK
1761792819.998611,19.847,10.117,200.8,50.39,219.77,0.986,0.927,50.04,OK
1761792820.0998604,19.834,10.132,200.96,50.39,220.17,0.944,0.967,50.0,OK
1761792820.2013462,19.831,10.128,200.84,50.39,219.71,0.971,0.941,49.98,OK
1761792820.3021834,19.872,10.119,201.09,50.39,220.14,0.933,0.979,49.99,OK
1761792820.4036882,19.863,10.058,199.78,50.39,219.73,0.971,0.936,49.97,OK
1761792820.5050592,19.79,10.226,202.38,50.39,219.86,0.968,0.951,50.04,OK
1761792820.6064806,19.866,10.099,200.63,50.39,220.34,0.958,0.95,50.02,OK
1761792820.7077599,19.858,10.175,202.06,50.39,220.37,0.996,0.921,50.04,OK
1761792820.8091767,19.881,10.213,203.04,50.39,220.19,0.986,0.935,49.95,OK
1761792820.910326,19.877,10.186,202.47,50.39,219.66,0.977,0.944,50.03,OK
1761792821.0117614,19.861,10.112,200.83,50.39,219.64,0.94,0.972,50.02,OK
1761792821.1126428,19.853,10.134,201.18,50.39,219.73,0.967,0.946,49.97,OK
1761792821.2141027,19.862,10.194,202.48,50.39,219.68,0.969,0.951,49.98,OK
1761792821.3148882,19.822,10.18,201.78,50.39,220.15,0.95,0.965,49.96,OK
1761792821.4164312,19.82,10.233,202.83,50.39,219.85,0.979,0.942,49.99,OK
1761792821.517846,19.836,10.228,202.88,50.39,220.17,0.951,0.969,49.96,OK
1761792821.619019,19.842,10.165,201.7,50.39,219.74,0.942,0.974,50.01,OK
1761792821.7200978,19.841,10.144,201.28,50.39,219.77,0.936,0.979,50.02,OK
1761792821.8210826,19.871,10.187,202.44,50.39,219.62,0.969,0.952,50.03,OK
1761792821.9222088,19.855,10.16,201.74,50.39,220.3,0.985,0.93,50.02,OK
1761792822.0239942,19.833,10.129,200.89,50.39,219.64,0.963,0.95,50.04,OK
1761792822.1251123,19.803,10.331,204.57,50.39,220.18,0.964,0.963,50.02,OK
1761792822.226609,19.85,10.175,201.97,50.39,219.92,0.993,0.924,49.97,OK
1761792822.3278894,19.84,10.315,204.65,50.39,220.26,0.992,0.937,49.98,OK
1761792822.4296362,19.8,10.197,201.9,50.39,220.06,0.952,0.964,49.98,OK
1761792822.5314,19.889,10.211,203.08,50.39,220.08,0.943,0.978,50.0,OK
1761792822.6331432,19.803,10.279,203.56,50.39,220.31,0.944,0.979,49.95,OK
1761792822.7342882,19.878,10.302,204.78,50.39,220.07,0.955,0.975,50.01,OK
1761792822.8354955,19.844,10.219,202.78,50.39,220.01,0.946,0.974,49.98,OK
1761792822.936918,19.886,10.235,203.53,50.39,219.86,0.964,0.96,50.0,OK
1761792823.0379014,19.795,10.177,201.46,50.39,219.89,0.99,0.926,50.03,OK
1761792823.13929,19.818,10.357,205.25,50.39,220.38,0.992,0.939,49.95,OK
1761792823.240603,19.855,10.246,203.43,50.39,219.66,0.976,0.949,50.04,OK
1761792823.3423853,19.821,10.271,203.59,50.39,220.18,0.95,0.973,49.95,OK
1761792823.443407,19.831,10.242,203.12,50.39,220.18,0.973,0.948,50.01,OK
1761792823.544967,19.878,10.288,204.5,50.39,219.92,0.961,0.968,50.02,OK
1761792823.6465101,19.817,10.235,202.83,50.39,219.72,0.981,0.941,49.98,OK
1761792823.7477565,19.856,10.184,202.22,50.39,220.07,0.969,0.948,49.98,OK
1761792823.8487964,19.792,10.278,203.42,50.39,220.24,0.999,0.924,49.99,OK
1761792823.9499562,19.889,10.34,205.65,50.39,220.23,0.963,0.97,49.97,OK
1761792824.0513659,19.826,10.372,205.63,50.39,219.69,0.982,0.954,50.05,OK
1761792824.1525347,19.814,10.273,203.55,50.39,220.07,0.954,0.969,50.05,OK
1761792824.2538447,19.831,10.293,204.12,50.39,220.09,1.005,0.923,49.99,OK
1761792824.355384,19.818,10.249,203.11,50.39,219.83,0.974,0.949,50.01,OK
1761792824.456683,19.885,10.286,204.54,50.39,220.3,1.005,0.923,50.01,OK
1761792824.557915,19.819,10.328,204.7,50.39,219.78,0.999,0.932,50.03,OK
1761792824.6593378,19.85,10.209,202.65,50.39,220.03,0.988,0.932,50.02,OK
1761792824.76064,19.83,10.281,203.87,50.39,219.76,1.004,0.924,50.02,OK
1761792824.8617582,19.858,10.198,202.52,50.39,220.24,0.977,0.942,50.04,OK
1761792824.9631464,19.869,10.182,202.3,50.39,219.97,0.957,0.961,49.98,OK
1761792825.0643787,19.812,10.223,202.55,50.39,219.67,0.984,0.937,49.99,OK
1761792825.165775,19.833,10.364,205.55,50.39,219.93,0.957,0.977,50.05,OK
1761792825.267009,19.815,10.22,202.51,50.39,220.22,0.998,0.922,50.04,OK
1761792825.3683784,19.814,10.361,205.29,50.39,220.14,0.961,0.971,49.96,OK
1761792825.469703,19.871,10.277,204.21,50.39,219.84,1.005,0.924,50.03,OK
1761792825.5710733,19.865,10.275,204.12,50.39,219.73,0.968,0.96,50.03,OK
1761792825.6721678,19.827,10.353,205.26,50.39,220.25,0.995,0.936,50.05,OK
1761792825.7737436,19.795,10.231,202.53,50.39,219.62,0.968,0.952,50.05,OK
1761792825.8748262,19.824,10.197,202.14,50.39,219.92,0.998,0.921,50.04,OK
1761792825.9761415,19.86,10.222,203.01,50.39,219.95,0.969,0.953,50.02,OK
1761792826.0782917,19.875,10.217,203.06,50.39,220.16,0.946,0.975,50.03,OK
1761792826.1800663,19.846,10.312,204.65,50.39,220.36,0.996,0.933,49.96,OK
1761792826.281535,19.801,10.364,205.21,50.39,219.89,0.956,0.977,50.0,OK
1761792826.3829272,19.79,10.314,204.12,50.39,220.09,1.005,0.923,49.96,OK
1761792826.484342,19.826,10.181,201.85,50.39,219.95,0.943,0.973,50.02,OK
1761792826.5856168,19.812,10.323,204.52,50.39,219.65,1.001,0.93,50.0,OK
1761792826.687101,19.862,10.156,201.73,50.39,219.7,0.967,0.95,50.03,OK
1761792826.7885816,19.861,10.177,202.13,50.39,220.23,0.994,0.923,50.0,OK
1761792826.8895004,19.88,10.2,202.77,50.39,219.62,0.961,0.961,50.02,OK
1761792826.990759,19.853,10.154,201.58,50.39,219.71,0.947,0.969,50.02,OK
1761792827.0918944,19.825,10.296,204.11,50.39,220.34,0.947,0.979,50.0,OK
1761792827.1932142,19.852,10.158,201.67,50.39,220.38,0.939,0.974,50.02,OK
1761792827.300946,19.889,10.187,202.61,50.39,220.05,0.994,0.926,49.96,OK
1761792827.4029045,19.807,10.141,200.86,50.39,220.34,0.945,0.965,49.99,OK
1761792827.504412,19.857,10.146,201.47,50.39,219.77,0.949,0.966,50.02,OK
1761792827.6052818,19.872,10.264,203.96,50.39,219.84,0.978,0.949,50.0,OK
1761792827.9948032,19.833,10.228,202.85,50.39,219.72,0.975,0.946,50.04,OK
1761792828.0966284,19.832,10.238,203.03,50.39,220.16,0.965,0.955,49.99,OK
1761792828.1979816,19.866,10.076,200.16,50.39,220.09,0.938,0.97,49.99,OK
1761792828.2991233,19.85,10.054,199.58,50.39,219.68,0.952,0.954,49.95,OK
1761792828.4116974,19.795,10.083,199.6,50.39,219.75,0.967,0.939,50.0,OK
1761792828.5135324,19.82,10.049,199.16,50.39,219.67,0.977,0.928,50.01,OK
1761792828.6146474,19.88,10.081,200.41,50.39,219.91,0.96,0.949,50.05,OK
1761792828.7157938,19.845,10.074,199.91,50.39,220.02,0.939,0.968,49.98,OK
1761792828.816833,19.857,10.129,201.14,50.39,220.11,0.977,0.935,50.01,OK
1761792828.9179869,19.858,10.094,200.45,50.39,219.83,0.975,0.935,49.99,OK
1761792829.0189927,19.856,10.126,201.07,50.39,219.91,0.94,0.972,50.04,OK
1761792829.1206985,19.871,10.054,199.78,50.39,220.09,0.946,0.959,50.04,OK
1761792829.222303,19.82,10.183,201.83,50.39,219.8,0.991,0.927,50.04,OK
1761792829.3234148,19.88,9.994,198.68,50.39,219.73,0.923,0.98,50.01,OK
1761792829.424736,19.809,10.159,201.25,50.39,220.08,0.973,0.94,49.95,OK
1761792829.526133,19.805,10.036,198.76,50.39,220.29,0.966,0.934,49.95,OK
1761792829.6277246,19.861,10.08,200.19,50.39,220.28,0.978,0.929,49.98,OK
1761792829.7300062,19.844,10.031,199.06,50.39,219.96,0.975,0.928,50.02,OK
1761792829.8324502,19.82,10.082,199.83,50.39,219.73,0.935,0.973,49.99,OK
1761792829.933782,19.807,10.004,198.14,50.39,220.19,0.955,0.943,49.98,OK
1761792830.0346634,19.836,10.101,200.36,50.39,219.95,0.984,0.926,50.03,OK
1761792830.1358316,19.888,10.039,199.66,50.39,220.34,0.937,0.968,50.01,OK
1761792830.2468615,19.803,10.009,198.21,50.39,220.03,0.921,0.979,49.98,OK
1761792830.3489873,19.816,10.027,198.69,50.39,220.06,0.948,0.953,50.01,OK
1761792830.4500408,19.86,9.906,196.74,50.39,219.73,0.918,0.975,49.97,OK
1761792830.551026,19.813,9.993,197.98,50.39,220.15,0.949,0.947,50.01,OK
1761792830.6522677,19.8,9.918,196.37,50.39,219.8,0.967,0.924,50.02,OK
1761792830.7534814,19.799,9.936,196.72,50.39,219.71,0.935,0.958,50.03,OK
1761792830.8549414,19.832,10.053,199.37,50.39,220.26,0.981,0.923,50.03,OK
1761792830.9564552,19.886,9.903,196.93,50.39,219.95,0.956,0.936,49.99,OK
1761792831.0580137,19.8,9.909,196.19,50.39,220.21,0.967,0.922,49.96,OK
1761792831.1592798,19.793,9.951,196.97,50.39,219.78,0.963,0.931,50.01,OK
1761792831.2609515,19.856,10.026,199.08,50.39,220.39,0.931,0.97,49.96,OK
1761792831.3627958,19.792,10.048,198.87,50.39,219.62,0.981,0.923,49.99,OK
1761792831.4653673,19.864,9.988,198.4,50.39,219.8,0.921,0.98,50.0,OK
1761792831.5665653,19.831,9.912,196.57,50.39,220.2,0.959,0.931,49.99,OK
1761792831.6685796,19.845,9.99,198.26,50.39,219.94,0.975,0.924,49.98,OK
1761792831.7695923,19.858,10.001,198.6,50.39,220.35,0.954,0.945,49.96,OK
1761792831.8711846,19.791,9.873,195.39,50.39,220.21,0.938,0.946,50.0,OK
1761792831.9726744,19.865,9.822,195.11,50.39,219.83,0.938,0.946,50.04,OK
1761792832.0780377,19.853,9.845,195.46,50.39,219.97,0.943,0.942,49.95,OK
1761792832.1807652,19.815,9.937,196.89,50.39,219.85,0.921,0.972,50.02,OK
1761792832.2822733,19.845,9.814,194.77,50.39,220.03,0.957,0.925,50.04,OK
1761792832.3831427,19.816,9.902,196.21,50.39,219.91,0.947,0.942,50.01,OK
1761792832.4929154,19.878,9.822,195.23,50.39,220.39,0.946,0.936,49.95,OK
1761792832.6165712,19.889,9.961,198.12,50.39,220.28,0.948,0.949,50.04,OK
1761792832.718737,19.793,9.827,194.5,50.39,220.18,0.917,0.964,50.04,OK
1761792832.820214,19.799,9.945,196.9,50.39,219.92,0.933,0.96,49.98,OK
1761792832.9223282,19.802,9.824,194.53,50.39,219.69,0.917,0.966,50.0,OK
1761792833.0237317,19.848,9.956,197.6,50.39,219.71,0.919,0.978,50.0,OK
1761792833.1274137,19.822,9.938,196.99,50.39,219.72,0.953,0.941,50.03,OK
1761792833.232683,19.822,9.841,195.06,50.39,219.73,0.963,0.922,49.97,OK
1761792833.3342469,19.848,9.858,195.66,50.39,219.95,0.961,0.926,50.05,OK
1761792833.4356346,19.876,9.959,197.95,50.39,219.76,0.955,0.943,50.05,OK
1761792833.5367289,19.88,9.805,194.91,50.39,219.63,0.925,0.959,49.99,OK
1761792833.6376677,19.846,9.848,195.44,50.39,219.72,0.96,0.927,50.01,OK
1761792833.7386732,19.798,9.877,195.55,50.39,219.65,0.947,0.94,50.03,OK
1761792833.839728,19.804,9.838,194.83,50.39,219.86,0.907,0.977,50.02,OK
1761792833.9408617,19.825,9.812,194.52,50.39,219.77,0.943,0.939,50.03,OK
1761792834.042169,19.838,9.782,194.06,50.39,220.04,0.939,0.939,49.97,OK
1761792834.1436753,19.854,9.837,195.31,50.39,219.87,0.965,0.921,50.05,OK
1761792834.244802,19.823,9.95,197.25,50.39,219.96,0.936,0.958,50.01,OK
1761792834.3467555,19.803,9.929,196.62,50.39,219.99,0.969,0.922,50.04,OK
1761792834.4480221,19.881,9.944,197.69,50.39,220.3,0.939,0.956,50.05,OK
1761792834.5492296,19.88,9.913,197.07,50.39,219.7,0.953,0.941,50.04,OK
1761792834.6512465,19.839,9.943,197.26,50.39,220.02,0.951,0.943,50.04,OK
1761792834.7523036,19.875,9.772,194.22,50.39,219.68,0.947,0.934,50.03,OK
1761792834.8535388,19.821,9.817,194.59,50.39,220.14,0.912,0.97,50.0,OK
1761792834.955082,19.877,9.922,197.22,50.39,219.97,0.939,0.955,49.96,OK
1761792835.0561166,19.868,9.785,194.42,50.39,219.69,0.933,0.949,49.98,OK
1761792835.1596053,19.89,9.781,194.55,50.39,220.11,0.918,0.962,49.98,OK
1761792835.2649274,19.854,9.825,195.06,50.39,220.23,0.953,0.929,49.96,OK
1761792835.366578,19.879,9.869,196.19,50.39,220.02,0.963,0.926,49.98,OK
1761792835.4675927,19.795,9.982,197.6,50.39,220.36,0.933,0.961,49.98,OK
1761792835.5695288,19.816,9.924,196.66,50.39,219.6,0.917,0.976,50.05,OK
1761792835.6708577,19.822,9.821,194.68,50.39,220.06,0.961,0.921,49.99,OK
1761792835.7719636,19.888,9.954,197.95,50.39,219.98,0.931,0.967,50.03,OK
1761792835.8730958,19.809,9.96,197.3,50.39,220.14,0.931,0.963,50.03,OK
1761792835.9743683,19.861,9.896,196.54,50.39,219.79,0.94,0.952,50.04,OK
1761792836.0756555,19.877,9.948,197.73,50.39,219.89,0.949,0.947,50.01,OK
1761792836.180096,19.811,9.864,195.42,50.39,219.81,0.94,0.946,50.03,OK
1761792836.2817585,19.887,9.861,196.1,50.39,220.2,0.955,0.932,50.05,OK
1761792836.3828557,19.878,9.825,195.3,50.39,220.02,0.934,0.95,50.01,OK
1761792836.484558,19.801,9.995,197.92,50.39,219.81,0.92,0.979,49.97,OK
1761792836.5865753,19.799,10.049,198.95,50.39,220.0,0.979,0.924,50.01,OK
1761792836.6880414,19.83,10.05,199.29,50.39,219.75,0.958,0.946,50.01,OK
1761792836.789416,19.851,9.968,197.88,50.39,220.02,0.924,0.974,49.96,OK
1761792836.890571,19.874,9.931,197.37,50.39,220.1,0.935,0.959,50.0,OK
1761792836.991952,19.805,10.066,199.36,50.39,220.26,0.968,0.935,49.97,OK
1761792837.09306,19.839,10.072,199.82,50.39,219.74,0.943,0.964,50.03,OK
1761792837.1942568,19.849,9.902,196.54,50.39,220.1,0.955,0.935,50.02,OK
1761792837.2956455,19.88,9.937,197.55,50.39,220.39,0.96,0.934,50.0,OK
1761792837.397333,19.834,10.044,199.21,50.39,220.05,0.935,0.968,49.98,OK
1761792837.4983592,19.82,10.078,199.74,50.39,219.92,0.942,0.964,49.96,OK
1761792837.5998695,19.842,9.904,196.51,50.39,220.09,0.963,0.927,50.02,OK
1761792837.7021883,19.89,10.035,199.59,50.39,220.08,0.967,0.938,49.98,OK
1761792837.8048875,19.868,10.096,200.58,50.39,219.8,0.931,0.98,49.97,OK
1761792837.9061313,19.791,10.06,199.1,50.39,219.64,0.931,0.974,50.0,OK
1761792838.0070376,19.882,9.965,198.12,50.39,220.39,0.967,0.93,49.95,OK
1761792838.1078978,19.842,10.112,200.64,50.39,220.09,0.941,0.968,50.05,OK
1761792838.2092154,19.793,10.073,199.37,50.39,219.92,0.981,0.924,50.0,OK
1761792838.311049,19.805,10.025,198.55,50.39,220.27,0.969,0.93,50.02,OK
1761792838.4143329,19.862,10.063,199.87,50.39,219.61,0.942,0.967,50.0,OK
1761792838.5152907,19.87,10.05,199.7,50.39,220.08,0.926,0.979,49.98,OK
1761792838.6164463,19.819,10.167,201.5,50.39,220.03,0.98,0.934,49.97,OK
1761792838.7182784,19.808,10.104,200.15,50.39,220.2,0.93,0.977,50.01,OK
1761792838.819649,19.852,10.032,199.15,50.39,219.75,0.973,0.932,49.98,OK
1761792838.921114,19.87,10.045,199.59,50.39,219.61,0.978,0.929,49.98,OK
1761792839.0260575,19.857,10.094,200.44,50.39,220.14,0.969,0.939,49.99,OK
1761792839.127851,19.869,10.107,200.82,50.39,219.81,0.96,0.952,50.03,OK
1761792839.229521,19.825,10.042,199.09,50.39,220.11,0.957,0.945,49.96,OK
1761792839.3309011,19.833,10.057,199.46,50.39,220.07,0.947,0.957,50.02,OK
1761792839.4334078,19.862,10.014,198.89,50.39,220.1,0.952,0.949,50.01,OK
1761792839.5349517,19.864,10.169,201.99,50.39,219.96,0.988,0.929,50.03,OK
1761792839.6369507,19.861,10.045,199.51,50.39,219.8,0.932,0.973,49.96,OK
1761792839.7378752,19.859,10.075,200.08,50.39,219.76,0.984,0.926,50.02,OK
1761792839.8397276,19.866,10.119,201.03,50.39,219.69,0.939,0.975,50.01,OK
1761792839.9408271,19.823,10.064,199.5,50.39,219.7,0.966,0.94,50.03,OK
1761792840.0417943,19.793,10.098,199.87,50.39,219.63,0.943,0.965,50.02,OK
1761792840.146519,19.832,10.177,201.84,50.39,219.65,0.989,0.929,50.02,OK
1761792840.247398,19.842,10.244,203.27,50.39,220.31,0.977,0.945,50.0,OK
1761792840.3484256,19.792,10.252,202.91,50.39,219.88,0.946,0.975,49.99,OK
1761792840.4497175,19.793,10.255,202.98,50.39,220.09,1.001,0.921,49.96,OK
1761792840.5513268,19.854,10.124,201.01,50.39,219.81,0.934,0.979,50.03,OK
1761792840.6528523,19.847,10.122,200.89,50.39,219.8,0.938,0.974,50.02,OK
1761792840.7549787,19.853,10.188,202.27,50.39,219.95,0.994,0.925,49.95,OK
1761792840.8563974,19.884,10.147,201.76,50.39,220.01,0.96,0.955,49.95,OK
1761792840.957866,19.835,10.127,200.87,50.39,219.85,0.942,0.97,50.02,OK
1761792841.0593944,19.82,10.223,202.63,50.39,220.37,0.943,0.975,50.04,OK
1761792841.1608522,19.828,10.22,202.65,50.39,220.16,0.975,0.944,50.04,OK
1761792841.2624972,19.817,10.329,204.69,50.39,219.83,1.011,0.921,50.01,OK
1761792841.3635945,19.816,10.192,201.97,50.39,220.1,0.945,0.971,50.03,OK
1761792841.4649467,19.798,10.194,201.83,50.39,220.13,0.975,0.94,50.01,OK
1761792841.566092,19.801,10.196,201.89,50.39,219.92,0.94,0.977,49.99,OK
1761792841.6681166,19.853,10.319,204.86,50.39,219.78,0.975,0.956,49.99,OK
1761792841.7691727,19.885,10.132,201.47,50.39,220.39,0.955,0.957,49.99,OK
1761792841.8804064,19.828,10.216,202.56,50.39,219.91,0.971,0.949,50.02,OK
1761792841.9828315,19.792,10.325,204.36,50.39,220.23,0.967,0.959,49.99,OK
1761792842.0840962,19.883,10.163,202.07,50.39,219.88,0.97,0.947,49.99,OK
1761792842.1855261,19.829,10.323,204.69,50.39,219.74,0.963,0.967,49.99,OK
1761792842.2867458,19.813,10.193,201.95,50.39,219.79,0.983,0.934,49.97,OK
1761792842.387798,19.798,10.311,204.14,50.39,220.31,0.962,0.963,50.02,OK
1761792842.4889538,19.872,10.156,201.81,50.39,220.14,0.968,0.947,50.02,OK
1761792842.5898418,19.798,10.394,205.78,50.39,220.2,0.976,0.958,50.01,OK
1761792842.6907485,19.865,10.3,204.6,50.39,220.1,0.953,0.976,50.05,OK
1761792842.792135,19.831,10.334,204.93,50.39,220.09,0.957,0.973,50.04,OK
1761792842.8958244,19.882,10.31,204.98,50.39,220.08,0.969,0.961,49.97,OK
1761792842.998337,19.836,10.205,202.42,50.39,219.78,0.955,0.965,49.96,OK
1761792843.099206,19.839,10.183,202.02,50.39,220.05,0.994,0.924,50.04,OK
1761792843.2001495,19.823,10.354,205.24,50.39,220.35,0.957,0.973,49.99,OK
1761792843.3018417,19.889,10.21,203.06,50.39,219.95,0.942,0.98,49.97,OK
1761792843.406443,19.819,10.295,204.03,50.39,219.93,0.949,0.977,50.01,OK
1761792843.5130913,19.874,10.23,203.31,50.39,219.88,0.989,0.935,50.04,OK
1761792843.6145205,19.884,10.184,202.5,50.39,219.62,0.951,0.97,50.03,OK
1761792843.715913,19.824,10.348,205.13,50.39,220.13,1.002,0.93,49.96,OK
1761792843.8173735,19.795,10.213,202.18,50.39,219.84,0.967,0.951,50.04,OK
1761792843.9189193,19.826,10.352,205.25,50.39,219.7,1.007,0.927,50.02,OK
1761792844.0203094,19.845,10.249,203.4,50.39,220.16,0.971,0.951,50.0,OK
1761792844.1214113,19.858,10.176,202.07,50.39,220.24,0.983,0.933,49.99,OK
1761792844.222648,19.875,10.356,205.82,50.39,220.24,0.97,0.964,50.01,OK
1761792844.3236647,19.884,10.255,203.9,50.39,220.23,0.972,0.953,50.01,OK
1761792844.425062,19.89,10.199,202.86,50.39,219.91,0.968,0.953,49.96,OK
1761792844.5263326,19.827,10.267,203.55,50.39,220.2,0.991,0.932,50.02,OK
1761792844.6282637,19.866,10.26,203.83,50.39,220.03,0.957,0.968,49.99,OK
1761792844.7298596,19.837,10.33,204.92,50.39,219.84,0.995,0.937,49.97,OK
1761792844.8310986,19.884,10.16,202.02,50.39,219.91,0.947,0.97,50.04,OK
1761792844.9335346,19.854,10.199,202.49,50.39,219.66,0.971,0.949,49.99,OK
1761792845.034778,19.883,10.24,203.6,50.39,219.87,0.972,0.953,50.03,OK
1761792845.1367433,19.803,10.193,201.86,50.39,220.32,0.955,0.959,50.01,OK
1761792845.2380893,19.867,10.251,203.65,50.39,219.79,0.968,0.957,49.96,OK
1761792845.3468072,19.849,10.156,201.59,50.39,220.17,0.957,0.957,50.01,OK
1761792845.4490125,19.881,10.318,205.14,50.39,220.02,0.994,0.938,50.0,OK
1761792845.550674,19.846,10.2,202.43,50.39,219.91,0.996,0.924,49.99,OK
1761792845.6521535,19.803,10.217,202.33,50.39,219.71,0.997,0.924,50.0,OK
1761792845.7535713,19.879,10.179,202.35,50.39,220.32,0.941,0.976,49.96,OK
1761792845.8547356,19.865,10.306,204.73,50.39,219.67,0.98,0.951,50.04,OK
1761792845.9561102,19.886,10.149,201.83,50.39,219.61,0.944,0.973,50.0,OK
1761792846.057565,19.794,10.294,203.75,50.39,220.23,1.004,0.922,50.04,OK
1761792846.158469,19.815,10.232,202.75,50.39,219.84,0.974,0.947,49.95,OK
1761792846.25989,19.795,10.228,202.47,50.39,219.94,0.976,0.944,50.0,OK
1761792846.3609366,19.855,10.188,202.29,50.39,219.88,0.971,0.947,49.98,OK
1761792846.4627042,19.805,10.112,200.28,50.39,220.17,0.972,0.936,50.0,OK
1761792846.5638342,19.84,10.205,202.46,50.39,220.31,0.96,0.957,50.01,OK
1761792846.664764,19.835,10.263,203.55,50.39,219.89,0.99,0.935,50.0,OK
1761792846.7667022,19.889,10.09,200.68,50.39,219.87,0.969,0.942,50.03,OK
1761792846.8680499,19.831,10.078,199.85,50.39,219.74,0.987,0.921,50.04,OK
1761792846.9692905,19.851,10.084,200.17,50.39,219.81,0.979,0.93,49.98,OK
1761792847.0718799,19.825,10.188,201.98,50.39,219.76,0.967,0.951,50.0,OK
1761792847.1729786,19.795,10.194,201.79,50.39,220.4,0.943,0.971,50.01,OK
1761792847.2739177,19.821,10.117,200.53,50.39,220.03,0.961,0.948,49.99,OK
1761792847.3751578,19.831,10.181,201.91,50.39,219.92,0.995,0.923,49.99,OK
1761792847.4761949,19.82,10.178,201.74,50.39,220.28,0.952,0.962,49.97,OK
1761792847.5777636,19.812,10.157,201.23,50.39,220.31,0.985,0.927,50.04,OK
1761792847.6796706,19.846,10.106,200.57,50.39,220.15,0.932,0.978,49.97,OK
1761792847.7808397,19.835,10.085,200.04,50.39,220.13,0.933,0.974,50.03,OK
1761792847.882067,19.885,9.989,198.63,50.39,219.63,0.944,0.958,50.02,OK
1761792847.9843771,19.845,10.125,200.93,50.39,220.07,0.985,0.927,49.97,OK
1761792848.0879712,19.83,10.146,201.21,50.39,220.3,0.965,0.946,49.95,OK
1761792848.1898105,19.795,10.145,200.82,50.39,220.31,0.955,0.954,50.01,OK
1761792848.290911,19.814,10.121,200.54,50.39,220.31,0.962,0.946,49.96,OK
1761792848.3919036,19.883,9.979,198.41,50.39,219.73,0.935,0.966,50.03,OK
1761792848.492903,19.802,10.0,198.03,50.39,219.97,0.947,0.95,50.04,OK
1761792848.5941603,19.836,10.022,198.79,50.39,219.72,0.946,0.957,49.96,OK
1761792848.696005,19.795,10.104,200.02,50.39,219.69,0.972,0.937,49.95,OK
1761792848.79701,19.843,10.059,199.6,50.39,220.02,0.983,0.923,49.97,OK
1761792848.898009,19.861,9.976,198.13,50.39,220.04,0.975,0.924,50.01,OK
1761792848.9991276,19.824,9.985,197.95,50.39,219.74,0.951,0.947,50.01,OK
1761792849.102489,19.89,9.973,198.37,50.39,220.25,0.952,0.946,50.01,OK
1761792849.2041755,19.864,10.006,198.76,50.39,220.39,0.92,0.98,50.02,OK
1761792849.3054118,19.873,9.982,198.37,50.39,219.85,0.97,0.93,49.99,OK
1761792849.4070528,19.827,10.003,198.33,50.39,220.0,0.944,0.955,50.04,OK
1761792849.50856,19.888,9.989,198.67,50.39,219.62,0.924,0.979,50.0,OK
1761792849.6098247,19.806,9.941,196.89,50.39,219.8,0.914,0.98,50.0,OK
1761792849.710968,19.842,10.061,199.62,50.39,220.25,0.925,0.98,50.03,OK
1761792849.8124695,19.827,10.04,199.06,50.39,220.22,0.957,0.945,50.01,OK
1761792849.9145327,19.875,9.924,197.23,50.39,220.01,0.952,0.942,50.03,OK
1761792850.0155392,19.805,10.028,198.6,50.39,219.85,0.948,0.953,50.01,OK
1761792850.116779,19.842,9.99,198.23,50.39,220.31,0.962,0.935,50.02,OK
1761792850.2176926,19.862,10.002,198.66,50.39,219.67,0.97,0.932,49.98,OK
1761792850.3190656,19.825,9.994,198.12,50.39,219.85,0.921,0.978,50.02,OK
1761792850.420459,19.867,9.88,196.28,50.39,220.18,0.945,0.943,50.02,OK
1761792850.5214236,19.796,9.936,196.7,50.39,220.12,0.966,0.925,49.98,OK
1761792850.6226683,19.826,9.863,195.54,50.39,219.83,0.916,0.971,50.03,OK
1761792850.724112,19.836,9.969,197.75,50.39,220.17,0.975,0.921,50.0,OK
1761792850.825473,19.884,9.937,197.58,50.39,220.23,0.951,0.943,50.02,OK
1761792850.9269617,19.803,9.898,196.0,50.39,219.68,0.927,0.963,50.03,OK
1761792851.0285118,19.82,9.863,195.48,50.39,220.01,0.937,0.948,50.03,OK
1761792851.1295855,19.794,9.866,195.29,50.39,219.62,0.932,0.954,50.05,OK
1761792851.2311804,19.807,9.889,195.87,50.39,219.67,0.954,0.935,49.97,OK
1761792851.3329294,19.849,9.848,195.47,50.39,219.67,0.915,0.973,49.96,OK
1761792851.4341185,19.796,9.946,196.9,50.39,219.9,0.922,0.971,49.98,OK
1761792851.5374072,19.848,9.837,195.25,50.39,220.04,0.934,0.95,50.01,OK
1761792851.6400785,19.819,9.976,197.72,50.39,219.69,0.964,0.934,49.96,OK
1761792851.7411895,19.884,9.828,195.42,50.39,219.7,0.927,0.959,49.99,OK
1761792851.842758,19.813,9.953,197.21,50.39,220.02,0.928,0.966,49.98,OK
1761792851.9447095,19.863,9.783,194.32,50.39,219.71,0.904,0.979,50.04,OK
1761792852.0463998,19.874,9.94,197.55,50.39,220.36,0.938,0.955,49.99,OK
1761792852.2703893,19.881,9.925,197.31,50.39,219.94,0.937,0.958,50.0,OK
1761792852.3718462,19.859,9.803,194.68,50.39,219.91,0.921,0.961,50.02,OK
1761792852.4729886,19.873,9.945,197.65,50.39,219.97,0.952,0.944,49.95,OK
1761792852.5744655,19.823,9.959,197.43,50.39,219.86,0.952,0.943,49.99,OK
1761792852.6759348,19.815,9.973,197.61,50.39,219.64,0.936,0.961,50.03,OK
1761792852.777485,19.885,9.933,197.51,50.39,219.81,0.945,0.951,50.04,OK
1761792852.8792417,19.85,9.811,194.75,50.39,219.69,0.963,0.92,50.04,OK
1761792852.9872212,19.829,9.943,197.16,50.39,219.93,0.956,0.938,49.96,OK
1761792853.0891054,19.796,9.991,197.77,50.39,220.35,0.954,0.941,50.04,OK
1761792853.1906347,19.863,9.842,195.49,50.39,220.36,0.947,0.936,50.04,OK
1761792853.2920551,19.828,9.844,195.19,50.39,220.05,0.959,0.925,49.99,OK
1761792853.3935766,19.839,9.963,197.66,50.39,219.96,0.949,0.946,49.98,OK
1761792853.4951205,19.882,9.826,195.35,50.39,220.26,0.963,0.921,50.05,OK
1761792853.596679,19.825,9.806,194.4,50.39,220.39,0.926,0.952,49.99,OK
1761792853.6981642,19.88,9.831,195.43,50.39,220.39,0.96,0.924,50.01,OK
1761792853.799743,19.871,9.799,194.71,50.39,220.02,0.925,0.957,49.97,OK
1761792853.9013057,19.87,9.866,196.05,50.39,219.63,0.924,0.966,49.98,OK
1761792854.0025601,19.802,9.872,195.49,50.39,219.86,0.928,0.958,50.02,OK
1761792854.103631,19.792,9.99,197.72,50.39,219.66,0.94,0.958,50.02,OK
1761792854.2046378,19.792,10.015,198.23,50.39,219.64,0.976,0.925,49.99,OK
1761792854.3058486,19.877,9.921,197.2,50.39,220.25,0.914,0.979,50.03,OK
1761792854.4073825,19.866,9.931,197.29,50.39,220.05,0.942,0.952,50.01,OK
1761792854.5083017,19.819,9.868,195.58,50.39,220.01,0.947,0.939,50.03,OK
1761792854.6097715,19.867,9.881,196.31,50.39,220.19,0.968,0.921,50.01,OK
1761792854.7113173,19.81,9.841,194.95,50.39,220.08,0.927,0.956,50.04,OK
1761792854.8127782,19.842,9.816,194.76,50.39,219.72,0.934,0.949,49.98,OK
1761792854.9141996,19.832,10.006,198.45,50.39,220.34,0.932,0.967,50.04,OK
1761792855.0156777,19.85,10.017,198.84,50.39,220.27,0.978,0.923,50.03,OK
1761792855.1169274,19.858,9.908,196.76,50.39,220.01,0.921,0.971,50.0,OK
1761792855.2182431,19.876,9.89,196.57,50.39,220.1,0.944,0.946,49.98,OK
1761792855.3195198,19.864,9.87,196.06,50.39,220.18,0.921,0.967,49.96,OK
1761792855.4210315,19.836,9.968,197.72,50.39,220.16,0.921,0.975,50.02,OK
1761792855.5222433,19.864,10.03,199.24,50.39,219.76,0.971,0.934,49.96,OK
1761792855.6236157,19.883,9.852,195.89,50.39,219.88,0.923,0.965,49.98,OK
1761792855.7248585,19.806,10.037,198.8,50.39,220.32,0.956,0.944,50.03,OK
1761792855.8268375,19.855,9.975,198.04,50.39,219.88,0.923,0.976,50.0,OK
1761792855.92816,19.864,9.974,198.12,50.39,220.17,0.933,0.964,49.97,OK
1761792856.0293496,19.857,9.979,198.15,50.39,219.92,0.934,0.965,49.96,OK
1761792856.1303034,19.856,10.022,198.99,50.39,220.12,0.966,0.936,50.03,OK
1761792856.2317343,19.803,10.098,199.97,50.39,219.68,0.951,0.957,50.03,OK
1761792856.3328543,19.831,9.995,198.21,50.39,219.74,0.968,0.932,50.04,OK
1761792856.433848,19.888,9.878,196.45,50.39,219.82,0.935,0.955,50.03,OK
1761792856.5353415,19.822,10.108,200.36,50.39,219.7,0.989,0.922,50.05,OK
1761792856.6367667,19.828,9.941,197.11,50.39,220.03,0.922,0.972,49.99,OK
1761792856.7382433,19.862,10.104,200.68,50.39,219.68,0.96,0.952,50.04,OK
1761792856.8397248,19.83,10.072,199.73,50.39,220.16,0.974,0.931,49.97,OK
1761792856.9409153,19.869,10.0,198.7,50.39,219.71,0.936,0.967,50.05,OK
1761792857.0424988,19.879,10.059,199.96,50.39,219.61,0.956,0.953,50.04,OK
1761792857.1445765,19.805,10.0,198.05,50.39,220.21,0.953,0.944,50.03,OK
1761792857.2458668,19.874,10.115,201.03,50.39,219.62,0.954,0.959,50.05,OK
1761792857.3507085,19.87,9.971,198.12,50.39,220.0,0.966,0.933,49.99,OK
1761792857.452558,19.825,10.167,201.56,50.39,219.71,0.984,0.932,50.01,OK
1761792857.557546,19.88,10.071,200.2,50.39,220.15,0.934,0.974,49.99,OK
1761792857.6596022,19.84,10.024,198.88,50.39,220.28,0.973,0.928,49.99,OK
1761792857.7610407,19.801,10.07,199.39,50.39,220.02,0.927,0.978,49.99,OK
1761792857.862898,19.806,10.186,201.74,50.39,220.01,0.987,0.929,50.01,OK
1761792857.9636872,19.843,10.086,200.13,50.39,220.05,0.943,0.965,50.03,OK
1761792858.0647137,19.835,10.086,200.05,50.39,219.75,0.968,0.941,50.04,OK
1761792858.1656706,19.877,10.101,200.77,50.39,219.93,0.988,0.924,49.98,OK
1761792858.2668862,19.817,10.231,202.74,50.39,220.31,0.965,0.953,49.99,OK
1761792858.3681736,19.863,10.091,200.45,50.39,220.32,0.95,0.957,50.02,OK
1761792858.4694843,19.817,10.111,200.38,50.39,219.9,0.98,0.93,50.04,OK
1761792858.5706103,19.794,10.154,200.99,50.39,219.86,0.94,0.973,49.99,OK
1761792858.6720743,19.797,10.172,201.37,50.39,220.3,0.988,0.926,50.05,OK
1761792858.7730322,19.88,10.057,199.93,50.39,219.84,0.988,0.921,49.97,OK
1761792858.8740067,19.839,10.254,203.43,50.39,220.18,0.987,0.937,50.01,OK
1761792858.9750733,19.823,10.176,201.71,50.39,219.74,0.96,0.957,50.02,OK
1761792859.0759478,19.843,10.119,200.8,50.39,220.11,0.983,0.928,50.01,OK
1761792859.1772878,19.829,10.264,203.52,50.39,220.14,0.944,0.98,50.0,OK
1761792859.2790897,19.826,10.131,200.85,50.39,220.22,0.94,0.97,50.03,OK
1761792859.380201,19.797,10.252,202.96,50.39,220.21,0.97,0.95,49.98,OK
1761792859.481646,19.872,10.107,200.86,50.39,220.19,0.972,0.939,49.99,OK
1761792859.5832376,19.805,10.156,201.13,50.39,219.99,0.942,0.971,49.98,OK
1761792859.6844816,19.859,10.114,200.85,50.39,220.13,0.966,0.945,50.03,OK
1761792859.7856214,19.885,10.267,204.15,50.39,220.0,0.947,0.979,50.01,OK
1761792859.8864856,19.869,10.204,202.75,50.39,220.28,0.953,0.966,50.02,OK
1761792859.9877384,19.818,10.183,201.82,50.39,220.08,0.957,0.958,49.99,OK
1761792860.0888896,19.86,10.183,202.24,50.39,220.39,0.977,0.939,50.01,OK
1761792860.1903856,19.817,10.17,201.54,50.39,220.32,0.94,0.973,49.95,OK
1761792860.2915366,19.859,10.165,201.87,50.39,219.93,0.944,0.973,49.97,OK
1761792860.3925834,19.819,10.178,201.72,50.39,220.35,0.974,0.94,50.01,OK
1761792860.4937022,19.79,10.319,204.22,50.39,220.16,0.995,0.932,50.01,OK
1761792860.5950785,19.866,10.154,201.72,50.39,219.95,0.985,0.931,49.98,OK
1761792860.6961918,19.847,10.255,203.52,50.39,219.84,0.948,0.976,50.04,OK
1761792860.7974381,19.865,10.299,204.59,50.39,220.04,0.98,0.949,50.02,OK
1761792860.8983388,19.854,10.164,201.79,50.39,220.14,0.952,0.963,50.04,OK
1761792860.9991436,19.844,10.264,203.68,50.39,219.99,0.959,0.965,49.98,OK
1761792861.1008284,19.813,10.303,204.12,50.39,220.06,0.979,0.947,49.96,OK
1761792861.2019835,19.86,10.336,205.27,50.39,219.64,1.005,0.93,50.03,OK
1761792861.303416,19.791,10.257,203.0,50.39,220.38,0.945,0.974,50.01,OK
1761792861.404698,19.888,10.326,205.36,50.39,220.32,0.993,0.938,49.99,OK
1761792861.505887,19.807,10.221,202.45,50.39,219.66,0.963,0.957,49.98,OK
1761792861.6069813,19.817,10.307,204.26,50.39,219.75,1.005,0.925,49.98,OK
1761792861.7086036,19.807,10.376,205.51,50.39,220.36,0.99,0.942,49.99,OK
1761792861.8096335,19.88,10.261,203.99,50.39,219.78,0.957,0.969,50.01,OK
1761792861.9118285,19.804,10.303,204.04,50.39,219.8,0.978,0.949,50.04,OK
1761792862.0132778,19.827,10.292,204.06,50.39,219.96,0.983,0.944,49.97,OK
1761792862.1144636,19.825,10.299,204.18,50.39,219.96,0.99,0.938,49.99,OK
1761792862.2158222,19.862,10.175,202.1,50.39,219.76,0.997,0.922,49.97,OK
1761792862.3172765,19.806,10.304,204.09,50.39,219.76,0.95,0.977,50.02,OK
1761792862.418566,19.79,10.303,203.89,50.39,220.39,0.998,0.927,50.0,OK
1761792862.5199115,19.796,10.282,203.54,50.39,219.83,0.988,0.937,50.02,OK
1761792862.6211894,19.888,10.334,205.52,50.39,219.77,1.011,0.925,49.95,OK
1761792862.7234244,19.845,10.306,204.51,50.39,219.7,1.002,0.929,50.05,OK
1761792862.8247173,19.885,10.197,202.77,50.39,220.35,0.949,0.969,49.97,OK
1761792862.9260497,19.828,10.274,203.72,50.39,220.03,0.984,0.941,50.01,OK
1761792863.027542,19.887,10.262,204.08,50.39,219.61,0.962,0.966,50.03,OK
1761792863.1289585,19.793,10.362,205.09,50.39,220.36,0.985,0.945,49.97,OK
1761792863.2298408,19.795,10.323,204.35,50.39,220.19,0.981,0.946,50.04,OK
1761792863.3313012,19.854,10.175,202.01,50.39,220.36,0.976,0.939,49.95,OK
1761792863.4326787,19.821,10.317,204.49,50.39,220.4,0.968,0.959,49.97,OK
1761792863.5341127,19.796,10.272,203.35,50.39,220.17,1.002,0.922,49.95,OK
1761792863.6355255,19.864,10.231,203.24,50.39,220.1,0.957,0.965,50.05,OK
1761792863.7365842,19.854,10.347,205.43,50.39,220.11,0.961,0.971,50.05,OK
1761792863.8379252,19.881,10.323,205.23,50.39,219.88,0.954,0.979,50.0,OK
1761792863.9390552,19.805,10.189,201.78,50.39,220.05,0.951,0.965,50.02,OK
1761792864.040408,19.81,10.27,203.45,50.39,220.38,0.998,0.925,50.03,OK
1761792864.1424801,19.888,10.196,202.78,50.39,220.1,0.992,0.929,50.04,OK
1761792864.2442298,19.84,10.286,204.08,50.39,220.31,0.954,0.971,49.99,OK
1761792864.3456426,19.829,10.237,202.98,50.39,220.02,0.991,0.931,49.95,OK
1761792864.4475822,19.821,10.235,202.88,50.39,219.98,0.942,0.979,50.03,OK
1761792864.5492694,19.86,10.255,203.68,50.39,220.11,0.966,0.958,49.98,OK
1761792864.6503882,19.791,10.29,203.65,50.39,220.21,0.976,0.948,50.04,OK
1761792864.7518725,19.823,10.147,201.14,50.39,219.61,0.987,0.928,50.03,OK
1761792864.853549,19.805,10.209,202.18,50.39,220.09,0.942,0.975,50.01,OK
1761792864.9550595,19.822,10.246,203.1,50.39,219.61,0.997,0.928,49.95,OK
1761792865.056559,19.793,10.223,202.35,50.39,220.3,0.996,0.922,49.95,OK
1761792865.1581047,19.878,10.1,200.76,50.39,220.24,0.989,0.922,50.04,OK
1761792865.2598033,19.859,10.215,202.85,50.39,219.79,0.963,0.958,49.96,OK
1761792865.36143,19.803,10.267,203.33,50.39,220.25,0.956,0.966,50.01,OK
1761792865.4630556,19.871,10.124,201.18,50.39,219.75,0.955,0.959,50.01,OK
1761792865.56427,19.878,10.096,200.69,50.39,219.69,0.955,0.956,49.97,OK
1761792865.6670794,19.89,10.121,201.29,50.39,220.37,0.944,0.968,49.97,OK
1761792865.7686074,19.878,10.064,200.05,50.39,219.8,0.946,0.962,50.01,OK
1761792865.8699079,19.803,10.228,202.55,50.39,220.08,0.971,0.948,49.99,OK
1761792865.9708757,19.813,10.221,202.51,50.39,219.84,0.97,0.949,50.02,OK
1761792866.0797193,19.796,10.069,199.33,50.39,219.92,0.978,0.927,50.01,OK
1761792866.181232,19.861,10.068,199.96,50.39,220.01,0.956,0.951,50.0,OK
1761792866.282239,19.829,10.221,202.67,50.39,220.2,0.959,0.959,49.99,OK
1761792866.3840277,19.829,10.188,202.02,50.39,220.02,0.996,0.922,50.03,OK
1761792866.4863183,19.841,10.039,199.18,50.39,219.73,0.976,0.929,50.0,OK
1761792866.5879965,19.853,10.176,202.03,50.39,220.06,0.97,0.947,50.03,OK
1761792866.689449,19.792,10.087,199.63,50.39,219.65,0.983,0.924,50.02,OK
1761792866.7910454,19.838,10.153,201.42,50.39,220.32,0.991,0.922,50.05,OK
1761792866.8951244,19.801,10.203,202.02,50.39,220.26,0.965,0.951,50.01,OK
1761792866.9963644,19.838,10.054,199.46,50.39,220.1,0.926,0.978,50.04,OK
1761792867.0999997,19.84,10.16,201.58,50.39,219.66,0.945,0.972,50.04,OK
1761792867.2020483,19.838,10.156,201.47,50.39,220.37,0.937,0.976,49.96,OK
1761792867.304496,19.885,10.014,199.13,50.39,220.36,0.943,0.958,49.95,OK
1761792867.4064634,19.841,10.125,200.88,50.39,219.86,0.946,0.966,49.96,OK
1761792867.508016,19.871,10.091,200.52,50.39,219.9,0.978,0.932,50.02,OK
1761792867.6169796,19.869,10.026,199.21,50.39,219.96,0.944,0.959,50.03,OK
1761792867.7185528,19.795,10.097,199.87,50.39,220.39,0.943,0.962,50.01,OK
1761792867.8199978,19.874,10.042,199.56,50.39,220.21,0.978,0.927,50.01,OK
1761792867.9213958,19.845,9.968,197.82,50.39,219.7,0.953,0.944,49.99,OK
1761792868.033062,19.865,10.002,198.69,50.39,219.64,0.949,0.953,49.96,OK
1761792868.1370938,19.818,10.022,198.63,50.39,219.68,0.969,0.933,50.01,OK
1761792868.2405047,19.8,10.102,200.03,50.39,219.62,0.946,0.963,50.03,OK
1761792868.3419573,19.888,9.994,198.77,50.39,220.21,0.953,0.947,49.98,OK
1761792868.4681187,19.887,10.033,199.52,50.39,219.6,0.944,0.962,50.01,OK
1761792868.5964952,19.824,10.078,199.79,50.39,219.75,0.954,0.953,49.97,OK
1761792868.7332058,19.887,9.891,196.71,50.39,219.83,0.935,0.957,49.98,OK
1761792868.848583,19.879,9.987,198.53,50.39,220.02,0.94,0.96,50.01,OK
1761792868.9610038,19.881,10.039,199.58,50.39,219.93,0.966,0.939,49.97,OK
1761792869.062562,19.796,9.999,197.93,50.39,219.79,0.95,0.948,50.02,OK
1761792869.163944,19.884,9.915,197.14,50.39,220.4,0.947,0.944,50.02,OK
1761792869.2655518,19.86,10.017,198.93,50.39,220.31,0.961,0.94,50.0,OK
1761792869.3686523,19.872,9.829,195.33,50.39,219.79,0.917,0.969,49.99,OK
1761792869.4700522,19.857,9.834,195.27,50.39,219.93,0.93,0.954,49.97,OK
1761792869.571278,19.882,9.909,197.01,50.39,219.97,0.956,0.936,50.01,OK
1761792869.6725633,19.878,9.887,196.54,50.39,219.94,0.958,0.933,49.95,OK
1761792869.7736318,19.88,9.832,195.47,50.39,220.05,0.929,0.956,50.01,OK
1761792869.8748386,19.888,9.926,197.41,50.39,220.1,0.948,0.946,49.99,OK
1761792869.9765103,19.791,10.0,197.91,50.39,219.71,0.933,0.966,50.01,OK
1761792870.078565,19.873,9.875,196.24,50.39,219.63,0.931,0.96,50.05,OK
1761792870.180026,19.805,9.933,196.71,50.39,219.6,0.918,0.976,50.03,OK
1761792870.2817488,19.826,9.994,198.14,50.39,219.84,0.979,0.92,49.96,OK
1761792870.383691,19.867,9.937,197.42,50.39,219.68,0.94,0.956,50.02,OK
1761792870.4850192,19.825,9.808,194.44,50.39,220.12,0.954,0.926,49.95,OK
1761792870.5866375,19.828,9.837,195.05,50.39,219.73,0.946,0.939,49.99,OK
1761792870.6884425,19.883,9.796,194.78,50.39,220.33,0.941,0.94,50.03,OK
1761792870.7900813,19.8,9.981,197.64,50.39,220.34,0.939,0.955,50.03,OK
1761792870.8920624,19.836,9.845,195.27,50.39,220.3,0.938,0.945,49.96,OK
1761792870.994435,19.88,9.952,197.85,50.39,220.23,0.929,0.967,50.04,OK
1761792871.0961494,19.794,9.928,196.52,50.39,219.64,0.919,0.974,49.96,OK
1761792871.197903,19.813,9.969,197.52,50.39,220.09,0.961,0.933,50.0,OK
1761792871.2998118,19.843,9.825,194.96,50.39,220.25,0.939,0.942,50.0,OK
1761792871.4011838,19.831,9.79,194.15,50.39,219.77,0.905,0.976,50.03,OK
1761792871.5027816,19.88,9.922,197.25,50.39,219.83,0.966,0.929,49.95,OK
1761792871.6046479,19.792,9.854,195.04,50.39,220.05,0.909,0.975,50.0,OK
1761792871.7062962,19.84,9.902,196.45,50.39,219.94,0.925,0.966,50.04,OK
1761792871.8077545,19.863,9.813,194.92,50.39,219.95,0.948,0.934,49.96,OK
1761792871.9092798,19.801,9.851,195.07,50.39,219.9,0.924,0.96,50.03,OK
1761792872.010396,19.846,9.859,195.65,50.39,220.33,0.935,0.95,50.02,OK
1761792872.1116626,19.889,9.901,196.93,50.39,219.86,0.961,0.932,50.02,OK
1761792872.212789,19.845,9.89,196.27,50.39,219.64,0.926,0.965,49.96,OK
1761792872.3136349,19.886,9.828,195.43,50.39,220.12,0.946,0.938,49.95,OK
1761792872.4151769,19.882,9.835,195.54,50.39,220.04,0.942,0.943,50.05,OK
1761792872.5167317,19.815,9.887,195.91,50.39,220.22,0.949,0.938,50.02,OK
1761792872.6182823,19.796,9.875,195.48,50.39,219.6,0.92,0.968,50.01,OK
1761792872.7198517,19.885,9.793,194.74,50.39,220.03,0.926,0.956,50.01,OK
1761792872.8213973,19.857,9.963,197.83,50.39,220.07,0.942,0.954,49.96,OK
1761792872.923255,19.885,9.776,194.4,50.39,220.32,0.913,0.967,50.03,OK
1761792873.0251827,19.81,9.88,195.73,50.39,220.04,0.912,0.975,49.95,OK
1761792873.1273441,19.81,9.962,197.35,50.39,220.15,0.928,0.966,50.03,OK
1761792873.2286963,19.881,9.95,197.82,50.39,219.77,0.952,0.946,49.97,OK
1761792873.3309696,19.85,9.954,197.58,50.39,220.01,0.923,0.973,50.05,OK
1761792873.4323323,19.84,9.914,196.69,50.39,220.11,0.921,0.97,50.02,OK
1761792873.53451,19.847,9.83,195.1,50.39,219.61,0.92,0.965,49.95,OK
1761792873.6363468,19.82,10.0,198.2,50.39,220.1,0.942,0.956,50.04,OK
1761792873.737554,19.801,9.986,197.73,50.39,219.95,0.956,0.941,50.05,OK
1761792873.8391488,19.833,9.834,195.03,50.39,219.75,0.947,0.938,49.95,OK
1761792873.9404492,19.862,9.845,195.53,50.39,220.17,0.924,0.961,50.04,OK
1761792874.0440397,19.796,9.869,195.36,50.39,219.8,0.95,0.936,50.04,OK
1761792874.1455133,19.871,9.898,196.69,50.39,220.31,0.968,0.922,50.04,OK
1761792874.2464898,19.866,10.009,198.83,50.39,219.88,0.944,0.958,49.95,OK
1761792874.348128,19.881,9.924,197.29,50.39,220.05,0.929,0.965,49.98,OK
1761792874.4498913,19.836,9.917,196.7,50.39,219.75,0.948,0.944,50.04,OK
1761792874.551479,19.851,9.971,197.93,50.39,220.3,0.967,0.929,50.05,OK
1761792874.6536107,19.804,9.988,197.81,50.39,220.16,0.923,0.974,50.01,OK
1761792874.75474,19.81,10.062,199.33,50.39,219.66,0.952,0.953,49.98,OK
1761792874.8561392,19.852,10.049,199.49,50.39,220.12,0.973,0.931,50.04,OK
1761792874.9579487,19.884,9.887,196.59,50.39,219.63,0.935,0.957,49.96,OK
1761792875.0592358,19.832,9.968,197.68,50.39,219.81,0.925,0.972,49.98,OK
1761792875.1614816,19.866,9.893,196.55,50.39,219.63,0.962,0.93,49.96,OK
1761792875.2630453,19.81,10.019,198.48,50.39,220.13,0.924,0.976,50.03,OK
1761792875.3642588,19.876,10.021,199.19,50.39,219.84,0.932,0.973,50.03,OK
1761792875.4656432,19.845,9.924,196.95,50.39,219.71,0.928,0.966,50.01,OK
1761792875.5667992,19.815,10.012,198.38,50.39,219.71,0.957,0.944,50.03,OK
1761792875.6679919,19.822,10.044,199.1,50.39,219.72,0.933,0.971,50.02,OK
1761792875.7692358,19.794,10.013,198.2,50.39,220.19,0.926,0.972,50.02,OK
1761792875.8704743,19.837,10.087,200.1,50.39,220.36,0.984,0.923,50.03,OK
1761792875.971822,19.849,10.053,199.55,50.39,220.16,0.967,0.937,49.96,OK
1761792876.0732713,19.853,10.089,200.3,50.39,219.81,0.961,0.948,49.97,OK
1761792876.1749268,19.814,10.065,199.43,50.39,220.37,0.955,0.948,49.97,OK
1761792876.2762847,19.844,10.011,198.65,50.39,219.76,0.923,0.979,49.95,OK
1761792876.3775716,19.803,10.187,201.75,50.39,220.07,0.976,0.94,50.03,OK
1761792876.478689,19.853,10.164,201.79,50.39,219.71,0.991,0.927,50.01,OK
1761792876.5801911,19.801,10.019,198.38,50.39,219.96,0.959,0.941,50.03,OK
1761792876.68147,19.865,10.034,199.32,50.39,220.18,0.936,0.967,49.96,OK
1761792876.7830648,19.816,10.038,198.9,50.39,219.97,0.934,0.968,50.0,OK
1761792876.8843226,19.797,10.162,201.18,50.39,220.39,0.939,0.972,49.99,OK
1761792876.9856088,19.844,10.035,199.14,50.39,219.74,0.949,0.955,50.03,OK
1761792877.0871334,19.828,10.219,202.63,50.39,219.69,0.943,0.978,50.05,OK
1761792877.1916692,19.835,10.156,201.44,50.39,219.83,0.942,0.972,50.01,OK
1761792877.293933,19.839,10.184,202.05,50.39,219.92,0.975,0.942,50.0,OK
1761792877.3953464,19.831,10.157,201.42,50.39,219.81,0.946,0.968,49.99,OK
1761792878.0875146,19.841,10.265,203.66,50.39,219.93,0.971,0.953,50.01,OK
1761792878.323817,19.859,10.238,203.32,50.39,220.27,0.942,0.98,49.98,OK
1761792878.425976,19.862,10.137,201.34,50.39,220.31,0.954,0.958,50.03,OK
1761792878.528252,19.809,10.162,201.3,50.39,220.22,0.982,0.93,49.99,OK
1761792878.629892,19.837,10.114,200.63,50.39,220.35,0.931,0.978,50.02,OK
1761792878.7308624,19.819,10.174,201.63,50.39,219.7,0.966,0.95,50.03,OK
1761792878.8319488,19.878,10.261,203.96,50.39,220.03,0.961,0.965,50.01,OK
1761792878.9331489,19.875,10.245,203.61,50.39,219.98,0.945,0.98,49.97,OK
1761792879.0345347,19.841,10.253,203.43,50.39,220.09,0.976,0.947,49.97,OK
1761792879.1373281,19.794,10.357,205.01,50.39,219.65,0.969,0.963,50.02,OK
1761792879.2421765,19.849,10.179,202.04,50.39,220.24,0.952,0.963,50.01,OK
1761792879.3472435,19.847,10.281,204.06,50.39,220.0,0.981,0.945,50.05,OK
1761792879.4492908,19.819,10.248,203.11,50.39,219.91,0.953,0.969,49.98,OK
1761792879.550236,19.84,10.173,201.83,50.39,220.25,0.968,0.947,50.04,OK
1761792879.6511338,19.846,10.299,204.39,50.39,219.63,0.979,0.951,49.95,OK
1761792879.766507,19.841,10.188,202.15,50.39,220.26,0.968,0.948,49.97,OK
1761792879.8677945,19.79,10.233,202.51,50.39,220.36,0.946,0.971,50.02,OK
1761792879.9689684,19.878,10.214,203.04,50.39,219.81,0.969,0.953,50.02,OK
1761792880.0708673,19.793,10.36,205.06,50.39,219.81,0.992,0.941,49.99,OK
1761792880.1718023,19.836,10.365,205.6,50.39,219.69,0.973,0.961,50.04,OK
1761792880.2727478,19.888,10.271,204.27,50.39,220.34,0.989,0.937,50.03,OK
1761792880.373893,19.89,10.343,205.72,50.39,219.75,0.98,0.955,50.01,OK
1761792880.4758232,19.818,10.254,203.22,50.39,220.28,0.959,0.962,50.05,OK
1761792880.5774891,19.887,10.299,204.81,50.39,219.68,0.991,0.94,50.03,OK
1761792880.6788967,19.793,10.3,203.86,50.39,219.76,0.99,0.937,49.99,OK
1761792880.779841,19.798,10.207,202.08,50.39,219.75,0.973,0.945,49.95,OK
1761792880.8811345,19.843,10.263,203.66,50.39,220.38,0.975,0.948,50.01,OK
1761792880.9824226,19.853,10.326,205.0,50.39,220.39,0.968,0.961,50.03,OK
1761792881.0836983,19.877,10.163,202.0,50.39,219.75,0.996,0.923,50.03,OK
1761792881.1868699,19.848,10.288,204.21,50.39,220.24,1.0,0.927,49.96,OK
1761792881.288384,19.827,10.266,203.55,50.39,219.96,0.985,0.94,49.96,OK
1761792881.3895411,19.881,10.349,205.75,50.39,220.26,0.974,0.959,50.02,OK
1761792881.4912667,19.813,10.384,205.73,50.39,220.13,0.961,0.973,49.96,OK
1761792881.5923102,19.859,10.334,205.22,50.39,220.14,1.013,0.92,50.04,OK
1761792881.6940436,19.862,10.296,204.5,50.39,219.85,1.006,0.924,50.0,OK
1761792881.7949612,19.815,10.263,203.36,50.39,220.38,0.972,0.949,49.95,OK
1761792881.8966467,19.861,10.303,204.62,50.39,220.19,1.0,0.929,50.0,OK
1761792881.997477,19.801,10.299,203.94,50.39,220.12,0.967,0.958,50.02,OK
1761792882.0985482,19.87,10.342,205.49,50.39,219.82,1.005,0.93,50.01,OK
1761792882.1999,19.844,10.303,204.45,50.39,220.31,0.972,0.954,49.96,OK
1761792882.301166,19.885,10.21,203.02,50.39,220.39,0.978,0.942,50.04,OK
1761792882.4029682,19.84,10.184,202.05,50.39,220.04,0.985,0.932,49.96,OK
1761792882.5041184,19.855,10.233,203.18,50.39,219.75,0.966,0.958,50.03,OK
1761792882.6054394,19.802,10.212,202.22,50.39,220.25,0.944,0.972,49.96,OK
1761792882.70657,19.807,10.291,203.84,50.39,219.97,0.992,0.934,49.98,OK
1761792882.807932,19.792,10.268,203.22,50.39,219.81,0.953,0.97,50.05,OK
1761792882.9091516,19.804,10.25,202.99,50.39,219.68,0.964,0.958,50.01,OK
1761792883.0106401,19.851,10.273,203.93,50.39,220.12,0.968,0.957,50.0,OK
1761792883.112656,19.817,10.288,203.88,50.39,219.62,0.971,0.956,50.01,OK
1761792883.213605,19.878,10.203,202.81,50.39,219.87,0.964,0.957,50.02,OK
1761792883.314723,19.869,10.296,204.57,50.39,220.14,0.979,0.949,50.03,OK
1761792883.415836,19.849,10.134,201.15,50.39,220.07,0.971,0.942,49.97,OK
1761792883.5171425,19.823,10.282,203.83,50.39,219.9,0.959,0.966,49.99,OK
1761792883.6181731,19.795,10.216,202.23,50.39,219.92,0.998,0.921,50.0,OK
1761792883.719559,19.883,10.142,201.66,50.39,219.61,0.959,0.957,50.02,OK
1761792883.821568,19.79,10.168,201.24,50.39,219.81,0.946,0.968,50.0,OK
1761792883.9225612,19.814,10.288,203.84,50.39,220.27,0.991,0.934,50.01,OK
1761792884.023658,19.853,10.209,202.68,50.39,220.2,0.96,0.959,49.98,OK
1761792884.1246533,19.874,10.135,201.43,50.39,219.73,0.975,0.94,50.02,OK
1761792884.2261345,19.845,10.169,201.8,50.39,219.85,0.948,0.968,50.03,OK
1761792884.3278809,19.817,10.145,201.03,50.39,220.27,0.983,0.928,49.98,OK
1761792884.460189,19.808,10.155,201.16,50.39,220.04,0.986,0.927,49.99,OK
1761792884.5630834,19.872,10.227,203.23,50.39,220.13,0.955,0.966,50.04,OK
1761792884.686151,19.805,10.096,199.95,50.39,220.32,0.938,0.967,49.96,OK
1761792884.7892056,19.867,10.136,201.38,50.39,220.18,0.989,0.925,49.97,OK
1761792884.891638,19.81,10.078,199.65,50.39,220.05,0.931,0.975,49.99,OK
1761792884.9937913,19.858,10.035,199.28,50.39,220.34,0.951,0.951,49.97,OK
1761792885.0949252,19.824,10.087,199.96,50.39,220.07,0.927,0.98,49.98,OK
1761792885.199161,19.85,10.169,201.86,50.39,219.72,0.958,0.959,50.0,OK
1761792885.3010802,19.885,10.025,199.34,50.39,220.05,0.926,0.979,50.02,OK
1761792885.402574,19.804,10.119,200.39,50.39,220.23,0.986,0.923,50.03,OK
1761792885.5040572,19.889,10.119,201.26,50.39,219.98,0.961,0.952,49.95,OK
1761792885.605879,19.855,10.18,202.12,50.39,219.68,0.946,0.972,50.03,OK
1761792885.7071478,19.835,10.166,201.65,50.39,220.37,0.986,0.928,49.99,OK
1761792885.8083544,19.836,10.138,201.09,50.39,220.04,0.951,0.961,50.01,OK
1761792885.9102063,19.849,10.06,199.68,50.39,219.83,0.936,0.97,50.01,OK
1761792886.011398,19.803,9.996,197.95,50.39,219.94,0.927,0.971,50.03,OK
1761792886.1125104,19.809,10.152,201.1,50.39,219.84,0.949,0.964,49.99,OK
1761792886.214083,19.824,10.033,198.9,50.39,219.84,0.962,0.94,49.96,OK
1761792886.315399,19.82,10.025,198.7,50.39,219.63,0.941,0.962,50.0,OK
1761792886.417578,19.807,10.109,200.22,50.39,220.37,0.982,0.925,50.0,OK
1761792886.518687,19.799,10.132,200.6,50.39,220.21,0.946,0.963,49.98,OK
1761792886.619904,19.815,9.988,197.91,50.39,220.23,0.972,0.925,50.02,OK
1761792886.721148,19.82,10.01,198.4,50.39,219.87,0.951,0.949,49.98,OK
1761792886.8221507,19.825,9.948,197.22,50.39,220.39,0.932,0.96,49.97,OK
1761792886.9247947,19.885,10.025,199.35,50.39,219.75,0.968,0.937,50.0,OK
1761792887.028183,19.889,10.009,199.08,50.39,220.06,0.95,0.953,50.02,OK
1761792887.1293075,19.817,10.109,200.32,50.39,220.26,0.971,0.936,49.99,OK
1761792887.2306383,19.82,10.105,200.28,50.39,219.61,0.94,0.97,49.96,OK
1761792887.3319874,19.857,9.977,198.12,50.39,220.06,0.952,0.946,49.99,OK
1761792887.4333975,19.878,9.984,198.45,50.39,220.16,0.926,0.973,49.98,OK
1761792887.5355594,19.839,9.96,197.6,50.39,219.65,0.94,0.957,49.95,OK
1761792887.636989,19.867,9.866,196.01,50.39,220.13,0.913,0.975,50.05,OK
1761792887.738501,19.88,10.043,199.65,50.39,219.84,0.945,0.961,50.04,OK
1761792887.8399818,19.851,9.985,198.22,50.39,220.03,0.95,0.949,50.01,OK
1761792887.942205,19.819,10.035,198.88,50.39,219.76,0.984,0.92,49.99,OK
1761792888.0447528,19.854,9.991,198.36,50.39,220.16,0.969,0.93,49.95,OK
1761792888.1458204,19.841,9.869,195.82,50.39,219.82,0.951,0.937,50.02,OK
1761792888.2479012,19.867,9.876,196.21,50.39,220.01,0.932,0.957,49.97,OK
1761792888.350083,19.791,9.888,195.7,50.39,220.04,0.915,0.972,50.0,OK
1761792888.4510338,19.876,9.933,197.42,50.39,220.05,0.959,0.936,49.96,OK
1761792888.5526173,19.827,9.88,195.88,50.39,219.92,0.95,0.938,50.0,OK
1761792888.6546648,19.84,9.931,197.02,50.39,219.74,0.937,0.957,50.02,OK
1761792888.756408,19.886,9.912,197.11,50.39,220.32,0.95,0.942,49.96,OK
1761792888.8611503,19.866,9.916,196.99,50.39,220.01,0.936,0.956,50.04,OK
1761792888.9623854,19.822,9.852,195.28,50.39,220.12,0.922,0.962,50.02,OK
1761792889.0639358,19.814,9.922,196.6,50.39,219.8,0.914,0.979,50.0,OK
1761792889.1648514,19.857,9.795,194.49,50.39,219.93,0.905,0.978,50.01,OK
1761792889.2661917,19.829,9.972,197.72,50.39,220.15,0.975,0.921,49.97,OK
1761792889.367395,19.794,9.827,194.52,50.39,220.19,0.918,0.962,50.0,OK
1761792889.4692562,19.828,10.0,198.27,50.39,220.19,0.969,0.929,50.03,OK
1761792889.5703018,19.86,9.945,197.5,50.39,220.33,0.921,0.974,50.02,OK
1761792889.6721237,19.828,9.957,197.42,50.39,220.26,0.943,0.95,50.02,OK
1761792889.778004,19.824,9.837,195.01,50.39,220.18,0.957,0.926,49.97,OK
1761792889.8792489,19.868,9.905,196.79,50.39,220.23,0.916,0.976,50.01,OK
1761792889.9863155,19.819,9.974,197.68,50.39,219.85,0.972,0.925,49.98,OK
1761792890.0884333,19.805,9.896,195.99,50.39,219.63,0.967,0.922,50.04,OK
1761792890.1897652,19.853,9.952,197.58,50.39,220.35,0.954,0.94,50.01,OK
1761792890.2909927,19.849,9.902,196.55,50.39,219.62,0.96,0.932,49.97,OK
1761792890.3927095,19.861,9.814,194.93,50.39,219.99,0.909,0.975,50.02,OK
1761792890.493789,19.793,9.832,194.62,50.39,219.88,0.933,0.948,49.97,OK
1761792890.595178,19.81,9.922,196.56,50.39,219.69,0.967,0.925,49.98,OK
1761792890.6963348,19.86,9.79,194.43,50.39,220.13,0.904,0.977,49.99,OK
1761792890.7981317,19.881,9.915,197.12,50.39,220.01,0.965,0.928,49.98,OK
1761792890.90013,19.882,9.953,197.9,50.39,219.71,0.926,0.973,50.05,OK
1761792891.0024245,19.823,9.898,196.21,50.39,220.17,0.923,0.966,50.02,OK
1761792891.1038253,19.847,9.977,198.0,50.39,219.92,0.925,0.974,50.02,OK
1761792891.2058074,19.831,9.834,195.02,50.39,220.21,0.953,0.93,50.02,OK
1761792891.3073547,19.848,9.787,194.25,50.39,220.27,0.92,0.958,50.04,OK
1761792891.4101148,19.837,9.819,194.77,50.39,219.95,0.924,0.959,50.03,OK
1761792891.5111191,19.875,9.908,196.92,50.39,220.25,0.97,0.922,50.02,OK
1761792891.6130667,19.828,9.979,197.86,50.39,219.75,0.934,0.964,50.03,OK
1761792891.7145503,19.795,9.86,195.18,50.39,220.24,0.92,0.963,49.99,OK
1761792891.81626,19.87,9.917,197.05,50.39,219.61,0.955,0.939,50.05,OK
1761792891.917865,19.835,9.852,195.4,50.39,220.12,0.941,0.943,50.02,OK
1761792892.0190604,19.821,9.96,197.43,50.39,220.3,0.927,0.967,49.97,OK
1761792892.12056,19.876,9.821,195.2,50.39,220.14,0.943,0.94,49.95,OK
1761792892.2215953,19.8,9.909,196.21,50.39,220.08,0.967,0.922,50.03,OK
1761792892.323793,19.877,9.984,198.46,50.39,219.94,0.924,0.976,49.98,OK
1761792892.4257169,19.814,9.843,195.03,50.39,220.29,0.957,0.925,50.04,OK
1761792892.5382972,19.846,9.985,198.17,50.39,219.79,0.959,0.94,49.99,OK
1761792892.6399753,19.81,9.985,197.81,50.39,220.09,0.931,0.966,50.01,OK
1761792892.741467,19.866,9.996,198.58,50.39,219.74,0.923,0.979,50.04,OK
1761792892.8474247,19.87,9.849,195.7,50.39,220.17,0.938,0.947,50.04,OK
1761792892.9534416,19.838,9.927,196.93,50.39,220.08,0.94,0.952,49.97,OK
1761792893.0547245,19.882,9.958,198.0,50.39,219.79,0.977,0.922,50.01,OK
1761792893.1562817,19.817,9.881,195.82,50.39,220.1,0.947,0.94,49.96,OK
1761792893.2575219,19.836,10.042,199.2,50.39,220.14,0.95,0.952,49.98,OK
1761792893.3589754,19.859,10.002,198.64,50.39,219.75,0.981,0.922,50.0,OK
1761792893.4605591,19.869,9.973,198.16,50.39,219.83,0.963,0.936,50.04,OK
1761792893.5616677,19.859,9.896,196.53,50.39,220.17,0.963,0.927,49.95,OK
1761792893.663398,19.816,10.023,198.61,50.39,219.76,0.929,0.973,50.01,OK
1761792893.7662313,19.889,10.003,198.94,50.39,219.61,0.927,0.977,49.98,OK
1761792893.8689487,19.841,9.897,196.37,50.39,220.19,0.914,0.976,50.0,OK
1761792893.9700756,19.844,10.076,199.95,50.39,219.89,0.951,0.957,49.98,OK
1761792894.071016,19.838,10.081,199.98,50.39,219.91,0.931,0.976,49.98,OK
1761792894.1729417,19.84,10.0,198.41,50.39,219.79,0.924,0.977,50.01,OK
1761792894.2745075,19.848,10.029,199.05,50.39,220.09,0.957,0.945,50.01,OK
1761792894.3760335,19.878,10.014,199.05,50.39,220.02,0.97,0.933,49.96,OK
1761792894.4782164,19.819,10.007,198.34,50.39,220.24,0.963,0.936,49.98,OK
1761792894.5790899,19.856,10.073,200.02,50.39,219.74,0.952,0.956,50.01,OK
1761792894.6801796,19.814,10.072,199.58,50.39,220.06,0.966,0.939,50.03,OK
1761792894.7930532,19.852,10.008,198.68,50.39,219.99,0.949,0.952,50.01,OK
1761792894.8944213,19.803,10.16,201.2,50.39,220.22,0.934,0.979,50.02,OK
1761792894.9971929,19.821,9.968,197.56,50.39,220.31,0.946,0.948,49.96,OK
1761792895.0985594,19.885,10.112,201.09,50.39,219.82,0.942,0.971,49.98,OK
1761792895.2002716,19.885,9.996,198.77,50.39,220.22,0.948,0.952,49.97,OK
1761792895.3020859,19.865,10.143,201.48,50.39,219.85,0.942,0.973,50.02,OK
1761792895.404255,19.835,10.066,199.66,50.39,220.1,0.956,0.949,50.01,OK
1761792895.5087028,19.875,10.083,200.39,50.39,219.97,0.945,0.964,50.02,OK
1761792895.609989,19.817,10.146,201.06,50.39,220.11,0.977,0.935,49.97,OK
1761792895.7114499,19.801,10.134,200.67,50.39,219.69,0.989,0.923,49.97,OK
1761792895.812889,19.838,10.159,201.54,50.39,220.33,0.936,0.978,50.02,OK
1761792895.9142451,19.798,10.192,201.77,50.39,220.33,0.938,0.976,50.02,OK
1761792896.015448,19.82,10.168,201.53,50.39,219.73,0.938,0.978,49.96,OK
1761792896.1165793,19.798,10.195,201.84,50.39,220.18,0.985,0.931,49.95,OK
1761792896.2180002,19.886,10.052,199.89,50.39,220.21,0.974,0.932,50.05,OK
1761792896.3189683,19.844,10.077,199.98,50.39,219.99,0.929,0.979,50.0,OK
1761792896.4203525,19.81,10.186,201.79,50.39,220.17,0.983,0.932,50.05,OK
1761792896.521662,19.856,10.171,201.95,50.39,220.19,0.982,0.934,50.01,OK
1761792896.6230211,19.873,10.207,202.84,50.39,219.94,0.964,0.956,49.97,OK
1761792896.725397,19.8,10.271,203.36,50.39,219.62,1.003,0.923,49.97,OK
1761792896.8268037,19.834,10.136,201.04,50.39,220.08,0.981,0.931,49.97,OK
1761792896.9284291,19.884,10.169,202.2,50.39,220.39,0.995,0.922,50.04,OK
1761792897.029474,19.879,10.257,203.91,50.39,220.16,0.973,0.952,50.04,OK
1761792897.130523,19.791,10.275,203.35,50.39,219.61,0.977,0.947,49.97,OK
1761792897.2351754,19.87,10.119,201.06,50.39,220.36,0.951,0.96,49.98,OK
1761792897.3374007,19.887,10.153,201.9,50.39,220.16,0.947,0.968,49.99,OK
1761792897.4430337,19.859,10.3,204.54,50.39,219.93,1.008,0.922,50.02,OK
1761792897.5503242,19.816,10.147,201.08,50.39,220.16,0.974,0.938,49.98,OK
1761792897.6516433,19.818,10.185,201.84,50.39,219.99,0.958,0.958,50.04,OK
1761792897.7534904,19.871,10.146,201.61,50.39,220.31,0.965,0.948,50.04,OK
1761792897.8546412,19.862,10.245,203.49,50.39,220.22,0.95,0.973,49.99,OK
1761792897.955997,19.804,10.223,202.47,50.39,219.91,0.972,0.947,50.01,OK
1761792898.0576518,19.842,10.284,204.05,50.39,219.89,0.972,0.954,49.95,OK
1761792898.160285,19.84,10.259,203.54,50.39,220.33,0.968,0.954,49.99,OK
1761792898.2613275,19.806,10.225,202.51,50.39,219.74,0.942,0.978,49.95,OK
1761792898.3629014,19.8,10.22,202.37,50.39,219.89,0.956,0.963,50.02,OK
1761792898.4640527,19.805,10.184,201.69,50.39,220.39,0.979,0.935,50.03,OK
1761792898.5653021,19.868,10.226,203.16,50.39,219.76,0.978,0.946,49.99,OK
1761792898.666176,19.842,10.309,204.54,50.39,219.88,0.991,0.939,49.99,OK
1761792898.7672937,19.879,10.172,202.22,50.39,220.0,0.949,0.968,50.01,OK
1761792898.8686335,19.868,10.224,203.13,50.39,220.34,0.971,0.949,49.98,OK
1761792898.9697676,19.838,10.369,205.69,50.39,219.7,0.958,0.977,50.02,OK
1761792899.0706868,19.797,10.214,202.19,50.39,219.79,0.943,0.976,50.05,OK
1761792899.1721373,19.889,10.197,202.8,50.39,220.08,0.954,0.966,49.96,OK
1761792899.273053,19.826,10.233,202.89,50.39,220.03,0.953,0.967,50.01,OK
1761792899.3753462,19.89,10.23,203.48,50.39,220.18,0.98,0.943,50.03,OK
1761792899.4768896,19.793,10.337,204.59,50.39,219.72,0.983,0.947,49.97,OK
1761792899.5781994,19.802,10.205,202.08,50.39,219.9,0.984,0.934,50.0,OK
1761792899.6793895,19.881,10.23,203.38,50.39,219.93,0.985,0.939,49.96,OK
1761792899.780395,19.822,10.35,205.16,50.39,220.06,1.0,0.933,50.02,OK
1761792899.8813488,19.859,10.197,202.49,50.39,219.84,0.961,0.959,49.98,OK
1761792899.98309,19.807,10.263,203.28,50.39,220.21,0.981,0.941,50.03,OK
1761792900.0853386,19.799,10.24,202.75,50.39,219.84,0.984,0.937,50.01,OK
1761792900.187613,19.844,10.333,205.04,50.39,219.75,0.954,0.979,50.03,OK
1761792900.2892573,19.844,10.295,204.3,50.39,219.72,1.001,0.929,49.98,OK
1761792900.3907552,19.802,10.201,201.99,50.39,219.68,0.944,0.974,49.99,OK
1761792900.4921558,19.844,10.222,202.85,50.39,219.63,0.993,0.93,49.99,OK
1761792900.855222,19.876,10.187,202.47,50.39,220.11,0.957,0.962,49.97,OK
1761792900.9564004,19.855,10.325,205.01,50.39,220.02,0.984,0.947,49.98,OK
1761792901.0578487,19.877,10.205,202.86,50.39,219.93,0.956,0.965,50.01,OK
1761792901.2224813,19.874,10.263,203.97,50.39,220.19,1.003,0.923,50.01,OK
1761792901.3396804,19.856,10.166,201.86,50.39,219.84,0.953,0.963,50.03,OK
1761792901.4413075,19.851,10.241,203.3,50.39,220.31,0.982,0.94,50.03,OK
1761792901.5429804,19.823,10.303,204.23,50.39,220.28,0.982,0.944,49.98,OK
1761792901.644394,19.817,10.358,205.27,50.39,220.0,0.99,0.942,49.96,OK
1761792901.7457018,19.835,10.284,203.98,50.39,219.64,0.956,0.971,49.96,OK
1761792901.846709,19.822,10.174,201.67,50.39,219.6,0.996,0.922,49.95,OK
1761792901.9477935,19.845,10.303,204.47,50.39,220.12,1.0,0.928,49.98,OK
1761792902.0491145,19.885,10.122,201.28,50.39,219.88,0.976,0.938,49.99,OK
1761792902.1502922,19.838,10.233,203.01,50.39,219.96,0.952,0.97,49.97,OK
1761792902.2518103,19.868,10.225,203.15,50.39,219.73,1.004,0.921,50.05,OK
1761792902.353545,19.879,10.137,201.52,50.39,219.7,0.948,0.967,50.01,OK
1761792902.454714,19.817,10.273,203.57,50.39,219.75,0.972,0.953,49.99,OK
1761792902.555844,19.888,10.286,204.56,50.39,220.01,1.011,0.92,50.02,OK
1761792902.6572485,19.819,10.273,203.6,50.39,219.82,0.973,0.952,50.03,OK
1761792902.7590027,19.868,10.147,201.6,50.39,220.04,0.95,0.964,49.98,OK
1761792902.8608081,19.843,10.27,203.79,50.39,220.24,0.946,0.978,49.96,OK
1761792902.9619668,19.792,10.184,201.57,50.39,220.35,0.934,0.98,49.97,OK
1761792903.0632904,19.796,10.237,202.65,50.39,219.68,0.955,0.966,50.05,OK
1761792903.1646788,19.791,10.238,202.62,50.39,220.37,0.98,0.938,50.04,OK
1761792903.266059,19.831,10.198,202.23,50.39,220.35,0.938,0.979,49.98,OK
1761792903.3675964,19.869,10.192,202.51,50.39,219.69,0.973,0.947,49.98,OK
1761792903.4690762,19.884,10.105,200.93,50.39,220.26,0.974,0.936,50.0,OK
1761792903.5705228,19.794,10.137,200.66,50.39,219.86,0.986,0.926,50.04,OK
1761792903.672125,19.857,10.118,200.92,50.39,219.99,0.954,0.957,50.03,OK
1761792903.7736442,19.868,10.122,201.11,50.39,219.68,0.978,0.936,49.99,OK
1761792903.8750844,19.88,10.033,199.46,50.39,220.04,0.959,0.945,49.95,OK
1761792903.9765832,19.813,10.076,199.64,50.39,219.77,0.961,0.945,50.0,OK
1761792904.07813,19.864,10.206,202.73,50.39,220.23,0.997,0.923,50.03,OK
1761792904.1796966,19.802,10.128,200.56,50.39,220.13,0.984,0.926,50.01,OK
1761792904.281996,19.878,10.124,201.25,50.39,219.61,0.988,0.928,50.0,OK
1761792904.3838954,19.81,10.139,200.85,50.39,220.21,0.932,0.979,49.99,OK
1761792904.4849641,19.858,10.092,200.4,50.39,219.85,0.982,0.928,49.98,OK
1761792904.586507,19.851,10.153,201.55,50.39,219.8,0.955,0.96,49.99,OK
1761792904.6876285,19.823,10.179,201.77,50.39,219.87,0.955,0.961,50.05,OK
1761792904.7898312,19.805,10.041,198.86,50.39,220.23,0.945,0.956,49.98,OK
1761792904.8935094,19.82,10.029,198.77,50.39,220.02,0.929,0.972,50.02,OK
1761792904.9947038,19.851,10.053,199.57,50.39,219.7,0.94,0.966,50.04,OK
1761792905.0997095,19.853,10.145,201.42,50.39,220.39,0.957,0.955,50.02,OK
1761792905.202353,19.824,9.98,197.84,50.39,219.71,0.95,0.948,49.99,OK
1761792905.304079,19.84,9.952,197.44,50.39,220.2,0.943,0.951,50.04,OK
1761792905.4051394,19.8,9.963,197.26,50.39,220.32,0.968,0.925,50.04,OK
1761792905.5062,19.853,9.997,198.46,50.39,220.26,0.959,0.94,50.03,OK
1761792905.6078417,19.888,10.09,200.68,50.39,219.81,0.942,0.969,50.01,OK
1761792905.7097619,19.844,9.999,198.42,50.39,219.74,0.939,0.961,50.01,OK
1761792905.8157926,19.878,9.94,197.58,50.39,220.09,0.917,0.979,50.03,OK
1761792905.9167163,19.817,9.938,196.94,50.39,219.95,0.927,0.966,50.02,OK
1761792906.0178044,19.838,10.062,199.61,50.39,220.32,0.949,0.955,50.01,OK
1761792906.1253438,19.84,10.046,199.32,50.39,220.09,0.942,0.961,49.98,OK
1761792906.2267807,19.815,9.924,196.65,50.39,220.12,0.943,0.948,50.0,OK
1761792906.328171,19.886,9.99,198.67,50.39,220.21,0.979,0.921,50.03,OK
1761792906.4295928,19.889,9.945,197.79,50.39,219.92,0.964,0.933,50.0,OK
1761792906.530669,19.847,9.97,197.87,50.39,219.72,0.942,0.956,50.0,OK
1761792906.6325147,19.791,10.044,198.79,50.39,219.62,0.934,0.969,49.97,OK
1761792906.7339773,19.814,10.003,198.2,50.39,220.36,0.936,0.961,50.03,OK
1761792906.836323,19.804,9.908,196.22,50.39,220.12,0.915,0.975,49.95,OK
1761792906.9377053,19.852,10.001,198.54,50.39,220.14,0.936,0.963,50.01,OK
1761792907.0394833,19.838,10.001,198.41,50.39,220.33,0.957,0.941,49.99,OK
1761792907.1409097,19.837,9.86,195.6,50.39,220.1,0.907,0.98,49.97,OK
1761792907.2425232,19.847,9.969,197.85,50.39,220.36,0.96,0.935,50.02,OK
1761792907.3441815,19.827,9.92,196.69,50.39,220.38,0.962,0.927,50.03,OK
1761792907.445474,19.813,10.029,198.7,50.39,219.96,0.947,0.954,50.03,OK
1761792907.5471687,19.858,9.851,195.63,50.39,220.32,0.955,0.93,50.0,OK
1761792907.6484246,19.798,9.89,195.81,50.39,219.87,0.938,0.95,49.97,OK
1761792907.7499433,19.806,9.93,196.68,50.39,220.02,0.923,0.968,50.0,OK
1761792907.8515403,19.83,10.013,198.56,50.39,219.9,0.949,0.952,50.01,OK
1761792907.9528954,19.837,9.89,196.18,50.39,219.64,0.959,0.931,50.04,OK
1761792908.055466,19.798,9.953,197.04,50.39,220.11,0.918,0.975,50.01,OK
1761792908.1580114,19.825,9.892,196.11,50.39,219.97,0.953,0.936,50.04,OK
1761792908.2592013,19.825,9.925,196.76,50.39,220.08,0.925,0.966,50.04,OK
1761792908.3602314,19.883,9.959,198.03,50.39,220.3,0.954,0.942,49.99,OK
1761792908.4620934,19.885,9.961,198.07,50.39,220.38,0.963,0.933,49.99,OK
1761792908.5631542,19.835,9.973,197.81,50.39,220.16,0.927,0.97,49.98,OK
1761792908.6648118,19.79,9.991,197.72,50.39,220.05,0.928,0.968,50.0,OK
1761792908.7660096,19.808,9.901,196.12,50.39,219.91,0.912,0.978,50.03,OK
1761792908.8680933,19.81,9.995,198.0,50.39,220.03,0.931,0.967,49.96,OK
1761792908.9699607,19.805,9.932,196.7,50.39,219.82,0.956,0.936,50.05,OK
1761792909.0716417,19.882,9.937,197.57,50.39,219.97,0.92,0.976,49.99,OK
1761792909.173496,19.862,9.923,197.09,50.39,219.79,0.947,0.947,50.03,OK
1761792909.2747006,19.808,9.877,195.64,50.39,219.62,0.961,0.927,49.95,OK
1761792909.3762372,19.84,9.931,197.02,50.39,220.4,0.934,0.957,50.05,OK
1761792909.4776804,19.821,9.804,194.32,50.39,220.34,0.944,0.934,50.02,OK
1761792909.5802753,19.836,9.868,195.74,50.39,219.86,0.936,0.951,50.01,OK
1761792909.6816244,19.813,9.968,197.5,50.39,220.23,0.972,0.923,50.05,OK
1761792909.7828667,19.823,9.901,196.26,50.39,219.7,0.937,0.954,50.05,OK
1761792909.8842888,19.876,9.875,196.29,50.39,219.63,0.959,0.932,50.04,OK
1761792909.9853349,19.853,9.959,197.71,50.39,219.82,0.954,0.943,49.97,OK
1761792910.0876956,19.819,9.909,196.39,50.39,220.31,0.965,0.924,49.99,OK
1761792910.1894736,19.81,9.869,195.51,50.39,219.95,0.925,0.961,50.03,OK
1761792910.3021905,19.852,9.813,194.81,50.39,219.99,0.912,0.971,49.96,OK
1761792910.4037673,19.89,9.833,195.58,50.39,220.15,0.949,0.936,49.95,OK
1761792910.5055292,19.874,9.797,194.7,50.39,219.76,0.954,0.928,49.99,OK
1761792910.6078987,19.812,9.968,197.48,50.39,220.07,0.92,0.975,49.99,OK
1761792910.711095,19.842,9.896,196.37,50.39,219.96,0.927,0.963,50.04,OK
1761792910.811947,19.792,9.899,195.92,50.39,219.63,0.969,0.92,50.04,OK
1761792910.9134092,19.85,9.986,198.22,50.39,219.88,0.927,0.973,49.95,OK
1761792911.015345,19.833,9.925,196.84,50.39,219.8,0.916,0.978,50.03,OK
1761792911.116994,19.794,9.914,196.24,50.39,220.1,0.941,0.947,49.99,OK
1761792911.2179387,19.869,9.815,195.01,50.39,220.09,0.944,0.939,50.03,OK
1761792911.3188171,19.791,9.893,195.8,50.39,219.76,0.951,0.937,49.98,OK
1761792911.4201229,19.851,9.933,197.19,50.39,220.36,0.93,0.962,49.98,OK
1761792911.5214148,19.824,9.836,194.99,50.39,220.39,0.93,0.952,50.02,OK
1761792911.6225424,19.829,9.872,195.75,50.39,219.79,0.938,0.95,49.99,OK
1761792911.7235534,19.888,9.939,197.66,50.39,219.74,0.958,0.939,50.0,OK
1761792911.8249226,19.858,9.998,198.54,50.39,219.77,0.957,0.944,50.04,OK
1761792911.9261868,19.849,9.994,198.38,50.39,220.4,0.933,0.964,50.05,OK
1761792912.027715,19.811,9.928,196.69,50.39,219.87,0.971,0.921,50.04,OK
1761792912.1294754,19.882,9.934,197.51,50.39,219.73,0.926,0.971,49.98,OK
1761792912.2339625,19.835,10.014,198.62,50.39,220.28,0.939,0.96,50.01,OK
1761792912.3360927,19.828,9.997,198.22,50.39,220.29,0.96,0.937,50.05,OK
1761792912.4385881,19.851,9.898,196.49,50.39,220.07,0.951,0.939,49.96,OK
1761792912.5401256,19.867,10.037,199.4,50.39,220.06,0.957,0.947,50.03,OK
1761792912.6514697,19.821,10.068,199.57,50.39,220.26,0.938,0.966,49.98,OK
1761792912.7528448,19.86,10.015,198.89,50.39,220.29,0.941,0.959,49.96,OK
1761792912.8552651,19.815,9.945,197.06,50.39,219.66,0.917,0.978,50.0,OK
1761792912.9572628,19.849,10.089,200.25,50.39,219.96,0.943,0.966,49.99,OK
1761792913.0593529,19.869,10.068,200.04,50.39,219.86,0.976,0.932,50.02,OK
1761792913.1633844,19.867,10.015,198.96,50.39,219.93,0.96,0.942,49.95,OK
1761792913.2652256,19.863,10.011,198.85,50.39,219.82,0.926,0.976,49.98,OK
1761792913.3674738,19.8,10.064,199.27,50.39,219.78,0.945,0.959,50.0,OK
1761792913.4685116,19.822,10.111,200.41,50.39,219.89,0.979,0.931,50.02,OK
1761792913.5696795,19.811,10.05,199.1,50.39,219.73,0.963,0.941,49.99,OK
1761792913.67066,19.889,10.05,199.89,50.39,219.84,0.975,0.933,50.05,OK
1761792913.7718213,19.794,10.032,198.58,50.39,219.87,0.93,0.972,50.03,OK
1761792913.873589,19.864,10.023,199.1,50.39,220.19,0.978,0.925,50.02,OK
1761792913.9753938,19.817,9.992,198.02,50.39,219.65,0.952,0.947,49.96,OK
1761792914.0779653,19.858,10.055,199.67,50.39,219.89,0.946,0.96,50.02,OK
1761792914.1800914,19.816,10.062,199.38,50.39,219.96,0.945,0.959,49.99,OK
1761792914.2815769,19.814,10.008,198.29,50.39,220.04,0.934,0.965,49.96,OK
1761792914.3830056,19.878,10.084,200.45,50.39,220.03,0.98,0.93,49.98,OK
1761792914.4840827,19.88,10.049,199.77,50.39,220.05,0.933,0.973,50.01,OK
1761792914.585447,19.826,10.098,200.2,50.39,219.99,0.968,0.94,49.98,OK
1761792914.6870315,19.863,10.033,199.29,50.39,220.06,0.933,0.971,50.02,OK
1761792914.788238,19.819,10.154,201.25,50.39,219.71,0.946,0.968,50.04,OK
1761792914.889913,19.808,10.18,201.65,50.39,219.73,0.95,0.966,50.02,OK
1761792914.9908326,19.808,10.23,202.63,50.39,220.13,0.981,0.938,50.03,OK
1761792915.0924473,19.82,10.169,201.54,50.39,219.64,0.973,0.943,50.01,OK
1761792915.1945038,19.827,10.23,202.83,50.39,220.16,0.949,0.971,50.02,OK
1761792915.2958188,19.835,10.166,201.63,50.39,219.91,0.966,0.949,50.0,OK
1761792915.3972037,19.812,10.179,201.67,50.39,220.25,0.99,0.925,50.0,OK
1761792915.5067306,19.82,10.207,202.29,50.39,220.03,0.995,0.924,49.99,OK
1761792915.6090257,19.862,10.204,202.67,50.39,220.02,0.981,0.939,49.97,OK
1761792915.7112644,19.831,10.139,201.06,50.39,219.87,0.993,0.921,49.98,OK
1761792915.8132699,19.846,10.098,200.4,50.39,220.04,0.978,0.931,50.05,OK
1761792915.9145505,19.874,10.265,204.0,50.39,220.06,1.001,0.926,50.01,OK
1761792916.0165203,19.864,10.136,201.35,50.39,220.1,0.991,0.923,49.99,OK
1761792916.118534,19.809,10.149,201.05,50.39,219.96,0.966,0.946,49.96,OK
1761792916.2197971,19.838,10.283,204.0,50.39,220.36,0.957,0.967,50.04,OK
1761792916.3211532,19.835,10.178,201.87,50.39,220.22,0.946,0.969,49.97,OK
1761792916.4222434,19.807,10.327,204.54,50.39,219.94,0.979,0.95,49.97,OK
1761792916.5231817,19.877,10.112,201.01,50.39,219.67,0.943,0.97,50.0,OK
1761792916.6241236,19.875,10.133,201.4,50.39,219.8,0.989,0.927,50.01,OK
1761792916.7258263,19.888,10.206,202.98,50.39,219.71,0.966,0.957,49.97,OK
1761792916.8272364,19.819,10.319,204.51,50.39,220.03,0.979,0.949,49.96,OK
1761792916.9281697,19.863,10.195,202.5,50.39,219.66,0.947,0.973,49.97,OK
1761792917.029535,19.871,10.28,204.28,50.39,219.83,0.968,0.96,49.99,OK
1761792917.1305637,19.804,10.241,202.82,50.39,220.14,0.976,0.944,50.01,OK
1761792917.2318988,19.814,10.355,205.17,50.39,219.91,0.97,0.962,50.05,OK
1761792917.3329384,19.849,10.17,201.87,50.39,219.73,0.999,0.92,49.96,OK
1761792917.4340959,19.869,10.164,201.94,50.39,220.28,0.989,0.927,50.03,OK
1761792917.5350287,19.878,10.313,205.01,50.39,219.88,0.985,0.947,50.02,OK
1761792917.6365173,19.865,10.231,203.24,50.39,219.74,0.953,0.97,50.0,OK
1761792917.7378871,19.821,10.292,204.0,50.39,219.82,0.974,0.953,50.04,OK
1761792917.8394542,19.856,10.201,202.55,50.39,219.98,0.953,0.966,50.05,OK
1761792917.9409938,19.865,10.297,204.56,50.39,219.67,0.969,0.961,49.99,OK
1761792918.0422413,19.843,10.324,204.85,50.39,220.35,0.973,0.956,50.03,OK
1761792918.1430225,19.887,10.244,203.72,50.39,220.25,0.996,0.928,50.05,OK
1761792918.2441566,19.886,10.216,203.16,50.39,219.65,0.96,0.963,49.98,OK
1761792918.3452194,19.798,10.295,203.83,50.39,220.05,0.95,0.975,50.01,OK
1761792918.4464135,19.808,10.295,203.93,50.39,220.13,1.001,0.926,50.01,OK
1761792918.547522,19.801,10.37,205.33,50.39,220.39,0.964,0.967,49.98,OK
1761792918.6487563,19.804,10.395,205.87,50.39,219.69,0.994,0.943,49.98,OK
1761792918.7495158,19.834,10.331,204.9,50.39,220.08,0.97,0.96,50.02,OK
1761792918.8505254,19.854,10.288,204.26,50.39,219.99,0.968,0.959,49.96,OK
1761792918.951587,19.819,10.202,202.2,50.39,219.79,0.973,0.945,50.03,OK
1761792919.0524566,19.875,10.177,202.26,50.39,219.69,0.941,0.979,50.01,OK
1761792919.15339,19.881,10.212,203.03,50.39,220.17,0.944,0.977,50.04,OK
1761792919.2545092,19.859,10.285,204.24,50.39,220.1,0.974,0.952,49.98,OK
1761792919.3555987,19.809,10.275,203.55,50.39,220.27,0.996,0.928,49.96,OK
1761792919.4566543,19.842,10.26,203.57,50.39,219.69,0.97,0.955,49.97,OK
1761792919.5581715,19.822,10.287,203.91,50.39,219.73,0.953,0.973,49.96,OK
1761792919.6594331,19.861,10.311,204.79,50.39,220.13,0.99,0.94,49.97,OK
1761792919.7602944,19.868,10.357,205.77,50.39,219.71,1.01,0.927,50.02,OK
1761792919.8615115,19.866,10.356,205.73,50.39,220.34,0.987,0.946,49.99,OK
1761792919.9630551,19.818,10.381,205.74,50.39,219.64,1.004,0.933,49.98,OK
1761792920.0638378,19.841,10.271,203.78,50.39,220.33,0.958,0.966,49.97,OK
1761792920.165108,19.852,10.265,203.77,50.39,220.08,0.954,0.97,49.96,OK
1761792920.2661362,19.803,10.315,204.27,50.39,219.62,0.999,0.931,49.95,OK
1761792920.3672392,19.844,10.317,204.72,50.39,219.9,0.954,0.975,49.99,OK
1761792920.4683936,19.835,10.314,204.59,50.39,220.17,0.956,0.972,49.97,OK
1761792920.569315,19.817,10.205,202.24,50.39,219.61,0.951,0.969,50.03,OK
1761792920.6707146,19.796,10.334,204.58,50.39,219.98,0.956,0.973,49.95,OK
1761792920.7719328,19.793,10.301,203.89,50.39,220.0,0.993,0.933,50.02,OK
1761792920.873615,19.816,10.274,203.59,50.39,219.69,0.985,0.941,49.97,OK
1761792920.9763978,19.801,10.358,205.09,50.39,219.64,0.959,0.973,49.96,OK
1761792921.0818627,19.795,10.272,203.34,50.39,219.94,0.975,0.948,50.0,OK
1761792921.1833408,19.846,10.153,201.51,50.39,219.75,0.938,0.978,50.02,OK
1761792921.2852423,19.847,10.192,202.29,50.39,220.13,0.939,0.979,49.99,OK
1761792921.3862913,19.834,10.317,204.63,50.39,220.05,0.973,0.955,49.98,OK
1761792921.4879842,19.826,10.307,204.36,50.39,219.95,0.996,0.933,50.04,OK
1761792921.5892313,19.888,10.245,203.75,50.39,219.76,0.97,0.956,49.97,OK
1761792921.6905,19.862,10.153,201.66,50.39,220.0,0.942,0.973,50.04,OK
1761792921.7921681,19.848,10.244,203.32,50.39,220.22,0.963,0.959,50.01,OK
1761792921.8931596,19.812,10.196,202.0,50.39,219.84,0.942,0.975,49.97,OK
1761792921.9942222,19.863,10.083,200.28,50.39,220.0,0.943,0.965,50.01,OK
1761792922.0951903,19.83,10.084,199.97,50.39,220.25,0.935,0.971,50.05,OK
1761792922.1964004,19.886,10.196,202.76,50.39,220.37,0.978,0.941,50.01,OK
1761792922.2975943,19.861,10.166,201.91,50.39,220.22,0.982,0.934,49.96,OK
1761792922.3987715,19.847,10.246,203.36,50.39,220.21,0.949,0.973,50.03,OK
1761792922.5053742,19.845,10.065,199.74,50.39,220.13,0.944,0.961,50.02,OK
1761792922.606481,19.839,10.064,199.66,50.39,220.35,0.945,0.959,49.97,OK
1761792922.7080889,19.819,10.075,199.69,50.39,219.63,0.928,0.979,50.03,OK
1761792922.809308,19.822,10.049,199.19,50.39,220.27,0.97,0.932,49.98,OK
1761792922.910481,19.873,10.111,200.94,50.39,219.98,0.967,0.945,49.97,OK
1761792923.0119061,19.822,10.056,199.32,50.39,219.98,0.969,0.936,50.0,OK
1761792923.1131656,19.864,10.197,202.55,50.39,219.6,0.954,0.967,49.98,OK
1761792923.2140584,19.841,10.103,200.44,50.39,219.85,0.96,0.95,49.99,OK
1761792923.3151298,19.803,10.117,200.34,50.39,219.73,0.975,0.935,50.01,OK
1761792923.4161744,19.864,10.127,201.15,50.39,219.69,0.982,0.932,50.0,OK
1761792923.518083,19.885,10.042,199.69,50.39,219.96,0.987,0.92,49.98,OK
1761792923.6191883,19.849,10.027,199.03,50.39,219.62,0.955,0.949,50.0,OK
1761792923.720495,19.844,10.027,198.97,50.39,219.64,0.977,0.927,50.03,OK
1761792923.822788,19.823,10.129,200.8,50.39,219.88,0.978,0.933,50.04,OK
1761792924.4660852,19.806,10.036,198.77,50.39,219.79,0.96,0.942,50.0,OK
1761792924.6925251,19.849,10.067,199.83,50.39,219.8,0.983,0.925,50.03,OK
1761792924.7945828,19.843,9.934,197.13,50.39,219.88,0.916,0.979,50.01,OK
1761792924.8961957,19.842,9.934,197.11,50.39,219.61,0.931,0.964,49.99,OK
1761792924.9992814,19.885,9.893,196.73,50.39,219.82,0.954,0.938,49.99,OK
1761792925.104586,19.869,10.052,199.73,50.39,220.33,0.978,0.927,49.97,OK
1761792925.206628,19.846,9.923,196.93,50.39,220.24,0.942,0.949,50.02,OK
1761792925.3090324,19.88,9.881,196.42,50.39,219.61,0.917,0.976,50.0,OK
1761792925.4221406,19.853,10.029,199.11,50.39,219.9,0.98,0.924,50.0,OK
1761792925.5253603,19.885,10.017,199.19,50.39,219.95,0.927,0.977,49.99,OK
1761792925.6268203,19.813,10.011,198.35,50.39,220.15,0.948,0.951,50.03,OK
1761792925.7284362,19.844,9.961,197.66,50.39,220.17,0.935,0.96,49.95,OK
1761792925.8439848,19.82,9.981,197.81,50.39,219.86,0.966,0.931,50.02,OK
1761792925.9453332,19.876,9.866,196.1,50.39,219.71,0.93,0.96,50.01,OK
1761792926.0470812,19.86,9.872,196.06,50.39,220.08,0.967,0.921,49.98,OK
1761792926.1486278,19.799,9.875,195.51,50.39,219.97,0.928,0.958,50.01,OK
1761792926.2498806,19.849,9.95,197.49,50.39,219.94,0.937,0.958,49.97,OK
1761792926.3507254,19.829,9.914,196.59,50.39,219.71,0.926,0.966,49.96,OK
1761792926.4524598,19.886,9.9,196.88,50.39,220.19,0.928,0.964,50.04,OK
1761792926.5543287,19.821,9.881,195.85,50.39,219.93,0.927,0.961,50.03,OK
1761792926.6555972,19.869,9.884,196.39,50.39,219.94,0.919,0.971,49.98,OK
1761792926.7585099,19.888,9.887,196.63,50.39,220.13,0.916,0.975,50.02,OK
1761792926.8606675,19.791,9.853,195.0,50.39,220.37,0.949,0.932,50.04,OK
1761792926.9618533,19.808,9.939,196.87,50.39,220.39,0.915,0.976,50.02,OK
1761792927.0629654,19.847,9.896,196.41,50.39,220.18,0.96,0.93,50.04,OK
1761792927.1641326,19.874,9.888,196.51,50.39,220.27,0.955,0.934,50.01,OK
1761792927.2719588,19.8,9.903,196.07,50.39,219.91,0.93,0.959,50.04,OK
1761792927.3746765,19.801,9.931,196.64,50.39,219.77,0.913,0.98,50.01,OK
1761792927.4824202,19.862,9.798,194.6,50.39,220.23,0.907,0.975,49.95,OK
1761792927.5838861,19.889,9.941,197.7,50.39,220.32,0.952,0.943,50.05,OK
1761792927.6849818,19.803,9.856,195.18,50.39,219.94,0.929,0.956,49.97,OK
1761792927.7866,19.797,9.983,197.64,50.39,219.65,0.919,0.979,49.98,OK
1761792927.88781,19.835,9.931,196.97,50.39,219.62,0.921,0.974,50.0,OK
1761792927.9890375,19.884,9.878,196.42,50.39,219.99,0.968,0.923,50.0,OK
1761792928.1127186,19.822,9.924,196.71,50.39,220.02,0.926,0.965,50.04,OK
1761792928.2156296,19.868,9.79,194.51,50.39,220.13,0.903,0.978,50.04,OK
1761792928.3170853,19.845,9.957,197.59,50.39,220.12,0.95,0.945,50.01,OK
1761792928.4184291,19.812,9.892,195.98,50.39,219.79,0.936,0.953,50.03,OK
1761792928.5235438,19.812,9.841,194.97,50.39,219.79,0.925,0.959,49.96,OK
1761792928.6269898,19.831,9.933,196.99,50.39,220.34,0.941,0.95,50.05,OK
1761792928.729159,19.814,9.912,196.4,50.39,220.31,0.942,0.946,49.95,OK
1761792928.830539,19.858,9.936,197.3,50.39,220.1,0.948,0.945,49.97,OK
1761792928.938873,19.881,9.931,197.44,50.39,220.22,0.921,0.973,50.0,OK
1761792929.0450113,19.875,9.879,196.36,50.39,220.04,0.943,0.947,49.96,OK
1761792929.1461976,19.842,9.8,194.46,50.39,219.6,0.935,0.947,50.03,OK
1761792929.2472632,19.849,9.979,198.08,50.39,220.3,0.936,0.96,49.97,OK
1761792929.3484008,19.887,9.965,198.17,50.39,219.65,0.967,0.933,50.0,OK
1761792929.4493494,19.836,9.848,195.36,50.39,219.95,0.931,0.954,50.02,OK
1761792929.5651903,19.886,9.941,197.68,50.39,219.98,0.974,0.923,50.04,OK
1761792929.6664653,19.819,9.963,197.45,50.39,220.03,0.946,0.948,50.01,OK
1761792929.7678876,19.851,9.894,196.4,50.39,219.63,0.921,0.971,50.04,OK
1761792929.8704565,19.879,9.811,195.02,50.39,219.98,0.929,0.954,49.96,OK
1761792929.9719198,19.797,9.916,196.31,50.39,220.1,0.938,0.951,50.03,OK
1761792930.0740852,19.889,9.822,195.34,50.39,219.61,0.952,0.934,49.96,OK
1761792930.175918,19.804,9.924,196.53,50.39,219.9,0.927,0.964,50.04,OK
1761792930.2779896,19.85,10.013,198.76,50.39,220.35,0.964,0.936,49.95,OK
1761792930.3793354,19.821,9.973,197.67,50.39,219.67,0.972,0.925,50.0,OK
1761792930.483348,19.861,9.948,197.57,50.39,220.22,0.966,0.929,50.04,OK
1761792930.585086,19.858,9.887,196.33,50.39,220.37,0.944,0.944,49.99,OK
1761792930.6859317,19.809,9.949,197.08,50.39,219.88,0.947,0.946,50.03,OK
1761792930.787601,19.845,9.932,197.11,50.39,220.14,0.918,0.975,49.99,OK
1761792930.8925984,19.794,9.981,197.56,50.39,219.75,0.972,0.925,49.98,OK
1761792930.993872,19.851,9.889,196.31,50.39,219.66,0.927,0.964,50.03,OK
1761792931.0959234,19.88,9.982,198.44,50.39,219.75,0.956,0.944,49.99,OK
1761792931.1975317,19.862,9.989,198.4,50.39,219.94,0.944,0.956,50.01,OK
1761792931.2989948,19.795,9.951,196.98,50.39,219.91,0.958,0.935,49.97,OK
1761792931.4000905,19.879,9.997,198.73,50.39,220.16,0.953,0.947,49.95,OK
1761792931.501057,19.834,9.956,197.47,50.39,219.62,0.971,0.926,49.96,OK
1761792931.6024506,19.794,9.932,196.6,50.39,219.61,0.929,0.964,49.96,OK
1761792931.7033186,19.865,9.982,198.29,50.39,219.74,0.948,0.952,49.98,OK
1761792931.8044717,19.853,10.083,200.18,50.39,219.99,0.964,0.944,50.03,OK
1761792931.9055479,19.874,10.024,199.21,50.39,219.81,0.946,0.958,49.97,OK
1761792932.0069745,19.873,9.901,196.77,50.39,220.01,0.937,0.955,50.0,OK
1761792932.1083438,19.844,9.974,197.93,50.39,220.06,0.976,0.921,50.04,OK
1761792932.2097547,19.804,10.126,200.53,50.39,219.62,0.934,0.977,50.04,OK
1761792932.310837,19.887,10.035,199.56,50.39,220.16,0.94,0.964,50.03,OK
1761792932.4124584,19.859,10.014,198.87,50.39,219.73,0.935,0.968,49.98,OK
1761792932.513673,19.869,9.973,198.15,50.39,220.06,0.967,0.932,50.04,OK
1761792932.615095,19.886,10.066,200.18,50.39,220.36,0.951,0.955,50.0,OK
1761792932.7162206,19.82,9.981,197.82,50.39,219.62,0.956,0.942,50.04,OK
1761792932.8175735,19.821,10.113,200.45,50.39,220.38,0.957,0.95,50.01,OK
1761792932.919255,19.838,10.05,199.37,50.39,220.06,0.965,0.939,49.99,OK
1761792933.0202339,19.856,10.09,200.35,50.39,220.2,0.979,0.93,49.99,OK
1761792933.1214983,19.811,10.136,200.8,50.39,219.77,0.942,0.97,50.04,OK
1761792933.222472,19.84,10.092,200.22,50.39,219.88,0.93,0.979,49.98,OK
1761792933.3243215,19.86,10.135,201.28,50.39,220.37,0.969,0.943,49.98,OK
1761792933.4262738,19.854,10.052,199.56,50.39,220.18,0.939,0.966,49.96,OK
1761792933.528562,19.829,10.079,199.86,50.39,220.33,0.936,0.969,50.05,OK
1761792933.6299117,19.885,10.192,202.67,50.39,220.05,0.97,0.95,50.02,OK
1761792933.731052,19.862,10.082,200.25,50.39,220.35,0.927,0.98,50.0,OK
1761792933.8323774,19.8,10.191,201.78,50.39,220.37,0.979,0.935,49.96,OK
1761792933.9339235,19.798,10.259,203.11,50.39,219.91,0.996,0.927,49.96,OK
1761792934.0348756,19.8,10.082,199.63,50.39,220.05,0.944,0.961,50.03,OK
1761792934.1357028,19.861,10.074,200.07,50.39,219.67,0.958,0.95,49.97,OK
1761792934.2369494,19.855,10.161,201.74,50.39,220.22,0.981,0.934,50.0,OK
1761792934.3383415,19.853,10.18,202.1,50.39,220.39,0.938,0.978,49.96,OK
1761792934.440483,19.801,10.153,201.04,50.39,219.63,0.944,0.969,49.96,OK
1761792934.5414848,19.846,10.235,203.13,50.39,219.7,0.979,0.944,49.99,OK
1761792934.6425436,19.795,10.168,201.26,50.39,219.74,0.951,0.963,49.98,OK
1761792934.7439566,19.816,10.112,200.38,50.39,219.76,0.947,0.963,50.04,OK
1761792934.8448842,19.79,10.226,202.37,50.39,220.39,0.947,0.969,49.97,OK
1761792934.946225,19.864,10.224,203.09,50.39,220.18,0.982,0.939,50.05,OK
1761792935.047438,19.884,10.262,204.06,50.39,219.85,0.993,0.935,49.96,OK
1761792935.1483204,19.803,10.276,203.49,50.39,219.61,0.986,0.94,50.03,OK
1761792935.2496161,19.845,10.172,201.86,50.39,220.28,0.979,0.936,49.98,OK
1761792935.3510854,19.803,10.247,202.91,50.39,220.18,0.993,0.928,50.03,OK
1761792935.4522772,19.806,10.239,202.8,50.39,219.69,1.001,0.922,50.01,OK
1761792935.553605,19.795,10.235,202.61,50.39,220.14,0.987,0.932,50.03,OK
1761792935.6548746,19.801,10.191,201.8,50.39,220.03,0.975,0.941,49.97,OK
1761792935.755951,19.801,10.161,201.19,50.39,220.34,0.963,0.949,49.99,OK
1761792935.8575451,19.824,10.212,202.45,50.39,219.95,0.98,0.939,49.97,OK
1761792935.9585261,19.813,10.333,204.73,50.39,219.62,0.958,0.973,50.0,OK
1761792936.0598643,19.872,10.19,202.51,50.39,220.2,0.957,0.961,49.96,OK
1761792936.1632705,19.812,10.325,204.57,50.39,220.39,0.962,0.965,49.96,OK
1761792936.2658148,19.849,10.246,203.38,50.39,219.68,0.966,0.959,50.03,OK
1761792936.367295,19.828,10.354,205.3,50.39,220.12,0.96,0.971,50.03,OK
1761792936.4688866,19.816,10.375,205.58,50.39,220.19,0.98,0.952,49.97,OK
1761792936.5699427,19.794,10.267,203.23,50.39,220.33,0.996,0.926,50.03,OK
1761792936.6712248,19.852,10.207,202.63,50.39,220.16,0.947,0.972,50.03,OK
1761792936.7724123,19.871,10.164,201.98,50.39,220.32,0.991,0.925,49.99,OK
1761792936.8739583,19.8,10.252,203.0,50.39,219.71,0.972,0.95,49.97,OK
1761792936.975013,19.89,10.198,202.83,50.39,220.14,0.957,0.963,50.03,OK
1761792937.0760062,19.811,10.255,203.17,50.39,220.33,0.982,0.939,50.03,OK
1761792937.177095,19.811,10.213,202.34,50.39,220.38,0.989,0.928,50.0,OK
1761792937.2783096,19.839,10.297,204.28,50.39,219.62,0.996,0.934,49.99,OK
1761792937.3794804,19.863,10.21,202.81,50.39,220.4,0.943,0.976,49.98,OK
1761792937.4806623,19.867,10.289,204.41,50.39,220.15,1.004,0.925,50.04,OK
1761792937.5832877,19.865,10.352,205.64,50.39,220.28,0.987,0.946,50.01,OK
1761792937.6869273,19.845,10.361,205.62,50.39,219.86,0.969,0.965,50.0,OK
1761792937.7881198,19.866,10.169,202.01,50.39,219.82,0.985,0.933,50.04,OK
1761792937.8895032,19.883,10.286,204.52,50.39,219.87,1.001,0.929,49.99,OK
1761792937.9919968,19.879,10.35,205.74,50.39,220.06,0.992,0.943,49.96,OK
1761792938.0930161,19.83,10.302,204.3,50.39,220.13,1.004,0.924,50.02,OK
1761792938.1943119,19.813,10.204,202.17,50.39,219.83,0.991,0.928,49.99,OK
1761792938.295187,19.886,10.195,202.73,50.39,219.92,0.995,0.927,49.95,OK
1761792938.3965664,19.801,10.28,203.56,50.39,220.05,0.983,0.941,50.02,OK
1761792938.5008276,19.864,10.204,202.69,50.39,219.81,0.961,0.96,49.99,OK
1761792938.6030946,19.882,10.264,204.06,50.39,220.09,0.998,0.929,50.04,OK
1761792938.704089,19.878,10.165,202.06,50.39,219.84,0.966,0.952,50.0,OK
1761792938.8050618,19.829,10.258,203.39,50.39,220.13,0.968,0.955,50.03,OK
1761792938.9072886,19.791,10.382,205.47,50.39,219.62,0.955,0.979,49.98,OK
1761792939.0084872,19.797,10.299,203.89,50.39,220.15,0.964,0.961,49.98,OK
1761792939.2182982,19.862,10.161,201.82,50.39,220.31,0.959,0.955,49.96,OK
1761792939.3208113,19.804,10.301,204.0,50.39,219.68,1.005,0.924,49.97,OK
1761792939.6669848,19.872,10.317,205.03,50.39,220.1,0.959,0.971,50.0,OK
1761792939.8193753,19.819,10.149,201.15,50.39,219.6,0.954,0.96,50.01,OK
1761792939.9525013,19.792,10.235,202.57,50.39,219.98,0.978,0.941,50.03,OK
1761792940.0543103,19.841,10.313,204.63,50.39,220.19,0.978,0.95,49.99,OK
1761792940.158707,19.852,10.197,202.43,50.39,219.95,0.963,0.955,49.96,OK
1761792940.2640524,19.821,10.276,203.68,50.39,220.02,0.986,0.938,49.97,OK
1761792940.3677633,19.824,10.205,202.3,50.39,220.3,0.987,0.93,49.96,OK
1761792940.4703965,19.828,10.207,202.38,50.39,219.75,0.96,0.96,50.03,OK
1761792940.5715811,19.818,10.288,203.9,50.39,219.82,1.006,0.922,50.03,OK
1761792940.6757455,19.831,10.258,203.42,50.39,219.83,0.984,0.94,49.99,OK
1761792940.7770112,19.814,10.204,202.18,50.39,220.29,0.952,0.964,50.04,OK
1761792940.8813446,19.803,10.222,202.43,50.39,220.17,0.973,0.945,49.98,OK
1761792940.9846838,19.819,10.167,201.5,50.39,219.77,0.985,0.931,49.99,OK
1761792941.085847,19.794,10.192,201.74,50.39,220.06,0.993,0.923,50.01,OK
1761792941.1877072,19.874,10.213,202.97,50.39,220.34,0.971,0.949,50.03,OK
1761792941.292222,19.811,10.119,200.46,50.39,220.37,0.954,0.953,49.96,OK
1761792941.3942487,19.81,10.096,200.0,50.39,219.84,0.968,0.939,50.0,OK
1761792941.4957745,19.821,10.188,201.93,50.39,220.06,0.99,0.927,50.04,OK
1761792941.599169,19.843,10.213,202.65,50.39,220.24,0.974,0.945,50.03,OK
1761792941.7005477,19.849,10.152,201.5,50.39,219.73,0.99,0.926,49.99,OK
1761792941.8030884,19.799,10.073,199.44,50.39,219.86,0.981,0.924,49.99,OK
1761792941.9098396,19.854,10.166,201.83,50.39,220.27,0.986,0.929,49.98,OK
1761792942.0109262,19.793,10.21,202.08,50.39,219.63,0.993,0.926,50.03,OK
1761792942.1120052,19.791,10.225,202.37,50.39,220.24,0.956,0.961,49.98,OK
1761792942.2131836,19.839,10.129,200.95,50.39,219.82,0.964,0.948,50.01,OK
1761792942.3144298,19.869,10.097,200.61,50.39,219.71,0.99,0.922,49.97,OK
1761792942.422597,19.8,10.166,201.29,50.39,219.82,0.956,0.958,50.03,OK
1761792942.5262768,19.831,10.153,201.35,50.39,220.24,0.957,0.956,50.0,OK
1761792942.6281707,19.856,10.037,199.29,50.39,220.18,0.969,0.935,49.96,OK
1761792942.7293916,19.828,10.009,198.45,50.39,220.16,0.951,0.948,49.97,OK
1761792942.8308616,19.817,9.992,198.02,50.39,219.62,0.95,0.949,50.02,OK
1761792942.9325602,19.825,10.055,199.34,50.39,220.02,0.977,0.927,50.01,OK
1761792943.0337477,19.867,10.113,200.92,50.39,219.74,0.942,0.971,50.04,OK
1761792943.1349165,19.88,9.963,198.05,50.39,219.83,0.964,0.934,49.98,OK
1761792943.2367017,19.858,9.928,197.15,50.39,219.97,0.928,0.965,50.05,OK
1761792943.3380785,19.888,10.068,200.24,50.39,219.78,0.988,0.923,49.98,OK
1761792943.4394698,19.824,10.041,199.04,50.39,220.29,0.936,0.965,50.05,OK
1761792943.5418398,19.829,9.923,196.76,50.39,220.13,0.95,0.941,50.01,OK
1761792943.6429093,19.821,9.975,197.71,50.39,220.03,0.937,0.959,50.03,OK
1761792943.7440612,19.834,10.087,200.06,50.39,219.62,0.97,0.939,50.02,OK
1761792943.8454287,19.878,9.936,197.51,50.39,219.64,0.977,0.92,49.99,OK
1761792943.9465046,19.881,9.967,198.16,50.39,219.79,0.927,0.973,50.02,OK
1761792944.0483377,19.861,9.885,196.32,50.39,219.7,0.923,0.969,49.97,OK
1761792944.1492815,19.813,9.985,197.84,50.39,220.12,0.944,0.952,49.96,OK
1761792944.2506204,19.847,9.996,198.39,50.39,220.29,0.924,0.975,50.02,OK
1761792944.3526783,19.807,10.016,198.39,50.39,220.18,0.924,0.975,49.98,OK
1761792944.454062,19.791,10.01,198.1,50.39,220.08,0.948,0.949,49.96,OK
1761792944.5626967,19.863,9.954,197.71,50.39,219.63,0.964,0.934,49.98,OK
1761792944.6683037,19.865,10.001,198.67,50.39,220.28,0.98,0.92,49.96,OK
1761792944.770432,19.849,10.009,198.67,50.39,220.11,0.952,0.948,49.97,OK
1761792944.8780687,19.813,10.002,198.17,50.39,220.13,0.964,0.934,50.04,OK
1761792944.983272,19.809,9.917,196.45,50.39,220.09,0.949,0.94,49.99,OK
1761792945.0850093,19.799,10.005,198.1,50.39,220.31,0.959,0.938,49.97,OK
1761792945.1865852,19.852,9.997,198.47,50.39,220.34,0.945,0.953,49.98,OK
1761792945.2883193,19.868,9.913,196.96,50.39,220.35,0.94,0.951,50.01,OK
1761792945.3901758,19.819,9.949,197.17,50.39,220.36,0.959,0.933,50.02,OK
1761792945.4932184,19.829,9.826,194.83,50.39,220.33,0.905,0.977,50.02,OK
1761792945.5951295,19.851,9.832,195.18,50.39,219.82,0.935,0.95,49.95,OK
1761792945.6998363,19.806,9.832,194.74,50.39,220.12,0.961,0.92,49.97,OK
1761792945.8041825,19.825,9.855,195.36,50.39,219.79,0.954,0.932,49.98,OK
1761792945.9097733,19.844,9.81,194.66,50.39,219.77,0.913,0.971,50.01,OK
1761792946.011936,19.828,9.968,197.66,50.39,219.75,0.974,0.923,50.05,OK
1761792946.1139581,19.839,9.802,194.47,50.39,220.3,0.938,0.941,50.03,OK
1761792946.2149348,19.854,9.955,197.64,50.39,220.32,0.923,0.972,49.97,OK
1761792946.3164804,19.875,9.903,196.82,50.39,219.92,0.969,0.924,50.04,OK
1761792946.4187977,19.822,9.933,196.89,50.39,219.73,0.927,0.966,49.96,OK
1761792946.5204308,19.868,9.8,194.7,50.39,220.05,0.928,0.953,49.98,OK
1761792946.621757,19.858,9.946,197.51,50.39,219.62,0.932,0.965,50.03,OK
1761792946.7300904,19.833,9.822,194.79,50.39,219.71,0.928,0.956,49.99,OK
1761792946.8451033,19.813,9.928,196.7,50.39,219.81,0.954,0.938,49.97,OK
1761792946.9475439,19.828,9.798,194.27,50.39,220.17,0.901,0.98,49.95,OK
1761792947.0502865,19.821,9.898,196.19,50.39,220.22,0.952,0.936,49.96,OK
1761792947.1512902,19.849,9.828,195.07,50.39,220.0,0.947,0.936,50.04,OK
1761792947.2536116,19.888,9.94,197.69,50.39,219.66,0.977,0.921,50.05,OK
1761792947.3551626,19.834,9.875,195.87,50.39,219.62,0.919,0.97,49.97,OK
1761792947.4582539,19.817,9.949,197.16,50.39,219.86,0.93,0.965,49.97,OK
1761792947.559886,19.796,9.843,194.84,50.39,220.25,0.961,0.92,50.03,OK
1761792947.6612413,19.875,9.887,196.51,50.39,220.39,0.911,0.979,50.05,OK
1761792947.774027,19.794,9.973,197.41,50.39,220.37,0.938,0.955,50.02,OK
1761792947.8754785,19.854,9.896,196.49,50.39,220.31,0.952,0.936,49.98,OK
1761792947.9770362,19.876,9.88,196.38,50.39,219.69,0.944,0.946,50.01,OK
1761792948.0831382,19.841,9.886,196.15,50.39,219.98,0.91,0.98,50.01,OK
1761792948.1850736,19.888,9.827,195.45,50.39,219.81,0.928,0.958,50.03,OK
1761792948.287189,19.791,9.826,194.47,50.39,220.2,0.914,0.966,49.97,OK
1761792948.3911233,19.881,9.883,196.48,50.39,219.78,0.931,0.96,50.01,OK
1761792948.4926534,19.866,9.896,196.6,50.39,219.75,0.968,0.925,49.96,OK
1761792948.5940151,19.808,9.962,197.32,50.39,220.19,0.939,0.955,50.03,OK
1761792948.7097955,19.857,9.822,195.02,50.39,220.3,0.945,0.937,50.03,OK
1761792948.8113592,19.873,9.817,195.1,50.39,219.98,0.906,0.979,49.98,OK
1761792948.990831,19.792,9.921,196.36,50.39,219.97,0.961,0.929,49.96,OK
1761792949.1188357,19.884,9.87,196.26,50.39,220.37,0.964,0.924,49.97,OK
1761792949.2329168,19.825,9.833,194.94,50.39,219.74,0.939,0.944,49.97,OK
1761792949.3343844,19.861,10.014,198.88,50.39,220.03,0.979,0.924,50.04,OK
1761792949.4367714,19.84,9.863,195.68,50.39,220.0,0.913,0.975,50.04,OK
1761792949.543205,19.798,9.96,197.18,50.39,220.28,0.952,0.94,49.97,OK
1761792949.6459887,19.799,10.063,199.23,50.39,220.31,0.977,0.926,49.98,OK
1761792949.747616,19.815,9.958,197.32,50.39,220.2,0.974,0.92,50.0,OK
1761792949.8494651,19.804,9.976,197.56,50.39,220.09,0.943,0.952,49.96,OK
1761792949.9514024,19.89,9.942,197.75,50.39,220.1,0.938,0.958,49.97,OK
1761792950.053032,19.866,10.026,199.18,50.39,219.68,0.929,0.976,50.03,OK
1761792950.1546328,19.84,10.008,198.56,50.39,220.1,0.978,0.922,49.97,OK
1761792950.2596378,19.86,9.988,198.36,50.39,220.29,0.927,0.971,49.99,OK
1761792950.3617432,19.829,9.947,197.24,50.39,219.85,0.94,0.955,49.97,OK
1761792950.4648345,19.846,9.996,198.39,50.39,220.28,0.966,0.933,49.99,OK
1761792950.5667832,19.803,9.927,196.58,50.39,220.19,0.914,0.977,50.02,OK
1761792950.6693733,19.801,9.969,197.4,50.39,220.28,0.969,0.925,50.05,OK
1761792950.7730796,19.865,9.979,198.23,50.39,220.01,0.932,0.967,50.0,OK
1761792950.8875859,19.869,10.0,198.69,50.39,219.95,0.971,0.931,49.96,OK
1761792951.0119479,19.887,10.084,200.54,50.39,220.03,0.971,0.939,50.03,OK
1761792951.1166563,19.818,10.121,200.59,50.39,220.37,0.941,0.968,49.97,OK
1761792951.229401,19.832,10.013,198.58,50.39,220.11,0.947,0.953,49.96,OK
1761792951.3356612,19.843,10.118,200.77,50.39,219.83,0.954,0.957,50.02,OK
1761792951.4465508,19.811,10.057,199.23,50.39,220.39,0.933,0.969,50.01,OK
1761792951.5764878,19.799,10.109,200.14,50.39,220.15,0.985,0.923,49.98,OK
1761792951.6807353,19.884,10.109,201.0,50.39,220.33,0.933,0.977,50.05,OK
1761792951.79521,19.834,10.151,201.33,50.39,219.74,0.965,0.949,50.0,OK
1761792951.9243617,19.8,10.011,198.21,50.39,220.01,0.95,0.949,49.97,OK
1761792952.0330653,19.842,10.17,201.79,50.39,220.21,0.957,0.957,50.0,OK
1761792952.1352684,19.852,10.187,202.23,50.39,219.91,0.939,0.979,49.98,OK
1761792952.237188,19.792,10.068,199.27,50.39,220.31,0.979,0.924,49.99,OK
1761792952.3426821,19.841,10.028,198.96,50.39,219.91,0.971,0.931,50.02,OK
1761792952.523584,19.839,10.106,200.5,50.39,220.12,0.986,0.924,50.01,OK
1761792952.7861474,19.836,10.103,200.41,50.39,219.76,0.979,0.932,49.95,OK
1761792952.9344602,19.812,10.167,201.44,50.39,219.76,0.959,0.956,49.96,OK
1761792953.0420997,19.839,10.219,202.73,50.39,219.61,0.996,0.927,49.98,OK
1761792953.1450703,19.82,10.156,201.3,50.39,220.29,0.941,0.971,49.99,OK
1761792953.2596483,19.798,10.181,201.57,50.39,220.2,0.958,0.956,50.02,OK
1761792953.3702629,19.877,10.119,201.13,50.39,220.35,0.934,0.977,50.05,OK
1761792953.4783092,19.835,10.213,202.58,50.39,220.17,0.952,0.966,50.01,OK
1761792953.5797985,19.882,10.255,203.89,50.39,220.19,0.969,0.955,50.0,OK
1761792953.6817496,19.848,10.176,201.97,50.39,220.01,0.968,0.948,49.99,OK
1761792953.7833314,19.885,10.228,203.38,50.39,219.91,0.961,0.962,50.04,OK
1761792953.8859622,19.806,10.168,201.38,50.39,219.94,0.965,0.949,50.03,OK
1761792953.9900112,19.873,10.274,204.18,50.39,219.66,1.002,0.927,50.02,OK
1761792954.092595,19.831,10.26,203.46,50.39,220.29,0.962,0.96,50.01,OK
1761792954.2390344,19.852,10.2,202.5,50.39,220.11,0.942,0.977,50.03,OK
1761792954.344218,19.845,10.291,204.22,50.39,220.08,0.998,0.93,49.95,OK
1761792954.447108,19.863,10.186,202.33,50.39,220.35,0.981,0.936,50.03,OK
1761792954.549028,19.802,10.163,201.24,50.39,220.37,0.976,0.936,50.04,OK
1761792954.727941,19.849,10.231,203.08,50.39,219.72,0.995,0.929,49.97,OK
1761792954.8588462,19.868,10.255,203.76,50.39,219.66,0.964,0.962,49.98,OK
1761792954.9624174,19.831,10.213,202.53,50.39,220.19,0.977,0.942,49.98,OK
1761792955.067214,19.81,10.369,205.42,50.39,220.23,1.013,0.921,49.96,OK
1761792955.2614555,19.805,10.336,204.71,50.39,219.78,0.966,0.964,49.98,OK
1761792955.3635373,19.854,10.204,202.59,50.39,220.16,0.954,0.964,49.97,OK
1761792955.465312,19.793,10.334,204.54,50.39,219.78,0.976,0.954,50.04,OK
1761792955.5669687,19.814,10.219,202.47,50.39,220.15,0.958,0.96,49.96,OK
1761792955.6695328,19.803,10.333,204.63,50.39,220.01,1.002,0.928,50.03,OK
1761792955.7761815,19.864,10.359,205.77,50.39,220.35,0.956,0.977,50.04,OK
1761792955.8808076,19.875,10.28,204.33,50.39,220.27,0.993,0.934,49.99,OK
1761792955.9822865,19.863,10.359,205.75,50.39,219.6,0.97,0.966,49.95,OK
1761792956.0836358,19.829,10.23,202.85,50.39,219.95,0.997,0.925,50.0,OK
1761792956.185062,19.794,10.203,201.96,50.39,219.99,0.952,0.965,49.96,OK
1761792956.2866578,19.846,10.283,204.06,50.39,219.65,1.0,0.929,50.01,OK
1761792956.387963,19.848,10.273,203.9,50.39,219.99,0.994,0.933,49.98,OK
1761792956.4896846,19.876,10.359,205.89,50.39,220.19,1.002,0.934,49.98,OK
1761792956.5917394,19.845,10.362,205.64,50.39,219.97,0.974,0.96,49.98,OK
1761792956.6928647,19.827,10.326,204.73,50.39,219.96,0.975,0.955,49.97,OK
1761792956.794218,19.842,10.327,204.9,50.39,220.2,0.992,0.938,50.02,OK
1761792956.8953745,19.804,10.25,202.99,50.39,219.84,0.976,0.946,50.01,OK
1761792957.0009203,19.872,10.257,203.81,50.39,220.17,0.969,0.955,50.02,OK
1761792957.1476483,19.875,10.175,202.22,50.39,219.64,0.947,0.973,50.03,OK
1761792957.2532754,19.819,10.334,204.8,50.39,220.0,0.979,0.951,49.99,OK
1761792957.3568773,19.878,10.217,203.1,50.39,219.75,1.002,0.922,49.96,OK
1761792957.4595318,19.882,10.282,204.43,50.39,219.65,1.01,0.921,50.05,OK
1761792957.5622094,19.812,10.347,204.99,50.39,220.17,0.994,0.937,49.97,OK
1761792957.6642137,19.865,10.255,203.72,50.39,219.95,0.949,0.976,49.99,OK
1761792957.7653472,19.874,10.172,202.16,50.39,219.97,0.991,0.928,50.04,OK
1761792957.869697,19.832,10.208,202.45,50.39,220.03,0.977,0.941,49.98,OK
1761792957.971204,19.874,10.326,205.22,50.39,219.77,0.975,0.958,50.02,OK
1761792958.0763626,19.84,10.159,201.55,50.39,219.66,0.938,0.978,49.96,OK
1761792958.179536,19.861,10.203,202.65,50.39,220.31,0.963,0.955,49.98,OK
1761792958.2807822,19.814,10.221,202.52,50.39,220.25,0.983,0.936,50.0,OK
1761792958.3824477,19.81,10.362,205.28,50.39,220.1,0.957,0.974,50.04,OK
1761792958.483901,19.823,10.271,203.61,50.39,220.13,0.978,0.945,50.01,OK
1761792958.585168,19.866,10.291,204.43,50.39,219.82,1.0,0.93,49.98,OK
1761792958.686013,19.797,10.337,204.65,50.39,219.92,0.961,0.968,50.05,OK
1761792958.7873657,19.837,10.261,203.55,50.39,219.77,0.951,0.974,50.0,OK
1761792958.8890386,19.834,10.26,203.51,50.39,220.07,1.001,0.924,49.98,OK
1761792958.991018,19.876,10.127,201.27,50.39,219.91,0.938,0.976,50.03,OK
1761792959.0923634,19.821,10.314,204.43,50.39,220.26,0.971,0.956,50.01,OK
1761792959.194062,19.834,10.276,203.83,50.39,219.94,1.002,0.925,49.96,OK
1761792959.295508,19.807,10.209,202.2,50.39,219.73,0.984,0.935,49.97,OK
1761792959.397232,19.852,10.265,203.79,50.39,219.83,0.984,0.942,50.02,OK
1761792959.4984472,19.876,10.187,202.47,50.39,219.6,1.002,0.92,50.0,OK
1761792959.5994422,19.837,10.23,202.92,50.39,219.97,1.0,0.922,50.0,OK
1761792959.7014136,19.864,10.113,200.88,50.39,220.07,0.95,0.961,49.95,OK
1761792959.80305,19.87,10.175,202.18,50.39,220.21,0.963,0.954,49.98,OK
1761792959.904137,19.88,10.065,200.09,50.39,219.83,0.939,0.97,49.99,OK
1761792960.0070217,19.861,10.256,203.69,50.39,219.73,1.007,0.92,49.99,OK
1761792960.1106563,19.819,10.156,201.29,50.39,219.85,0.973,0.941,49.99,OK
1761792960.2123816,19.813,10.106,200.23,50.39,220.08,0.938,0.97,50.03,OK
1761792960.3144238,19.888,10.065,200.16,50.39,219.75,0.989,0.921,49.96,OK
1761792960.416421,19.867,10.164,201.93,50.39,219.65,0.99,0.929,50.03,OK
1761792960.5175433,19.857,10.12,200.96,50.39,220.34,0.958,0.952,50.0,OK
1761792960.6185956,19.835,10.121,200.76,50.39,219.92,0.979,0.933,50.02,OK
1761792960.7199638,19.826,10.117,200.58,50.39,219.76,0.937,0.974,50.01,OK
1761792960.8213265,19.848,10.073,199.94,50.39,219.68,0.974,0.934,50.02,OK
1761792960.9231608,19.796,10.081,199.56,50.39,220.02,0.983,0.922,50.05,OK
1761792961.0249038,19.804,10.125,200.52,50.39,220.04,0.969,0.941,50.04,OK
1761792961.1264575,19.877,10.096,200.67,50.39,220.1,0.943,0.967,49.98,OK
1761792961.230624,19.84,10.078,199.95,50.39,219.73,0.969,0.939,50.03,OK
1761792961.3332152,19.8,10.086,199.7,50.39,220.0,0.93,0.976,49.96,OK
1761792961.4346094,19.811,10.035,198.81,50.39,220.06,0.969,0.932,49.98,OK
1761792961.5360568,19.832,10.005,198.42,50.39,220.35,0.954,0.944,50.01,OK
1761792961.6370864,19.821,10.148,201.14,50.39,220.15,0.987,0.925,49.96,OK
1761792961.7458627,19.858,10.068,199.92,50.39,220.19,0.972,0.934,50.05,OK
1761792961.8480647,19.825,10.033,198.91,50.39,219.76,0.934,0.969,49.98,OK
1761792961.9492958,19.837,9.955,197.47,50.39,220.16,0.919,0.976,49.96,OK
1761792962.0507061,19.889,10.071,200.3,50.39,220.18,0.977,0.931,50.03,OK
1761792962.1580236,19.862,9.987,198.37,50.39,220.1,0.965,0.934,49.96,OK
1761792962.26311,19.859,9.91,196.81,50.39,220.04,0.938,0.953,50.05,OK
1761792962.364347,19.888,9.946,197.81,50.39,219.71,0.957,0.941,50.04,OK
1761792962.4654088,19.843,10.009,198.6,50.39,219.96,0.953,0.947,50.04,OK
1761792962.579422,19.838,9.973,197.83,50.39,219.8,0.93,0.967,50.01,OK
1761792962.6905909,19.811,9.99,197.91,50.39,220.08,0.931,0.966,49.97,OK
1761792962.80148,19.809,10.027,198.62,50.39,219.68,0.939,0.963,49.95,OK
1761792962.9037666,19.833,9.949,197.33,50.39,220.38,0.942,0.95,49.97,OK
1761792963.0061176,19.793,10.091,199.73,50.39,219.68,0.985,0.923,50.02,OK
1761792963.1079912,19.879,9.852,195.85,50.39,220.36,0.95,0.936,50.0,OK
1761792963.2094846,19.83,9.963,197.56,50.39,220.11,0.945,0.949,49.97,OK
1761792963.310599,19.811,10.034,198.77,50.39,220.25,0.929,0.971,50.03,OK
1761792963.4118414,19.869,10.033,199.34,50.39,219.62,0.935,0.97,50.03,OK
1761792963.5130074,19.833,9.932,196.99,50.39,219.76,0.935,0.959,50.05,OK
1761792963.614781,19.839,9.848,195.38,50.39,220.2,0.939,0.945,49.99,OK
1761792963.7159586,19.884,10.01,199.03,50.39,219.84,0.971,0.932,50.03,OK
1761792963.817347,19.849,10.0,198.49,50.39,220.23,0.945,0.953,49.96,OK
1761792963.9185696,19.809,9.958,197.26,50.39,220.17,0.965,0.928,50.05,OK
1761792964.0197234,19.813,10.017,198.47,50.39,220.23,0.929,0.97,50.0,OK
1761792964.1240056,19.803,9.912,196.29,50.39,219.91,0.968,0.922,50.04,OK
1761792964.2275095,19.828,9.96,197.48,50.39,220.09,0.92,0.975,49.96,OK
1761792964.3287716,19.837,9.909,196.58,50.39,220.22,0.915,0.976,49.99,OK
1761792964.430689,19.887,9.965,198.17,50.39,220.3,0.971,0.927,50.03,OK
1761792964.5338364,19.803,9.936,196.75,50.39,219.61,0.955,0.938,49.98,OK
1761792964.6352894,19.832,9.816,194.67,50.39,219.72,0.921,0.962,49.97,OK
1761792964.7364154,19.87,9.835,195.43,50.39,220.21,0.961,0.923,50.02,OK
1761792964.84051,19.884,9.936,197.57,50.39,219.78,0.97,0.927,49.97,OK
1761792964.941703,19.814,9.914,196.44,50.39,219.72,0.918,0.974,49.98,OK
1761792965.044203,19.817,9.845,195.1,50.39,219.98,0.93,0.954,49.99,OK
1761792965.1460335,19.881,9.845,195.73,50.39,219.85,0.96,0.927,50.01,OK
1761792965.2472734,19.832,9.985,198.02,50.39,220.39,0.963,0.933,49.96,OK
1761792965.3488402,19.88,9.861,196.03,50.39,220.15,0.927,0.96,49.98,OK
1761792965.4505007,19.868,9.957,197.83,50.39,219.65,0.965,0.934,50.01,OK
1761792965.5517452,19.867,9.944,197.57,50.39,219.86,0.937,0.959,50.03,OK
1761792965.653236,19.792,9.927,196.48,50.39,219.79,0.921,0.97,50.04,OK
1761792965.7550855,19.825,9.821,194.7,50.39,220.27,0.954,0.927,49.98,OK
1761792965.856245,19.848,9.814,194.79,50.39,220.03,0.959,0.923,49.97,OK
1761792965.9578905,19.829,9.89,196.12,50.39,219.92,0.967,0.922,50.01,OK
1761792966.0591674,19.805,9.84,194.89,50.39,220.02,0.946,0.936,49.97,OK
1761792966.1606774,19.87,9.779,194.31,50.39,220.14,0.919,0.961,50.02,OK
1761792966.2620041,19.825,9.961,197.47,50.39,219.93,0.923,0.973,49.95,OK
1761792966.3632238,19.799,9.821,194.43,50.39,219.65,0.915,0.967,49.99,OK
1761792966.4642851,19.858,9.872,196.03,50.39,220.13,0.944,0.943,49.99,OK
1761792966.5654144,19.813,9.895,196.05,50.39,219.78,0.918,0.972,50.04,OK
1761792966.6666243,19.841,9.862,195.67,50.39,219.95,0.96,0.926,49.99,OK
1761792966.767899,19.795,9.855,195.08,50.39,219.68,0.936,0.948,49.97,OK
1761792966.8693655,19.842,9.901,196.47,50.39,219.79,0.964,0.927,50.04,OK
1761792966.971161,19.854,9.852,195.59,50.39,219.92,0.956,0.93,49.99,OK
1761792967.0980165,19.852,9.92,196.94,50.39,219.81,0.928,0.965,49.97,OK
1761792967.1993916,19.795,9.832,194.62,50.39,220.1,0.928,0.953,50.0,OK
1761792967.3004887,19.875,9.814,195.04,50.39,220.06,0.945,0.938,50.02,OK
1761792967.4022212,19.848,9.923,196.95,50.39,219.89,0.936,0.957,50.03,OK
1761792967.5035093,19.853,9.812,194.8,50.39,219.6,0.955,0.928,50.02,OK
1761792967.6054254,19.869,9.907,196.83,50.39,219.7,0.956,0.937,49.95,OK
1761792967.7066276,19.876,9.9,196.77,50.39,219.92,0.927,0.965,49.96,OK
1761792967.8081124,19.821,9.829,194.81,50.39,220.34,0.909,0.973,50.03,OK
1761792967.9095633,19.817,9.892,196.03,50.39,220.08,0.928,0.96,50.01,OK
1761792968.0119026,19.846,9.966,197.79,50.39,220.29,0.929,0.966,50.01,OK
1761792968.1131132,19.87,9.819,195.1,50.39,220.29,0.911,0.972,50.02,OK
1761792968.2139552,19.875,9.895,196.67,50.39,220.34,0.949,0.941,50.04,OK
1761792968.314866,19.794,9.921,196.37,50.39,220.23,0.944,0.945,49.95,OK
1761792968.4161024,19.801,10.009,198.19,50.39,219.66,0.975,0.926,49.99,OK
1761792968.5175965,19.873,9.85,195.76,50.39,220.36,0.912,0.974,49.97,OK
1761792968.6190784,19.85,10.018,198.86,50.39,220.33,0.923,0.978,50.04,OK
1761792968.7204447,19.854,10.014,198.83,50.39,219.64,0.929,0.974,50.02,OK
1761792968.8243597,19.793,9.984,197.62,50.39,219.85,0.937,0.959,50.03,OK
1761792968.925732,19.813,10.058,199.28,50.39,219.98,0.981,0.924,49.97,OK
1761792969.02712,19.877,9.989,198.55,50.39,220.01,0.929,0.971,49.96,OK
1761792969.128535,19.859,9.893,196.45,50.39,220.08,0.97,0.92,49.97,OK
1761792969.2298234,19.8,10.043,198.85,50.39,220.33,0.927,0.974,50.0,OK
1761792969.330824,19.812,9.988,197.89,50.39,219.85,0.937,0.96,50.04,OK
1761792969.4322357,19.829,9.903,196.38,50.39,219.67,0.966,0.925,49.99,OK
1761792969.5333874,19.828,9.924,196.77,50.39,220.23,0.963,0.928,50.01,OK
1761792969.634416,19.826,10.01,198.46,50.39,220.07,0.934,0.966,49.98,OK
1761792969.7354534,19.853,10.074,200.0,50.39,220.29,0.945,0.961,49.96,OK
1761792969.83674,19.832,9.962,197.57,50.39,219.69,0.951,0.945,50.0,OK
1761792969.9389045,19.888,10.051,199.9,50.39,219.82,0.983,0.925,49.96,OK
1761792970.0404341,19.813,9.965,197.44,50.39,219.98,0.958,0.937,50.05,OK
1761792970.142155,19.836,9.978,197.92,50.39,219.89,0.953,0.944,49.98,OK
1761792970.2435448,19.879,9.928,197.36,50.39,220.0,0.936,0.958,49.99,OK
1761792970.34557,19.868,10.062,199.91,50.39,219.72,0.951,0.956,49.97,OK
1761792970.4482915,19.862,10.13,201.21,50.39,219.89,0.989,0.925,49.98,OK
1761792970.5646002,19.821,10.071,199.62,50.39,219.6,0.964,0.943,50.03,OK
1761792970.7076766,19.802,10.08,199.61,50.39,220.01,0.937,0.969,49.97,OK
1761792970.811666,19.871,10.047,199.65,50.39,220.12,0.971,0.934,50.02,OK
1761792970.9305902,19.815,10.023,198.6,50.39,219.97,0.961,0.939,49.98,OK
1761792971.042099,19.79,10.149,200.84,50.39,220.39,0.968,0.941,49.99,OK
1761792971.1513977,19.8,10.2,201.96,50.39,220.17,0.982,0.934,49.97,OK
1761792971.2786996,19.887,10.0,198.87,50.39,219.88,0.931,0.972,49.96,OK
1761792971.3806033,19.836,10.188,202.08,50.39,220.16,0.946,0.97,50.0,OK
1761792971.5319102,19.811,10.243,202.92,50.39,219.67,0.993,0.93,49.99,OK
1761792971.6336074,19.822,10.101,200.23,50.39,219.9,0.988,0.921,49.99,OK
1761792971.7344637,19.848,10.116,200.77,50.39,220.17,0.966,0.944,50.02,OK
1761792971.8367016,19.856,10.193,202.39,50.39,220.22,0.947,0.97,50.01,OK
1761792971.939974,19.807,10.107,200.19,50.39,220.19,0.945,0.962,50.04,OK
1761792972.0414758,19.847,10.186,202.15,50.39,220.14,0.965,0.952,49.99,OK
1761792972.148799,19.886,10.197,202.77,50.39,219.79,0.996,0.926,50.03,OK
1761792972.4168663,19.864,10.256,203.73,50.39,220.29,0.985,0.939,50.02,OK
1761792972.5413036,19.859,10.141,201.38,50.39,220.01,0.965,0.949,50.0,OK
1761792972.6576307,19.819,10.252,203.19,50.39,219.65,0.975,0.948,49.99,OK
1761792972.7811034,19.81,10.208,202.22,50.39,220.11,0.985,0.933,50.04,OK
1761792972.9211369,19.798,10.29,203.72,50.39,219.9,0.998,0.928,49.99,OK
1761792973.0544753,19.857,10.203,202.61,50.39,219.97,0.981,0.939,50.02,OK
1761792973.1674027,19.832,10.154,201.37,50.39,220.05,0.957,0.956,49.97,OK
1761792973.2702901,19.876,10.234,203.41,50.39,219.82,0.952,0.972,50.05,OK
1761792973.3729944,19.864,10.173,202.08,50.39,220.08,0.975,0.942,50.01,OK
1761792973.4767852,19.889,10.199,202.85,50.39,220.2,0.966,0.953,50.0,OK
1761792973.5788493,19.82,10.258,203.32,50.39,219.69,0.989,0.936,50.04,OK
1761792973.6802957,19.805,10.288,203.75,50.39,220.21,1.004,0.921,50.05,OK
1761792973.782242,19.821,10.314,204.43,50.39,219.87,0.996,0.933,49.95,OK
1761792973.8841047,19.844,10.176,201.93,50.39,219.89,0.969,0.948,50.03,OK
1761792973.9855347,19.86,10.156,201.69,50.39,220.34,0.943,0.97,49.99,OK
1761792974.0872657,19.872,10.229,203.26,50.39,220.38,0.975,0.946,50.02,OK
1761792974.1889443,19.808,10.214,202.32,50.39,220.02,0.94,0.978,49.98,OK
1761792974.2906609,19.87,10.167,202.02,50.39,219.69,0.951,0.967,49.96,OK
1761792974.4125085,19.834,10.269,203.68,50.39,219.85,0.966,0.959,50.04,OK
1761792974.5148656,19.869,10.288,204.41,50.39,220.33,0.989,0.938,50.01,OK
1761792974.6159883,19.81,10.354,205.11,50.39,220.01,0.959,0.972,49.96,OK
1761792974.717102,19.808,10.251,203.05,50.39,219.6,0.987,0.936,50.0,OK
1761792974.8184104,19.817,10.379,205.69,50.39,219.94,0.968,0.966,50.0,OK
1761792974.9204726,19.811,10.301,204.08,50.39,220.37,0.971,0.954,49.99,OK
1761792975.0414207,19.864,10.32,205.01,50.39,219.67,1.01,0.924,50.02,OK
1761792975.2109544,19.844,10.187,202.15,50.39,219.77,0.985,0.934,50.0,OK
1761792975.3121006,19.888,10.323,205.31,50.39,220.32,0.971,0.96,50.03,OK
1761792975.4131207,19.84,10.34,205.14,50.39,220.09,0.995,0.937,49.96,OK
1761792975.5140994,19.801,10.288,203.71,50.39,220.02,0.95,0.975,49.99,OK
1761792975.6154444,19.864,10.256,203.72,50.39,220.39,0.997,0.927,49.97,OK
1761792975.7166014,19.855,10.314,204.78,50.39,219.93,0.989,0.941,49.96,OK
1761792975.8180113,19.806,10.355,205.08,50.39,219.98,1.006,0.926,50.01,OK
1761792975.919704,19.89,10.267,204.21,50.39,220.19,1.003,0.925,49.97,OK
1761792976.0242908,19.792,10.31,204.06,50.39,219.65,0.999,0.93,50.0,OK
1761792976.1251178,19.798,10.301,203.94,50.39,220.05,1.004,0.923,50.01,OK
1761792976.2263775,19.815,10.292,203.93,50.39,219.61,0.97,0.957,49.98,OK
1761792976.3275154,19.791,10.23,202.45,50.39,220.07,0.974,0.945,50.0,OK
1761792976.429158,19.807,10.331,204.62,50.39,219.69,0.965,0.965,50.04,OK
1761792976.5306273,19.83,10.275,203.75,50.39,219.74,0.995,0.932,50.03,OK
1761792976.631832,19.829,10.358,205.4,50.39,220.05,0.955,0.977,49.99,OK
1761792976.732676,19.803,10.326,204.48,50.39,219.87,0.972,0.957,49.96,OK
1761792976.837962,19.83,10.257,203.38,50.39,219.7,0.989,0.936,49.96,OK
1761792976.939313,19.867,10.218,202.99,50.39,219.9,0.972,0.95,49.98,OK
1761792977.043755,19.82,10.192,202.0,50.39,220.04,0.96,0.957,50.0,OK
1761792977.1463315,19.797,10.338,204.65,50.39,220.01,0.991,0.939,50.04,OK
1761792977.2618396,19.834,10.244,203.18,50.39,219.97,0.963,0.959,49.96,OK
1761792977.3634229,19.851,10.161,201.71,50.39,220.01,0.986,0.93,50.0,OK
1761792977.465887,19.824,10.267,203.53,50.39,220.27,0.971,0.951,49.97,OK
1761792977.5671053,19.873,10.259,203.87,50.39,220.13,0.948,0.976,49.95,OK
1761792977.669792,19.853,10.213,202.76,50.39,219.73,0.972,0.95,50.05,OK
1761792977.7731376,19.805,10.337,204.73,50.39,220.31,0.983,0.945,49.99,OK
1761792977.8757555,19.809,10.186,201.77,50.39,219.75,0.992,0.926,49.97,OK
1761792977.9800072,19.793,10.313,204.12,50.39,220.05,0.995,0.932,50.05,OK
1761792978.0845258,19.825,10.236,202.93,50.39,220.3,0.993,0.927,49.99,OK
1761792978.19076,19.867,10.192,202.48,50.39,220.02,0.988,0.931,49.95,OK
1761792978.2934632,19.824,10.141,201.05,50.39,220.06,0.993,0.92,50.0,OK
1761792978.3958342,19.809,10.251,203.07,50.39,219.97,0.945,0.977,50.0,OK
1761792978.4986384,19.883,10.215,203.1,50.39,220.19,0.989,0.933,49.97,OK
1761792978.6014295,19.869,10.219,203.04,50.39,220.22,0.96,0.961,50.02,OK
1761792978.7029755,19.843,10.234,203.07,50.39,219.7,0.972,0.951,49.98,OK
1761792978.8058648,19.887,10.163,202.11,50.39,220.05,0.938,0.979,50.02,OK
1761792978.9074905,19.875,10.134,201.42,50.39,219.63,0.944,0.972,49.96,OK
1761792979.0090365,19.799,10.156,201.07,50.39,220.35,0.991,0.921,50.0,OK
1761792979.1109612,19.87,10.078,200.24,50.39,220.02,0.943,0.965,50.01,OK
1761792979.2139363,19.814,10.218,202.47,50.39,219.74,0.94,0.98,50.02,OK
1761792979.3155625,19.867,10.206,202.76,50.39,220.37,0.996,0.924,49.99,OK
1761792979.4251263,19.81,10.207,202.21,50.39,219.84,0.961,0.957,49.98,OK
1761792979.5292523,19.89,10.044,199.78,50.39,220.38,0.968,0.936,50.05,OK
1761792979.6360652,19.791,10.225,202.37,50.39,220.11,0.961,0.957,50.02,OK
1761792979.7381258,19.835,10.03,198.95,50.39,219.72,0.956,0.947,50.04,OK
1761792979.84017,19.859,10.064,199.87,50.39,220.26,0.938,0.968,50.03,OK
1761792979.941494,19.88,9.978,198.37,50.39,219.83,0.973,0.928,49.98,OK
1761792980.043196,19.842,10.008,198.58,50.39,219.88,0.961,0.94,49.96,OK
1761792980.1448157,19.858,10.026,199.09,50.39,220.07,0.93,0.973,49.96,OK
1761792980.2658293,19.887,10.048,199.83,50.39,220.09,0.956,0.95,50.0,OK
1761792980.3673894,19.86,10.143,201.45,50.39,219.9,0.986,0.929,50.01,OK
1761792980.4740148,19.795,10.022,198.4,50.39,220.04,0.952,0.948,49.99,OK
1761792980.5753713,19.829,10.011,198.5,50.39,220.03,0.934,0.966,50.03,OK
1761792980.6790876,19.837,10.024,198.84,50.39,219.87,0.972,0.93,50.03,OK
1761792980.7813237,19.855,10.002,198.59,50.39,220.29,0.935,0.965,49.97,OK
1761792980.88306,19.889,9.971,198.32,50.39,220.4,0.946,0.951,49.96,OK
1761792980.9857218,19.856,10.028,199.13,50.39,219.84,0.958,0.945,49.98,OK
1761792981.087073,19.887,9.935,197.57,50.39,219.79,0.919,0.978,50.04,OK
1761792981.1884708,19.825,10.118,200.59,50.39,219.71,0.985,0.927,49.96,OK
1761792981.2901154,19.885,9.928,197.42,50.39,219.76,0.924,0.972,50.02,OK
1761792981.391546,19.803,9.924,196.53,50.39,219.99,0.953,0.937,50.02,OK
1761792981.4943883,19.888,10.042,199.71,50.39,220.1,0.983,0.923,49.96,OK
1761792981.5976965,19.815,10.037,198.87,50.39,220.38,0.929,0.972,49.96,OK
1761792981.768879,19.836,9.897,196.31,50.39,220.23,0.918,0.971,50.0,OK
1761792981.8786042,19.862,9.909,196.81,50.39,219.93,0.917,0.976,49.98,OK
1761792981.98122,19.882,9.977,198.37,50.39,220.25,0.973,0.926,50.04,OK
1761792982.0826418,19.871,9.947,197.67,50.39,219.66,0.92,0.978,50.05,OK
1761792982.1860697,19.841,9.984,198.1,50.39,220.23,0.939,0.958,49.99,OK
1761792982.2930164,19.88,9.991,198.62,50.39,219.96,0.939,0.962,49.95,OK
1761792982.3945801,19.871,9.975,198.2,50.39,220.23,0.973,0.925,50.03,OK
1761792982.4969661,19.795,9.902,196.02,50.39,220.35,0.941,0.945,49.99,OK
1761792982.5995271,19.833,9.875,195.86,50.39,220.38,0.922,0.964,50.03,OK
1761792982.7093313,19.794,9.921,196.38,50.39,220.29,0.945,0.943,49.96,OK
1761792982.8112996,19.878,9.931,197.41,50.39,219.79,0.961,0.934,50.04,OK
1761792982.912708,19.854,9.878,196.12,50.39,219.9,0.919,0.97,49.98,OK
1761792983.0147274,19.798,9.894,195.89,50.39,219.9,0.956,0.932,50.04,OK
1761792983.1427298,19.839,9.882,196.04,50.39,219.62,0.962,0.927,49.95,OK
1761792983.280052,19.851,9.825,195.04,50.39,220.3,0.938,0.944,49.96,OK
1761792983.3823895,19.845,9.878,196.03,50.39,220.03,0.965,0.923,49.95,OK
1761792983.5665567,19.819,9.909,196.39,50.39,220.11,0.964,0.926,50.04,OK
1761792983.8712735,19.87,9.943,197.57,50.39,220.23,0.937,0.957,49.95,OK
1761792983.976957,19.848,9.939,197.26,50.39,219.97,0.955,0.939,49.98,OK
1761792984.0977983,19.8,9.886,195.74,50.39,220.18,0.93,0.956,50.0,OK
1761792984.2359667,19.88,9.855,195.91,50.39,220.14,0.92,0.967,49.95,OK
1761792984.4444492,19.841,9.809,194.62,50.39,220.11,0.925,0.956,49.95,OK
1761792984.6374974,19.84,9.853,195.49,50.39,219.84,0.939,0.947,50.03,OK
1761792984.8244073,19.82,9.978,197.77,50.39,220.39,0.919,0.976,49.98,OK
1761792984.96511,19.841,9.79,194.23,50.39,219.6,0.908,0.974,50.02,OK
1761792985.0900483,19.877,9.915,197.08,50.39,220.15,0.926,0.966,50.03,OK
1761792985.2861645,19.843,9.82,194.86,50.39,219.76,0.941,0.942,49.97,OK
1761792985.3883302,19.88,9.783,194.49,50.39,219.91,0.951,0.93,49.98,OK
1761792985.5887487,19.882,9.928,197.38,50.39,220.07,0.952,0.942,50.03,OK
1761792985.6898801,19.794,9.831,194.59,50.39,219.64,0.906,0.978,50.0,OK
1761792985.7909036,19.834,9.855,195.46,50.39,219.72,0.918,0.969,50.02,OK
1761792985.891961,19.81,9.831,194.74,50.39,220.11,0.947,0.934,50.0,OK
1761792985.993242,19.809,9.884,195.79,50.39,220.23,0.917,0.97,49.97,OK
1761792986.185593,19.875,9.91,196.96,50.39,220.27,0.922,0.97,50.03,OK
1761792986.2872772,19.88,9.831,195.43,50.39,219.8,0.96,0.926,49.95,OK
1761792986.4118657,19.861,9.985,198.31,50.39,219.8,0.939,0.961,50.01,OK
1761792986.5148535,19.869,9.842,195.56,50.39,219.66,0.95,0.937,50.0,OK
1761792986.6164882,19.809,9.929,196.69,50.39,219.8,0.943,0.949,50.0,OK
1761792986.7186007,19.799,10.014,198.25,50.39,220.06,0.936,0.962,50.03,OK
1761792986.8214078,19.872,9.919,197.11,50.39,220.05,0.962,0.931,49.98,OK
1761792986.9253066,19.876,10.003,198.82,50.39,220.16,0.938,0.963,49.99,OK
1761792987.0298681,19.89,9.837,195.66,50.39,219.68,0.938,0.949,50.0,OK
1761792987.131384,19.86,9.978,198.15,50.39,219.97,0.922,0.977,49.99,OK
1761792987.2339194,19.881,9.94,197.62,50.39,219.97,0.94,0.956,49.98,OK
1761792987.34235,19.834,9.881,195.97,50.39,219.63,0.945,0.944,50.01,OK
1761792987.4514613,19.874,9.996,198.66,50.39,219.81,0.972,0.93,50.04,OK
1761792987.5533497,19.874,9.896,196.67,50.39,220.0,0.942,0.949,50.04,OK
1761792987.6553211,19.792,10.044,198.78,50.39,220.34,0.951,0.948,50.02,OK
1761792987.7566433,19.835,9.977,197.89,50.39,219.87,0.939,0.959,50.01,OK
1761792987.8581855,19.859,9.877,196.15,50.39,219.71,0.919,0.972,50.0,OK
1761792987.9605184,19.846,9.983,198.14,50.39,220.1,0.971,0.927,50.04,OK
1761792988.0616019,19.835,9.958,197.52,50.39,220.25,0.92,0.975,49.98,OK
1761792988.1626246,19.802,10.007,198.16,50.39,220.23,0.958,0.939,49.96,OK
1761792988.2635188,19.816,10.093,200.0,50.39,219.9,0.964,0.943,50.02,OK
1761792988.3648407,19.842,9.963,197.7,50.39,219.85,0.921,0.977,49.97,OK
1761792988.4684148,19.85,10.079,200.06,50.39,220.31,0.972,0.934,50.02,OK
1761792988.5697014,19.808,10.045,198.98,50.39,219.99,0.943,0.96,50.0,OK
1761792988.6715443,19.846,9.959,197.66,50.39,219.64,0.934,0.964,50.0,OK
1761792988.7737634,19.848,10.119,200.84,50.39,220.04,0.962,0.949,50.03,OK
1761792988.8750267,19.878,10.001,198.79,50.39,219.74,0.938,0.964,49.98,OK
1761792988.9762704,19.833,10.044,199.21,50.39,220.39,0.969,0.933,50.01,OK
1761792989.0778992,19.813,10.074,199.6,50.39,220.06,0.952,0.953,50.04,OK
1761792989.1790743,19.845,10.128,200.99,50.39,220.19,0.975,0.937,49.96,OK
1761792989.2807226,19.82,10.054,199.27,50.39,220.16,0.968,0.935,50.03,OK
1761792989.3819108,19.856,10.117,200.88,50.39,220.39,0.976,0.934,50.0,OK
1761792989.4833465,19.832,10.12,200.69,50.39,220.05,0.94,0.97,50.04,OK
1761792989.5865119,19.819,10.077,199.72,50.39,219.92,0.932,0.975,49.96,OK
1761792989.6974754,19.874,10.121,201.14,50.39,220.19,0.935,0.977,49.98,OK
1761792989.7991781,19.856,10.128,201.1,50.39,220.32,0.989,0.923,49.97,OK
1761792989.9008098,19.791,10.07,199.29,50.39,219.86,0.943,0.962,50.03,OK
1761792990.002214,19.802,10.181,201.6,50.39,220.09,0.941,0.974,49.99,OK
1761792990.1053348,19.797,10.234,202.6,50.39,219.77,0.988,0.933,50.01,OK
1761792990.207211,19.808,10.087,199.79,50.39,220.02,0.95,0.956,49.96,OK
1761792990.309709,19.839,10.046,199.3,50.39,220.17,0.961,0.942,50.02,OK
1761792990.411041,19.831,10.188,202.04,50.39,220.3,0.953,0.962,49.97,OK
1761792990.5128114,19.853,10.188,202.26,50.39,219.77,0.995,0.925,49.96,OK
1761792990.6155858,19.864,10.206,202.72,50.39,220.36,0.99,0.929,50.03,OK
1761792990.7169702,19.801,10.232,202.59,50.39,220.11,0.943,0.976,50.02,OK
1761792990.8187869,19.844,10.256,203.51,50.39,220.05,1.004,0.922,50.01,OK
1761792990.920546,19.833,10.13,200.9,50.39,220.22,0.962,0.948,49.99,OK
1761792991.0218964,19.866,10.138,201.4,50.39,219.85,0.987,0.928,49.96,OK
1761792991.1236005,19.872,10.218,203.04,50.39,219.77,0.981,0.941,50.02,OK
1761792991.2250137,19.791,10.202,201.91,50.39,220.19,0.958,0.957,49.98,OK
1761792991.3267806,19.871,10.264,203.95,50.39,219.87,0.968,0.959,50.03,OK
1761792991.4280589,19.804,10.209,202.19,50.39,220.04,0.971,0.946,50.04,OK
1761792991.5298486,19.797,10.143,200.8,50.39,219.87,0.96,0.951,50.02,OK
1761792991.6313097,19.805,10.171,201.43,50.39,219.93,0.943,0.971,49.98,OK
1761792991.7326238,19.8,10.328,204.49,50.39,219.75,1.009,0.922,49.98,OK
1761792991.8341947,19.808,10.265,203.34,50.39,220.29,0.954,0.968,50.0,OK
1761792991.935755,19.88,10.223,203.24,50.39,219.69,0.958,0.966,49.96,OK
1761792992.039219,19.807,10.193,201.89,50.39,219.86,0.988,0.929,50.02,OK
1761792992.1408615,19.835,10.156,201.44,50.39,219.61,0.969,0.946,49.97,OK
1761792992.245927,19.83,10.17,201.67,50.39,219.71,0.98,0.937,49.99,OK
1761792992.3489888,19.794,10.218,202.25,50.39,220.22,0.947,0.97,50.03,OK
1761792992.452298,19.832,10.345,205.16,50.39,220.13,0.958,0.972,50.04,OK
1761792992.5556724,19.822,10.333,204.81,50.39,219.77,0.987,0.944,50.02,OK
1761792992.664306,19.876,10.206,202.86,50.39,219.72,0.947,0.975,49.99,OK
1761792992.7678373,19.823,10.249,203.16,50.39,219.68,0.984,0.94,49.97,OK
1761792992.8763516,19.88,10.336,205.47,50.39,219.64,1.001,0.935,50.02,OK
1761792992.9783223,19.84,10.281,203.97,50.39,219.67,0.984,0.944,49.96,OK
1761792993.079565,19.889,10.18,202.47,50.39,220.11,0.975,0.943,49.99,OK
1761792993.1806037,19.876,10.157,201.88,50.39,220.22,0.984,0.932,50.01,OK
1761792993.2847083,19.802,10.296,203.89,50.39,219.61,0.951,0.976,50.04,OK
1761792993.3862007,19.825,10.364,205.47,50.39,220.36,0.974,0.958,50.02,OK
1761792993.488559,19.888,10.182,202.5,50.39,219.75,0.995,0.926,49.98,OK
1761792993.5898814,19.799,10.228,202.51,50.39,219.63,0.957,0.963,50.02,OK
1761792993.6942568,19.88,10.332,205.41,50.39,219.76,0.993,0.941,50.01,OK
1761792993.7958686,19.807,10.273,203.47,50.39,220.26,0.98,0.942,50.0,OK
1761792993.8968334,19.856,10.261,203.73,50.39,219.66,0.973,0.954,50.02,OK
1761792993.9978018,19.828,10.322,204.68,50.39,220.39,0.977,0.951,50.01,OK
1761792994.1006963,19.87,10.338,205.43,50.39,220.14,0.988,0.944,50.02,OK
1761792994.2020628,19.854,10.222,202.96,50.39,220.06,1.001,0.922,49.96,OK
1761792994.3039627,19.82,10.212,202.4,50.39,220.2,0.941,0.977,49.96,OK
1761792994.4049368,19.823,10.299,204.16,50.39,220.12,0.971,0.955,49.95,OK
1761792994.527839,19.875,10.247,203.66,50.39,220.1,0.987,0.938,49.96,OK
1761792994.6317413,19.804,10.4,205.96,50.39,220.32,1.008,0.928,50.03,OK
1761792994.7339883,19.791,10.322,204.29,50.39,220.04,0.952,0.975,50.03,OK
1761792994.8356748,19.877,10.187,202.48,50.39,220.36,0.95,0.967,50.02,OK
1761792994.937191,19.817,10.29,203.92,50.39,219.97,1.003,0.924,49.98,OK
1761792995.0382361,19.829,10.202,202.29,50.39,220.0,0.976,0.942,50.02,OK
1761792995.139679,19.885,10.216,203.15,50.39,219.9,0.962,0.96,50.03,OK
1761792995.240834,19.847,10.303,204.47,50.39,220.34,0.962,0.965,50.0,OK
1761792995.341763,19.826,10.308,204.37,50.39,219.86,0.987,0.941,50.01,OK
1761792995.4428906,19.8,10.253,203.01,50.39,219.65,0.999,0.925,49.99,OK
1761792995.5442317,19.866,10.326,205.14,50.39,219.83,0.98,0.952,49.99,OK
1761792995.6457245,19.851,10.212,202.72,50.39,220.19,0.984,0.935,50.0,OK
1761792995.7641041,19.865,10.222,203.06,50.39,220.39,0.956,0.964,50.0,OK
1761792995.8665392,19.82,10.297,204.09,50.39,219.65,0.96,0.968,49.96,OK
1761792995.96789,19.846,10.165,201.72,50.39,219.99,0.943,0.972,50.03,OK
1761792996.0691547,19.791,10.224,202.34,50.39,219.62,0.969,0.951,49.97,OK
1761792996.1704948,19.809,10.243,202.9,50.39,219.71,0.97,0.952,50.01,OK
1761792996.2715468,19.88,10.312,205.0,50.39,220.34,1.01,0.921,49.98,OK
1761792996.3735933,19.865,10.184,202.3,50.39,220.34,0.98,0.937,50.03,OK
1761792996.4750488,19.876,10.263,203.99,50.39,219.89,0.966,0.961,50.01,OK
1761792996.5765126,19.808,10.148,201.02,50.39,219.79,0.944,0.969,50.0,OK
1761792996.6778653,19.814,10.203,202.16,50.39,220.09,0.966,0.951,50.04,OK
1761792996.7816322,19.865,10.208,202.78,50.39,219.78,0.97,0.951,50.03,OK
1761792996.8832204,19.801,10.297,203.88,50.39,220.15,0.97,0.955,50.0,OK
1761792996.9844527,19.829,10.128,200.83,50.39,219.67,0.95,0.962,49.95,OK
1761792997.0859582,19.869,10.219,203.04,50.39,220.01,0.994,0.929,49.99,OK
1761792997.1875424,19.884,10.142,201.67,50.39,220.26,0.975,0.939,49.95,OK
1761792997.288976,19.796,10.256,203.02,50.39,219.87,0.973,0.949,50.02,OK
1761792997.3900375,19.795,10.235,202.6,50.39,219.73,0.949,0.971,50.0,OK
1761792997.4912426,19.839,10.171,201.78,50.39,220.13,0.945,0.97,49.96,OK
1761792997.5923278,19.817,10.119,200.53,50.39,219.82,0.932,0.979,50.01,OK
1761792997.693555,19.86,10.241,203.4,50.39,219.99,0.964,0.959,50.04,OK
1761792997.7943106,19.857,10.121,200.97,50.39,219.68,0.953,0.96,50.03,OK
1761792997.895585,19.86,10.109,200.76,50.39,220.24,0.931,0.979,50.0,OK
1761792997.9970589,19.842,10.117,200.74,50.39,219.97,0.962,0.948,49.99,OK
1761792998.0985699,19.81,10.149,201.05,50.39,220.38,0.944,0.966,49.97,OK
1761792998.2006426,19.821,10.074,199.67,50.39,219.63,0.93,0.978,50.03,OK
1761792998.3020306,19.882,10.038,199.57,50.39,220.11,0.932,0.973,49.97,OK
1761792998.4037418,19.81,10.169,201.45,50.39,220.22,0.956,0.957,50.02,OK
1761792998.5050156,19.846,10.18,202.04,50.39,219.86,0.939,0.978,49.99,OK
1761792998.6063175,19.801,10.049,198.99,50.39,220.24,0.945,0.956,49.95,OK
1761792998.7073338,19.846,10.164,201.72,50.39,219.72,0.988,0.929,50.02,OK
1761792998.8091774,19.829,10.055,199.37,50.39,220.01,0.94,0.964,49.97,OK
1761792998.9128883,19.818,10.075,199.67,50.39,219.71,0.942,0.965,49.95,OK
1761792999.0146663,19.852,10.132,201.15,50.39,219.9,0.961,0.952,50.04,OK
1761792999.1160004,19.852,9.975,198.03,50.39,220.34,0.964,0.932,50.02,OK
1761792999.2175155,19.819,10.067,199.52,50.39,219.91,0.977,0.929,50.04,OK
1761792999.321478,19.79,10.165,201.18,50.39,219.93,0.967,0.946,50.03,OK
1761792999.4234326,19.846,10.017,198.8,50.39,219.81,0.951,0.951,50.02,OK
1761792999.5373657,19.839,9.989,198.17,50.39,219.77,0.972,0.928,50.02,OK
1761792999.6399066,19.82,10.08,199.79,50.39,220.21,0.957,0.948,50.01,OK
1761792999.7409742,19.852,10.061,199.72,50.39,220.35,0.942,0.962,49.96,OK
1761792999.842429,19.876,10.004,198.83,50.39,219.67,0.928,0.975,49.99,OK
1761792999.944581,19.843,10.077,199.96,50.39,219.76,0.952,0.956,50.01,OK
1761793000.045467,19.867,9.919,197.06,50.39,220.28,0.952,0.94,50.01,OK
1761793000.1464036,19.804,10.116,200.35,50.39,219.63,0.962,0.948,50.02,OK
1761793000.2478864,19.877,10.066,200.08,50.39,220.17,0.966,0.941,50.02,OK
1761793000.3488839,19.851,10.068,199.85,50.39,220.1,0.973,0.933,49.96,OK
1761793000.4499183,19.865,9.909,196.84,50.39,219.83,0.945,0.948,49.95,OK
1761793000.551942,19.842,9.912,196.67,50.39,220.22,0.941,0.949,49.95,OK
1761793000.6540954,19.796,10.099,199.91,50.39,219.67,0.943,0.966,49.99,OK
1761793000.755761,19.827,10.071,199.68,50.39,220.38,0.948,0.956,49.98,OK
1761793000.8979652,19.812,9.89,195.93,50.39,219.83,0.935,0.954,50.05,OK
1761793000.9993658,19.856,9.952,197.62,50.39,220.35,0.959,0.935,50.04,OK
1761793001.1010392,19.831,9.96,197.53,50.39,219.6,0.964,0.933,50.03,OK
1761793001.201966,19.883,9.989,198.62,50.39,220.01,0.953,0.948,50.02,OK
1761793001.3066788,19.871,9.985,198.42,50.39,220.15,0.925,0.974,49.95,OK
1761793001.4090366,19.824,9.921,196.68,50.39,219.6,0.926,0.967,50.04,OK
1761793001.5104918,19.803,9.997,197.97,50.39,220.24,0.934,0.962,49.98,OK
1761793001.6124725,19.799,10.04,198.78,50.39,219.74,0.943,0.959,50.03,OK
1761793001.7136083,19.826,9.996,198.18,50.39,220.26,0.97,0.927,49.99,OK
1761793001.8155959,19.821,9.902,196.28,50.39,219.91,0.951,0.939,49.97,OK
1761793001.9183514,19.834,9.926,196.87,50.39,219.63,0.965,0.929,50.02,OK
1761793002.021114,19.82,10.021,198.62,50.39,220.28,0.922,0.978,50.0,OK
1761793002.122682,19.884,9.848,195.82,50.39,219.78,0.948,0.94,50.03,OK
1761793002.2240994,19.89,9.803,194.98,50.39,219.93,0.931,0.952,49.98,OK
1761793002.325512,19.796,9.972,197.4,50.39,220.23,0.972,0.922,50.05,OK
1761793002.427231,19.799,9.825,194.52,50.39,219.63,0.925,0.957,50.03,OK
1761793002.5286045,19.885,9.835,195.57,50.39,219.91,0.913,0.974,50.01,OK
1761793002.6299233,19.853,9.864,195.83,50.39,219.77,0.916,0.973,49.98,OK
1761793002.7314947,19.861,9.826,195.15,50.39,219.7,0.942,0.943,50.0,OK
1761793002.832891,19.884,9.929,197.42,50.39,220.34,0.917,0.977,50.03,OK
1761793002.9346642,19.792,9.952,196.97,50.39,219.68,0.927,0.967,50.01,OK
1761793003.0380864,19.795,10.0,197.95,50.39,220.18,0.965,0.932,50.02,OK
1761793003.1390808,19.887,9.847,195.83,50.39,219.88,0.924,0.964,49.97,OK
1761793003.2413783,19.835,9.876,195.9,50.39,220.21,0.927,0.96,49.98,OK
1761793003.3438683,19.888,9.77,194.31,50.39,220.4,0.955,0.923,49.99,OK
1761793003.4453478,19.889,9.788,194.67,50.39,220.12,0.928,0.953,50.04,OK
1761793003.5473878,19.832,9.889,196.1,50.39,219.88,0.933,0.955,49.96,OK
1761793003.6489105,19.857,9.97,197.98,50.39,219.85,0.953,0.945,49.96,OK
1761793003.7499223,19.837,9.974,197.85,50.39,219.86,0.945,0.952,50.01,OK
1761793003.8514853,19.862,9.899,196.61,50.39,219.92,0.963,0.929,50.0,OK
1761793003.9530716,19.829,9.831,194.93,50.39,220.0,0.917,0.966,49.99,OK
1761793004.05495,19.868,9.961,197.9,50.39,219.66,0.957,0.942,50.04,OK
1761793004.2588432,19.819,9.926,196.72,50.39,220.02,0.957,0.934,50.04,OK
1761793004.360629,19.865,9.859,195.84,50.39,219.69,0.961,0.927,50.02,OK
1761793004.5255497,19.862,9.818,195.01,50.39,219.86,0.946,0.938,50.05,OK
1761793004.650972,19.798,9.961,197.2,50.39,220.05,0.927,0.967,49.97,OK
1761793004.763641,19.888,9.793,194.76,50.39,219.74,0.922,0.962,50.01,OK
1761793004.8668237,19.826,9.895,196.19,50.39,219.92,0.914,0.976,50.04,OK
1761793004.9682927,19.845,9.895,196.35,50.39,220.29,0.953,0.935,50.05,OK
1761793005.0831263,19.884,9.78,194.46,50.39,220.28,0.906,0.974,49.99,OK
1761793005.1870685,19.791,9.847,194.87,50.39,219.88,0.935,0.948,50.04,OK
1761793005.2892282,19.852,9.831,195.16,50.39,219.8,0.919,0.966,49.98,OK
1761793005.3907142,19.874,9.979,198.33,50.39,219.73,0.924,0.976,50.02,OK
1761793005.5127947,19.89,9.948,197.87,50.39,220.21,0.942,0.953,50.01,OK
1761793005.6821418,19.854,9.814,194.85,50.39,219.66,0.942,0.942,49.99,OK
1761793005.7945373,19.803,10.033,198.69,50.39,220.4,0.928,0.971,49.99,OK
1761793005.912894,19.843,9.886,196.17,50.39,219.67,0.967,0.923,49.97,OK
1761793006.0204015,19.834,9.853,195.42,50.39,220.06,0.931,0.954,49.97,OK
1761793006.122932,19.809,9.905,196.21,50.39,219.98,0.929,0.961,49.99,OK
1761793006.227491,19.805,9.936,196.8,50.39,220.26,0.918,0.974,49.96,OK
1761793006.3313453,19.883,9.926,197.35,50.39,219.61,0.959,0.938,50.05,OK
1761793006.4339468,19.854,9.847,195.51,50.39,219.69,0.958,0.929,49.98,OK
1761793006.5449266,19.809,9.975,197.6,50.39,219.99,0.969,0.927,49.97,OK
1761793006.6469357,19.831,9.902,196.37,50.39,220.22,0.959,0.93,50.02,OK
1761793006.7486644,19.853,9.994,198.4,50.39,220.39,0.967,0.931,50.02,OK
1761793006.8549023,19.822,10.076,199.73,50.39,219.63,0.954,0.953,50.04,OK
1761793006.9576907,19.87,9.915,197.01,50.39,220.03,0.924,0.969,50.05,OK
1761793007.0587757,19.804,10.02,198.44,50.39,219.62,0.972,0.93,50.05,OK
1761793007.1602058,19.797,10.006,198.09,50.39,219.8,0.97,0.929,50.0,OK
1761793007.2614114,19.83,9.97,197.71,50.39,219.98,0.944,0.952,49.98,OK
